equationScore;recallRT;recallIntersection;recallLocation;pggInvestOther;payoutFactor;id;recallRTs;span;recallProportion;no;pggRT;equationAnss;encode;pggInvest;equationCorrect;stimType;equationScores;pggRTOther;equationText;condition;equationRTs;recallAns;recallSum;pggStart;order;pggStartOther;gender;age
2;12.244325648205631;2;2;;1.0;124;;2;1.0;1;;1, 0;faces\\Sofia.bmp, faces\\Ricky.bmp;;1, 0;faces;1, 1;;4/2-2=0 ?, 4/2+6=6 ?;practiceCS;2.590980316654168, 2.3873613099294744;faces\\Sofia.bmp, faces\\Ricky.bmp;4;;controlCSFirst;;male;23
2;15.256927062786417;3;3;;0.6666666666666666;124;;3;1.0;2;;0, 1, 0;faces\\Sonya.bmp, faces\\Anna.bmp, faces\\Micha.bmp;;1, 1, 0;faces;0, 1, 1;;3x3-7=2 ?, 2x3-2=4 ?, 2x3+2=6 ?;practiceCS;2.5794245042015973, 2.7749188498619333, 2.2575141107026866;faces\\Sonya.bmp, faces\\Anna.bmp, faces\\Micha.bmp;6;;controlCSFirst;;male;23
4;36.270745267593156;4;1;;0.625;124;;4;0.625;3;;1, 0, 0, 1;faces\\Lucas.bmp, faces\\Noah.bmp, faces\\Hanna.bmp, faces\\Niclas.bmp;;1, 0, 0, 1;faces;1, 1, 1, 1;;3x3-4=5 ?, 9/3+3=5 ?, 4+8/4=8 ?, 2x2-4=0 ?;practiceCS;3.8984435840793594, 3.420612442871061, 3.2236972770424472, 2.398086634315405;faces\\Noah.bmp, faces\\Hanna.bmp, faces\\Lucas.bmp, faces\\Niclas.bmp;5;;controlCSFirst;;male;23
5;43.76035185106957;6;4;;0.6944444444444445;124;;6;0.8333333333333334;4;;1, timeout, 0, 1, 1, 1;faces\\Maria.bmp, faces\\Kristen.bmp, faces\\Vicky.bmp, faces\\Cindy.bmp, faces\\Zach.bmp, faces\\Sarah.bmp;;1, 0, 0, 1, 1, 1;faces;1, 0, 1, 1, 1, 1;;3x2+3=9 ?, 3+2x3=7 ?, 3x3-3=4 ?, 3x3-3=6 ?, 2x2+5=9 ?, 2x3-4=2 ?;practiceCS;3.047326735681054, timeout, 1.8276217949951388, 1.8061284518316825, 2.530236046630307, 3.791120140793282;faces\\Maria.bmp, faces\\Kristen.bmp, faces\\Cindy.bmp, faces\\Vicky.bmp, faces\\Zach.bmp, faces\\Sarah.bmp;10;;controlCSFirst;;male;23
0;3.5251586979356944;1;1;;0.0;124;;1;1.0;1;;1;faces\\George.bmp;;0;faces;0;;8/2-1=1 ?;controlCS;4.688490617701973;faces\\George.bmp;2;;controlCSFirst;;male;23
0;2.4671423533727648;1;1;;0.0;124;;1;1.0;2;;1;faces\\Scott.bmp;;0;faces;0;;4+2x2=6 ?;controlCS;2.9258501008043822;faces\\Scott.bmp;2;;controlCSFirst;;male;23
1;3.311009775785351;1;1;;1.0;124;;1;1.0;3;;0;faces\\Shane.bmp;;0;faces;1;;8/2+1=6 ?;controlCS;3.6148390934504278;faces\\Shane.bmp;2;;controlCSFirst;;male;23
4;21.79043497787461;5;5;;0.5555555555555556;124;;6;0.8333333333333334;4;;0, 0, timeout, 1, 0, 0;faces\\Noah.bmp, faces\\Gary.bmp, faces\\Nina.bmp, faces\\Jenny.bmp, faces\\Olivia.bmp, faces\\Jason.bmp;;0, 0, 1, 1, 1, 0;faces;1, 1, 0, 1, 0, 1;;7+6/3=8 ?, 3x2+2=7 ?, 6+6/3=8 ?, 9/3-1=2 ?, 2x2-4=0 ?, 4x2-5=5 ?;controlCS;3.817382119341346, 3.12368689080904, timeout, 4.08896444337006, 3.902077533839474, 3.4719992512054887;faces\\Noah.bmp, faces\\Gary.bmp, faces\\Nina.bmp, faces\\Sonya.bmp, faces\\Olivia.bmp, faces\\Jason.bmp;10;;controlCSFirst;;male;23
3;7.572274835307326;2;2;;0.6666666666666666;124;;3;0.6666666666666666;5;;0, 0, 0;faces\\John.bmp, faces\\Paul.bmp, faces\\Chris.bmp;;0, 0, 0;faces;1, 1, 1;;2x2-4=1 ?, 4/2+3=4 ?, 6/3+1=5 ?;controlCS;2.454708021659826, 3.537488346277314, 3.4092930916758633;faces\\John.bmp, faces\\Paul.bmp, faces\\David.bmp;4;;controlCSFirst;;male;23
3;19.995483425749626;3;1;;0.375;124;;4;0.5;6;;0, 1, 0, 0;faces\\Diana.bmp, faces\\Jonah.bmp, faces\\Olga.bmp, faces\\Wendy.bmp;;1, 1, 0, 0;faces;0, 1, 1, 1;;6/2+5=8 ?, 6+9/3=9 ?, 3+6/3=6 ?, 2x2-1=2 ?;controlCS;2.670363973813437, 3.481161303934641, 3.3126173839264084, 3.2707916566942004;faces\\Diana.bmp, faces\\Wendy.bmp, faces\\Lisa.bmp, faces\\Jonah.bmp;4;;controlCSFirst;;male;23
3;7.718815953088779;3;3;;1.0;124;;3;1.0;7;;0, 0, 1;faces\\Hanna.bmp, faces\\Ethan.bmp, faces\\Sarah.bmp;;0, 0, 1;faces;1, 1, 1;;8/2-3=2 ?, 3x2-3=2 ?, 6/3+2=4 ?;controlCS;3.373508621189103, 3.196336738894388, 3.3318495663042995;faces\\Hanna.bmp, faces\\Ethan.bmp, faces\\Sarah.bmp;6;;controlCSFirst;;male;23
5;20.90658466606328;3;2;;0.5;124;;5;0.5;8;;1, 1, 0, 1, 1;faces\\Nicole.bmp, faces\\Kiki.bmp, faces\\Billy.bmp, faces\\Fiona.bmp, faces\\Liam.bmp;;1, 1, 0, 1, 1;faces;1, 1, 1, 1, 1;;2x4-7=1 ?, 3x2-2=4 ?, 2x3+3=8 ?, 5+4/2=7 ?, 3+4/2=5 ?;controlCS;2.853918668000915, 2.8775643833523645, 4.320438668477436, 4.166148928719849, 2.5993016182401334;faces\\Nicole.bmp, faces\\Kiki.bmp, faces\\Sarah.bmp, faces\\Emily.bmp, faces\\Fiona.bmp;5;;controlCSFirst;;male;23
5;30.143479026584828;5;5;;1.0;124;;5;1.0;9;;1, 1, 1, 1, 1;faces\\Jacob.bmp, faces\\Brian.bmp, faces\\Micha.bmp, faces\\Leah.bmp, faces\\Justin.bmp;;1, 1, 1, 1, 1;faces;1, 1, 1, 1, 1;;4x2-7=1 ?, 2x3-6=0 ?, 6/3-2=0 ?, 3x3-2=7 ?, 6/2+2=5 ?;controlCS;2.7576194098564883, 2.1311448624892364, 2.988698711820689, 3.356253928192018, 2.63763666824525;faces\\Jacob.bmp, faces\\Brian.bmp, faces\\Micha.bmp, faces\\Leah.bmp, faces\\Justin.bmp;10;;controlCSFirst;;male;23
1;6.477392292103104;1;1;;1.0;124;;1;1.0;10;;1;faces\\Joshua.bmp;;1;faces;1;;2x3+3=9 ?;controlCS;1.6850689083403267;faces\\Joshua.bmp;2;;controlCSFirst;;male;23
4;36.45099401990956;4;2;;0.48;124;;5;0.6;11;;1, 0, 0, 0, 1;faces\\Rachel.bmp, faces\\Mary.bmp, faces\\Oliver.bmp, faces\\Emily.bmp, faces\\Niclas.bmp;;1, 0, 0, 1, 1;faces;1, 1, 1, 0, 1;;2x3-4=2 ?, 3x3-4=4 ?, 3x3-3=4 ?, 4/2+7=9 ?, 3x2+3=9 ?;controlCS;3.0533823607293016, 2.9825051510379126, 2.5256673359563138, 3.238612399354679, 2.9487691904123494;faces\\Rachel.bmp, faces\\Mary.bmp, faces\\Donna.bmp, faces\\Niclas.bmp, faces\\Emily.bmp;6;;controlCSFirst;;male;23
2;16.25854780766349;3;3;;0.6666666666666666;124;;3;1.0;12;;0, 0, 1;faces\\Damon.bmp, faces\\Kurt.bmp, faces\\Thomas.bmp;;0, 0, 0;faces;1, 1, 0;;2x2+4=7 ?, 1+3x2=8 ?, 3+9/3=5 ?;controlCS;2.471823547353779, 3.697548397583887, 3.76925034802116;faces\\Damon.bmp, faces\\Kurt.bmp, faces\\Thomas.bmp;6;;controlCSFirst;;male;23
4;18.65227386647348;2;2;;0.5;124;;4;0.5;13;;1, 1, 1, 0;faces\\Emma.bmp, faces\\Kate.bmp, faces\\Daniel.bmp, faces\\Benny.bmp;;1, 1, 1, 0;faces;1, 1, 1, 1;;4x2-6=2 ?, 3x3-6=3 ?, 3+2x3=9 ?, 9/3-1=3 ?;controlCS;3.618489464131926, 3.2991629025127622, 3.9553063589592057, 2.79664044382298;faces\\Emma.bmp, faces\\Sonya.bmp, faces\\Daniel.bmp, faces\\Sofia.bmp;4;;controlCSFirst;;male;23
5;44.55361779568011;5;4;;0.625;124;;6;0.75;14;;1, 0, 1, 1, 1, 0;faces\\Angie.bmp, faces\\Andre.bmp, faces\\Greg.bmp, faces\\Kristen.bmp, faces\\Amanda.bmp, faces\\Tina.bmp;;1, 0, 0, 1, 1, 0;faces;1, 1, 0, 1, 1, 1;;3x2+1=7 ?, 3x2-5=3 ?, 4+2x2=7 ?, 4+2x2=8 ?, 2x3+3=9 ?, 9/3-3=2 ?;controlCS;2.025642088789027, 3.357007648453873, 3.285068005190624, 2.358302438055034, 2.971192368211632, 3.6032955966875306;faces\\Angie.bmp, faces\\Andre.bmp, faces\\Greg.bmp, faces\\Kristen.bmp, faces\\Olga.bmp, faces\\Amanda.bmp;9;;controlCSFirst;;male;23
6;24.911247797030228;6;3;;0.5510204081632654;124;;7;0.6428571428571429;15;;0, 0, 1, 0, 0, 1, 0;faces\\Ricky.bmp, faces\\Erin.bmp, faces\\Polly.bmp, faces\\Vicky.bmp, faces\\Tony.bmp, faces\\Anders.bmp, faces\\Carl.bmp;;0, 1, 1, 0, 0, 1, 0;faces;1, 0, 1, 1, 1, 1, 1;;4x2-3=4 ?, 7+4/2=9 ?, 4/2+2=4 ?, 4/2+4=7 ?, 8/4-1=0 ?, 3x3-7=2 ?, 2x4-3=4 ?;controlCS;2.6833952059951116, 3.2208999731919903, 2.8874637354238075, 2.968814618889155, 2.247406623460847, 3.862232990697521, 2.4753934555246815;faces\\Ricky.bmp, faces\\Erin.bmp, faces\\Jenny.bmp, faces\\Tony.bmp, faces\\Vicky.bmp, faces\\Polly.bmp, faces\\Carl.bmp;9;;controlCSFirst;;male;23
4;31.092863591002242;4;2;;0.3333333333333333;124;;6;0.5;16;;0, 1, 0, 0, 0, 1;faces\\Donald.bmp, faces\\Milla.bmp, faces\\Casper.bmp, faces\\Sofia.bmp, faces\\Lisa.bmp, faces\\Timmy.bmp;;0, 1, 1, 1, 0, 1;faces;1, 1, 0, 0, 1, 1;;6/3+7=7 ?, 4/2+7=9 ?, 2x2-2=2 ?, 4+6/2=7 ?, 1+4/2=4 ?, 8/2-2=2 ?;controlCS;2.765918543200314, 3.506509047723739, 2.1299966296064667, 3.4395658801167883, 2.5875857018127135, 3.300656385254115;faces\\Donald.bmp, faces\\Mona.bmp, faces\\Keith.bmp, faces\\Casper.bmp, faces\\Sofia.bmp, faces\\Timmy.bmp;6;;controlCSFirst;;male;23
2;5.489883275989996;2;2;;1.0;124;;2;1.0;17;;1, 1;faces\\Leslie.bmp, faces\\David.bmp;;1, 1;faces;1, 1;;9/3+4=7 ?, 9/3-2=1 ?;controlCS;2.531330911522673, 2.6108984829934343;faces\\Leslie.bmp, faces\\David.bmp;4;;controlCSFirst;;male;23
3;29.821290709001914;2;2;;0.6666666666666666;124;;3;0.6666666666666666;18;;0, 0, 1;faces\\Julia.bmp, faces\\Kevin.bmp, faces\\Mike.bmp;;0, 0, 1;faces;1, 1, 1;;4/2-1=2 ?, 3x3-6=5 ?, 3x2-1=5 ?;controlCS;3.2551712558342842, 3.576892398221389, 2.9107453168562643;faces\\Julia.bmp, faces\\Emily.bmp, faces\\Mike.bmp;4;;controlCSFirst;;male;23
2;6.6576660863229336;2;2;;1.0;124;;2;1.0;19;;0, 1;faces\\Chloe.bmp, faces\\Erica.bmp;;0, 1;faces;1, 1;;3x2+2=7 ?, 2+6/3=4 ?;controlCS;3.4735551334470074, 3.628119513103229;faces\\Chloe.bmp, faces\\Erica.bmp;4;;controlCSFirst;;male;23
3;27.551195709871536;4;3;;0.42;124;;5;0.7;20;;0, 1, 1, 1, 0;faces\\Adam.bmp, faces\\Kenny.bmp, faces\\Will.bmp, faces\\Lucas.bmp, faces\\Julian.bmp;;0, 0, 1, 1, 1;faces;1, 0, 1, 1, 0;;2x3-3=4 ?, 6+9/3=7 ?, 3x3-3=6 ?, 2+9/3=5 ?, 2x4-1=7 ?;controlCS;3.5966147450835706, 3.391500203002579, 1.8637145682714618, 3.295150450527217, 3.129202267566143;faces\\Adam.bmp, faces\\Kenny.bmp, faces\\Victor.bmp, faces\\Lucas.bmp, faces\\Will.bmp;7;;controlCSFirst;;male;23
2;21.38703371256088;2;2;;0.25;124;;4;0.5;21;;0, 0, 0, 1;faces\\Regina.bmp, faces\\Susan.bmp, faces\\Donna.bmp, faces\\Anna.bmp;;0, 0, 1, 0;faces;1, 1, 0, 0;;2x2-2=3 ?, 3x3-8=2 ?, 3+8/2=7 ?, 9/3+5=7 ?;controlCS;2.5659815174331015, 2.8382440781042533, 2.9926187961245887, 2.8914310298750934;faces\\Regina.bmp, faces\\Susan.bmp, faces\\Britt.bmp, faces\\Lucas.bmp;4;;controlCSFirst;;male;23
2;8.8213005615562;1;1;;0.5;124;;2;0.5;22;;1, 1;faces\\Eric.bmp, faces\\Tanya.bmp;;1, 1;faces;1, 1;;3x3-6=3 ?, 3x3-1=8 ?;controlCS;3.111975490133773, 2.561851245342041;faces\\Eric.bmp, faces\\Britt.bmp;2;;controlCSFirst;;male;23
4;24.265915053756544;3;3;;0.75;124;;4;0.75;23;;1, 0, 1, 1;faces\\Amber.bmp, faces\\Robert.bmp, faces\\Bobby.bmp, faces\\Molly.bmp;;1, 0, 1, 1;faces;1, 1, 1, 1;;2x2+4=8 ?, 5+6/2=9 ?, 8/2-4=0 ?, 4x2-8=0 ?;controlCS;2.162098298094861, 3.61926535263774, 3.075858906522626, 2.278037387974109;faces\\Amber.bmp, faces\\Robert.bmp, faces\\Julian.bmp, faces\\Molly.bmp;6;;controlCSFirst;;male;23
2;6.675529584956166;2;2;;1.0;124;;2;1.0;24;;0, 0;faces\\Joan.bmp, faces\\Haley.bmp;;0, 0;faces;1, 1;;2x4+1=8 ?, 3+3x2=8 ?;controlCS;2.3672407557405677, 2.2469698269687797;faces\\Joan.bmp, faces\\Haley.bmp;4;;controlCSFirst;;male;23
6;16.871705809351624;4;3;;0.5833333333333334;124;;6;0.5833333333333334;25;;0, 1, 1, 0, 0, 0;faces\\Linda.bmp, faces\\Andrea.bmp, faces\\Zach.bmp, faces\\Jane.bmp, faces\\Simon.bmp, faces\\Mona.bmp;;0, 1, 1, 0, 0, 0;faces;1, 1, 1, 1, 1, 1;;2x4-3=6 ?, 8/4+7=9 ?, 2+3x2=8 ?, 5+2x2=8 ?, 2x3-6=2 ?, 3+2x3=8 ?;controlCS;3.122375269766053, 3.22070538528169, 2.4984003970566846, 2.3500546200866665, 2.6034696584501944, 2.7167690853184467;faces\\Linda.bmp, faces\\Andrea.bmp, faces\\Zach.bmp, faces\\Mona.bmp, faces\\Britt.bmp, faces\\Kiki.bmp;7;;controlCSFirst;;male;23
7;27.457330853225358;5;2;;0.5;124;;7;0.5;26;;0, 0, 1, 0, 1, 0, 0;faces\\Ella.bmp, faces\\Matt.bmp, faces\\Megan.bmp, faces\\Kelly.bmp, faces\\Nana.bmp, faces\\Keith.bmp, faces\\Jeff.bmp;;0, 0, 1, 0, 1, 0, 0;faces;1, 1, 1, 1, 1, 1, 1;;2x4-5=4 ?, 4/2+2=6 ?, 2x4-3=5 ?, 4/2+6=9 ?, 2x3-1=5 ?, 8/4+5=5 ?, 1+2x3=6 ?;controlCS;3.060327178634907, 3.098148664343171, 2.8568210657413147, 2.9289035710153257, 1.9545678280501306, 2.3409968402029335, 2.217476621739479;faces\\Ella.bmp, faces\\Matt.bmp, faces\\Niclas.bmp, faces\\Keith.bmp, faces\\Kelly.bmp, faces\\Lena.bmp, faces\\Megan.bmp;7;;controlCSFirst;;male;23
6;23.128418168598728;4;4;;0.48979591836734687;124;;7;0.5714285714285714;27;;1, 1, 1, 1, 1, 0, 1;faces\\Bruce.bmp, faces\\Jake.bmp, faces\\Britt.bmp, faces\\Lena.bmp, faces\\Victor.bmp, faces\\Lily.bmp, faces\\Alex.bmp;;1, 1, 1, 1, 1, 0, 0;faces;1, 1, 1, 1, 1, 1, 0;;2x3-6=0 ?, 4/2+5=7 ?, 6+8/4=8 ?, 2x3-1=5 ?, 3x3-4=5 ?, 6/3+1=1 ?, 3x3-4=6 ?;controlCS;1.6451816708049591, 2.5648895262038423, 2.1688817804533755, 2.1987292670473835, 2.5218835452924395, 2.4611117702297634, 2.7882641321521078;faces\\Bruce.bmp, faces\\Jake.bmp, faces\\Britt.bmp, faces\\Carl.bmp, faces\\Victor.bmp, faces\\Jane.bmp, faces\\Emily.bmp;8;;controlCSFirst;;male;23
7;20.83375747203172;4;2;;0.42857142857142855;124;;7;0.42857142857142855;28;;1, 0, 1, 0, 1, 1, 1;faces\\Steve.bmp, faces\\James.bmp, faces\\Joseph.bmp, faces\\Sonya.bmp, faces\\Maria.bmp, faces\\Nathan.bmp, faces\\Karen.bmp;;1, 0, 1, 0, 1, 1, 1;faces;1, 1, 1, 1, 1, 1, 1;;6/2+6=9 ?, 2x2-4=2 ?, 1+2x3=7 ?, 3+4/2=4 ?, 4/2+7=9 ?, 2x2+3=7 ?, 3x2-1=5 ?;controlCS;2.381964574327867, 2.682538854976883, 1.8079240795159421, 2.3897177120561537, 2.78884871693117, 1.7336506128904148, 1.6648227341083839;faces\\Steve.bmp, faces\\Sonya.bmp, faces\\Liam.bmp, faces\\Maria.bmp, faces\\Mona.bmp, faces\\Regina.bmp, faces\\Karen.bmp;6;;controlCSFirst;;male;23
;232.73591095262964;;;;;124;[];1;;1;;[];[];;[];faces;[];;[];qCheck1;[];100;;;controlCSFirst;;male;23
;19.497229585409514;;;;;124;[];1;;1;;[];[];;[];faces;[];;[];qCheck2;[];200;;;controlCSFirst;;male;23
;29.17890552100289;;;;;124;[];1;;1;;[];[];;[];faces;[];;[];qCheck3;[];150;;;controlCSFirst;;male;23
;18.054167691261682;;;;;124;[];1;;1;;[];[];;[];faces;[];;[];qCheck4;[];150;;;controlCSFirst;;male;23
;;;;100;;124;;1;;1;22.861;;;50;;faces;;32.156;;practicePGG;;;;5;controlCSFirst;20;male;23
;;;;15;;124;;1;;2;6.197;;;85;;faces;;6.055;;practicePGG;;;;13;controlCSFirst;6;male;23
;;;;95;;124;;1;;1;5.5;;;75;;faces;;2.615;;controlPGG;;;;8;controlCSFirst;19;male;23
;;;;0;;124;;1;;2;3.328;;;15;;faces;;5.104;;controlPGG;;;;12;controlCSFirst;20;male;23
;;;;5;;124;;1;;3;4.354;;;50;;faces;;5.389;;controlPGG;;;;0;controlCSFirst;19;male;23
;;;;70;;124;;1;;4;2.317;;;10;;faces;;2.751;;controlPGG;;;;7;controlCSFirst;18;male;23
;;;;80;;124;;1;;5;1.869;;;50;;faces;;6.323;;controlPGG;;;;16;controlCSFirst;4;male;23
;;;;60;;124;;1;;6;2.637;;;70;;faces;;3.184;;controlPGG;;;;20;controlCSFirst;8;male;23
;;;;75;;124;;1;;7;0.788;;;15;;faces;;0.612;;controlPGG;;;;3;controlCSFirst;15;male;23
;;;;90;;124;;1;;8;1.984;;;15;;faces;;2.749;;controlPGG;;;;6;controlCSFirst;2;male;23
;;;;70;;124;;1;;9;2.582;;;65;;faces;;3.433;;controlPGG;;;;6;controlCSFirst;9;male;23
;;;;0;;124;;1;;10;2.823;;;20;;faces;;5.688;;controlPGG;;;;11;controlCSFirst;20;male;23
;;;;80;;124;;1;;11;2.561;;;15;;faces;;8.661;;controlPGG;;;;13;controlCSFirst;0;male;23
;;;;35;;124;;1;;12;3.506;;;55;;faces;;3.718;;controlPGG;;;;7;controlCSFirst;1;male;23
;;;;80;;124;;1;;13;3.995;;;100;;faces;;5.02;;controlPGG;;;;3;controlCSFirst;4;male;23
;;;;20;;124;;1;;14;0.548;;;40;;faces;;0.578;;controlPGG;;;;8;controlCSFirst;4;male;23
;;;;15;;124;;1;;15;4.348;;;20;;faces;;14.789;;controlPGG;;;;12;controlCSFirst;20;male;23
;;;;60;;124;;1;;16;1.501;;;65;;faces;;1.381;;controlPGG;;;;8;controlCSFirst;8;male;23
;;;;10;;124;;1;;17;1.53;;;60;;faces;;8.293;;controlPGG;;;;6;controlCSFirst;20;male;23
;;;;95;;124;;1;;18;1.468;;;65;;faces;;0.98;;controlPGG;;;;8;controlCSFirst;19;male;23
;;;;95;;124;;1;;19;0.416;;;40;;faces;;0.511;;controlPGG;;;;8;controlCSFirst;19;male;23
;;;;40;;124;;1;;20;1.255;;;15;;faces;;1.581;;controlPGG;;;;7;controlCSFirst;13;male;23
;;;;5;;124;;1;;21;2.162;;;100;;faces;;2.148;;controlPGG;;;;12;controlCSFirst;6;male;23
;;;;75;;124;;1;;22;1.954;;;70;;faces;;1.713;;controlPGG;;;;8;controlCSFirst;9;male;23
;;;;35;;124;;1;;23;1.249;;;75;;faces;;2.449;;controlPGG;;;;19;controlCSFirst;16;male;23
;;;;10;;124;;1;;24;2.403;;;35;;faces;;3.15;;controlPGG;;;;0;controlCSFirst;7;male;23
;;;;70;;124;;1;;25;3.418;;;65;;faces;;1.346;;controlPGG;;;;1;controlCSFirst;12;male;23
;;;;25;;124;;1;;26;1.297;;;75;;faces;;1.664;;controlPGG;;;;17;controlCSFirst;11;male;23
;;;;25;;124;;1;;27;4.422;;;80;;faces;;1.513;;controlPGG;;;;4;controlCSFirst;3;male;23
;;;;45;;124;;1;;28;1.616;;;25;;faces;;1.513;;controlPGG;;;;2;controlCSFirst;13;male;23
;3.503;;;;;124;[];1;;1;;[];[];;[];faces;[];;[];qStress;[];6;;;controlCSFirst;;male;23
;3.05;;;;;124;[];1;;1;;[];[];;[];faces;[];;[];qSatisfied;[];3;;;controlCSFirst;;male;23
;4.064;;;;;124;[];1;;1;;[];[];;[];faces;[];;[];qFrustration;[];5;;;controlCSFirst;;male;23
;2.268;;;;;124;[];1;;1;;[];[];;[];faces;[];;[];qDifficulty;[];5;;;controlCSFirst;;male;23
;5.974;;;;;124;[];1;;1;;[];[];;[];faces;[];;[];qEffort;[];5;;;controlCSFirst;;male;23
;23.407;;;;;124;[];1;;1;;[];[];;[];faces;[];;[];qAttitude;[];2;;;controlCSFirst;;male;23
;24.34382000700498;;;;;124;[];1;;1;;[];[];;[];faces;[];;[];qBirthweight;[];3300;;;controlCSFirst;;male;23
;10.418141504822415;;;;;124;[];1;;1;;[];[];;[];faces;[];;[];qFriends;[];500;;;controlCSFirst;;male;23
;76.79927887526355;;;;;124;[];1;;1;;[];[];;[];faces;[];;[];qAbout;[];check our brain out about our speed and skills remembering. how quick is our minds while we have to remember several things in a short time.;;;controlCSFirst;;male;23
;5.218625675668591;;;;;124;[];1;;1;;[];[];;[];faces;[];;[];qFeedback;[];no;;;controlCSFirst;;male;23
