equationScore;recallRT;recallIntersection;recallLocation;pggInvestOther;payoutFactor;id;recallRTs;span;recallProportion;no;pggRT;equationAnss;pauseRT;encode;pggInvest;equationCorrect;stimType;equationScores;pggRTOther;equationText;condition;equationRTs;recallAns;recallSum;pggStart;order;pggStartOther;gender;age
;24.17227117233051;;;;;235;[];1;;1;;[];;[];;[];faces;[];;[];qCheck1;[];100;;;mixed;;male;22
;26.209716054709133;;;;;235;[];1;;1;;[];;[];;[];faces;[];;[];qCheck2;[];175;;;mixed;;male;22
;17.786966522395232;;;;;235;[];1;;1;;[];;[];;[];faces;[];;[];qCheck3;[];150;;;mixed;;male;22
;39.74591972583585;;;;;235;[];1;;1;;[];;[];;[];faces;[];;[];qCheck4;[];75;;;mixed;;male;22
;;;;0;;235;;1;;1;10.084;22;2.927575005323888;;0;;faces;;14.85;;practicePGG;;;;;mixed;11;male;6
;;;;0;;235;;1;;2;38.95;22;1.5932398631011893;;50;;faces;;13.057;;practicePGG;;;;;mixed;3;male;5
0;11.628518834924762;1;1;;0.0;235;;1;1.0;1;;22;1.219788606147631;faces\\Jacob.bmp;;0;faces;0;;6+9/3=8 ?;practiceCS;timeout;faces\\Jacob.bmp;2;timeout;mixed;;male;
2;29.19555060557832;1;0;;0.25;235;;2;0.25;2;;22;1.8180487346289738;faces\\James.bmp, faces\\Emily.bmp;;1, 0;faces;1, 1;;3x3-2=7 ?, 4/2+2=6 ?;practiceCS;3.8162744614273834, 3.6112153607246;faces\\Emily.bmp, faces\\Paul.bmp;1;1, 0;mixed;;male;
3;11.22527850793631;3;3;;1.0;235;;3;1.0;3;;22;2.984751185074856;faces\\Adam.bmp, faces\\Donna.bmp, faces\\Maria.bmp;;1, 1, 1;faces;1, 1, 1;;3+9/3=6 ?, 2x4-8=0 ?, 4/2-1=1 ?;practiceCS;2.906737763489218, 3.040382983563177, 3.1200524482082983;faces\\Adam.bmp, faces\\Donna.bmp, faces\\Maria.bmp;6;1, 1, 1;mixed;;male;
2;4.058375723081554;2;2;0;1.0;235;;2;1.0;1;7.307;22;0.7923529728104768;faces\\Olivia.bmp, faces\\Leslie.bmp;0;1, 1;faces;1, 1;10.928;2x2-4=0 ?, 2+6/2=5 ?;practiceExp;1.891687230363459, 3.676559272917075;faces\\Olivia.bmp, faces\\Leslie.bmp;4;1, 1;mixed;18;male;16
1;2.9353305743570672;1;1;0;1.0;235;;1;1.0;2;5.687;22;2.8204375582681678;faces\\Thomas.bmp;0;1;faces;1;1.934;4+4/2=6 ?;practiceExp;3.2086942671121506;faces\\Thomas.bmp;2;1;mixed;2;male;18
3;7.645733636516525;3;3;0;1.0;235;;3;1.0;3;2.268;22;2.048996542180248;faces\\Jenny.bmp, faces\\Peter.bmp, faces\\Gary.bmp;0;1, 0, 1;faces;1, 1, 1;2.209;2+4/2=4 ?, 2x4+1=7 ?, 3x2+3=9 ?;practiceExp;3.0570222342430498, 2.738700708192482, 4.4600729003796005;faces\\Jenny.bmp, faces\\Peter.bmp, faces\\Gary.bmp;6;1, 0, 1;mixed;7;male;7
1;7.63343770154097;1;1;0;1.0;235;;1;1.0;1;2.628;22;1.1360348647540377;faces\\Polly.bmp;0;0;faces;1;6.287;2x2+4=7 ?;experiment;2.8046333079764736;faces\\Polly.bmp;2;0;mixed;16;male;10
1;2.120062300717109;1;1;0;1.0;235;;1;1.0;2;4.384;22;3.3302028344842256;faces\\Jonah.bmp;0;0;faces;1;4.877;3x3-7=1 ?;experiment;3.362311760574812;faces\\Jonah.bmp;2;0;mixed;19;male;18
2;8.114526010016561;3;3;0;0.6666666666666666;235;;3;1.0;3;6.753;22;1.2761330696703226;faces\\Karen.bmp, faces\\Leah.bmp, faces\\Cindy.bmp;0;0, 1, 1;faces;1, 1, 0;6.465;4x2-3=6 ?, 4x2-6=2 ?, 1+8/4=3 ?;experiment;4.532922374110058, 3.3532753649815277, timeout;faces\\Karen.bmp, faces\\Leah.bmp, faces\\Cindy.bmp;6;0, 1, timeout;mixed;11;male;19
3;18.926977696788526;2;2;0;0.6666666666666666;235;;3;0.6666666666666666;4;1.953;22;3.8415305548951437;faces\\Alex.bmp, faces\\Amber.bmp, faces\\Mary.bmp;0;0, 0, 0;faces;1, 1, 1;3.468;4/2+6=7 ?, 9/3+1=3 ?, 9/3+5=6 ?;experiment;3.9197894682401966, 2.2394242520422267, 4.631808752888901;faces\\Alex.bmp, faces\\Leslie.bmp, faces\\Mary.bmp;4;0, 0, 0;mixed;4;male;2
3;10.83336118036459;3;3;0;1.0;235;;3;1.0;5;1.551;22;4.917045954171044;faces\\Milla.bmp, faces\\Molly.bmp, faces\\Maria.bmp;0;0, 0, 0;faces;1, 1, 1;4.843;6+8/4=9 ?, 1+9/3=6 ?, 2+6/2=7 ?;experiment;4.351335241160996, 4.759130712867773, 3.5889084525115322;faces\\Milla.bmp, faces\\Molly.bmp, faces\\Maria.bmp;6;0, 0, 0;mixed;19;male;4
2;8.645021792523039;2;2;0;1.0;235;;2;1.0;6;3.159;22;0.8192651093377208;faces\\Jeff.bmp, faces\\Olga.bmp;0;1, 1;faces;1, 1;1.62;6+9/3=9 ?, 3x3-9=0 ?;experiment;3.1737006076109537, 2.2753071007464314;faces\\Jeff.bmp, faces\\Olga.bmp;4;1, 1;mixed;2;male;14
1;1.7578626124668517;1;1;0;1.0;235;;1;1.0;7;5.042;22;2.9111956146480225;faces\\Lisa.bmp;0;1;faces;1;4.71;4x2-8=0 ?;experiment;3.163710981487384;faces\\Lisa.bmp;2;1;mixed;20;male;14
3;16.008491223259625;2;2;0;0.6666666666666666;235;;3;0.6666666666666666;8;1.748;22;0.7709352538076928;faces\\Megan.bmp, faces\\Kenny.bmp, faces\\Matt.bmp;0;0, 0, 1;faces;1, 1, 1;4.285;3x3-6=4 ?, 4+8/2=9 ?, 4/2+3=5 ?;experiment;4.011596817144891, 4.044500512532977, 3.049318801426125;faces\\Megan.bmp, faces\\Emily.bmp, faces\\Matt.bmp;4;0, 0, 1;mixed;14;male;0
2;11.533380515917088;3;3;0;0.6666666666666666;235;;3;1.0;9;1.68;22;2.037318441805837;faces\\Ella.bmp, faces\\Justin.bmp, faces\\David.bmp;0;1, 0, 0;faces;1, 0, 1;3.585;2x4-7=1 ?, 3+4/2=7 ?, 2x2-1=1 ?;experiment;3.044250094524614, timeout, 2.1861073833497358;faces\\Ella.bmp, faces\\Justin.bmp, faces\\David.bmp;6;1, timeout, 0;mixed;10;male;2
2;11.91842120063302;2;2;0;1.0;235;;2;1.0;10;4.62;22;2.4236846999119734;faces\\Andre.bmp, faces\\Mark.bmp;0;0, 1;faces;1, 1;4.421;3x2-2=3 ?, 4/2+3=5 ?;experiment;3.1598397653142456, 3.29324811457991;faces\\Andre.bmp, faces\\Mark.bmp;4;0, 1;mixed;19;male;19
1;2.2392756433182512;1;1;0;1.0;235;;1;1.0;11;4.523;22;1.6743137212251895;faces\\Zach.bmp;0;0;faces;1;1.327;2x4-1=6 ?;experiment;2.1099499287156505;faces\\Zach.bmp;2;0;mixed;2;male;20
2;31.189145651736908;1;1;0;0.5;235;;2;0.5;12;1.225;22;1.9732143040419032;faces\\Billy.bmp, faces\\Robert.bmp;0;1, 0;faces;1, 1;4.623;4/2+5=7 ?, 4/2-1=0 ?;experiment;3.1706557708821492, 2.393268353280291;faces\\Billy.bmp, faces\\Will.bmp;2;1, 0;mixed;16;male;0
2;16.869969009745546;2;2;0;1.0;235;;2;1.0;13;2.906;22;3.2605697954022617;faces\\Lena.bmp, faces\\Nina.bmp;0;1, 1;faces;1, 1;3.824;3+3x2=9 ?, 1+4/2=3 ?;experiment;4.4784383932674245, 2.2441202055706526;faces\\Lena.bmp, faces\\Nina.bmp;4;1, 1;mixed;15;male;14
2;3.163142409437569;2;2;0;1.0;235;;2;1.0;14;1.593;22;4.676430779738439;faces\\Peter.bmp, faces\\Eric.bmp;0;1, 1;faces;1, 1;3.409;1+2x2=5 ?, 6/3+4=6 ?;experiment;2.1415654081574758, 2.871168142559327;faces\\Peter.bmp, faces\\Eric.bmp;4;1, 1;mixed;12;male;4
2;6.351264631495724;2;2;0;1.0;235;;2;1.0;15;3.064;22;3.3377699742231925;faces\\Chris.bmp, faces\\Micha.bmp;0;1, 0;faces;1, 1;1.906;4/2-1=1 ?, 2x3-4=3 ?;experiment;2.551186057709856, 3.6255745759226556;faces\\Chris.bmp, faces\\Micha.bmp;4;1, 0;mixed;5;male;15
1;2.8128207454465155;1;1;0;1.0;235;;1;1.0;16;2.405;22;1.8560552101953363;faces\\Diana.bmp;0;1;faces;1;3.433;2x4-1=7 ?;experiment;3.008534328000678;faces\\Diana.bmp;2;1;mixed;13;male;9
2;2.9692987515627465;2;2;0;1.0;235;;2;1.0;17;1.849;22;1.6059959924896248;faces\\Will.bmp, faces\\Haley.bmp;0;1, 0;faces;1, 1;1.581;2+8/2=6 ?, 4/2+5=5 ?;experiment;2.6366873884144297, 3.076059340037318;faces\\Will.bmp, faces\\Haley.bmp;4;1, 0;mixed;4;male;6
2;11.168902023746341;2;2;0;1.0;235;;2;1.0;18;1.952;22;1.0554864739387995;faces\\Hanna.bmp, faces\\Scott.bmp;0;0, 0;faces;1, 1;4.289;3x2+1=6 ?, 1+2x2=6 ?;experiment;3.343301749191596, 2.27390393882888;faces\\Hanna.bmp, faces\\Scott.bmp;4;0, 0;mixed;17;male;6
1;6.825297720333765;1;1;0;1.0;235;;1;1.0;19;3.583;22;3.232400642547873;faces\\Keith.bmp;0;0;faces;1;3.01;2x4-4=2 ?;experiment;4.105913272444013;faces\\Keith.bmp;2;0;mixed;11;male;18
1;2.60105167355141;1;1;0;1.0;235;;1;1.0;20;2.655;22;2.8302247973770136;faces\\Ricky.bmp;0;0;faces;1;1.587;6/2-1=3 ?;experiment;2.8449871445263852;faces\\Ricky.bmp;2;0;mixed;3;male;11
2;17.433448539301025;2;2;0;1.0;235;;2;1.0;21;2.147;22;3.07721208393923;faces\\Greg.bmp, faces\\Kurt.bmp;0;0, 1;faces;1, 1;1.579;8/2+4=9 ?, 2x3-5=1 ?;experiment;3.917973321862519, 2.8318529249845596;faces\\Greg.bmp, faces\\Kurt.bmp;4;0, 1;mixed;5;male;9
3;9.352455143362022;3;3;0;1.0;235;;3;1.0;22;2.653;22;4.199920194652805;faces\\Lana.bmp, faces\\Tina.bmp, faces\\Nathan.bmp;0;0, 1, 0;faces;1, 1, 1;6.49;2x4-4=5 ?, 2x4-8=0 ?, 4+2x2=6 ?;experiment;3.895253018665244, 1.702144604500063, 4.059695959687815;faces\\Lana.bmp, faces\\Tina.bmp, faces\\Nathan.bmp;6;0, 1, 0;mixed;17;male;14
0;3.6343580903703696;1;1;0;0.0;235;;1;1.0;23;1.949;22;3.137092367713194;faces\\Emma.bmp;0;1;faces;0;1.724;1+6/3=3 ?;experiment;2.111300954420585;faces\\Emma.bmp;2;0;mixed;4;male;4
2;5.1436176043025625;2;2;0;1.0;235;;2;1.0;24;2.343;22;1.0908910652906343;faces\\Sofia.bmp, faces\\Sonya.bmp;0;1, 1;faces;1, 1;2.632;2x2-1=3 ?, 8/2+4=8 ?;experiment;3.0684400640893728, 3.1544935459896806;faces\\Sofia.bmp, faces\\Sonya.bmp;4;1, 1;mixed;8;male;10
1;1.9434744965692516;1;1;0;1.0;235;;1;1.0;25;0.801;22;0.7424840727981064;faces\\Lily.bmp;0;0;faces;1;3.585;4+4/2=7 ?;experiment;1.9494065298349597;faces\\Lily.bmp;2;0;mixed;14;male;0
1;2.9619331778012565;1;1;0;1.0;235;;1;1.0;26;2.693;22;0.8418035515860538;faces\\Jason.bmp;0;1;faces;1;7.542;2x2-4=0 ?;experiment;1.6780593178700656;faces\\Jason.bmp;2;1;mixed;20;male;13
3;9.85900891118581;3;3;0;1.0;235;;3;1.0;27;3.344;22;0.7438034883634828;faces\\Adam.bmp, faces\\George.bmp, faces\\Tony.bmp;0;0, 0, 0;faces;1, 1, 1;3.302;3x2-3=2 ?, 3+2x2=5 ?, 9/3-2=0 ?;experiment;4.078087315421726, 2.766426908525318, 2.4145120112370932;faces\\Adam.bmp, faces\\George.bmp, faces\\Tony.bmp;6;0, 0, 0;mixed;14;male;16
3;10.949433213718294;3;3;0;1.0;235;;3;1.0;28;2.992;22;1.5326362407431589;faces\\Daniel.bmp, faces\\Angie.bmp, faces\\Eddie.bmp;0;0, 0, 0;faces;1, 1, 1;3.194;4+8/4=7 ?, 6/3+7=8 ?, 2x4-8=2 ?;experiment;1.8388198825341533, 3.9514517471179715, 2.1686138377699535;faces\\Daniel.bmp, faces\\Angie.bmp, faces\\Eddie.bmp;6;0, 0, 0;mixed;12;male;14
3;28.630656830027874;2;2;0;0.6666666666666666;235;;3;0.6666666666666666;29;2.153;22;1.3060325699407258;faces\\Gary.bmp, faces\\Nana.bmp, faces\\Nicole.bmp;0;0, 0, 0;faces;1, 1, 1;3.327;8/2-4=2 ?, 8/2+3=6 ?, 4x2-6=4 ?;experiment;2.7290587936331576, 3.051212125817983, 2.735888226532552;faces\\Gary.bmp, faces\\Rachel.bmp, faces\\Nicole.bmp;4;0, 0, 0;mixed;0;male;11
3;36.33872854153742;3;3;0;1.0;235;;3;1.0;30;4.751;22;1.4045117115601897;faces\\Donald.bmp, faces\\Brian.bmp, faces\\John.bmp;0;1, 1, 0;faces;1, 1, 1;4.21;6+9/3=9 ?, 1+2x2=5 ?, 3x2-3=1 ?;experiment;4.175473238727136, 1.8606838382256683, 2.105041735649138;faces\\Donald.bmp, faces\\Brian.bmp, faces\\John.bmp;6;1, 1, 0;mixed;19;male;20
2;11.712488921053591;2;2;0;1.0;235;;2;1.0;31;1.287;22;4.211104027337569;faces\\Damon.bmp, faces\\Sarah.bmp;0;1, 1;faces;1, 1;3.544;3+2x3=9 ?, 2+4/2=4 ?;experiment;2.5308369257363665, 2.765128840066609;faces\\Damon.bmp, faces\\Sarah.bmp;4;1, 1;mixed;15;male;3
1;4.904779576729197;1;1;0;1.0;235;;1;1.0;32;1.349;22;1.725451542679366;faces\\Anna.bmp;0;0;faces;1;6.549;3x3-6=4 ?;experiment;2.387114227971324;faces\\Anna.bmp;2;0;mixed;8;male;4
3;14.49584203467748;3;3;0;1.0;235;;3;1.0;33;2.697;22;2.4440404002234573;faces\\Kelly.bmp, faces\\Timmy.bmp, faces\\Regina.bmp;0;1, 1, 0;faces;1, 1, 1;2.641;1+4/2=3 ?, 1+8/4=3 ?, 3+2x2=6 ?;experiment;3.0223122449897346, 3.4704742794019694, 3.7337321684935887;faces\\Kelly.bmp, faces\\Timmy.bmp, faces\\Regina.bmp;6;1, 1, 0;mixed;1;male;7
1;4.04399475025275;1;1;0;1.0;235;;1;1.0;34;3.292;22;1.668468307958392;faces\\Bruce.bmp;0;0;faces;1;1.686;6/3+5=8 ?;experiment;3.215096347303188;faces\\Bruce.bmp;2;0;mixed;4;male;16
1;4.256419014200219;1;1;0;1.0;235;;1;1.0;35;1.239;22;0.8094844385741453;faces\\Paul.bmp;0;1;faces;1;2.213;4/2-2=0 ?;experiment;3.884692357365566;faces\\Paul.bmp;2;1;mixed;5;male;3
3;14.576674095733324;3;3;0;1.0;235;;3;1.0;36;1.554;22;0.8454157287960697;faces\\Joshua.bmp, faces\\Fiona.bmp, faces\\James.bmp;0;0, 1, 1;faces;1, 1, 1;4.881;2+9/3=4 ?, 3x3-3=6 ?, 2x4-3=5 ?;experiment;4.152875681415026, 3.4740064049547072, 3.2501359851921734;faces\\Joshua.bmp, faces\\Fiona.bmp, faces\\James.bmp;6;0, 1, 1;mixed;7;male;2
3;25.63099715221324;3;3;0;1.0;235;;3;1.0;37;2.354;22;0.8409352989619947;faces\\Julia.bmp, faces\\Joan.bmp, faces\\Vicky.bmp;0;0, 0, 1;faces;1, 1, 1;2.704;1+3x2=8 ?, 6/3-1=0 ?, 6/3+7=9 ?;experiment;2.5101179140438035, 3.960959421197913, 3.8357725826754177;faces\\Julia.bmp, faces\\Joan.bmp, faces\\Vicky.bmp;6;0, 0, 1;mixed;10;male;10
1;5.313782391673158;2;2;0;0.5;235;;2;1.0;38;3.284;22;3.7227297862373234;faces\\Steve.bmp, faces\\Joseph.bmp;0;0, 0;faces;0, 1;2.743;3x3-5=3 ?, 5+6/3=8 ?;experiment;timeout, 2.6547265168446756;faces\\Steve.bmp, faces\\Joseph.bmp;4;timeout, 0;mixed;4;male;17
1;3.2628157576145895;1;1;0;1.0;235;;1;1.0;39;1.177;22;1.0314841126200918;faces\\Kiki.bmp;0;1;faces;1;3.691;4x2-6=2 ?;experiment;2.4925648428725253;faces\\Kiki.bmp;2;1;mixed;17;male;1
1;2.2630165025475435;1;1;0;1.0;235;;1;1.0;40;3.477;22;2.096093602147448;faces\\Kate.bmp;0;0;faces;1;3.592;3x3-7=4 ?;experiment;1.9643704429545323;faces\\Kate.bmp;2;0;mixed;15;male;16
2;2.5740849376852566;2;2;0;1.0;235;;2;1.0;41;3.378;22;2.9743186064297333;faces\\Olivia.bmp, faces\\Leslie.bmp;0;0, 1;faces;1, 1;1.649;9/3-1=1 ?, 2x2-3=1 ?;experiment;2.270622641812224, 1.894660225862026;faces\\Olivia.bmp, faces\\Leslie.bmp;4;0, 1;mixed;7;male;16
3;31.30357683132752;3;3;0;1.0;235;;3;1.0;42;3.699;22;2.5518088185745;faces\\Anders.bmp, faces\\Benny.bmp, faces\\Oliver.bmp;0;0, 0, 0;faces;1, 1, 1;1.464;9/3-2=2 ?, 3x3-7=4 ?, 2x4-4=3 ?;experiment;3.2788552366291697, 2.4925467799330363, 2.1901403449301142;faces\\Anders.bmp, faces\\Benny.bmp, faces\\Oliver.bmp;6;0, 0, 0;mixed;4;male;20
2;5.51485697231692;2;2;0;1.0;235;;2;1.0;43;2.705;22;3.653181725068862;faces\\Susan.bmp, faces\\Erin.bmp;0;1, 1;faces;1, 1;3.231;2x2+4=8 ?, 8/2-2=2 ?;experiment;1.9122260231961263, 3.74406170628572;faces\\Susan.bmp, faces\\Erin.bmp;4;1, 1;mixed;12;male;13
2;5.6677872530672175;2;2;0;1.0;235;;2;1.0;44;1.293;22;0.6766635453350318;faces\\Amanda.bmp, faces\\Lulu.bmp;0;0, 1;faces;1, 1;4.037;2x3-3=1 ?, 2x2+4=8 ?;experiment;2.0445148807812075, 2.115678343398031;faces\\Amanda.bmp, faces\\Lulu.bmp;4;0, 1;mixed;12;male;3
3;6.680853736586869;3;3;0;1.0;235;;3;1.0;45;3.044;22;0.8256064323795727;faces\\Lucas.bmp, faces\\Emily.bmp, faces\\Tanya.bmp;0;0, 0, 0;faces;1, 1, 1;2.171;9/3-3=2 ?, 8/4-1=0 ?, 8/4+1=1 ?;experiment;2.370069382213842, 2.86362932879274, 2.892537420044391;faces\\Lucas.bmp, faces\\Emily.bmp, faces\\Tanya.bmp;6;0, 0, 0;mixed;9;male;15
1;3.547431840117497;1;1;0;1.0;235;;1;1.0;46;2.25;22;2.2108757774767582;faces\\Mona.bmp;0;0;faces;1;2.854;8/4+5=6 ?;experiment;3.3980878737311286;faces\\Mona.bmp;2;0;mixed;12;male;10
3;14.9136858370548;3;3;0;1.0;235;;3;1.0;47;2.759;22;0.8374914354972134;faces\\Niclas.bmp, faces\\Erica.bmp, faces\\Shane.bmp;0;1, 1, 1;faces;1, 1, 1;3.614;8/2-2=2 ?, 4/2-2=0 ?, 3x3-1=8 ?;experiment;3.045216461741802, 2.970070942192251, 1.942788515418215;faces\\Niclas.bmp, faces\\Erica.bmp, faces\\Shane.bmp;6;1, 1, 1;mixed;17;male;15
2;4.400725473300554;2;2;0;1.0;235;;2;1.0;48;1.036;22;0.7049361495628546;faces\\Thomas.bmp, faces\\Carl.bmp;0;1, 0;faces;1, 1;2.907;7+4/2=9 ?, 4x2-8=2 ?;experiment;3.5952596280621947, 3.046526845839253;faces\\Thomas.bmp, faces\\Carl.bmp;4;1, 0;mixed;12;male;2
1;3.424380123051378;1;1;0;1.0;235;;1;1.0;1;3.273;22;0.9926463313568092;faces\\Lucia.bmp;0;1;faces;1;3.292;2+4/2=4 ?;experiment;3.0659687256629695;faces\\Lucia.bmp;2;1;mixed;11;male;17
1;1.746896766610007;1;1;0;1.0;235;;1;1.0;2;1.504;22;0.9809559153436567;faces\\Amber.bmp;0;1;faces;1;1.124;2+3x2=8 ?;experiment;3.3876401058005285;faces\\Amber.bmp;2;1;mixed;4;male;5
2;6.461635755094903;3;3;0;0.6666666666666666;235;;3;1.0;3;2.286;22;0.6521812845785462;faces\\Mary.bmp, faces\\Jacob.bmp, faces\\Timmy.bmp;0;1, 1, 1;faces;1, 0, 1;8.383;2x4-3=5 ?, 4+6/2=7 ?, 1+9/3=4 ?;experiment;3.9131053598903236, 3.4803415701717313, 3.7742892130991095;faces\\Mary.bmp, faces\\Jacob.bmp, faces\\Timmy.bmp;6;1, 0, 1;mixed;14;male;10
2;22.32554875412825;3;1;0;0.4444444444444444;235;;3;0.6666666666666666;4;2.932;22;2.534780393667461;faces\\Eddie.bmp, faces\\Fiona.bmp, faces\\Linda.bmp;0;0, 1, 1;faces;1, 1, 0;4.527;6/2+4=5 ?, 2+4/2=4 ?, 2x4-2=6 ?;experiment;4.574329608396511, 1.4559155508359254, 1.8182063748208748;faces\\Eddie.bmp, faces\\Linda.bmp, faces\\Fiona.bmp;4;0, 1, 0;mixed;4;male;15
3;4.821276253354881;3;3;0;1.0;235;;3;1.0;5;1.667;22;0.7230138670020096;faces\\Casper.bmp, faces\\Adam.bmp, faces\\Kiki.bmp;0;0, 0, 1;faces;1, 1, 1;3.157;2x2+3=9 ?, 2x4-3=3 ?, 4x2-6=2 ?;experiment;2.4555752286505594, 3.9591818638255063, 2.364779814830399;faces\\Casper.bmp, faces\\Adam.bmp, faces\\Kiki.bmp;6;0, 0, 1;mixed;16;male;7
2;27.68210582665415;2;2;0;1.0;235;;2;1.0;6;3.31;22;5.029599819699797;faces\\Tony.bmp, faces\\Lucas.bmp;0;0, 0;faces;1, 1;3.162;5+6/2=6 ?, 6/2-3=1 ?;experiment;2.5433282688718464, 3.3943028670400963;faces\\Tony.bmp, faces\\Lucas.bmp;4;0, 0;mixed;13;male;17
;4.972;;;;;235;[];1;;1;;[];;[];;[];faces;[];;[];qStress;[];7;;;mixed;;male;22
;3.259;;;;;235;[];1;;1;;[];;[];;[];faces;[];;[];qSatisfied;[];5;;;mixed;;male;22
;4.342;;;;;235;[];1;;1;;[];;[];;[];faces;[];;[];qFrustration;[];6;;;mixed;;male;22
;4.401;;;;;235;[];1;;1;;[];;[];;[];faces;[];;[];qDifficulty;[];4;;;mixed;;male;22
;4.885;;;;;235;[];1;;1;;[];;[];;[];faces;[];;[];qEffort;[];5;;;mixed;;male;22
;7.336;;;;;235;[];1;;1;;[];;[];;[];faces;[];;[];qAttitude;[];4;;;mixed;;male;22
;8.85272711374273;;;;;235;[];1;;1;;[];;[];;[];faces;[];;[];qBirthweight;[];0;;;mixed;;male;22
;4.72567404523943;;;;;235;[];1;;1;;[];;[];;[];faces;[];;[];qFriends;[];650;;;mixed;;male;22
;70.44604251276542;;;;;235;[];1;;1;;[];;[];;[];faces;[];;[];qAbout;[];howweputpeopleorracesintoboxessuchweeasiercanrememberthem;;;mixed;;male;22
;6.225220213906141;;;;;235;[];1;;1;;[];;[];;[];faces;[];;[];qFeedback;[];no;;;mixed;;male;22
