equationScore;recallRT;recallIntersection;recallLocation;pggInvestOther;payoutFactor;id;recallRTs;span;recallProportion;no;pggRT;equationAnss;pauseRT;encode;pggInvest;equationCorrect;stimType;equationScores;pggRTOther;equationText;condition;equationRTs;recallAns;recallSum;pggStart;order;pggStartOther;gender;age
;50.22123839311462;;;;;237;[];1;;1;;[];;[];;[];faces;[];;[];qCheck1;[];75;;;mixed;;female;24
;38.02123691525048;;;;;237;[];1;;1;;[];;[];;[];faces;[];;[];qCheck2;[];167;;;mixed;;female;24
;34.5840385689844;;;;;237;[];1;;1;;[];;[];;[];faces;[];;[];qCheck3;[];225;;;mixed;;female;24
;20.647620001585892;;;;;237;[];1;;1;;[];;[];;[];faces;[];;[];qCheck4;[];75;;;mixed;;female;24
;;;;40;;237;;1;;1;6.998;24;2.0818823233857984;;25;;faces;;18.235;;practicePGG;;;;;mixed;8;female;5
;;;;25;;237;;1;;2;18.931;24;1.006292008813034;;25;;faces;;11.469;;practicePGG;;;;;mixed;13;female;5
1;9.882997454376891;1;1;;1.0;237;;1;1.0;1;;24;1.6385188183485297;faces\\David.bmp;;0;faces;1;;3+9/3=8 ?;practiceCS;4.79658342320181;faces\\David.bmp;2;0;mixed;;female;
2;7.006267377739277;2;2;;1.0;237;;2;1.0;2;;24;1.1894113459784421;faces\\Mike.bmp, faces\\Lisa.bmp;;0, 0;faces;1, 1;;3x2-1=6 ?, 2x2+1=4 ?;practiceCS;3.912371656690084, 2.89924657638403;faces\\Mike.bmp, faces\\Lisa.bmp;4;0, 0;mixed;;female;
2;13.786082784234168;3;3;;0.6666666666666666;237;;3;1.0;3;;24;1.1126925175303768;faces\\Amber.bmp, faces\\Jenny.bmp, faces\\Casper.bmp;;0, 0, 0;faces;1, 1, 0;;3x2-6=2 ?, 2x4-3=4 ?, 6/2+2=4 ?;practiceCS;3.6992631613065896, 4.18557751872504, 3.654467441203451;faces\\Amber.bmp, faces\\Jenny.bmp, faces\\Casper.bmp;6;0, 0, 1;mixed;;female;
2;16.69152120304716;2;2;20;1.0;237;;2;1.0;1;9.109;24;0.8069592647152604;faces\\Kiki.bmp, faces\\Paul.bmp;15;1, 1;faces;1, 1;29.192;2x2+1=5 ?, 9/3+3=6 ?;practiceExp;2.0199269524346164, 4.715076313234022;faces\\Kiki.bmp, faces\\Paul.bmp;4;1, 1;mixed;13;female;9
1;4.034758145397063;1;1;20;1.0;237;;1;1.0;2;11.3;24;0.7406786765059223;faces\\Sarah.bmp;20;1;faces;1;15.409;3x3-9=0 ?;practiceExp;2.3397586236496863;faces\\Sarah.bmp;2;1;mixed;0;female;18
2;16.133775488546235;3;1;20;0.4444444444444444;237;;3;0.6666666666666666;3;5.078;24;1.1201520394315594;faces\\Gary.bmp, faces\\Olivia.bmp, faces\\Joseph.bmp;15;1, 1, 1;faces;1, 1, 0;8.521;8/2+5=9 ?, 2x3-6=0 ?, 6/3-1=1 ?;practiceExp;3.532385967348091, 1.932699685170519, 4.106790911297139;faces\\Olivia.bmp, faces\\Gary.bmp, faces\\Joseph.bmp;4;1, 1, 0;mixed;20;female;15
3;21.170268072331965;3;3;15;1.0;237;;3;1.0;1;10.882;24;0.8521133669964911;faces\\Keith.bmp, faces\\Karen.bmp, faces\\Maria.bmp;15;1, 0, 0;faces;1, 1, 1;8.101;4x2-5=3 ?, 2x2+4=7 ?, 6/2-3=1 ?;experiment;3.196897551548318, 2.8994042152771726, 3.1023790747494786;faces\\Keith.bmp, faces\\Karen.bmp, faces\\Maria.bmp;6;1, 0, 0;mixed;19;female;20
1;5.710813905228861;1;1;5;1.0;237;;1;1.0;2;2.609;24;0.7871825618531147;faces\\Bobby.bmp;5;0;faces;1;12.53;3x2-3=1 ?;experiment;3.2736106327429297;faces\\Bobby.bmp;2;0;mixed;10;female;7
2;43.64384241529115;1;1;15;0.5;237;;2;0.5;3;6.948;24;0.8757095289838617;faces\\Liam.bmp, faces\\John.bmp;90;0, 0;faces;1, 1;12.419;6/2+6=8 ?, 2x4-7=0 ?;experiment;2.4081156117099454, 2.0217578625488386;faces\\Liam.bmp, faces\\Angie.bmp;2;0, 0;mixed;5;female;1
3;8.106989191473986;3;3;15;1.0;237;;3;1.0;4;4.987;24;0.8539438665939088;faces\\Ricky.bmp, faces\\Lucia.bmp, faces\\Greg.bmp;10;0, 0, 0;faces;1, 1, 1;7.342;2x4-6=3 ?, 9/3-3=1 ?, 4x2+1=7 ?;experiment;4.284525073820987, 1.9689631999390258, 2.632386501019937;faces\\Ricky.bmp, faces\\Lucia.bmp, faces\\Greg.bmp;6;0, 0, 0;mixed;12;female;6
1;5.972971907845931;1;1;15;1.0;237;;1;1.0;5;2.298;24;0.687040810000326;faces\\Niclas.bmp;5;1;faces;1;4.525;5+2x2=9 ?;experiment;2.9348212420045456;faces\\Niclas.bmp;2;1;mixed;18;female;6
1;5.888016446991969;2;2;15;0.5;237;;2;1.0;6;11.004;24;1.222273308900185;faces\\Alex.bmp, faces\\Emma.bmp;90;1, 1;faces;0, 1;7.078;5+6/3=7 ?, 3x3-2=7 ?;experiment;3.042917600421788, 4.184037665843789;faces\\Alex.bmp, faces\\Emma.bmp;4;0, 1;mixed;6;female;17
3;24.13572791198021;3;3;10;1.0;237;;3;1.0;7;2.502;24;0.7563875568739604;faces\\Eric.bmp, faces\\Billy.bmp, faces\\James.bmp;10;1, 1, 0;faces;1, 1, 1;11.454;1+6/2=4 ?, 1+9/3=4 ?, 2x2+1=7 ?;experiment;2.6857862671058683, 4.715920338167052, 2.2784338082892646;faces\\Eric.bmp, faces\\Billy.bmp, faces\\James.bmp;6;1, 1, 0;mixed;17;female;11
0;2.291145907525788;1;1;15;0.0;237;;1;1.0;8;6.606;24;0.6395475763638387;faces\\Kiki.bmp;10;0;faces;0;2.569;2+9/3=6 ?;experiment;3.344552241898782;faces\\Kiki.bmp;2;1;mixed;13;female;15
3;16.329793710618105;3;3;15;1.0;237;;3;1.0;9;1.462;24;0.538362698363926;faces\\Carl.bmp, faces\\Megan.bmp, faces\\Jane.bmp;10;0, 1, 1;faces;1, 1, 1;2.56;6/3+2=3 ?, 2x4-8=0 ?, 3x3-3=6 ?;experiment;1.775624428610172, 3.844957217868796, 2.6104615576623473;faces\\Carl.bmp, faces\\Megan.bmp, faces\\Jane.bmp;6;0, 1, 1;mixed;13;female;2
0;5.230053034814773;1;1;15;0.0;237;;1;1.0;10;8.309;24;0.5925284909717448;faces\\Nana.bmp;0;1;faces;0;16.806;6/3-1=1 ?;experiment;2.7216117592070077;faces\\Nana.bmp;2;0;mixed;17;female;12
1;4.074866981918603;1;1;15;1.0;237;;1;1.0;11;2.07;24;0.7859859019918076;faces\\George.bmp;100;1;faces;1;10.014;3x2-2=4 ?;experiment;2.206123942763952;faces\\George.bmp;2;1;mixed;8;female;19
2;6.8119133954860445;2;2;10;1.0;237;;2;1.0;12;2.727;24;1.7434036947415734;faces\\Rachel.bmp, faces\\Lena.bmp;5;0, 0;faces;1, 1;9.173;2x2-4=2 ?, 4+4/2=4 ?;experiment;2.566734826334141, 4.722757925355836;faces\\Rachel.bmp, faces\\Lena.bmp;4;0, 0;mixed;18;female;7
2;9.866135018539353;2;2;15;1.0;237;;2;1.0;13;1.624;24;0.599641535714909;faces\\Justin.bmp, faces\\Kurt.bmp;5;0, 0;faces;1, 1;1.926;2x3-6=1 ?, 3+4/2=4 ?;experiment;2.1517278495812207, 1.9308761643842445;faces\\Justin.bmp, faces\\Kurt.bmp;4;0, 0;mixed;8;female;3
3;8.761215658632864;3;3;15;1.0;237;;3;1.0;14;1.252;24;0.7448852540728694;faces\\Thomas.bmp, faces\\Will.bmp, faces\\Cindy.bmp;10;1, 0, 1;faces;1, 1, 1;4.986;5+2x2=9 ?, 3x3-6=1 ?, 2x4-7=1 ?;experiment;2.0794167524982186, 2.0447320898201724, 2.2015437938498508;faces\\Thomas.bmp, faces\\Will.bmp, faces\\Cindy.bmp;6;1, 0, 1;mixed;17;female;2
1;4.149879697713914;1;1;10;1.0;237;;1;1.0;15;3.761;24;1.4046664397865243;faces\\Linda.bmp;5;0;faces;1;2.028;2x4-7=3 ?;experiment;3.5633353270823136;faces\\Linda.bmp;2;0;mixed;8;female;7
2;5.902825471981487;2;2;50;1.0;237;;2;1.0;16;2.354;24;0.5685780519852415;faces\\Erin.bmp, faces\\Mark.bmp;15;1, 0;faces;1, 1;2.136;2+9/3=5 ?, 6/2+1=5 ?;experiment;2.525473255369434, 3.360473360051401;faces\\Erin.bmp, faces\\Mark.bmp;4;1, 0;mixed;10;female;13
1;2.752224494211987;1;1;20;1.0;237;;1;1.0;17;1.465;24;0.9930014897690853;faces\\Molly.bmp;20;0;faces;1;2.688;5+8/2=7 ?;experiment;3.1114663003754686;faces\\Molly.bmp;2;0;mixed;13;female;4
1;2.4107597579095454;1;1;20;1.0;237;;1;1.0;18;1.163;24;0.6312563450665039;faces\\Casper.bmp;15;1;faces;1;4.683;2x2+3=7 ?;experiment;2.5400794844863412;faces\\Casper.bmp;2;1;mixed;16;female;3
2;19.804035966302763;2;2;15;1.0;237;;2;1.0;19;4.509;24;1.2492833382675599;faces\\Susan.bmp, faces\\Simon.bmp;0;1, 1;faces;1, 1;2.874;5+9/3=8 ?, 2x2+4=8 ?;experiment;4.286135946309514, 1.5576118856442918;faces\\Susan.bmp, faces\\Simon.bmp;4;1, 1;mixed;12;female;12
1;10.060364613844285;2;2;15;0.5;237;;2;1.0;20;4.325;24;0.6161086427600821;faces\\Kevin.bmp, faces\\Jenny.bmp;15;1, 1;faces;0, 1;3.647;2x3-1=5 ?, 2x3+2=8 ?;experiment;3.2299142797455715, 2.437033318048634;faces\\Kevin.bmp, faces\\Jenny.bmp;4;0, 1;mixed;11;female;20
1;8.388739984900894;2;2;25;0.5;237;;2;1.0;21;1.745;24;0.5614091768002254;faces\\Britt.bmp, faces\\Milla.bmp;10;1, 0;faces;0, 1;7.258;8/4-1=1 ?, 5+4/2=6 ?;experiment;2.5514664317415736, 3.7688377456470334;faces\\Britt.bmp, faces\\Milla.bmp;4;0, 0;mixed;20;female;3
2;6.532430303286674;2;2;25;1.0;237;;2;1.0;22;4.572;24;0.7054131309087097;faces\\Timmy.bmp, faces\\Anna.bmp;85;1, 0;faces;1, 1;8.542;2x3-5=1 ?, 2x2-1=5 ?;experiment;2.9112082487845328, 2.4904339051718125;faces\\Timmy.bmp, faces\\Anna.bmp;4;1, 0;mixed;8;female;15
2;19.470722064150323;3;3;10;0.6666666666666666;237;;3;1.0;23;1.208;24;0.6537457506274222;faces\\Matt.bmp, faces\\Sonya.bmp, faces\\Mona.bmp;15;0, 1, 1;faces;0, 1, 1;9.703;4/2+4=4 ?, 2x2-1=3 ?, 3x3-3=6 ?;experiment;2.5552349866375152, 3.780468951088551, 2.394956868931331;faces\\Matt.bmp, faces\\Sonya.bmp, faces\\Mona.bmp;6;1, 1, 1;mixed;15;female;3
2;20.018412551668007;3;3;50;0.6666666666666666;237;;3;1.0;24;5.322;24;1.3228296838969982;faces\\Ella.bmp, faces\\Regina.bmp, faces\\Chris.bmp;10;0, 0, 1;faces;1, 1, 0;5.008;9/3+3=5 ?, 4+4/2=7 ?, 5+8/4=7 ?;experiment;3.409444047836587, 3.241908383064583, 3.3364432805792603;faces\\Ella.bmp, faces\\Regina.bmp, faces\\Chris.bmp;6;0, 0, 0;mixed;5;female;18
2;3.9289463194363634;2;2;50;1.0;237;;2;1.0;25;5.601;24;1.3117937295028241;faces\\Joseph.bmp, faces\\Tony.bmp;50;1, 0;faces;1, 1;5.614;5+9/3=8 ?, 2x2+1=4 ?;experiment;3.3816092878878408, 1.6733143208803085;faces\\Joseph.bmp, faces\\Tony.bmp;4;1, 0;mixed;4;female;1
1;3.688451349720708;1;1;50;1.0;237;;1;1.0;26;2.374;24;0.9569970118391211;faces\\Julian.bmp;45;0;faces;1;6.693;8/4+6=9 ?;experiment;3.0741128604167898;faces\\Julian.bmp;2;0;mixed;12;female;16
1;6.725568741847383;1;1;50;1.0;237;;1;1.0;27;6.236;24;0.5099601920737769;faces\\Emily.bmp;100;0;faces;1;11.261;1+2x3=8 ?;experiment;1.5289696368599834;faces\\Emily.bmp;2;0;mixed;1;female;17
2;2.795796049747878;2;2;25;1.0;237;;2;1.0;28;4.085;24;1.0870589548976568;faces\\Kenny.bmp, faces\\Andre.bmp;0;0, 0;faces;1, 1;5.476;2x2-2=3 ?, 4x2-6=4 ?;experiment;3.0625883896464074, 3.0945931910682702;faces\\Kenny.bmp, faces\\Andre.bmp;4;0, 0;mixed;11;female;7
3;38.70688032210819;2;2;50;0.6666666666666666;237;;3;0.6666666666666666;29;1.163;24;0.687188185947889;faces\\Scott.bmp, faces\\Tina.bmp, faces\\Anders.bmp;5;1, 0, 1;faces;1, 1, 1;3.261;9/3-1=2 ?, 2x2+1=3 ?, 3x3-7=2 ?;experiment;3.2612117587123066, 1.8011200572109374, 2.5399661815281434;faces\\Scott.bmp, faces\\Cindy.bmp, faces\\Anders.bmp;4;1, 0, 1;mixed;6;female;1
1;3.3756506196586997;1;1;50;1.0;237;;1;1.0;30;4.07;24;0.7674596368487983;faces\\Julia.bmp;50;1;faces;1;2.214;2x2-4=0 ?;experiment;1.610886854268756;faces\\Julia.bmp;2;1;mixed;10;female;4
2;5.555359373582178;2;2;85;1.0;237;;2;1.0;31;5.032;24;1.8546290210761072;faces\\Joan.bmp, faces\\Brian.bmp;50;1, 0;faces;1, 1;0.415;8/2+4=8 ?, 3x3-6=1 ?;experiment;4.507726563835604, 1.8377267649884743;faces\\Joan.bmp, faces\\Brian.bmp;4;1, 0;mixed;17;female;2
1;27.705621674034774;1;1;60;1.0;237;;1;1.0;32;3.391;24;1.3161156626156298;faces\\Lisa.bmp;10;0;faces;1;2.667;2+2x2=7 ?;experiment;2.397609225485212;faces\\Lisa.bmp;2;0;mixed;6;female;5
2;16.288089601293905;3;3;50;0.6666666666666666;237;;3;1.0;33;1.555;24;0.5773331685777521;faces\\Tanya.bmp, faces\\Mike.bmp, faces\\Vicky.bmp;50;1, 1, 0;faces;0, 1, 1;2.342;9/3-3=0 ?, 6+4/2=8 ?, 5+8/2=7 ?;experiment;1.3600607895023131, 3.3882908782507, 2.6870880195674545;faces\\Tanya.bmp, faces\\Mike.bmp, faces\\Vicky.bmp;6;0, 1, 0;mixed;18;female;10
3;12.948902008130972;3;3;25;1.0;237;;3;1.0;34;2.355;24;0.7854345763662423;faces\\Lulu.bmp, faces\\Chloe.bmp, faces\\Lily.bmp;15;1, 1, 0;faces;1, 1, 1;4.904;2x3-2=4 ?, 4+2x2=8 ?, 2+4/2=3 ?;experiment;2.3745627470561885, 2.2134344466467155, 3.5687102387673804;faces\\Lulu.bmp, faces\\Chloe.bmp, faces\\Lily.bmp;6;1, 1, 0;mixed;5;female;7
3;36.97640055387092;3;3;45;1.0;237;;3;1.0;35;1.504;24;0.8669035081620677;faces\\Damon.bmp, faces\\Nicole.bmp, faces\\Fiona.bmp;10;0, 0, 0;faces;1, 1, 1;3.233;2x3+1=9 ?, 2x2-3=2 ?, 7+6/3=7 ?;experiment;1.5472335810263758, 3.7369831938049174, 3.553319509825087;faces\\Damon.bmp, faces\\Nicole.bmp, faces\\Fiona.bmp;6;0, 0, 0;mixed;6;female;2
0;2.5363786650523252;2;2;45;0.0;237;;2;1.0;36;1.645;24;0.7193498052329232;faces\\Benny.bmp, faces\\Micha.bmp;10;1, 1;faces;0, 0;3.334;2x4-4=4 ?, 5+6/2=8 ?;experiment;2.6281047986667545, 2.9629076494675246;faces\\Benny.bmp, faces\\Micha.bmp;4;0, 0;mixed;0;female;5
3;10.132387937832391;3;3;25;1.0;237;;3;1.0;37;1.811;24;0.7948530899884645;faces\\Kate.bmp, faces\\Noah.bmp, faces\\Gary.bmp;40;0, 0, 0;faces;1, 1, 1;1.741;4x2-1=6 ?, 2x2-4=2 ?, 8/2+4=9 ?;experiment;2.464536790004786, 2.2850940517164418, 2.5641621102586214;faces\\Kate.bmp, faces\\Noah.bmp, faces\\Gary.bmp;6;0, 0, 0;mixed;6;female;11
2;20.673400119132566;3;3;15;0.6666666666666666;237;;3;1.0;38;2.357;24;0.9101922168265446;faces\\Jacob.bmp, faces\\Jeff.bmp, faces\\Daniel.bmp;45;0, 0, 1;faces;1, 1, 0;2.69;6/2-2=0 ?, 6+4/2=9 ?, 3+6/3=5 ?;experiment;1.4658122693144833, 3.624289444720489, 2.8083689833983954;faces\\Jacob.bmp, faces\\Jeff.bmp, faces\\Daniel.bmp;6;0, 0, 0;mixed;2;female;13
2;12.787591027226881;2;2;40;1.0;237;;2;1.0;39;1.921;24;0.8397814073941845;faces\\Hanna.bmp, faces\\Joshua.bmp;30;1, 0;faces;1, 1;1.435;9/3+4=7 ?, 2x2+4=9 ?;experiment;1.9584798027244688, 2.8545477385159757;faces\\Hanna.bmp, faces\\Joshua.bmp;4;1, 0;mixed;8;female;7
1;3.13519916484438;1;1;35;1.0;237;;1;1.0;40;1.468;24;0.6527366974733013;faces\\Eddie.bmp;35;0;faces;1;1.132;1+4/2=5 ?;experiment;2.456268958234432;faces\\Eddie.bmp;2;0;mixed;7;female;11
3;26.761146281096444;3;3;40;1.0;237;;3;1.0;41;2.129;24;0.6084434513577435;faces\\Lucas.bmp, faces\\Bruce.bmp, faces\\Jonah.bmp;25;0, 1, 1;faces;1, 1, 1;1.758;4/2-2=2 ?, 2x4-3=5 ?, 3x3-9=0 ?;experiment;2.9525572600687156, 2.127857872110326, 1.7973506812741107;faces\\Lucas.bmp, faces\\Bruce.bmp, faces\\Jonah.bmp;6;0, 1, 1;mixed;11;female;15
1;4.535145058573107;1;1;50;1.0;237;;1;1.0;42;2.691;24;0.8805478936919826;faces\\David.bmp;20;1;faces;1;9.634;2x2-3=1 ?;experiment;3.0413149382984557;faces\\David.bmp;2;1;mixed;20;female;6
2;3.989225545545196;2;2;45;1.0;237;;2;1.0;43;2.479;24;0.9119841277351952;faces\\Jake.bmp, faces\\Steve.bmp;35;0, 1;faces;1, 1;2.182;2x4-7=2 ?, 6/2-2=1 ?;experiment;2.4284005358058494, 4.002527148579247;faces\\Jake.bmp, faces\\Steve.bmp;4;0, 1;mixed;0;female;16
2;19.94335919459627;2;2;45;0.4444444444444444;237;;3;0.6666666666666666;44;3.021;24;0.887952816709003;faces\\Wendy.bmp, faces\\Ethan.bmp, faces\\Shane.bmp;55;1, 1, 1;faces;1, 0, 1;2.601;4x2+1=9 ?, 9/3+1=4 ?, 2x3-1=5 ?;experiment;2.6917391880851937, 2.106313068386953, 2.915296186656633;faces\\Wendy.bmp, faces\\James.bmp, faces\\Shane.bmp;4;1, 0, 1;mixed;15;female;6
3;10.091960128855135;3;3;35;1.0;237;;3;1.0;45;2.64;24;0.8218327410249913;faces\\Victor.bmp, faces\\Olivia.bmp, faces\\Sofia.bmp;30;0, 1, 0;faces;1, 1, 1;1.467;6/3+4=5 ?, 9/3+6=9 ?, 4+9/3=9 ?;experiment;2.287943046379951, 2.909916759272164, 2.6436843658739235;faces\\Victor.bmp, faces\\Olivia.bmp, faces\\Sofia.bmp;6;0, 1, 0;mixed;10;female;12
1;2.279105415676895;1;1;35;1.0;237;;1;1.0;46;0.959;24;0.5355178088866523;faces\\Peter.bmp;10;1;faces;1;2.7;3x3-4=5 ?;experiment;2.5419120366714196;faces\\Peter.bmp;2;1;mixed;20;female;2
1;14.268846571783797;2;2;30;0.5;237;;2;1.0;47;2.997;24;0.7765616411197698;faces\\Mary.bmp, faces\\Amanda.bmp;25;1, 1;faces;1, 0;1.802;3x3-3=6 ?, 8/2-3=1 ?;experiment;2.429932588845986, 3.909305908542592;faces\\Mary.bmp, faces\\Amanda.bmp;4;1, 0;mixed;11;female;20
1;6.644683156075189;1;1;30;1.0;237;;1;1.0;48;6.822;24;0.9129274980114133;faces\\Lana.bmp;25;0;faces;1;1.712;4/2+7=8 ?;experiment;3.2815750917397963;faces\\Lana.bmp;2;0;mixed;11;female;17
2;2.165421086745482;2;2;40;1.0;237;;2;1.0;1;1.682;24;0.5145280254473619;faces\\Peter.bmp, faces\\Joshua.bmp;15;0, 0;faces;1, 1;2.14;2+4/2=5 ?, 3x2+3=8 ?;experiment;1.8278521659121907, 3.8428139035859203;faces\\Peter.bmp, faces\\Joshua.bmp;4;0, 0;mixed;19;female;9
;6.006;;;;;237;[];1;;1;;[];;[];;[];faces;[];;[];qStress;[];5;;;mixed;;female;24
;5.402;;;;;237;[];1;;1;;[];;[];;[];faces;[];;[];qSatisfied;[];5;;;mixed;;female;24
;5.585;;;;;237;[];1;;1;;[];;[];;[];faces;[];;[];qFrustration;[];3;;;mixed;;female;24
;4.113;;;;;237;[];1;;1;;[];;[];;[];faces;[];;[];qDifficulty;[];5;;;mixed;;female;24
;7.176;;;;;237;[];1;;1;;[];;[];;[];faces;[];;[];qEffort;[];6;;;mixed;;female;24
;6.395;;;;;237;[];1;;1;;[];;[];;[];faces;[];;[];qAttitude;[];5;;;mixed;;female;24
;8.41915485024947;;;;;237;[];1;;1;;[];;[];;[];faces;[];;[];qBirthweight;[];0;;;mixed;;female;24
;10.39754066898604;;;;;237;[];1;;1;;[];;[];;[];faces;[];;[];qFriends;[];150;;;mixed;;female;24
;23.048975203484588;;;;;237;[];1;;1;;[];;[];;[];faces;[];;[];qAbout;[];decisionmaking;;;mixed;;female;24
;4.949589215200831;;;;;237;[];1;;1;;[];;[];;[];faces;[];;[];qFeedback;[];no;;;mixed;;female;24
