equationScore;recallRT;recallIntersection;recallLocation;pggInvestOther;payoutFactor;id;recallRTs;span;recallProportion;no;pggRT;equationAnss;pggInvest;equationCorrect;pggRTOther;equationText;condition;equationRTs;gender;recallAns;recallSum;pggStart;pggStartOther;faces;equationScores;age
;8.928767862222912;;;;;23;[];1;;1;;[];;[];;[];qCheck1;[];female;100;;;;[];[];22
;11.15329214179178;;;;;23;[];1;;1;;[];;[];;[];qCheck2;[];female;175;;;;[];[];22
;16.716558761577062;;;;;23;[];1;;1;;[];;[];;[];qCheck3;[];female;150;;;;[];[];22
;9.591716862956673;;;;;23;[];1;;1;;[];;[];;[];qCheck4;[];female;75;;;;[];[];22
;;;;15;;23;;1;;1;14.416;;0;;29.62;;practicePGG;;female;;;7;12;;;22
;;;;95;;23;;1;;2;2.795;;0;;7.695;;practicePGG;;female;;;0;13;;;22
2;19.19864594199271;2;2;;1.0;23;;2;1.0;1;;0, 0;;0, 0;;9/3+2=6 ?, 2x4-2=7 ?;practiceCS;3.7564005144631665, 3.369190171995342;female;faces\\Joseph.bmp, faces\\Lulu.bmp;4;;;faces\\Joseph.bmp, faces\\Lulu.bmp;1, 1;22
3;11.633503247415774;3;3;;1.0;23;;3;1.0;2;;1, 0, 0;;1, 0, 0;;3x2+3=9 ?, 3x2-5=2 ?, 8/4-2=1 ?;practiceCS;2.9558157702765584, 2.6115244359768894, 2.6728663343919834;female;faces\\Keith.bmp, faces\\Maria.bmp, faces\\Rachel.bmp;6;;;faces\\Keith.bmp, faces\\Maria.bmp, faces\\Rachel.bmp;1, 1, 1;22
4;37.24670465615486;3;2;;0.625;23;;4;0.625;3;;0, 0, 1, 1;;0, 0, 1, 1;;1+8/4=1 ?, 9/3+4=9 ?, 3x3-9=0 ?, 2x2-3=1 ?;practiceCS;3.9132789559007506, 3.335791114466474, 2.3878692265029713, 2.667991003051384;female;faces\\Linda.bmp, faces\\Tony.bmp, faces\\Nina.bmp, faces\\Vicky.bmp;5;;;faces\\Linda.bmp, faces\\Shane.bmp, faces\\Tony.bmp, faces\\Vicky.bmp;1, 1, 1, 1;22
5;52.99589275092103;5;2;;0.48611111111111116;23;;6;0.5833333333333334;4;;1, 0, 0, 1, 1, 0;;1, 0, 1, 1, 1, 0;;2+3x2=8 ?, 8/2+1=3 ?, 6/3-1=1 ?, 4x2-3=5 ?, 3+4/2=5 ?, 3x3-8=0 ?;practiceCS;2.508047621921378, 2.473968333335506, 3.241905681468779, 2.5131290341253134, 3.001285337018089, 2.4376566389032632;female;faces\\Gary.bmp, faces\\Ella.bmp, faces\\John.bmp, faces\\Kate.bmp, faces\\Erica.bmp, faces\\Kiki.bmp;7;;;faces\\Gary.bmp, faces\\Ella.bmp, faces\\Thomas.bmp, faces\\Erica.bmp, faces\\John.bmp, faces\\Kate.bmp;1, 1, 0, 1, 1, 1;22
2;14.183731352658242;2;2;0;1.0;23;;2;1.0;1;6.997;1, 1;0;1, 1;12.314;8/4+1=3 ?, 2+8/4=4 ?;practiceExp;1.9739632018397515, 1.6600150168087566;female;faces\\Andre.bmp, faces\\Joshua.bmp;4;5;1;faces\\Andre.bmp, faces\\Joshua.bmp;1, 1;22
3;16.239258240258096;3;3;0;1.0;23;;3;1.0;2;6.6;1, 1, 1;0;1, 1, 1;11.477;6/2+6=9 ?, 9/3+4=7 ?, 2x2-4=0 ?;practiceExp;2.6513362209284423, 1.729699084992717, 2.374606568232366;female;faces\\James.bmp, faces\\Emma.bmp, faces\\Sonya.bmp;6;18;16;faces\\James.bmp, faces\\Emma.bmp, faces\\Sonya.bmp;1, 1, 1;22
5;17.706218592681353;5;5;40;1.0;23;;5;1.0;3;5.059;0, 0, 0, 1, 1;0;0, 0, 0, 1, 1;8.407;4/2+7=8 ?, 2+9/3=7 ?, 5+8/2=8 ?, 4/2+5=7 ?, 3x3-7=2 ?;practiceExp;2.104210002147056, 2.3565256408519417, 2.110607950862459, 2.7683314469954894, 1.6949001554637562;female;faces\\Leslie.bmp, faces\\Linda.bmp, faces\\Simon.bmp, faces\\Haley.bmp, faces\\Olga.bmp;10;13;20;faces\\Leslie.bmp, faces\\Linda.bmp, faces\\Simon.bmp, faces\\Haley.bmp, faces\\Olga.bmp;1, 1, 1, 1, 1;22
6;36.64450558450403;6;2;45;0.6666666666666666;23;;6;0.6666666666666666;1;5.018;1, 0, 1, 1, 0, 0;0;1, 0, 1, 1, 0, 0;21.147;2+8/2=6 ?, 2x2-1=2 ?, 9/3+4=7 ?, 6+8/4=8 ?, 3x3-8=3 ?, 4x2-8=1 ?;experiment;2.3832508804621284, 2.035274721800988, 1.5255714741392694, 1.586686765708464, 3.1543245987068076, 1.5357585192064107;female;faces\\Paul.bmp, faces\\Chloe.bmp, faces\\Cindy.bmp, faces\\Joseph.bmp, faces\\Hanna.bmp, faces\\Mike.bmp;8;20;4;faces\\Paul.bmp, faces\\Cindy.bmp, faces\\Chloe.bmp, faces\\Hanna.bmp, faces\\Joseph.bmp, faces\\Mike.bmp;1, 1, 1, 1, 1, 1;22
7;31.7048306257509;7;3;95;0.7142857142857143;23;;7;0.7142857142857143;2;6.382;1, 0, 1, 0, 0, 1, 0;0;1, 0, 1, 0, 0, 1, 0;15.683;2x4+1=9 ?, 4/2+7=8 ?, 2x2+5=9 ?, 3x3-9=1 ?, 3+8/4=6 ?, 4/2+1=3 ?, 4x2-4=3 ?;experiment;2.1893489035223865, 2.4169689117575217, 1.3372016599771541, 1.5819969892490917, 2.272093654310538, 2.280451834345513, 2.5099450437346604;female;faces\\Joshua.bmp, faces\\Zach.bmp, faces\\Polly.bmp, faces\\Eddie.bmp, faces\\Joan.bmp, faces\\Olivia.bmp, faces\\Sonya.bmp;10;13;6;faces\\Joshua.bmp, faces\\Zach.bmp, faces\\Polly.bmp, faces\\Sonya.bmp, faces\\Eddie.bmp, faces\\Joan.bmp, faces\\Olivia.bmp;1, 1, 1, 1, 1, 1, 1;22
1;16.168753132778193;2;2;45;0.5;23;;2;1.0;3;5.619;0, 1;30;1, 1;11.865;9/3-2=1 ?, 1+4/2=3 ?;experiment;1.6106426397727773, 2.337394193692262;female;faces\\Sarah.bmp, faces\\Casper.bmp;4;5;3;faces\\Sarah.bmp, faces\\Casper.bmp;0, 1;22
3;17.93873035304273;3;3;80;1.0;23;;3;1.0;4;3.614;1, 1, 0;0;1, 1, 0;10.696;5+9/3=8 ?, 2x2+4=8 ?, 3x3-9=2 ?;experiment;2.370351121560361, 1.2193640475923075, 1.3202225673323937;female;faces\\Noah.bmp, faces\\Jenny.bmp, faces\\Andrea.bmp;6;6;16;faces\\Noah.bmp, faces\\Jenny.bmp, faces\\Andrea.bmp;1, 1, 1;22
5;59.39995123026574;5;3;65;0.40816326530612246;23;;7;0.5714285714285714;5;5.401;0, 0, 0, 0, 0, 1, 0;0;1, 0, 0, 0, 0, 1, 1;6.256;2x2-1=3 ?, 6+8/4=6 ?, 2+3x2=7 ?, 2x4-8=2 ?, 4x2-2=5 ?, 2x3-5=1 ?, 2x4-8=0 ?;experiment;2.1949069290380976, 2.0861426219148598, 3.7471157915824733, 2.954597758480759, 2.7222239327206808, 2.0385794049680044, 2.1553258561284565;female;faces\\Kurt.bmp, faces\\Ethan.bmp, faces\\Robert.bmp, faces\\Anders.bmp, faces\\Steve.bmp, faces\\Amber.bmp, faces\\Donald.bmp;8;10;13;faces\\Kurt.bmp, faces\\Scott.bmp, faces\\Billy.bmp, faces\\Ethan.bmp, faces\\Robert.bmp, faces\\Amber.bmp, faces\\Donald.bmp;0, 1, 1, 1, 1, 1, 0;22
0;5.605797686886035;1;1;25;0.0;23;;1;1.0;6;6.551;0;0;1;2.223;6/2-3=0 ?;experiment;2.8251009775704006;female;faces\\Lulu.bmp;2;6;5;faces\\Lulu.bmp;0;22
6;23.168889425301586;6;6;50;1.0;23;;6;1.0;7;3.999;0, 1, 0, 0, 1, 0;0;0, 1, 0, 0, 1, 0;2.811;3x3-8=3 ?, 3x2+1=7 ?, 4+4/2=4 ?, 4+2x2=9 ?, 2x2-1=3 ?, 4+8/4=4 ?;experiment;2.073974819545583, 1.8152645162826957, 1.909396261069105, 1.662242496419367, 1.7559834265011887, 2.437853277814611;female;faces\\Susan.bmp, faces\\Keith.bmp, faces\\Mona.bmp, faces\\Kelly.bmp, faces\\Benny.bmp, faces\\Megan.bmp;12;5;10;faces\\Susan.bmp, faces\\Keith.bmp, faces\\Mona.bmp, faces\\Kelly.bmp, faces\\Benny.bmp, faces\\Megan.bmp;1, 1, 1, 1, 1, 1;22
5;42.644053602371514;5;1;100;0.6;23;;5;0.6;8;4.476;0, 1, 1, 0, 0;0;0, 1, 1, 0, 0;12.876;4x2-7=2 ?, 6/2+4=7 ?, 2x2+4=8 ?, 3x2-1=4 ?, 6/3-2=2 ?;experiment;1.871305785001823, 2.551929298664163, 1.2930276932452216, 1.5029711359529756, 2.210775976554487;female;faces\\Olga.bmp, faces\\Lucia.bmp, faces\\Bruce.bmp, faces\\Leah.bmp, faces\\Bobby.bmp;6;7;1;faces\\Olga.bmp, faces\\Bobby.bmp, faces\\Lucia.bmp, faces\\Bruce.bmp, faces\\Leah.bmp;1, 1, 1, 1, 1;22
2;9.5054404116363;2;2;65;1.0;23;;2;1.0;9;3.596;1, 0;0;1, 0;2.23;3x2-6=0 ?, 9/3-1=4 ?;experiment;2.1654303867467206, 2.3559997651823323;female;faces\\Chris.bmp, faces\\Kevin.bmp;4;7;13;faces\\Chris.bmp, faces\\Kevin.bmp;1, 1;22
6;37.78069629879565;6;6;5;1.0;23;;6;1.0;10;3.235;0, 0, 0, 1, 1, 1;0;0, 0, 0, 1, 1, 1;2.293;7+6/3=8 ?, 3x3-5=5 ?, 1+2x2=3 ?, 8/4+1=3 ?, 6/3+5=7 ?, 1+9/3=4 ?;experiment;1.8999070994036629, 1.9357187809046081, 1.8878480847411083, 1.7477180239066001, 2.1652711051228835, 2.099695517577402;female;faces\\Lily.bmp, faces\\Leslie.bmp, faces\\Nathan.bmp, faces\\Jeff.bmp, faces\\Sofia.bmp, faces\\Jonah.bmp;12;4;1;faces\\Lily.bmp, faces\\Leslie.bmp, faces\\Nathan.bmp, faces\\Jeff.bmp, faces\\Sofia.bmp, faces\\Jonah.bmp;1, 1, 1, 1, 1, 1;22
5;33.98560143386294;5;5;20;0.6944444444444445;23;;6;0.8333333333333334;11;3.532;0, 1, 1, 1, 1, 1;0;1, 1, 1, 1, 1, 1;1.863;8/4-1=1 ?, 6/2-3=0 ?, 2x2-4=0 ?, 6/3-2=0 ?, 3+2x2=7 ?, 2x2+5=9 ?;experiment;1.626182040011372, 2.8187210917194534, 1.4935587414615838, 2.347537723676851, 1.9425346386219644, 1.3349955273884007;female;faces\\Steve.bmp, faces\\Donald.bmp, faces\\Tina.bmp, faces\\Mark.bmp, faces\\Alex.bmp, faces\\Justin.bmp;10;4;4;faces\\Steve.bmp, faces\\Haley.bmp, faces\\Tina.bmp, faces\\Mark.bmp, faces\\Alex.bmp, faces\\Justin.bmp;0, 1, 1, 1, 1, 1;22
2;13.470882867660748;3;3;100;0.375;23;;4;0.75;12;7.552;0, 0, 1, 0;0;0, 1, 0, 0;2.189;3x3-6=2 ?, 8/2-1=3 ?, 6/3+1=4 ?, 1+6/2=5 ?;experiment;1.81696037294887, 2.4340387292445484, 2.5784973092490873, 3.125718358069207;female;faces\\John.bmp, faces\\Micha.bmp, faces\\Bobby.bmp, faces\\Rachel.bmp;6;19;20;faces\\John.bmp, faces\\Micha.bmp, faces\\Wendy.bmp, faces\\Rachel.bmp;1, 0, 0, 1;22
1;19.617995046669876;2;1;30;0.16666666666666666;23;;3;0.5;13;4.388;1, 0, 1;0;1, 1, 0;2.304;2x2+1=5 ?, 6/3-1=1 ?, 4+6/3=7 ?;experiment;1.5165597468244414, 1.7051426206835458, 2.3158316491767437;female;faces\\Andre.bmp, faces\\Jenny.bmp, faces\\Will.bmp;3;16;6;faces\\Britt.bmp, faces\\Andre.bmp, faces\\Will.bmp;1, 0, 0;22
6;30.26277075310236;7;7;85;0.8571428571428571;23;;7;1.0;14;3.624;1, 1, 0, 1, 1, 1, 1;0;1, 0, 0, 1, 1, 1, 1;6.739;2x2-2=2 ?, 8/4-2=1 ?, 2+4/2=5 ?, 2x2-4=0 ?, 5+9/3=8 ?, 4/2+3=5 ?, 2+2x2=6 ?;experiment;2.154508922028981, 1.7221364920355882, 2.5732738572469316, 1.9744049209812147, 2.303460229061784, 1.7680580409096365, 2.0778423251504137;female;faces\\Jake.bmp, faces\\Brian.bmp, faces\\David.bmp, faces\\Jane.bmp, faces\\Karen.bmp, faces\\Thomas.bmp, faces\\Nana.bmp;14;8;3;faces\\Jake.bmp, faces\\Brian.bmp, faces\\David.bmp, faces\\Jane.bmp, faces\\Karen.bmp, faces\\Thomas.bmp, faces\\Nana.bmp;1, 0, 1, 1, 1, 1, 1;22
1;2.2864544526396458;1;1;50;1.0;23;;1;1.0;15;2.949;1;0;1;1.718;9/3+6=9 ?;experiment;1.6507853035609514;female;faces\\James.bmp;2;15;10;faces\\James.bmp;1;22
3;36.72953651921216;4;3;55;0.42;23;;5;0.7;16;4.987;0, 1, 0, 0, 0;0;0, 1, 1, 0, 1;2.476;4x2-5=5 ?, 2x3-3=3 ?, 2x4-1=7 ?, 4/2+6=9 ?, 4x2+1=9 ?;experiment;2.1000584169460126, 2.1464664316031303, 2.007150431230457, 1.6295298277418624, 1.349481534210554;female;faces\\Julia.bmp, faces\\Nina.bmp, faces\\Kate.bmp, faces\\Eric.bmp, faces\\Diana.bmp;7;13;11;faces\\Julia.bmp, faces\\Nina.bmp, faces\\Kate.bmp, faces\\Ricky.bmp, faces\\Eric.bmp;1, 1, 0, 1, 0;22
6;38.88449331817674;5;2;10;0.42857142857142855;23;;7;0.5;17;4.561;1, 0, 0, 0, 0, 1, 1;0;1, 0, 0, 1, 0, 1, 1;1.139;9/3-1=2 ?, 9/3-2=2 ?, 2+6/2=3 ?, 3x3-1=8 ?, 2x2+4=7 ?, 2x2-1=3 ?, 2x2-1=3 ?;experiment;2.277339684893377, 2.446904415015524, 2.931370556791535, 2.9018714359194746, 1.4734872043077303, 1.4542769373756528, 2.0097178211094615;female;faces\\Julian.bmp, faces\\Vicky.bmp, faces\\Nicole.bmp, faces\\Eric.bmp, faces\\Adam.bmp, faces\\Bobby.bmp, faces\\Carl.bmp;7;15;2;faces\\Julian.bmp, faces\\Greg.bmp, faces\\Vicky.bmp, faces\\Kiki.bmp, faces\\Nicole.bmp, faces\\Adam.bmp, faces\\Carl.bmp;1, 1, 1, 0, 1, 1, 1;22
1;3.2080837887019698;1;1;95;1.0;23;;1;1.0;18;3.545;0;0;0;1.514;2x4-1=9 ?;experiment;2.190123554098591;female;faces\\Kristen.bmp;2;4;19;faces\\Kristen.bmp;1;22
4;13.907018531267568;5;2;5;0.5599999999999999;23;;5;0.7;19;4.03;1, 0, 0, 0, 0;0;1, 0, 1, 0, 0;1.218;2x2+2=6 ?, 8/2+2=5 ?, 3x3-4=5 ?, 8/2-2=0 ?, 2x3-2=3 ?;experiment;1.8487715404789924, 2.316419513312212, 1.9397689677521157, 2.674375404618786, 2.5236297162036863;female;faces\\Molly.bmp, faces\\Victor.bmp, faces\\Jacob.bmp, faces\\Tony.bmp, faces\\George.bmp;7;11;1;faces\\Molly.bmp, faces\\Victor.bmp, faces\\George.bmp, faces\\Jacob.bmp, faces\\Tony.bmp;1, 1, 0, 1, 1;22
2;16.50868556945443;3;3;95;0.6666666666666666;23;;3;1.0;20;3.469;0, 0, 1;0;1, 0, 1;0.938;2x4-4=4 ?, 5+2x2=7 ?, 3x2-6=0 ?;experiment;1.8705988701681235, 3.4222555837854998, 2.099380649006889;female;faces\\Donna.bmp, faces\\Damon.bmp, faces\\Lena.bmp;6;14;19;faces\\Donna.bmp, faces\\Damon.bmp, faces\\Lena.bmp;0, 1, 1;22
5;47.20196663542583;4;4;60;0.8;23;;5;0.8;21;2.911;0, 0, 0, 1, 1;0;0, 0, 0, 1, 1;0.938;2x2+1=3 ?, 6+8/4=7 ?, 4/2+6=9 ?, 2x4-2=6 ?, 4/2+6=8 ?;experiment;1.916983895725025, 2.0717251718742773, 1.8936766427045768, 3.115586733154032, 2.540257814549477;female;faces\\Oliver.bmp, faces\\Jason.bmp, faces\\Mary.bmp, faces\\Kenny.bmp, faces\\Amanda.bmp;8;3;12;faces\\Oliver.bmp, faces\\Jason.bmp, faces\\Mary.bmp, faces\\Anders.bmp, faces\\Amanda.bmp;1, 1, 1, 1, 1;22
1;1.937930250248428;1;1;70;1.0;23;;1;1.0;22;1.381;1;0;1;1.081;8/4-2=0 ?;experiment;2.1329077886657615;female;faces\\Maria.bmp;2;0;14;faces\\Maria.bmp;1;22
2;9.075346365690166;2;2;95;1.0;23;;2;1.0;23;4.207;0, 1;0;0, 1;1.074;3x3-7=3 ?, 2+6/2=5 ?;experiment;2.649872307863461, 3.0147581813484976;female;faces\\Erica.bmp, faces\\Anna.bmp;4;15;19;faces\\Erica.bmp, faces\\Anna.bmp;1, 1;22
2;17.50130729981902;4;2;15;0.375;23;;4;0.75;24;4.191;0, 0, 0, 1;0;0, 1, 1, 1;1.248;3x3-5=6 ?, 3x3-2=7 ?, 9/3-2=1 ?, 3x3-3=6 ?;experiment;2.687264490009511, 2.214925509157183, 2.496118331467642, 1.6594801097076015;female;faces\\Niclas.bmp, faces\\Angie.bmp, faces\\Simon.bmp, faces\\Shane.bmp;6;8;3;faces\\Niclas.bmp, faces\\Angie.bmp, faces\\Shane.bmp, faces\\Simon.bmp;1, 0, 0, 1;22
3;21.109988887233158;3;3;70;1.0;23;;3;1.0;25;1.01;1, 1, 1;0;1, 1, 1;1.062;8/2-4=0 ?, 2x3-6=0 ?, 3x3-9=0 ?;experiment;2.4606367077640243, 1.7076669059997585, 1.26894455808997;female;faces\\Daniel.bmp, faces\\Lisa.bmp, faces\\Liam.bmp;6;0;14;faces\\Daniel.bmp, faces\\Lisa.bmp, faces\\Liam.bmp;1, 1, 1;22
2;4.615085283404369;2;2;80;1.0;23;;2;1.0;26;3.204;1, 1;0;1, 1;1.025;6+4/2=8 ?, 2+8/2=6 ?;experiment;2.388265377963762, 2.0638197950111135;female;faces\\Fiona.bmp, faces\\Matt.bmp;4;2;16;faces\\Fiona.bmp, faces\\Matt.bmp;1, 1;22
3;22.276069537102103;3;3;95;0.5625;23;;4;0.75;27;2.874;0, 1, 0, 1;0;1, 1, 0, 1;0.781;3x3-6=3 ?, 4x2-3=5 ?, 4/2+6=6 ?, 4+8/2=8 ?;experiment;2.203527841647883, 2.330824647764075, 2.24388643877046, 2.210298542203873;female;faces\\Peter.bmp, faces\\Tanya.bmp, faces\\Erica.bmp, faces\\Lucas.bmp;6;2;19;faces\\Peter.bmp, faces\\Tanya.bmp, faces\\Kenny.bmp, faces\\Lucas.bmp;0, 1, 1, 1;22
4;17.337789934632838;3;3;0;0.75;23;;4;0.75;28;3.104;0, 1, 0, 1;0;0, 1, 0, 1;0.777;2x2-3=3 ?, 9/3-2=1 ?, 3x3-3=4 ?, 1+8/4=3 ?;experiment;2.058827876090163, 2.3947868930927143, 1.4576596192760007, 2.263935807863618;female;faces\\Emma.bmp, faces\\Gary.bmp, faces\\Linda.bmp, faces\\Steve.bmp;6;8;0;faces\\Emma.bmp, faces\\Gary.bmp, faces\\Linda.bmp, faces\\Ella.bmp;1, 1, 1, 1;22
;5.663;;;;;23;[];1;;1;;[];;[];;[];qStress;[];female;5;;;;[];[];22
;4.435;;;;;23;[];1;;1;;[];;[];;[];qSatisfied;[];female;2;;;;[];[];22
;3.814;;;;;23;[];1;;1;;[];;[];;[];qFrustration;[];female;5;;;;[];[];22
;2.618;;;;;23;[];1;;1;;[];;[];;[];qDifficulty;[];female;6;;;;[];[];22
;6.14;;;;;23;[];1;;1;;[];;[];;[];qEffort;[];female;5;;;;[];[];22
;4.503;;;;;23;[];1;;1;;[];;[];;[];qAttitude;[];female;4;;;;[];[];22
;9.170510156871842;;;;;23;[];1;;1;;[];;[];;[];qBirthweight;[];female;0;;;;[];[];22
;5.336601480251375;;;;;23;[];1;;1;;[];;[];;[];qFriends;[];female;150;;;;[];[];22
;90.59438318807088;;;;;23;[];1;;1;;[];;[];;[];qAbout;[];female;does the amount contributed to a common good relate to our own performance on the task.;;;;[];[];22
;7.386711150575593;;;;;23;[];1;;1;;[];;[];;[];qFeedback;[];female;no;;;;[];[];22
