equationScore;recallRT;recallIntersection;recallLocation;pggInvestOther;payoutFactor;id;recallRTs;span;recallProportion;no;pggRT;equationAnss;pauseRT;encode;pggInvest;equationCorrect;stimType;equationScores;pggRTOther;equationText;condition;equationRTs;recallAns;recallSum;pggStart;order;pggStartOther;gender;age
;76.73713662420755;;;;;243;[];1;;1;;[];;[];;[];faces;[];;[];qCheck1;[];100;;;mixed;;male;26
;58.22395960766994;;;;;243;[];1;;1;;[];;[];;[];faces;[];;[];qCheck2;[];175;;;mixed;;male;26
;61.22126861934021;;;;;243;[];1;;1;;[];;[];;[];faces;[];;[];qCheck3;[];50;;;mixed;;male;26
;47.128941240802305;;;;;243;[];1;;1;;[];;[];;[];faces;[];;[];qCheck4;[];75;;;mixed;;male;26
;;;;35;;243;;1;;1;16.805;26;1.4266860653194726;;65;;faces;;19.71;;practicePGG;;;;;mixed;10;male;8
;;;;35;;243;;1;;2;7.697;26;0.8446825577977961;;45;;faces;;10.26;;practicePGG;;;;;mixed;2;male;11
1;14.837645756736265;3;3;;0.3333333333333333;243;;3;1.0;1;;26;1.0956477009804075;faces\\Mary.bmp, faces\\Will.bmp, faces\\Benny.bmp;;1, 1, 0;faces;0, 0, 1;;5+8/4=7 ?, 2+2x2=6 ?, 2x4-6=1 ?;practiceCS;3.4938909843885995, 3.0671815191706173, 2.3083129576323245;faces\\Mary.bmp, faces\\Will.bmp, faces\\Benny.bmp;6;0, 0, 0;mixed;;male;
3;14.634188154889216;4;2;;0.5625;243;;4;0.75;2;;26;1.5993448849462766;faces\\Justin.bmp, faces\\Tina.bmp, faces\\Emily.bmp, faces\\Jason.bmp;;1, 0, 1, 1;faces;1, 1, 0, 1;;6/2+6=9 ?, 2x3+2=6 ?, 5+6/2=8 ?, 9/3-2=1 ?;practiceCS;3.4029634945163707, 2.32997428474323, 3.3746664488151055, 4.050304034470855;faces\\Justin.bmp, faces\\Tina.bmp, faces\\Jason.bmp, faces\\Emily.bmp;6;1, 0, 0, 1;mixed;;male;
4;23.17809785919667;5;5;;0.8;243;;5;1.0;3;;26;2.319954201882638;faces\\George.bmp, faces\\Kelly.bmp, faces\\Kristen.bmp, faces\\Scott.bmp, faces\\Ella.bmp;;1, 0, 0, 0, 1;faces;1, 1, 1, 1, 0;;4x2-7=1 ?, 2+3x2=6 ?, 4/2+1=1 ?, 2x2-4=2 ?, 6+4/2=8 ?;practiceCS;2.154732855264001, 3.553806219282478, 3.7181297487425127, 2.3593460836780196, 2.196427369178309;faces\\George.bmp, faces\\Kelly.bmp, faces\\Kristen.bmp, faces\\Scott.bmp, faces\\Ella.bmp;10;1, 0, 0, 0, 0;mixed;;male;
4;30.6520340669681;3;3;45;0.75;243;;4;0.75;1;8.727;26;1.4049721910678272;faces\\Nana.bmp, faces\\Lisa.bmp, faces\\Mark.bmp, faces\\Olivia.bmp;80;1, 1, 0, 0;faces;1, 1, 1, 1;12.65;3x2+2=8 ?, 8/2+1=5 ?, 2x3-5=2 ?, 5+9/3=9 ?;practiceExp;2.6261878527432145, 1.9391861268979937, 3.077356369780773, 4.396394280900722;faces\\Regina.bmp, faces\\Lisa.bmp, faces\\Mark.bmp, faces\\Olivia.bmp;6;1, 1, 0, 0;mixed;12;male;9
3;17.172248295091777;3;3;30;1.0;243;;3;1.0;2;13.818;26;0.6660391114935464;faces\\Nina.bmp, faces\\Leslie.bmp, faces\\Liam.bmp;75;0, 0, 0;faces;1, 1, 1;17.456;9/3-1=4 ?, 2x4-8=1 ?, 2x3-1=4 ?;practiceExp;2.793855925593334, 3.343531447000487, 1.8657790031479635;faces\\Nina.bmp, faces\\Leslie.bmp, faces\\Liam.bmp;6;0, 0, 0;mixed;15;male;2
5;19.499110803856183;5;3;10;0.8;243;;5;0.8;3;5.197;26;0.9479348152717648;faces\\Polly.bmp, faces\\Haley.bmp, faces\\Niclas.bmp, faces\\Britt.bmp, faces\\Tony.bmp;75;1, 0, 0, 0, 0;faces;1, 1, 1, 1, 1;21.771;2x3-2=4 ?, 3x3-7=0 ?, 2x3-2=2 ?, 1+2x2=4 ?, 3x2-1=4 ?;practiceExp;2.8101599075166632, 2.9792705635845778, 3.0626801176399567, 3.577356369781228, 2.708517316745656;faces\\Polly.bmp, faces\\Haley.bmp, faces\\Niclas.bmp, faces\\Tony.bmp, faces\\Britt.bmp;8;1, 0, 0, 0, 0;mixed;16;male;5
3;15.129816068587388;3;1;20;0.6666666666666666;243;;3;0.6666666666666666;1;4.467;26;1.0431847179775104;faces\\John.bmp, faces\\Julia.bmp, faces\\Chloe.bmp;70;0, 0, 1;faces;1, 1, 1;14.116;3x3-1=7 ?, 2x2-3=0 ?, 3x2-1=5 ?;experiment;2.7238097662143446, 3.05211280557387, 2.2307139678509884;faces\\John.bmp, faces\\Chloe.bmp, faces\\Julia.bmp;4;0, 0, 1;mixed;12;male;19
3;11.526743620859179;3;3;50;1.0;243;;3;1.0;2;8.006;26;0.9230767336043755;faces\\Diana.bmp, faces\\Alex.bmp, faces\\Kate.bmp;20;1, 0, 0;faces;1, 1, 1;12.384;2x4-7=1 ?, 6/2+4=5 ?, 4/2+5=5 ?;experiment;2.3846187951266984, 2.7135971473471727, 2.85603889802087;faces\\Diana.bmp, faces\\Alex.bmp, faces\\Kate.bmp;6;1, 0, 0;mixed;12;male;19
4;24.946810799094237;4;4;20;0.6400000000000001;243;;5;0.8;3;6.808;26;0.7667186117046185;faces\\Jonah.bmp, faces\\Haley.bmp, faces\\Victor.bmp, faces\\Leslie.bmp, faces\\Olivia.bmp;15;0, 1, 0, 0, 0;faces;1, 0, 1, 1, 1;16.434;3x3-7=3 ?, 1+6/3=3 ?, 8/4+5=5 ?, 9/3+5=9 ?, 2+2x3=6 ?;experiment;3.1479173269271996, 4.280925223777103, 3.3993816679449083, 4.194864912796675, 4.429002655272598;faces\\Jonah.bmp, faces\\Haley.bmp, faces\\Daniel.bmp, faces\\Leslie.bmp, faces\\Olivia.bmp;8;0, 0, 0, 0, 0;mixed;1;male;5
5;19.05307179088868;5;3;60;0.8;243;;5;0.8;4;2.873;26;0.7366501526330467;faces\\Linda.bmp, faces\\Jeff.bmp, faces\\Keith.bmp, faces\\Ella.bmp, faces\\Mike.bmp;60;0, 1, 1, 0, 0;faces;1, 1, 1, 1, 1;6.037;3x3-6=2 ?, 5+8/2=9 ?, 4x2-3=5 ?, 4x2-5=2 ?, 3x3-1=9 ?;experiment;3.2214825026230756, 3.106846399781716, 3.6462744077362004, 3.747066391669705, 3.1161160437914077;faces\\Linda.bmp, faces\\Keith.bmp, faces\\Jeff.bmp, faces\\Ella.bmp, faces\\Mike.bmp;8;0, 1, 1, 0, 0;mixed;0;male;7
4;29.956904365846185;3;3;5;0.75;243;;4;0.75;5;1.816;26;0.9419522412176775;faces\\Scott.bmp, faces\\Robert.bmp, faces\\Emma.bmp, faces\\Jane.bmp;80;1, 0, 1, 0;faces;1, 1, 1, 1;13.113;3x2+1=7 ?, 2x2+1=7 ?, 2x3-3=3 ?, 6/3+5=5 ?;experiment;3.3923645720610693, 4.386336429783114, 4.051806143746035, 4.566243881131868;faces\\Scott.bmp, faces\\Robert.bmp, faces\\Jeff.bmp, faces\\Jane.bmp;6;1, 0, 1, 0;mixed;12;male;18
3;14.197409343867093;4;4;50;0.75;243;;4;1.0;6;3.836;26;0.710074436308787;faces\\Lulu.bmp, faces\\Wendy.bmp, faces\\Kelly.bmp, faces\\Nina.bmp;65;1, 1, 0, 1;faces;1, 1, 1, 0;3.655;2x4-7=1 ?, 3x2+1=7 ?, 3x3-8=2 ?, 8/4+5=7 ?;experiment;2.911418657847662, 1.7206606325034954, 3.919315507810552, 4.552084479380937;faces\\Lulu.bmp, faces\\Wendy.bmp, faces\\Kelly.bmp, faces\\Nina.bmp;8;1, 1, 0, 0;mixed;7;male;6
4;20.235256421835402;4;2;25;0.48;243;;5;0.6;7;1.933;26;0.7818899564349522;faces\\Sofia.bmp, faces\\Emily.bmp, faces\\Donna.bmp, faces\\Leah.bmp, faces\\Amanda.bmp;10;0, 1, 1, 1, 1;faces;1, 1, 1, 0, 1;8.651;3x3-2=9 ?, 2x2-1=3 ?, 2x2+2=6 ?, 4+6/3=6 ?, 2x4-6=2 ?;experiment;3.0904841233741536, 3.431784780048929, 3.0242804736467406, 4.5625101604819065, 2.360798108959898;faces\\Sofia.bmp, faces\\Emily.bmp, faces\\Amanda.bmp, faces\\Chris.bmp, faces\\Leah.bmp;6;0, 1, 1, 0, 1;mixed;14;male;0
3;21.020205607108437;3;3;15;0.5625;243;;4;0.75;8;3.615;26;0.7333930509694255;faces\\Micha.bmp, faces\\Shane.bmp, faces\\Sonya.bmp, faces\\Noah.bmp;70;1, 1, 0, 1;faces;1, 1, 1, 0;4.528;9/3+3=6 ?, 4x2-8=0 ?, 3x3-5=3 ?, 3+2x2=7 ?;experiment;3.303773377319885, 3.075098484835962, 4.173965929747737, 4.909509718757818;faces\\Micha.bmp, faces\\Shane.bmp, faces\\Donna.bmp, faces\\Noah.bmp;6;1, 1, 0, 0;mixed;18;male;19
3;8.926940590531103;3;3;65;1.0;243;;3;1.0;9;1.433;26;0.6907916883560574;faces\\Anna.bmp, faces\\Jacob.bmp, faces\\George.bmp;75;1, 1, 1;faces;1, 1, 1;2.839;6/3+3=5 ?, 8/4-2=0 ?, 6/3+4=6 ?;experiment;3.0850007471544814, 1.9551584049972917, 4.2410078705765955;faces\\Anna.bmp, faces\\Jacob.bmp, faces\\George.bmp;6;1, 1, 1;mixed;12;male;15
5;27.874488281167032;5;3;60;0.8;243;;5;0.8;10;3.075;26;0.7215481865487163;faces\\Maria.bmp, faces\\Jake.bmp, faces\\Andre.bmp, faces\\Erica.bmp, faces\\Damon.bmp;60;1, 1, 1, 0, 0;faces;1, 1, 1, 1, 1;3.081;3x3-3=6 ?, 9/3-3=0 ?, 3x3-6=3 ?, 2x2+1=4 ?, 2x4-5=5 ?;experiment;1.9355394374501884, 4.086558687766683, 3.1699633155276388, 3.0053487241721086, 2.7712196027109712;faces\\Maria.bmp, faces\\Jake.bmp, faces\\Erica.bmp, faces\\Andre.bmp, faces\\Damon.bmp;8;1, 1, 1, 0, 0;mixed;11;male;2
4;22.335010599743782;5;2;35;0.5599999999999999;243;;5;0.7;11;1.932;26;0.8810718631407326;faces\\Lena.bmp, faces\\Kristen.bmp, faces\\Kenny.bmp, faces\\Susan.bmp, faces\\Chris.bmp;70;1, 0, 1, 0, 1;faces;0, 1, 1, 1, 1;2.46;2+3x2=8 ?, 2x2-3=2 ?, 6+6/2=9 ?, 4x2+1=8 ?, 2x3-5=1 ?;experiment;4.170066357185988, 4.194823449818614, 3.8135512507037674, 4.194741755435643, 3.6442152166669075;faces\\Lena.bmp, faces\\Kristen.bmp, faces\\Chris.bmp, faces\\Kenny.bmp, faces\\Susan.bmp;7;0, 0, 1, 0, 1;mixed;7;male;19
3;14.072379170313525;4;4;55;0.75;243;;4;1.0;12;2.338;26;0.6963428011240467;faces\\Tina.bmp, faces\\Eddie.bmp, faces\\Brian.bmp, faces\\Ricky.bmp;75;0, 0, 0, 1;faces;1, 1, 1, 0;3.629;8/2-1=4 ?, 2x3+2=7 ?, 3+2x2=6 ?, 2x4-5=3 ?;experiment;3.125117615279578, 3.7104993292027757, 4.729170395597976, 4.11466114483801;faces\\Tina.bmp, faces\\Eddie.bmp, faces\\Brian.bmp, faces\\Ricky.bmp;8;0, 0, 0, 0;mixed;6;male;9
4;48.37651011450362;4;1;5;0.4;243;;5;0.5;13;1.467;26;0.5805137139827821;faces\\Adam.bmp, faces\\Mona.bmp, faces\\Fiona.bmp, faces\\Kevin.bmp, faces\\Nathan.bmp;55;1, 1, 0, 0, 1;faces;1, 0, 1, 1, 1;3.999;3x3-7=2 ?, 3+6/2=6 ?, 1+6/2=6 ?, 3x3-6=5 ?, 4/2+4=6 ?;experiment;3.8276827367863007, 4.14960991958651, 3.5749445381352416, 3.3238480271011213, 3.4061618911714504;faces\\Adam.bmp, faces\\Fiona.bmp, faces\\Kevin.bmp, faces\\Nathan.bmp, faces\\Anders.bmp;5;1, 0, 0, 0, 1;mixed;6;male;11
4;24.474619320598322;4;3;30;0.5599999999999999;243;;5;0.7;14;1.445;26;0.9159730170435978;faces\\Lucia.bmp, faces\\Justin.bmp, faces\\Regina.bmp, faces\\Bruce.bmp, faces\\Timmy.bmp;25;0, 0, 0, 1, 0;faces;0, 1, 1, 1, 1;2.981;3x2+1=5 ?, 8/4+4=7 ?, 6+9/3=7 ?, 4x2-7=1 ?, 7+8/4=7 ?;experiment;4.287739931064607, 3.7747525768627384, 3.9099604746975274, 1.8589376117652137, 3.2958313696576624;faces\\Lucia.bmp, faces\\Justin.bmp, faces\\Timmy.bmp, faces\\Bruce.bmp, faces\\Damon.bmp;7;1, 0, 0, 1, 0;mixed;8;male;4
5;28.141641227829496;4;3;60;0.7;243;;5;0.7;15;1.082;26;0.6598894539529283;faces\\Billy.bmp, faces\\Steve.bmp, faces\\Sarah.bmp, faces\\Nana.bmp, faces\\Thomas.bmp;70;0, 0, 1, 0, 0;faces;1, 1, 1, 1, 1;1.923;3x2-2=3 ?, 4+2x2=7 ?, 3+2x2=7 ?, 4+8/2=7 ?, 2x4-1=9 ?;experiment;3.845029040505324, 3.947366238790437, 4.880051299146089, 4.256420603734114, 3.9527244050268564;faces\\Billy.bmp, faces\\Steve.bmp, faces\\Nana.bmp, faces\\Fiona.bmp, faces\\Thomas.bmp;7;0, 0, 1, 0, 0;mixed;15;male;14
4;28.021167876619074;3;3;65;0.75;243;;4;0.75;16;5.567;26;0.780759782388941;faces\\Tony.bmp, faces\\Kiki.bmp, faces\\Simon.bmp, faces\\Benny.bmp;90;1, 0, 0, 1;faces;1, 1, 1, 1;3.932;4/2-2=0 ?, 4/2+6=9 ?, 6/3-1=2 ?, 4/2-2=0 ?;experiment;3.380052530719695, 3.7161756519540177, 4.1370220057569895, 4.8418877067606445;faces\\Tony.bmp, faces\\Kiki.bmp, faces\\Simon.bmp, faces\\Niclas.bmp;6;1, 0, 0, 1;mixed;14;male;0
3;19.2651167449676;4;4;65;0.75;243;;4;1.0;17;1.078;26;0.7177081400445786;faces\\Joshua.bmp, faces\\Mark.bmp, faces\\Matt.bmp, faces\\Eric.bmp;50;0, 1, 1, 1;faces;1, 1, 0, 1;2.736;6/3-2=2 ?, 2x3-6=0 ?, 8/2+2=6 ?, 2x2-1=3 ?;experiment;4.074263477930799, 3.3293375611883675, 3.8960539560607685, 2.723199726754956;faces\\Joshua.bmp, faces\\Mark.bmp, faces\\Matt.bmp, faces\\Eric.bmp;8;0, 1, 0, 1;mixed;7;male;10
1;17.828741890087713;3;3;0;0.3333333333333333;243;;3;1.0;18;2.297;26;0.8341497297928981;faces\\Zach.bmp, faces\\Ethan.bmp, faces\\Polly.bmp;30;1, 1, 0;faces;0, 1, 0;1.758;6/2-2=1 ?, 3x2-3=3 ?, 5+2x2=7 ?;experiment;4.982500981153407, 3.4021141192524738, timeout;faces\\Zach.bmp, faces\\Ethan.bmp, faces\\Polly.bmp;6;0, 1, timeout;mixed;0;male;2
3;20.71692855395213;2;2;35;0.6666666666666666;243;;3;0.6666666666666666;19;1.656;26;0.8771973325760882;faces\\Kurt.bmp, faces\\Amber.bmp, faces\\Joseph.bmp;80;1, 0, 1;faces;1, 1, 1;10.317;9/3+6=9 ?, 2x2-4=1 ?, 4x2-4=4 ?;experiment;3.912079602349422, 3.7634319522740043, 4.734191931715031;faces\\Rachel.bmp, faces\\Amber.bmp, faces\\Joseph.bmp;4;1, 0, 1;mixed;19;male;19
3;26.062431339771592;4;4;0;0.48;243;;5;0.8;20;3.958;26;3.2241673330850062;faces\\Cindy.bmp, faces\\Jenny.bmp, faces\\James.bmp, faces\\Mary.bmp, faces\\Casper.bmp;20;1, 0, 0, 1, 1;faces;0, 1, 1, 0, 1;9.269;1+4/2=3 ?, 4/2+1=4 ?, 3x2-5=3 ?, 5+9/3=8 ?, 2x2-3=1 ?;experiment;4.3449994827387854, 4.132450404531028, 4.397267877111972, timeout, 2.7725755652513726;faces\\Cindy.bmp, faces\\Jenny.bmp, faces\\James.bmp, faces\\Mary.bmp, faces\\Billy.bmp;8;0, 0, 0, timeout, 1;mixed;20;male;11
2;10.476572596337519;3;1;20;0.4444444444444444;243;;3;0.6666666666666666;21;2.622;26;0.7021972915235892;faces\\Will.bmp, faces\\Hanna.bmp, faces\\Oliver.bmp;30;1, 0, 0;faces;1, 1, 0;6.685;6/3-2=0 ?, 9/3+4=8 ?, 4x2-2=5 ?;experiment;2.7415349840798626, 3.768400120201477, 4.846312750727975;faces\\Will.bmp, faces\\Oliver.bmp, faces\\Hanna.bmp;4;1, 0, 1;mixed;14;male;11
3;23.27185386311794;3;0;5;0.28125;243;;4;0.375;22;3.354;26;0.6926599855169115;faces\\Gary.bmp, faces\\Erin.bmp, faces\\Greg.bmp, faces\\Paul.bmp;15;1, 0, 0, 1;faces;1, 1, 0, 1;2.21;6+9/3=9 ?, 8/2-1=2 ?, 2x4-8=1 ?, 4x2-4=4 ?;experiment;4.488066462280585, 4.126988786111724, 4.103176720960164, 4.333616047896612;faces\\Erin.bmp, faces\\Greg.bmp, faces\\Paul.bmp, faces\\Victor.bmp;3;1, 0, 1, 1;mixed;8;male;9
3;14.986266722717119;3;3;70;1.0;243;;3;1.0;23;1.128;26;0.6950463646408025;faces\\Olga.bmp, faces\\Megan.bmp, faces\\Molly.bmp;10;1, 0, 1;faces;1, 1, 1;5.124;4/2-1=1 ?, 2x3-6=2 ?, 3x2-3=3 ?;experiment;2.80677061695269, 4.887033500443977, 4.146347481103476;faces\\Olga.bmp, faces\\Megan.bmp, faces\\Molly.bmp;6;1, 0, 1;mixed;5;male;1
2;13.16625710002154;3;3;40;0.6666666666666666;243;;3;1.0;24;0.877;26;0.6569542035249469;faces\\Lucas.bmp, faces\\Karen.bmp, faces\\Lisa.bmp;25;0, 0, 0;faces;1, 1, 0;2.594;5+6/2=6 ?, 2+6/2=4 ?, 3x3-6=5 ?;experiment;4.6845644416785035, 4.037035881486645, 3.5227561960468847;faces\\Lucas.bmp, faces\\Karen.bmp, faces\\Lisa.bmp;6;0, 0, 1;mixed;16;male;5
3;13.67973051527406;4;4;35;0.75;243;;4;1.0;25;2.963;26;1.2178033817367577;faces\\Angie.bmp, faces\\Bobby.bmp, faces\\Rachel.bmp, faces\\Daniel.bmp;45;0, 0, 1, 1;faces;0, 1, 1, 1;13.453;4/2+2=2 ?, 2x4-5=4 ?, 8/4+2=4 ?, 2x2-3=1 ?;experiment;3.707296416777808, 3.6163635900861664, 3.97207776319965, 3.524350262817734;faces\\Angie.bmp, faces\\Bobby.bmp, faces\\Rachel.bmp, faces\\Daniel.bmp;8;1, 0, 1, 1;mixed;11;male;0
4;5.545424950367305;4;4;75;1.0;243;;4;1.0;26;1.314;26;0.7364342167275026;faces\\Carl.bmp, faces\\Julian.bmp, faces\\David.bmp, faces\\Vicky.bmp;25;1, 0, 1, 1;faces;1, 1, 1, 1;4.949;3x3-4=5 ?, 9/3-3=2 ?, 3x2+3=9 ?, 5+2x2=9 ?;experiment;4.297048574905148, 2.4772799301122177, 3.0812891948298784, 4.240562040930854;faces\\Carl.bmp, faces\\Julian.bmp, faces\\David.bmp, faces\\Vicky.bmp;8;1, 0, 1, 1;mixed;15;male;5
1;15.393589577274724;3;3;5;0.3333333333333333;243;;3;1.0;27;1.646;26;0.7167922598059704;faces\\Tanya.bmp, faces\\Jason.bmp, faces\\Milla.bmp;20;1, 0, 1;faces;0, 1, 0;1.62;6+9/3=9 ?, 9/3-2=3 ?, 2x2-3=1 ?;experiment;3.9970466864920127, 3.697414680685597, 4.631983638134443;faces\\Tanya.bmp, faces\\Jason.bmp, faces\\Milla.bmp;6;0, 0, 0;mixed;1;male;2
;6.867;;;;;243;[];1;;1;;[];;[];;[];faces;[];;[];qStress;[];5;;;mixed;;male;26
;4.921;;;;;243;[];1;;1;;[];;[];;[];faces;[];;[];qSatisfied;[];2;;;mixed;;male;26
;4.611;;;;;243;[];1;;1;;[];;[];;[];faces;[];;[];qFrustration;[];4;;;mixed;;male;26
;6.722;;;;;243;[];1;;1;;[];;[];;[];faces;[];;[];qDifficulty;[];6;;;mixed;;male;26
;3.776;;;;;243;[];1;;1;;[];;[];;[];faces;[];;[];qEffort;[];5;;;mixed;;male;26
;2.971;;;;;243;[];1;;1;;[];;[];;[];faces;[];;[];qAttitude;[];1;;;mixed;;male;26
;7.788669769137414;;;;;243;[];1;;1;;[];;[];;[];faces;[];;[];qBirthweight;[];0;;;mixed;;male;26
;4.811206745082018;;;;;243;[];1;;1;;[];;[];;[];faces;[];;[];qFriends;[];180;;;mixed;;male;26
;40.405361778851784;;;;;243;[];1;;1;;[];;[];;[];faces;[];;[];qAbout;[];measuringstresslevelswhenperformingcognitivetasks;;;mixed;;male;26
;10.58933424415045;;;;;243;[];1;;1;;[];;[];;[];faces;[];;[];qFeedback;[];nope;;;mixed;;male;26
