equationScore;recallRT;recallIntersection;recallLocation;pggInvestOther;payoutFactor;id;recallRTs;span;recallProportion;no;pggRT;equationAnss;pauseRT;encode;pggInvest;equationCorrect;stimType;equationScores;pggRTOther;equationText;condition;equationRTs;recallAns;recallSum;pggStart;order;pggStartOther;gender;age
;64.14683313163005;;;;;266;[];1;;1;;[];;[];;[];faces;[];;[];qCheck1;[];70;;;mixed;;female;25
;14.755186977505218;;;;;266;[];1;;1;;[];;[];;[];faces;[];;[];qCheck2;[];100;;;mixed;;female;25
;27.12867768405158;;;;;266;[];1;;1;;[];;[];;[];faces;[];;[];qCheck3;[];150;;;mixed;;female;25
;37.926821538414515;;;;;266;[];1;;1;;[];;[];;[];faces;[];;[];qCheck4;[];125;;;mixed;;female;25
;;;;80;;266;;1;;1;13.31;25;2.055532885478897;;100;;faces;;22.006;;practicePGG;;;;;mixed;19;female;11
;;;;70;;266;;1;;2;5.484;25;1.5772512754992931;;85;;faces;;15.448;;practicePGG;;;;;mixed;7;female;9
3;25.976959310448365;3;3;;1.0;266;;3;1.0;1;;25;3.071818804322902;faces\\Jason.bmp, faces\\Leah.bmp, faces\\Victor.bmp;;0, 0, 1;faces;1, 1, 1;;3x2-2=3 ?, 9/3+1=6 ?, 9/3-3=0 ?;practiceCS;2.750758649341151, 3.092577387978963, 2.63829627391533;faces\\Jason.bmp, faces\\Leah.bmp, faces\\Victor.bmp;6;0, 0, 1;mixed;;female;
2;58.168005113493564;4;4;;0.5;266;;4;1.0;2;;25;1.4793945419933152;faces\\Angie.bmp, faces\\Eric.bmp, faces\\Linda.bmp, faces\\Jeff.bmp;;1, 0, 1, 0;faces;1, 1, 0, 0;;3x3-8=1 ?, 3x3-6=1 ?, 1+8/4=3 ?, 3x3-3=4 ?;practiceCS;3.13126932544219, 2.565999208509311, 3.5932161641576386, 4.5293377253983635;faces\\Angie.bmp, faces\\Eric.bmp, faces\\Linda.bmp, faces\\Jeff.bmp;8;1, 0, 0, 1;mixed;;female;
2;48.555705716305965;5;3;;0.32000000000000006;266;;5;0.8;3;;25;1.230875303994253;faces\\Timmy.bmp, faces\\Tina.bmp, faces\\Amber.bmp, faces\\Ethan.bmp, faces\\Robert.bmp;;0, 1, 0, 0, 0;faces;0, 0, 1, 0, 1;;8/2+5=8 ?, 4/2-2=0 ?, 9/3+2=4 ?, 8/2+5=7 ?, 9/3+3=8 ?;practiceCS;4.0517925964377355, 3.41972356919905, 3.798283022182659, timeout, 3.2093917340062035;faces\\Timmy.bmp, faces\\Tina.bmp, faces\\Robert.bmp, faces\\Ethan.bmp, faces\\Amber.bmp;8;1, 0, 0, timeout, 0;mixed;;female;
3;85.01377227711419;4;4;70;0.75;266;;4;1.0;1;10.289;25;0.9736196933554311;faces\\Mike.bmp, faces\\Wendy.bmp, faces\\Brian.bmp, faces\\Olga.bmp;85;1, 0, 1, 0;faces;0, 1, 1, 1;9.655;3x3-8=1 ?, 9/3+6=7 ?, 3x3-5=4 ?, 3x3-9=1 ?;practiceExp;2.9730778009688947, 4.132377741687378, 2.160179694797989, 2.2068251346099714;faces\\Mike.bmp, faces\\Wendy.bmp, faces\\Brian.bmp, faces\\Olga.bmp;8;0, 0, 1, 0;mixed;3;female;14
2;19.472249362454022;3;3;90;0.6666666666666666;266;;3;1.0;2;3.317;25;3.2880946242621576;faces\\Mary.bmp, faces\\Jonah.bmp, faces\\Rachel.bmp;85;0, 0, 1;faces;1, 1, 0;4.11;4+9/3=8 ?, 2x3-5=0 ?, 5+4/2=7 ?;practiceExp;4.024365041699639, 2.4697936046832183, 4.157440264574689;faces\\Mary.bmp, faces\\Jonah.bmp, faces\\Rachel.bmp;6;0, 0, 0;mixed;8;female;10
3;52.686380191698845;5;2;90;0.42;266;;5;0.7;3;4.686;25;11.320148379989405;faces\\Steve.bmp, faces\\Lana.bmp, faces\\Angie.bmp, faces\\Donald.bmp, faces\\Kevin.bmp;100;1, 0, 1, 1, 0;faces;1, 1, 0, 1, 0;2.624;9/3+4=7 ?, 3x2-1=3 ?, 5+6/3=7 ?, 2x4-5=3 ?, 3+9/3=5 ?;practiceExp;3.14772479092062, 2.8762453261770133, 3.585699870436656, 2.420598807508213, timeout;faces\\Steve.bmp, faces\\Angie.bmp, faces\\Donald.bmp, faces\\Lana.bmp, faces\\Kevin.bmp;7;1, 0, 0, 1, timeout;mixed;14;female;16
2;48.88621245137256;3;2;55;0.3125;266;;4;0.625;1;9.943;25;2.9350012397844694;faces\\Peter.bmp, faces\\Shane.bmp, faces\\Thomas.bmp, faces\\Tanya.bmp;85;1, 0, 0, 1;faces;0, 0, 1, 1;16.528;3x2-1=5 ?, 2x4-5=4 ?, 2x3-5=0 ?, 4/2+7=9 ?;experiment;2.1195722498523537, 2.9126814313167415, 2.410223620925535, 3.706958144557575;faces\\Peter.bmp, faces\\Hanna.bmp, faces\\Shane.bmp, faces\\Tanya.bmp;5;0, 1, 0, 1;mixed;17;female;1
4;41.60047998528535;4;0;80;0.32000000000000006;266;;5;0.4;2;3.486;25;6.542080817500391;faces\\Sonya.bmp, faces\\John.bmp, faces\\Mary.bmp, faces\\Carl.bmp, faces\\Molly.bmp;85;1, 1, 0, 1, 1;faces;1, 1, 1, 0, 1;2.501;4x2-8=0 ?, 8/2+2=6 ?, 3x3-3=4 ?, 4+4/2=6 ?, 2x4+1=9 ?;experiment;2.59805296423292, 3.6991109680675436, 4.490617872270377, 2.748508564360236, 2.88056076009525;faces\\John.bmp, faces\\Sonya.bmp, faces\\Mark.bmp, faces\\Mary.bmp, faces\\Carl.bmp;4;1, 1, 0, 0, 1;mixed;11;female;3
3;24.787741983687738;3;3;85;1.0;266;;3;1.0;3;2.461;25;1.1536966913372453;faces\\Tony.bmp, faces\\Ella.bmp, faces\\Justin.bmp;100;0, 1, 1;faces;1, 1, 1;5.513;4/2-1=2 ?, 3x3-2=7 ?, 8/2+5=9 ?;experiment;3.6031295106367907, 2.9077428211567167, 4.137810212865588;faces\\Tony.bmp, faces\\Ella.bmp, faces\\Justin.bmp;6;0, 1, 1;mixed;11;female;13
2;51.086670760967536;5;5;90;0.4;266;;5;1.0;4;3.348;25;2.395726768005261;faces\\Julia.bmp, faces\\Emma.bmp, faces\\Steve.bmp, faces\\Adam.bmp, faces\\Mark.bmp;85;1, 1, 1, 1, 0;faces;1, 0, 0, 0, 1;2.178;2x4-3=5 ?, 4/2+2=4 ?, 3+6/3=5 ?, 3+2x2=7 ?, 3x3-1=6 ?;experiment;3.249598096477712, 3.1765682447767176, 3.098448709883087, 2.6939112643012777, 1.738898595514911;faces\\Julia.bmp, faces\\Emma.bmp, faces\\Steve.bmp, faces\\Adam.bmp, faces\\Mark.bmp;10;1, 0, 0, 0, 0;mixed;16;female;9
2;32.864370082941605;5;3;75;0.32000000000000006;266;;5;0.8;5;2.449;25;0.9881744302365405;faces\\Alex.bmp, faces\\Lucia.bmp, faces\\Susan.bmp, faces\\Jacob.bmp, faces\\Olivia.bmp;90;1, 0, 1, 1, 1;faces;0, 1, 0, 1, 0;2.179;8/2-2=2 ?, 3x3-8=2 ?, 4+2x2=8 ?, 2x2+3=7 ?, 5+2x2=9 ?;experiment;3.383340421725734, 2.193215425213566, 3.9743331849967944, 2.5656215259332384, 3.6487416601921723;faces\\Alex.bmp, faces\\Lucia.bmp, faces\\Susan.bmp, faces\\Olivia.bmp, faces\\Jacob.bmp;8;0, 0, 0, 1, 0;mixed;8;female;10
3;14.740561630405864;3;3;100;1.0;266;;3;1.0;6;5.561;25;4.3877892761156545;faces\\Matt.bmp, faces\\Zach.bmp, faces\\Joshua.bmp;100;0, 1, 1;faces;1, 1, 1;9.867;4/2-2=1 ?, 3x3-6=3 ?, 3x3-8=1 ?;experiment;3.3404348604308325, 3.570564651869063, 3.149365246965317;faces\\Matt.bmp, faces\\Zach.bmp, faces\\Joshua.bmp;6;0, 1, 1;mixed;16;female;0
4;28.328675795637537;5;5;60;0.8;266;;5;1.0;7;6.219;25;1.3898993722250452;faces\\Erin.bmp, faces\\Diana.bmp, faces\\Fiona.bmp, faces\\Casper.bmp, faces\\Megan.bmp;70;1, 0, 0, 1, 1;faces;1, 1, 1, 1, 0;3.124;3x3-6=3 ?, 3x2+1=5 ?, 4+8/2=7 ?, 4x2-1=7 ?, 4+6/2=7 ?;experiment;2.1814945392034133, 2.5675017283101624, 2.7168123755109264, 2.9114330262054864, 3.1433494204211456;faces\\Erin.bmp, faces\\Diana.bmp, faces\\Fiona.bmp, faces\\Casper.bmp, faces\\Megan.bmp;10;1, 0, 0, 1, 0;mixed;18;female;0
3;19.318629439207143;3;3;100;1.0;266;;3;1.0;8;2.185;25;2.1094187465205323;faces\\Noah.bmp, faces\\Sarah.bmp, faces\\Simon.bmp;100;0, 0, 0;faces;1, 1, 1;2.495;8/2-4=2 ?, 3x3-5=5 ?, 3x3-3=4 ?;experiment;2.4907418506772956, 2.2655170063881087, 2.248417427916138;faces\\Noah.bmp, faces\\Sarah.bmp, faces\\Simon.bmp;6;0, 0, 0;mixed;20;female;15
4;15.953895631526393;4;4;100;1.0;266;;4;1.0;9;6.444;25;3.299127881677123;faces\\Vicky.bmp, faces\\Cindy.bmp, faces\\Nicole.bmp, faces\\Maria.bmp;100;0, 0, 0, 0;faces;1, 1, 1, 1;4.719;2x4-1=9 ?, 9/3-1=1 ?, 4/2+5=9 ?, 3x3-9=2 ?;experiment;2.9006497782320366, 3.1107804564053367, 4.512022211019939, 2.026184486439888;faces\\Vicky.bmp, faces\\Cindy.bmp, faces\\Nicole.bmp, faces\\Maria.bmp;8;0, 0, 0, 0;mixed;7;female;0
3;30.46692814342896;4;1;100;0.46875;266;;4;0.625;10;4.187;25;1.842948091634753;faces\\Jason.bmp, faces\\Chloe.bmp, faces\\Andre.bmp, faces\\Britt.bmp;95;0, 0, 1, 1;faces;1, 1, 0, 1;4.34;9/3-3=1 ?, 4x2-7=0 ?, 3+2x2=7 ?, 3x3-3=6 ?;experiment;2.815126022822369, 3.0993773163863807, 3.0165026757968008, 2.0066443396062823;faces\\Jason.bmp, faces\\Britt.bmp, faces\\Chloe.bmp, faces\\Andre.bmp;5;0, 0, 0, 1;mixed;1;female;3
4;25.630008194071706;4;4;75;1.0;266;;4;1.0;11;2.04;25;1.0987582453853975;faces\\Chris.bmp, faces\\Tina.bmp, faces\\Eddie.bmp, faces\\Micha.bmp;95;0, 0, 1, 1;faces;1, 1, 1, 1;2.627;6+4/2=6 ?, 9/3-3=1 ?, 2x4-4=4 ?, 4x2-1=7 ?;experiment;2.8086643666320015, 2.8283761127277103, 2.7706653945897415, 2.30465231035123;faces\\Chris.bmp, faces\\Tina.bmp, faces\\Eddie.bmp, faces\\Micha.bmp;8;0, 0, 1, 1;mixed;3;female;11
3;57.49153621565347;4;4;65;0.75;266;;4;1.0;12;3.02;25;1.194619829646399;faces\\Kate.bmp, faces\\Jeff.bmp, faces\\Nina.bmp, faces\\Lulu.bmp;75;0, 0, 0, 0;faces;0, 1, 1, 1;3.974;6+9/3=8 ?, 3x3-8=3 ?, 3+6/2=7 ?, 6/3+1=2 ?;experiment;timeout, 2.7600553879710787, 2.9075330431187467, 4.53079672959575;faces\\Kate.bmp, faces\\Jeff.bmp, faces\\Nina.bmp, faces\\Lulu.bmp;8;timeout, 0, 0, 0;mixed;6;female;6
5;74.97982271908404;5;1;70;0.6;266;;5;0.6;13;2.287;25;0.7955797181166417;faces\\Donna.bmp, faces\\Anders.bmp, faces\\George.bmp, faces\\Nana.bmp, faces\\Olga.bmp;100;1, 1, 1, 0, 1;faces;1, 1, 1, 1, 1;2.829;8/4+2=4 ?, 3x2-1=5 ?, 9/3+3=6 ?, 5+2x2=8 ?, 3x3-7=2 ?;experiment;1.8779781502416881, 2.9517313461765298, 2.419468222939031, 3.6563146062981104, 2.379894068249996;faces\\Anders.bmp, faces\\Nana.bmp, faces\\George.bmp, faces\\Olga.bmp, faces\\Donna.bmp;6;1, 1, 1, 0, 1;mixed;17;female;14
5;66.1952356164511;5;5;65;1.0;266;;5;1.0;14;2.28;25;2.6702412406375515;faces\\James.bmp, faces\\Lena.bmp, faces\\David.bmp, faces\\Keith.bmp, faces\\Bruce.bmp;75;1, 0, 0, 1, 0;faces;1, 1, 1, 1, 1;2.624;8/4+6=8 ?, 2x3-4=4 ?, 1+8/2=7 ?, 4/2+5=7 ?, 2x4-2=8 ?;experiment;3.060536769040482, 2.1752188506288803, 2.9082046612602426, 2.5516829863845487, 2.933638708851504;faces\\James.bmp, faces\\Lena.bmp, faces\\David.bmp, faces\\Keith.bmp, faces\\Bruce.bmp;10;1, 0, 0, 1, 0;mixed;6;female;12
3;39.93059056417769;4;4;80;0.75;266;;4;1.0;15;1.871;25;0.7600603142673208;faces\\Billy.bmp, faces\\Polly.bmp, faces\\Angie.bmp, faces\\Hanna.bmp;80;1, 0, 0, 1;faces;1, 1, 1, 0;1.585;3x3-6=3 ?, 2x4-7=2 ?, 3x3-7=1 ?, 5+9/3=8 ?;experiment;2.205684697451943, 2.5242377790928003, 2.914234445637703, 3.63376818829056;faces\\Billy.bmp, faces\\Polly.bmp, faces\\Angie.bmp, faces\\Hanna.bmp;8;1, 0, 0, 0;mixed;16;female;10
1;6.4251938086345035;3;3;100;0.3333333333333333;266;;3;1.0;16;1.027;25;1.2672157569177216;faces\\Andrea.bmp, faces\\Will.bmp, faces\\Linda.bmp;95;1, 1, 1;faces;0, 0, 1;4.288;5+2x2=9 ?, 2+4/2=4 ?, 3x3-9=0 ?;experiment;2.9771235202642856, 2.698620801769721, 3.0730236938361486;faces\\Andrea.bmp, faces\\Will.bmp, faces\\Linda.bmp;6;0, 0, 1;mixed;8;female;19
3;19.934967166249407;3;3;90;1.0;266;;3;1.0;17;2.839;25;1.8405666388061945;faces\\Mike.bmp, faces\\Amber.bmp, faces\\Damon.bmp;100;0, 1, 0;faces;1, 1, 1;1.257;2x4-3=3 ?, 3x3-4=5 ?, 6/2-1=4 ?;experiment;2.5730364200935583, 3.748930583587935, 3.685006576601154;faces\\Mike.bmp, faces\\Amber.bmp, faces\\Damon.bmp;6;0, 1, 0;mixed;18;female;11
1;24.973978902322415;2;1;50;0.16666666666666666;266;;3;0.5;18;3.344;25;1.258669867664139;faces\\Amanda.bmp, faces\\Eric.bmp, faces\\Kenny.bmp;70;1, 1, 0;faces;0, 0, 1;2.457;2x3-6=0 ?, 2+2x2=6 ?, 3x2-6=2 ?;experiment;1.64799820026019, 3.974313479819102, 3.6650509789396892;faces\\Amanda.bmp, faces\\Kenny.bmp, faces\\Paul.bmp;3;0, 0, 0;mixed;3;female;0
4;33.74507986344179;2;1;70;0.375;266;;4;0.375;19;1.741;25;1.0204408376666834;faces\\Bobby.bmp, faces\\Robert.bmp, faces\\Erica.bmp, faces\\Scott.bmp;100;1, 0, 1, 1;faces;1, 1, 1, 1;2.494;3x3-1=8 ?, 4+9/3=9 ?, 2x2-1=3 ?, 2x4-3=5 ?;experiment;1.9998390743821801, 3.4408696880163916, 3.193074615297519, 2.4688966085741413;faces\\Karen.bmp, faces\\Robert.bmp, faces\\Scott.bmp, faces\\Sofia.bmp;3;1, 0, 1, 1;mixed;10;female;19
4;51.24547766171963;4;3;65;0.5599999999999999;266;;5;0.7;20;1.974;25;0.8976160019155941;faces\\Ricky.bmp, faces\\Ethan.bmp, faces\\Lisa.bmp, faces\\Lily.bmp, faces\\Wendy.bmp;95;0, 0, 1, 1, 0;faces;1, 1, 1, 0, 1;2.04;6+9/3=7 ?, 9/3-3=2 ?, 2x2-3=1 ?, 3+8/2=7 ?, 3+2x3=7 ?;experiment;2.9416472214907117, 2.7722676718476578, 3.675961078988621, 3.343591383581952, 3.1699255472703953;faces\\Ricky.bmp, faces\\Ethan.bmp, faces\\Lisa.bmp, faces\\Wendy.bmp, faces\\Sofia.bmp;7;0, 0, 1, 0, 0;mixed;6;female;14
4;30.580216494217893;5;2;85;0.5599999999999999;266;;5;0.7;21;2.785;25;0.94837941334481;faces\\Regina.bmp, faces\\Karen.bmp, faces\\Julian.bmp, faces\\Liam.bmp, faces\\Kiki.bmp;60;1, 1, 0, 1, 1;faces;0, 1, 1, 1, 1;1.441;7+4/2=9 ?, 8/4+5=7 ?, 4/2+5=6 ?, 4/2+2=4 ?, 2x3-6=0 ?;experiment;3.235105759333237, 3.19937657743867, 2.733494861055078, 3.8870605950614845, 2.5477164983240073;faces\\Regina.bmp, faces\\Karen.bmp, faces\\Liam.bmp, faces\\Kiki.bmp, faces\\Julian.bmp;7;0, 1, 0, 1, 1;mixed;17;female;3
2;16.815285716867947;3;3;45;0.6666666666666666;266;;3;1.0;22;2.586;25;2.3615941160351213;faces\\Daniel.bmp, faces\\Kurt.bmp, faces\\Joseph.bmp;40;0, 0, 1;faces;1, 1, 0;4.39;2x2-1=1 ?, 7+4/2=8 ?, 8/4+4=6 ?;experiment;2.830845007283642, 3.96409265046168, 4.346999147750466;faces\\Daniel.bmp, faces\\Kurt.bmp, faces\\Joseph.bmp;6;0, 0, 0;mixed;3;female;3
1;19.914706138326437;3;3;40;0.3333333333333333;266;;3;1.0;23;2.61;25;6.0132788266237185;faces\\Rachel.bmp, faces\\Sofia.bmp, faces\\Timmy.bmp;20;0, 1, 1;faces;0, 1, 0;1.821;3x3-5=3 ?, 8/2+2=6 ?, 6/2-1=2 ?;experiment;timeout, 4.959095335289021, 4.219117470773199;faces\\Rachel.bmp, faces\\Sofia.bmp, faces\\Timmy.bmp;6;timeout, 1, 0;mixed;10;female;8
3;25.08071363943236;2;2;60;0.6666666666666666;266;;3;0.6666666666666666;24;3.841;25;2.861686484055099;faces\\Benny.bmp, faces\\Kelly.bmp, faces\\Kevin.bmp;75;1, 0, 1;faces;1, 1, 1;1.899;9/3+5=8 ?, 2x3-5=3 ?, 2x4-7=1 ?;experiment;3.5290938738253317, 4.049320828205964, 2.804254512073385;faces\\Benny.bmp, faces\\Kelly.bmp, faces\\Noah.bmp;4;1, 0, 1;mixed;6;female;3
3;24.423217132996797;4;4;60;0.75;266;;4;1.0;25;1.414;25;1.0815609620694886;faces\\Mona.bmp, faces\\Haley.bmp, faces\\Oliver.bmp, faces\\Niclas.bmp;70;1, 1, 0, 1;faces;1, 0, 1, 1;6.955;2x2-3=1 ?, 1+2x3=7 ?, 9/3+2=6 ?, 2x2+5=9 ?;experiment;4.406729236077808, 2.6176986158752698, 3.5716303735607653, 2.6232406971030287;faces\\Mona.bmp, faces\\Haley.bmp, faces\\Oliver.bmp, faces\\Niclas.bmp;8;1, 0, 0, 1;mixed;20;female;12
2;19.35862027629628;4;2;70;0.375;266;;4;0.75;26;3.146;25;1.3419587275056983;faces\\Emily.bmp, faces\\Milla.bmp, faces\\Gary.bmp, faces\\Lucas.bmp;80;1, 0, 1, 1;faces;0, 1, 0, 1;1.768;3+2x2=7 ?, 6/3+2=3 ?, 2+9/3=5 ?, 3x3-4=5 ?;experiment;2.4748488038130745, 3.509617358289688, 3.3731787079013884, 1.8960810506796406;faces\\Emily.bmp, faces\\Milla.bmp, faces\\Lucas.bmp, faces\\Gary.bmp;6;0, 0, 0, 1;mixed;12;female;7
5;16.545922916629934;5;3;70;0.8;266;;5;0.8;27;1.856;25;0.972930012136203;faces\\Paul.bmp, faces\\Nathan.bmp, faces\\Jenny.bmp, faces\\Jonah.bmp, faces\\Leah.bmp;70;1, 1, 1, 1, 0;faces;1, 1, 1, 1, 1;4.24;3x3-6=3 ?, 2x2+2=6 ?, 2x2-1=3 ?, 9/3-3=0 ?, 2x2-1=4 ?;experiment;2.3021633000898873, 2.201868871896295, 2.397552370613994, 2.360416321142111, 1.9034392924513668;faces\\Paul.bmp, faces\\Nathan.bmp, faces\\Jenny.bmp, faces\\Leah.bmp, faces\\Jonah.bmp;8;1, 1, 1, 1, 0;mixed;3;female;12
;5.557;;;;;266;[];1;;1;;[];;[];;[];faces;[];;[];qStress;[];6;;;mixed;;female;25
;4.35;;;;;266;[];1;;1;;[];;[];;[];faces;[];;[];qSatisfied;[];5;;;mixed;;female;25
;3.391;;;;;266;[];1;;1;;[];;[];;[];faces;[];;[];qFrustration;[];6;;;mixed;;female;25
;4.128;;;;;266;[];1;;1;;[];;[];;[];faces;[];;[];qDifficulty;[];5;;;mixed;;female;25
;3.607;;;;;266;[];1;;1;;[];;[];;[];faces;[];;[];qEffort;[];4;;;mixed;;female;25
;7.075;;;;;266;[];1;;1;;[];;[];;[];faces;[];;[];qAttitude;[];7;;;mixed;;female;25
;11.287182028219831;;;;;266;[];1;;1;;[];;[];;[];faces;[];;[];qBirthweight;[];2800;;;mixed;;female;25
;5.453196918770118;;;;;266;[];1;;1;;[];;[];;[];faces;[];;[];qFriends;[];600;;;mixed;;female;25
;21.815791072567663;;;;;266;[];1;;1;;[];;[];;[];faces;[];;[];qAbout;[];0;;;mixed;;female;25
;3.9944956870313035;;;;;266;[];1;;1;;[];;[];;[];faces;[];;[];qFeedback;[];no;;;mixed;;female;25
