equationScore;recallRT;recallIntersection;recallLocation;pggInvestOther;payoutFactor;id;recallRTs;span;recallProportion;no;pggRT;equationAnss;pauseRT;encode;pggInvest;equationCorrect;stimType;equationScores;pggRTOther;equationText;condition;equationRTs;recallAns;recallSum;pggStart;order;pggStartOther;gender;age
;24.540257404029944;;;;;270;[];1;;1;;[];;[];;[];faces;[];;[];qCheck1;[];100;;;mixed;;male;24
;11.900670665949065;;;;;270;[];1;;1;;[];;[];;[];faces;[];;[];qCheck2;[];175;;;mixed;;male;24
;6.785643060555458;;;;;270;[];1;;1;;[];;[];;[];faces;[];;[];qCheck3;[];150;;;mixed;;male;24
;12.612173878060048;;;;;270;[];1;;1;;[];;[];;[];faces;[];;[];qCheck4;[];75;;;mixed;;male;24
;;;;70;;270;;1;;1;15.388;24;2.0756402977581274;;60;;faces;;13.483;;practicePGG;;;;;mixed;6;male;19
;;;;100;;270;;1;;2;8.499;24;1.9195090020800762;;0;;faces;;11.301;;practicePGG;;;;;mixed;20;male;1
1;13.252659654169975;1;1;;1.0;270;;1;1.0;1;;24;3.309822873087569;faces\\Donald.bmp;;0;faces;1;;3x3-7=3 ?;practiceCS;3.055877881899278;faces\\Donald.bmp;2;0;mixed;;male;
2;11.65091461725001;2;2;;1.0;270;;2;1.0;2;;24;2.698985236482031;faces\\Sonya.bmp, faces\\Ricky.bmp;;0, 1;faces;1, 1;;3x3-2=8 ?, 6/3+7=9 ?;practiceCS;2.54663359520373, 3.2784127832535432;faces\\Sonya.bmp, faces\\Ricky.bmp;4;0, 1;mixed;;male;
3;16.214504726518044;3;3;;1.0;270;;3;1.0;3;;24;4.801535097172064;faces\\Lily.bmp, faces\\Kristen.bmp, faces\\George.bmp;;0, 0, 1;faces;1, 1, 1;;2x2-3=2 ?, 9/3+3=8 ?, 4+8/2=8 ?;practiceCS;2.7007746916278847, 2.3606402792847803, 2.170240445462923;faces\\Lily.bmp, faces\\Kristen.bmp, faces\\George.bmp;6;0, 0, 1;mixed;;male;
1;10.660570039372942;2;2;50;0.5;270;;2;1.0;1;14.954;24;1.6004420475569532;faces\\Tony.bmp, faces\\Lucas.bmp;75;1, 1;faces;0, 1;12.419;5+8/4=7 ?, 4x2-2=6 ?;practiceExp;2.3708400504610836, 2.520662890706717;faces\\Tony.bmp, faces\\Lucas.bmp;4;0, 1;mixed;15;male;18
1;4.2429426540998065;1;1;100;1.0;270;;1;1.0;2;10.123;24;2.4333108779082977;faces\\Donald.bmp;100;0;faces;1;5.543;7+8/4=8 ?;practiceExp;3.0840608767798585;faces\\Donald.bmp;2;0;mixed;20;male;2
3;8.109939624875096;3;3;60;1.0;270;;3;1.0;3;6.302;24;3.1307414764833084;faces\\Mona.bmp, faces\\Cindy.bmp, faces\\James.bmp;80;1, 0, 1;faces;1, 1, 1;3.439;2x2-4=0 ?, 6+4/2=6 ?, 4+2x2=8 ?;practiceExp;2.256415087910682, 2.991919741766651, 1.2911126190865616;faces\\Mona.bmp, faces\\Cindy.bmp, faces\\James.bmp;6;1, 0, 1;mixed;19;male;3
2;14.083685251301631;2;2;100;1.0;270;;2;1.0;1;3.507;24;2.1234814365066086;faces\\Greg.bmp, faces\\Rachel.bmp;100;0, 1;faces;1, 1;4.599;3x3-2=5 ?, 3x3-9=0 ?;experiment;2.434744002000116, 2.519882903375219;faces\\Greg.bmp, faces\\Rachel.bmp;4;0, 1;mixed;14;male;18
1;8.608911067897225;1;1;100;1.0;270;;1;1.0;2;2.686;24;2.4127405593822004;faces\\Ella.bmp;100;0;faces;1;6.389;3x2-5=3 ?;experiment;2.346059031904133;faces\\Ella.bmp;2;0;mixed;3;male;17
1;8.107227321560458;1;1;100;1.0;270;;1;1.0;3;2.253;24;1.103256365004654;faces\\Tanya.bmp;100;1;faces;1;6.528;2+2x3=8 ?;experiment;2.01432590415925;faces\\Tanya.bmp;2;1;mixed;0;male;19
2;10.004059218280418;2;2;65;1.0;270;;2;1.0;4;2.904;24;1.2304275521082673;faces\\Molly.bmp, faces\\Diana.bmp;65;1, 0;faces;1, 1;2.836;2x4-5=3 ?, 9/3+5=7 ?;experiment;3.9170893992741185, 3.4812591622858235;faces\\Molly.bmp, faces\\Diana.bmp;4;1, 0;mixed;9;male;10
2;6.46884012189139;2;2;85;1.0;270;;2;1.0;5;5.079;24;2.3473517582760905;faces\\Ethan.bmp, faces\\Andrea.bmp;100;1, 0;faces;1, 1;2.563;9/3+2=5 ?, 3+8/2=8 ?;experiment;1.7475665421561644, 1.6057705925891241;faces\\Ethan.bmp, faces\\Andrea.bmp;4;1, 0;mixed;19;male;3
2;7.4825531202159254;2;2;85;1.0;270;;2;1.0;6;3.796;24;1.7159401084677484;faces\\Lily.bmp, faces\\Lisa.bmp;100;1, 0;faces;1, 1;3.757;4x2-2=6 ?, 4x2-8=2 ?;experiment;2.710043404242242, 2.0484987912245742;faces\\Lily.bmp, faces\\Lisa.bmp;4;1, 0;mixed;9;male;8
3;7.320635139578826;3;3;55;1.0;270;;3;1.0;7;5.446;24;1.4407055683295766;faces\\Lena.bmp, faces\\Kevin.bmp, faces\\Lucia.bmp;70;0, 0, 0;faces;1, 1, 1;5.259;8/2+1=6 ?, 4/2+6=6 ?, 4/2-2=1 ?;experiment;2.4711386214012236, 2.4913953029163167, 2.415182330249081;faces\\Lena.bmp, faces\\Kevin.bmp, faces\\Lucia.bmp;6;0, 0, 0;mixed;16;male;9
3;11.07975904138766;3;3;45;1.0;270;;3;1.0;8;1.476;24;3.557603090720022;faces\\Victor.bmp, faces\\Emma.bmp, faces\\Jacob.bmp;100;0, 1, 1;faces;1, 1, 1;4.154;2x4-7=0 ?, 5+6/2=8 ?, 1+4/2=3 ?;experiment;2.384134729264133, 2.4036869590636343, 1.7943436139767073;faces\\Victor.bmp, faces\\Emma.bmp, faces\\Jacob.bmp;6;0, 1, 1;mixed;12;male;20
2;7.7115836739621955;2;2;100;1.0;270;;2;1.0;9;3.922;24;4.924598214157413;faces\\Jason.bmp, faces\\Angie.bmp;100;1, 0;faces;1, 1;4.356;8/2+4=8 ?, 3x2-1=6 ?;experiment;1.3306427875600093, 2.569009789661777;faces\\Jason.bmp, faces\\Angie.bmp;4;1, 0;mixed;7;male;15
1;3.651584585315959;1;1;100;1.0;270;;1;1.0;10;4.969;24;1.4050268951946236;faces\\Maria.bmp;100;0;faces;1;4.88;3x3-9=2 ?;experiment;1.849636915897463;faces\\Maria.bmp;2;0;mixed;4;male;1
3;11.50696343953041;3;3;65;1.0;270;;3;1.0;11;2.318;24;0.9683986080099203;faces\\Ricky.bmp, faces\\Leah.bmp, faces\\Alex.bmp;65;1, 0, 0;faces;1, 1, 1;4.803;1+9/3=4 ?, 9/3-3=1 ?, 2x2-3=0 ?;experiment;1.9882780219686538, 2.5438108621037827, 1.9308516599567156;faces\\Ricky.bmp, faces\\Leah.bmp, faces\\Alex.bmp;6;1, 0, 0;mixed;11;male;12
3;6.697515986661529;3;3;70;1.0;270;;3;1.0;12;2.613;24;4.7823531560957235;faces\\Timmy.bmp, faces\\Bobby.bmp, faces\\Niclas.bmp;70;1, 0, 0;faces;1, 1, 1;3.335;2+9/3=5 ?, 3+8/4=6 ?, 2x2-3=0 ?;experiment;1.7019335885943292, 1.3073971124867967, 2.0515600362405166;faces\\Timmy.bmp, faces\\Bobby.bmp, faces\\Niclas.bmp;6;1, 0, 0;mixed;6;male;20
3;8.195140925236956;3;3;60;1.0;270;;3;1.0;13;1.63;24;3.5995347991347444;faces\\Keith.bmp, faces\\Billy.bmp, faces\\Anders.bmp;100;1, 1, 1;faces;1, 1, 1;3.093;4/2+3=5 ?, 2x4-4=4 ?, 3x2-6=0 ?;experiment;2.8389363107503414, 2.6455376308995255, 2.418358110247027;faces\\Keith.bmp, faces\\Billy.bmp, faces\\Anders.bmp;6;1, 1, 1;mixed;7;male;19
1;4.034441366915416;1;1;85;1.0;270;;1;1.0;14;2.354;24;0.8092450666827062;faces\\Regina.bmp;85;1;faces;1;2.631;2x3-4=2 ?;experiment;2.813479166332854;faces\\Regina.bmp;2;1;mixed;17;male;13
1;6.572161759519986;2;2;75;0.5;270;;2;1.0;15;2.746;24;3.862471812694821;faces\\Will.bmp, faces\\Lucas.bmp;100;1, 1;faces;0, 1;6.977;4+8/4=6 ?, 6+9/3=9 ?;experiment;3.1641610599945125, 1.519374680050987;faces\\Will.bmp, faces\\Lucas.bmp;4;0, 1;mixed;10;male;16
1;3.9317609609770443;1;1;100;1.0;270;;1;1.0;16;1.292;24;2.4987871196995;faces\\Britt.bmp;100;1;faces;1;2.594;3+9/3=6 ?;experiment;2.0872518460046194;faces\\Britt.bmp;2;1;mixed;15;male;20
3;7.9681880114308115;3;3;60;1.0;270;;3;1.0;17;4.255;24;2.1428390799924273;faces\\Kelly.bmp, faces\\Amber.bmp, faces\\Scott.bmp;100;1, 1, 1;faces;1, 1, 1;1.864;8/4+7=9 ?, 2x2-3=1 ?, 2x3+2=8 ?;experiment;4.028928088041539, 2.2284611629943356, 2.0253717563300597;faces\\Kelly.bmp, faces\\Amber.bmp, faces\\Scott.bmp;6;1, 1, 1;mixed;9;male;15
1;7.589886766365453;1;1;80;1.0;270;;1;1.0;18;1.798;24;6.963283943714487;faces\\Amanda.bmp;100;0;faces;1;4.316;9/3-1=3 ?;experiment;2.160789051604752;faces\\Amanda.bmp;2;0;mixed;1;male;16
2;8.682617818112703;2;2;70;1.0;270;;2;1.0;19;2.304;24;6.830237399406997;faces\\Julia.bmp, faces\\Joan.bmp;80;1, 1;faces;1, 1;3.276;2x2-1=3 ?, 5+9/3=8 ?;experiment;1.6776952770123899, 1.6519593897546656;faces\\Julia.bmp, faces\\Joan.bmp;4;1, 1;mixed;7;male;11
2;6.023352820700893;2;2;50;1.0;270;;2;1.0;20;4.914;24;3.238747553815756;faces\\Tina.bmp, faces\\Nicole.bmp;95;0, 1;faces;1, 1;1.823;4+4/2=7 ?, 3x3-8=1 ?;experiment;2.5299681395704283, 3.372971468474134;faces\\Tina.bmp, faces\\Nicole.bmp;4;0, 1;mixed;7;male;15
3;5.476483997739251;3;3;70;1.0;270;;3;1.0;21;1.898;24;4.175165860201105;faces\\Tony.bmp, faces\\Kate.bmp, faces\\Nathan.bmp;100;1, 1, 1;faces;1, 1, 1;2.255;2+2x3=8 ?, 2x4-5=3 ?, 2+8/4=4 ?;experiment;2.431837933411316, 2.7691808121476242, 1.9186932995394272;faces\\Tony.bmp, faces\\Kate.bmp, faces\\Nathan.bmp;6;1, 1, 1;mixed;7;male;16
2;6.166357340111972;2;2;65;1.0;270;;2;1.0;22;2.353;24;2.992290851528651;faces\\Noah.bmp, faces\\Karen.bmp;70;0, 1;faces;1, 1;2.216;3x3-8=2 ?, 5+9/3=8 ?;experiment;2.4168248193609543, 1.394515539605436;faces\\Noah.bmp, faces\\Karen.bmp;4;0, 1;mixed;9;male;13
1;4.336100646281011;1;1;100;1.0;270;;1;1.0;23;2.532;24;5.736222652720244;faces\\Liam.bmp;100;1;faces;1;1.965;2x3-5=1 ?;experiment;2.2683135893908;faces\\Liam.bmp;2;1;mixed;17;male;12
3;11.525330499105621;3;3;30;1.0;270;;3;1.0;24;2.079;24;5.063591135567549;faces\\Andre.bmp, faces\\David.bmp, faces\\Oliver.bmp;70;0, 1, 0;faces;1, 1, 1;2.458;4x2-2=4 ?, 2+4/2=4 ?, 3x3-9=1 ?;experiment;2.9177905668329913, 1.8811874034508946, 2.0795722549473794;faces\\Andre.bmp, faces\\David.bmp, faces\\Oliver.bmp;6;0, 1, 0;mixed;12;male;10
1;9.585950703979961;2;2;55;0.5;270;;2;1.0;25;5.812;24;3.8132246441514326;faces\\Olivia.bmp, faces\\Milla.bmp;0;1, 1;faces;1, 0;3.685;2+3x2=8 ?, 6/3+4=6 ?;experiment;1.9557086246481958, 2.6805861563743747;faces\\Olivia.bmp, faces\\Milla.bmp;4;1, 0;mixed;4;male;4
1;2.311297870182898;1;1;100;1.0;270;;1;1.0;26;7.974;24;2.783677902999898;faces\\Leslie.bmp;100;0;faces;1;2.214;7+8/4=7 ?;experiment;3.685238986065542;faces\\Leslie.bmp;2;0;mixed;15;male;3
3;10.07964614848379;3;3;65;1.0;270;;3;1.0;27;9.09;24;1.5572451175876267;faces\\Jeff.bmp, faces\\Hanna.bmp, faces\\Thomas.bmp;50;1, 1, 0;faces;1, 1, 1;3.249;1+3x2=7 ?, 2x3+2=8 ?, 9/3-2=3 ?;experiment;1.7161819045404627, 1.555231108193766, 2.931573353497697;faces\\Jeff.bmp, faces\\Hanna.bmp, faces\\Thomas.bmp;6;1, 1, 0;mixed;6;male;0
3;24.736970208999537;3;3;50;1.0;270;;3;1.0;28;2.639;24;6.2057984258212855;faces\\Lana.bmp, faces\\Joseph.bmp, faces\\Kurt.bmp;100;0, 0, 1;faces;1, 1, 1;3.892;3x3-9=1 ?, 2x2-3=3 ?, 8/2-3=1 ?;experiment;2.1141146096961165, 2.678692429237799, 2.93287511130211;faces\\Lana.bmp, faces\\Joseph.bmp, faces\\Kurt.bmp;6;0, 0, 1;mixed;3;male;15
2;9.012456397681945;2;2;100;1.0;270;;2;1.0;29;3.88;24;5.552803705514634;faces\\Peter.bmp, faces\\Paul.bmp;100;0, 0;faces;1, 1;2.035;8/4+6=9 ?, 2x3-5=3 ?;experiment;2.2164103587242607, 2.8279737940679297;faces\\Peter.bmp, faces\\Paul.bmp;4;0, 0;mixed;18;male;6
2;5.218310654175639;2;2;85;1.0;270;;2;1.0;30;4.253;24;3.0221512296911897;faces\\Polly.bmp, faces\\Kristen.bmp;100;0, 1;faces;1, 1;3.358;3x2-2=2 ?, 9/3+1=4 ?;experiment;2.844720122071976, 1.5228973491516626;faces\\Polly.bmp, faces\\Kristen.bmp;4;0, 1;mixed;11;male;17
2;9.793876442617147;2;2;95;1.0;270;;2;1.0;31;4.081;24;1.53216606176602;faces\\Megan.bmp, faces\\Julian.bmp;95;0, 1;faces;1, 1;3.268;9/3+6=7 ?, 2x3+1=7 ?;experiment;3.1166196005888196, 1.597088102032103;faces\\Megan.bmp, faces\\Julian.bmp;4;0, 1;mixed;13;male;4
3;9.86315245427113;3;3;60;1.0;270;;3;1.0;32;1.532;24;2.2831156963420653;faces\\Sonya.bmp, faces\\Jake.bmp, faces\\Justin.bmp;75;0, 1, 0;faces;1, 1, 1;4.665;6+4/2=6 ?, 3x2-5=1 ?, 3x2-1=3 ?;experiment;2.446262362285779, 2.3765544839625363, 2.122956792396508;faces\\Sonya.bmp, faces\\Jake.bmp, faces\\Justin.bmp;6;0, 1, 0;mixed;15;male;16
1;2.5266511408135557;1;1;100;1.0;270;;1;1.0;33;2.128;24;2.308092532770843;faces\\Sofia.bmp;100;1;faces;1;1.537;2+2x3=8 ?;experiment;2.3140836565148675;faces\\Sofia.bmp;2;1;mixed;17;male;15
1;2.2015380529132926;1;1;100;1.0;270;;1;1.0;34;1.336;24;11.481130259116071;faces\\Donna.bmp;100;0;faces;1;6.85;8/4-2=1 ?;experiment;3.2522877233686813;faces\\Donna.bmp;2;0;mixed;0;male;18
2;8.754608596199432;2;2;85;1.0;270;;2;1.0;35;4.05;24;1.7159314875548262;faces\\Daniel.bmp, faces\\George.bmp;90;0, 0;faces;1, 1;3.089;3x3-7=3 ?, 4/2+1=2 ?;experiment;2.7960788805294214, 2.5757722798248324;faces\\Daniel.bmp, faces\\George.bmp;4;0, 0;mixed;20;male;5
1;2.1262446442583496;1;1;100;1.0;270;;1;1.0;36;2.961;24;5.067432778433613;faces\\Olga.bmp;100;0;faces;1;1.932;4x2-2=4 ?;experiment;2.9073871779114597;faces\\Olga.bmp;2;0;mixed;14;male;9
1;4.252056600807009;1;1;100;1.0;270;;1;1.0;37;3.03;24;4.5380763131393;faces\\Wendy.bmp;100;0;faces;1;4.707;2+9/3=6 ?;experiment;2.5079700337078066;faces\\Wendy.bmp;2;0;mixed;20;male;13
2;6.265657116748116;2;2;60;1.0;270;;2;1.0;38;2.715;24;1.5275879466507831;faces\\Jenny.bmp, faces\\Nana.bmp;60;0, 0;faces;1, 1;2.102;4x2-7=3 ?, 3x3-7=4 ?;experiment;3.357259649982552, 2.5492793943358265;faces\\Jenny.bmp, faces\\Nana.bmp;4;0, 0;mixed;9;male;9
3;6.967447844504932;3;3;85;1.0;270;;3;1.0;39;4.358;24;6.9814465645049495;faces\\Zach.bmp, faces\\Robert.bmp, faces\\Carl.bmp;100;1, 1, 0;faces;1, 1, 1;3.121;4/2+3=5 ?, 8/2+4=8 ?, 2x3-2=5 ?;experiment;1.588815310084101, 1.8261835178823276, 2.3380682669544512;faces\\Zach.bmp, faces\\Robert.bmp, faces\\Carl.bmp;6;1, 1, 0;mixed;11;male;19
3;20.13248413238898;2;2;65;0.6666666666666666;270;;3;0.6666666666666666;40;3.138;24;5.997311096305111;faces\\Mona.bmp, faces\\Anna.bmp, faces\\Damon.bmp;65;0, 0, 1;faces;1, 1, 1;7.225;9/3-3=1 ?, 9/3-3=2 ?, 6+4/2=8 ?;experiment;2.0412309513753826, 1.9366752916844234, 2.901948613613513;faces\\Mona.bmp, faces\\Anna.bmp, faces\\George.bmp;4;0, 0, 1;mixed;10;male;8
1;1.688212790396392;1;1;100;1.0;270;;1;1.0;41;2.39;24;2.6089164046525184;faces\\Adam.bmp;100;1;faces;1;2.562;4/2+2=4 ?;experiment;1.9772986739803855;faces\\Adam.bmp;2;1;mixed;12;male;12
1;1.998203155500505;1;1;100;1.0;270;;1;1.0;42;4.073;24;4.064142873974106;faces\\Bruce.bmp;100;0;faces;1;4.605;4+4/2=5 ?;experiment;1.6185619743037023;faces\\Bruce.bmp;2;0;mixed;6;male;5
1;1.398252499962382;1;1;100;1.0;270;;1;1.0;43;1.91;24;2.5370085515351093;faces\\Eddie.bmp;100;0;faces;1;1.997;6/2+6=7 ?;experiment;2.5807584514705013;faces\\Eddie.bmp;2;0;mixed;15;male;15
3;9.055236650208826;3;3;85;1.0;270;;3;1.0;44;3.933;24;4.5617423603321186;faces\\Jane.bmp, faces\\Gary.bmp, faces\\Joshua.bmp;100;1, 1, 0;faces;1, 1, 1;3.549;2x4-6=2 ?, 2x2+4=8 ?, 3x3-9=2 ?;experiment;2.2996629223171112, 1.6968029140325598, 2.1354074428036256;faces\\Jane.bmp, faces\\Gary.bmp, faces\\Joshua.bmp;6;1, 1, 0;mixed;13;male;14
1;1.3724074144774931;1;1;80;1.0;270;;1;1.0;45;3.664;24;4.354048154775683;faces\\Kenny.bmp;100;0;faces;1;3.996;8/2+2=4 ?;experiment;3.1964710088968786;faces\\Kenny.bmp;2;0;mixed;4;male;16
3;13.184513392587633;3;3;25;1.0;270;;3;1.0;46;1.987;24;1.1886514306402205;faces\\James.bmp, faces\\Vicky.bmp, faces\\Nina.bmp;60;0, 0, 1;faces;1, 1, 1;6.249;4/2+5=6 ?, 6/3+3=3 ?, 9/3+1=4 ?;experiment;1.7963925175404256, 2.8191977050310015, 1.8177592441838897;faces\\James.bmp, faces\\Vicky.bmp, faces\\Nina.bmp;6;0, 0, 1;mixed;15;male;18
3;9.516677976483152;3;3;65;1.0;270;;3;1.0;47;5.71;24;1.8802021562955815;faces\\Linda.bmp, faces\\Mike.bmp, faces\\Shane.bmp;90;1, 0, 0;faces;1, 1, 1;1.866;4/2+7=9 ?, 9/3+3=8 ?, 8/2+1=7 ?;experiment;2.2809099742726175, 1.5434865515812817, 3.097025087266047;faces\\Linda.bmp, faces\\Mike.bmp, faces\\Shane.bmp;6;1, 0, 0;mixed;11;male;12
2;7.453342184137;2;2;40;1.0;270;;2;1.0;48;2.706;24;3.1700881426736487;faces\\John.bmp, faces\\Susan.bmp;40;0, 0;faces;1, 1;2.211;5+9/3=7 ?, 3x3-4=6 ?;experiment;3.7822887045108473, 4.013165365113764;faces\\John.bmp, faces\\Susan.bmp;4;0, 0;mixed;4;male;14
1;5.397205264339846;1;1;100;1.0;270;;1;1.0;1;5.628;24;1.1481668039855322;faces\\Mike.bmp;100;1;faces;1;2.42;9/3+4=7 ?;experiment;1.9011271637978098;faces\\Mike.bmp;2;1;mixed;16;male;5
2;4.703537078340105;2;2;65;1.0;270;;2;1.0;2;2.424;24;0.774652218016854;faces\\Jeff.bmp, faces\\Anders.bmp;80;0, 0;faces;1, 1;1.965;6+6/2=7 ?, 5+2x2=7 ?;experiment;3.567857871529668, 2.499476792708265;faces\\Jeff.bmp, faces\\Anders.bmp;4;0, 0;mixed;14;male;20
2;6.069885633331069;2;2;70;1.0;270;;2;1.0;3;4.489;24;1.0656815016154724;faces\\Tanya.bmp, faces\\Kurt.bmp;80;1, 1;faces;1, 1;5.437;1+4/2=3 ?, 4x2-2=6 ?;experiment;1.7837275758774922, 2.243194713163575;faces\\Tanya.bmp, faces\\Kurt.bmp;4;1, 1;mixed;17;male;3
3;13.059002757460803;3;3;65;1.0;270;;3;1.0;4;4.778;24;2.6820106595532707;faces\\Sonya.bmp, faces\\Lena.bmp, faces\\Adam.bmp;10;0, 1, 0;faces;1, 1, 1;12.592;3x2+3=7 ?, 8/2+1=5 ?, 8/2-2=3 ?;experiment;3.46499765798535, 1.482560099049806, 3.8164184870133795;faces\\Sonya.bmp, faces\\Lena.bmp, faces\\Adam.bmp;6;0, 1, 0;mixed;8;male;5
3;5.187522912127861;3;3;60;1.0;270;;3;1.0;5;4.771;24;1.3378338602351505;faces\\Gary.bmp, faces\\Megan.bmp, faces\\Scott.bmp;90;1, 0, 1;faces;1, 1, 1;2.037;3x3-6=3 ?, 2x2-4=2 ?, 2+6/3=4 ?;experiment;2.2220574670036513, 2.573406455092936, 2.5470802405807262;faces\\Gary.bmp, faces\\Megan.bmp, faces\\Scott.bmp;6;1, 0, 1;mixed;11;male;4
2;14.31787480546518;3;3;55;0.6666666666666666;270;;3;1.0;6;2.605;24;1.6027750307171118;faces\\Eric.bmp, faces\\Eddie.bmp, faces\\Jenny.bmp;0;0, 1, 1;faces;1, 0, 1;3.504;1+4/2=1 ?, 3+8/4=5 ?, 2x4-1=7 ?;experiment;2.053512057167154, 3.442811534124303, 2.745108761022948;faces\\Eric.bmp, faces\\Eddie.bmp, faces\\Jenny.bmp;6;0, 0, 1;mixed;15;male;10
1;3.1464011589787333;1;1;100;1.0;270;;1;1.0;7;1.826;24;3.9563683297228636;faces\\Kiki.bmp;100;0;faces;1;1.295;4+2x2=7 ?;experiment;1.681034443829958;faces\\Kiki.bmp;2;0;mixed;20;male;17
3;13.776036900790132;3;3;25;1.0;270;;3;1.0;8;2.745;24;1.1895948047917955;faces\\Emily.bmp, faces\\Cindy.bmp, faces\\Emma.bmp;70;0, 0, 1;faces;1, 1, 1;2.566;3x2-5=3 ?, 3x3-5=2 ?, 4+6/3=6 ?;experiment;3.0580429625229044, 2.8830121632868213, 2.407884522464883;faces\\Emily.bmp, faces\\Cindy.bmp, faces\\Emma.bmp;6;0, 0, 1;mixed;8;male;19
1;5.4305599857466405;1;1;100;1.0;270;;1;1.0;9;3.619;24;5.406963726894446;faces\\Amber.bmp;100;1;faces;1;4.028;2+2x3=8 ?;experiment;1.5560037061713956;faces\\Amber.bmp;2;1;mixed;5;male;5
3;17.11678421896795;3;3;0;1.0;270;;3;1.0;10;3.384;24;1.3621013187121207;faces\\Andrea.bmp, faces\\Greg.bmp, faces\\Damon.bmp;70;0, 0, 1;faces;1, 1, 1;6.56;3+8/2=5 ?, 9/3+1=3 ?, 6/2+3=6 ?;experiment;2.62726129616658, 2.036581816360467, 2.7411534042134917;faces\\Andrea.bmp, faces\\Greg.bmp, faces\\Damon.bmp;6;0, 0, 1;mixed;8;male;12
3;34.95411950309017;3;3;15;1.0;270;;3;1.0;11;3.734;24;3.1442758987609523;faces\\Donna.bmp, faces\\Erin.bmp, faces\\George.bmp;30;0, 1, 0;faces;1, 1, 1;5.645;4+2x2=6 ?, 2+4/2=4 ?, 3+3x2=7 ?;experiment;2.1286901098014823, 1.6401187715446213, 2.93982972466074;faces\\Donna.bmp, faces\\Erin.bmp, faces\\George.bmp;6;0, 1, 0;mixed;19;male;3
;10.448;;;;;270;[];1;;1;;[];;[];;[];faces;[];;[];qStress;[];3;;;mixed;;male;24
;6.427;;;;;270;[];1;;1;;[];;[];;[];faces;[];;[];qSatisfied;[];6;;;mixed;;male;24
;5.843;;;;;270;[];1;;1;;[];;[];;[];faces;[];;[];qFrustration;[];1;;;mixed;;male;24
;9.357;;;;;270;[];1;;1;;[];;[];;[];faces;[];;[];qDifficulty;[];3;;;mixed;;male;24
;7.219;;;;;270;[];1;;1;;[];;[];;[];faces;[];;[];qEffort;[];6;;;mixed;;male;24
;10.9;;;;;270;[];1;;1;;[];;[];;[];faces;[];;[];qAttitude;[];7;;;mixed;;male;24
;14.169814326068717;;;;;270;[];1;;1;;[];;[];;[];faces;[];;[];qBirthweight;[];3300;;;mixed;;male;24
;5.698257385146462;;;;;270;[];1;;1;;[];;[];;[];faces;[];;[];qFriends;[];210;;;mixed;;male;24
;60.29949994601702;;;;;270;[];1;;1;;[];;[];;[];faces;[];;[];qAbout;[];recognitionoffacesfrompeoplefromallovertheworldthinorthick;;;mixed;;male;24
;6.819895177913168;;;;;270;[];1;;1;;[];;[];;[];faces;[];;[];qFeedback;[];no;;;mixed;;male;24
