equationScore;recallRT;recallIntersection;recallLocation;pggInvestOther;payoutFactor;id;recallRTs;span;recallProportion;no;pggRT;equationAnss;pauseRT;encode;pggInvest;equationCorrect;stimType;equationScores;pggRTOther;equationText;condition;equationRTs;recallAns;recallSum;pggStart;order;pggStartOther;gender;age
;38.404084719065395;;;;;272;[];1;;1;;[];;[];;[];faces;[];;[];qCheck1;[];100;;;mixed;;female;20
;16.730788761870826;;;;;272;[];1;;1;;[];;[];;[];faces;[];;[];qCheck2;[];175;;;mixed;;female;20
;37.75684299846034;;;;;272;[];1;;1;;[];;[];;[];faces;[];;[];qCheck3;[];150;;;mixed;;female;20
;13.040033547389612;;;;;272;[];1;;1;;[];;[];;[];faces;[];;[];qCheck4;[];75;;;mixed;;female;20
;;;;30;;272;;1;;1;56.661;20;4.928029107246402;;35;;faces;;28.094;;practicePGG;;;;;mixed;19;female;14
;;;;50;;272;;1;;2;7.229;20;1.9103822440210934;;70;;faces;;10.78;;practicePGG;;;;;mixed;0;female;19
2;23.07911469701685;3;3;;0.6666666666666666;272;;3;1.0;1;;20;1.6242261255019912;faces\\Jane.bmp, faces\\Kurt.bmp, faces\\Timmy.bmp;;1, 1, 1;faces;1, 0, 1;;2x2-3=1 ?, 4+9/3=7 ?, 3+6/2=6 ?;practiceCS;3.3581787363245894, 3.6518037879977783, 2.596061835245564;faces\\Jane.bmp, faces\\Kurt.bmp, faces\\Timmy.bmp;6;1, 0, 1;mixed;;female;
4;23.644459651792204;4;4;;1.0;272;;4;1.0;2;;20;1.764833697803624;faces\\Paul.bmp, faces\\Nana.bmp, faces\\Liam.bmp, faces\\Justin.bmp;;0, 1, 1, 1;faces;1, 1, 1, 1;;6/2+2=3 ?, 2+9/3=5 ?, 2x2-3=1 ?, 3x3-5=4 ?;practiceCS;2.6346979852269214, 3.6437736790921917, 2.6201119313682284, 2.3199087668626817;faces\\Paul.bmp, faces\\Nana.bmp, faces\\Liam.bmp, faces\\Justin.bmp;8;0, 1, 1, 1;mixed;;female;
5;41.923147247673114;5;3;;0.8;272;;5;0.8;3;;20;4.824452976797147;faces\\Bruce.bmp, faces\\Britt.bmp, faces\\Shane.bmp, faces\\Kevin.bmp, faces\\Donald.bmp;;1, 0, 1, 0, 1;faces;1, 1, 1, 1, 1;;6+9/3=9 ?, 1+2x2=7 ?, 8/4+3=5 ?, 1+9/3=6 ?, 3x3-3=6 ?;practiceCS;2.3151488306239116, 2.0291519924203385, 2.1192824832287442, 1.882227806156152, 2.4165676980337594;faces\\Bruce.bmp, faces\\Britt.bmp, faces\\Shane.bmp, faces\\Donald.bmp, faces\\Kevin.bmp;8;1, 0, 1, 0, 1;mixed;;female;
4;38.26482322963784;4;2;50;0.75;272;;4;0.75;1;9.336;20;2.563758719878024;faces\\Nicole.bmp, faces\\Kenny.bmp, faces\\Fiona.bmp, faces\\Mary.bmp;35;0, 0, 1, 1;faces;1, 1, 1, 1;25.698;4+2x2=7 ?, 2x2-2=4 ?, 4/2+3=5 ?, 2+6/2=5 ?;practiceExp;1.7751150779749878, 2.133655479139634, 1.8144092855500276, 1.7273999499984711;faces\\Nicole.bmp, faces\\Kenny.bmp, faces\\Mary.bmp, faces\\Fiona.bmp;6;0, 0, 1, 1;mixed;4;female;9
2;15.778456269958951;3;3;75;0.6666666666666666;272;;3;1.0;2;9.321;20;4.084803631591058;faces\\Molly.bmp, faces\\Mark.bmp, faces\\Kelly.bmp;75;1, 0, 1;faces;1, 1, 0;20.607;8/4+6=8 ?, 9/3-3=1 ?, 4x2-8=0 ?;practiceExp;1.9909559158877528, 2.5745676134674795, 2.589227560256404;faces\\Molly.bmp, faces\\Mark.bmp, faces\\Kelly.bmp;6;1, 0, 0;mixed;19;female;8
5;33.48295228528241;4;4;80;0.8;272;;5;0.8;3;5.772;20;4.005466024236739;faces\\Brian.bmp, faces\\Bobby.bmp, faces\\Jeff.bmp, faces\\Mike.bmp, faces\\George.bmp;95;0, 1, 1, 0, 0;faces;1, 1, 1, 1, 1;10.468;8/4-2=2 ?, 6/3-2=0 ?, 2x2-3=1 ?, 2x2+3=5 ?, 4x2-8=1 ?;practiceExp;2.4445517716449103, 2.409767906412526, 1.9579183869009285, 1.8199701390458358, 2.507040969935588;faces\\Brian.bmp, faces\\Bruce.bmp, faces\\Jeff.bmp, faces\\Mike.bmp, faces\\George.bmp;8;0, 1, 1, 0, 0;mixed;18;female;17
5;40.89396692962964;5;5;100;1.0;272;;5;1.0;1;6.599;20;2.39520278888358;faces\\James.bmp, faces\\Hanna.bmp, faces\\Ethan.bmp, faces\\John.bmp, faces\\Lucia.bmp;60;0, 0, 0, 1, 0;faces;1, 1, 1, 1, 1;16.554;2x4-7=0 ?, 3x3-5=5 ?, 3+2x3=7 ?, 5+6/2=8 ?, 1+3x2=9 ?;experiment;2.673628475379701, 3.11364568422141, 2.845116724145555, 2.1164893304767247, 2.3681715235534284;faces\\James.bmp, faces\\Hanna.bmp, faces\\Ethan.bmp, faces\\John.bmp, faces\\Lucia.bmp;10;0, 0, 0, 1, 0;mixed;10;female;10
3;30.621841025929825;3;3;100;1.0;272;;3;1.0;2;11.237;20;2.8756131573745733;faces\\Sofia.bmp, faces\\Julia.bmp, faces\\Kate.bmp;15;0, 1, 0;faces;1, 1, 1;15.148;2x3-5=0 ?, 9/3+1=4 ?, 2x4-2=8 ?;experiment;2.475335566268768, 2.289010848714497, 2.4215899541741237;faces\\Sofia.bmp, faces\\Julia.bmp, faces\\Kate.bmp;6;0, 1, 0;mixed;19;female;11
3;12.523208332495415;3;3;100;1.0;272;;3;1.0;3;8.355;20;2.3598577478987863;faces\\Peter.bmp, faces\\Rachel.bmp, faces\\Will.bmp;70;0, 0, 1;faces;1, 1, 1;6.507;3x3-8=2 ?, 2x3+1=6 ?, 3x3-3=6 ?;experiment;1.9177230960976885, 2.064162052121901, 2.33577111582872;faces\\Peter.bmp, faces\\Rachel.bmp, faces\\Will.bmp;6;0, 0, 1;mixed;19;female;3
5;36.47233140814842;5;5;100;1.0;272;;5;1.0;4;9.349;20;2.94227812724057;faces\\Ricky.bmp, faces\\Olga.bmp, faces\\Leah.bmp, faces\\Niclas.bmp, faces\\Jonah.bmp;5;0, 0, 1, 1, 0;faces;1, 1, 1, 1, 1;4.026;6/3-2=1 ?, 2x4-8=1 ?, 7+8/4=9 ?, 9/3+4=7 ?, 4x2-4=5 ?;experiment;3.0682585940558056, 2.3044286085514614, 2.4347601373920043, 2.1019508965064233, 3.1057124571570967;faces\\Ricky.bmp, faces\\Olga.bmp, faces\\Leah.bmp, faces\\Niclas.bmp, faces\\Jonah.bmp;10;0, 0, 1, 1, 0;mixed;18;female;11
3;21.435836921587907;3;3;95;1.0;272;;3;1.0;5;7.781;20;3.096448336321373;faces\\Daniel.bmp, faces\\Jake.bmp, faces\\Milla.bmp;80;0, 0, 1;faces;1, 1, 1;6.67;6/3-1=3 ?, 6/2+1=3 ?, 9/3-1=2 ?;experiment;3.208216729605738, 2.4494508729012523, 2.5606100600298305;faces\\Daniel.bmp, faces\\Jake.bmp, faces\\Milla.bmp;6;0, 0, 1;mixed;9;female;7
5;30.933864185615676;5;5;100;1.0;272;;5;1.0;6;5.76;20;5.409769548477016;faces\\Scott.bmp, faces\\Lena.bmp, faces\\Andrea.bmp, faces\\Anna.bmp, faces\\Linda.bmp;35;0, 0, 0, 1, 0;faces;1, 1, 1, 1, 1;6.822;2x2-2=1 ?, 6/2-3=1 ?, 3+9/3=4 ?, 1+8/4=3 ?, 5+9/3=9 ?;experiment;2.1441449910644224, 2.5272896853275597, 2.737229762265997, 3.1430497336368717, 2.715006053063007;faces\\Scott.bmp, faces\\Lena.bmp, faces\\Andrea.bmp, faces\\Anna.bmp, faces\\Linda.bmp;10;0, 0, 0, 1, 0;mixed;20;female;16
3;18.631170008337904;3;3;100;1.0;272;;3;1.0;7;5.918;20;2.653238542387953;faces\\Lana.bmp, faces\\Vicky.bmp, faces\\Liam.bmp;100;1, 0, 1;faces;1, 1, 1;3.05;2+9/3=5 ?, 4+8/2=6 ?, 9/3+2=5 ?;experiment;1.697699507831203, 1.9203655893761606, 2.28131038437823;faces\\Lana.bmp, faces\\Vicky.bmp, faces\\Liam.bmp;6;1, 0, 1;mixed;11;female;10
3;10.587939770693993;3;3;100;1.0;272;;3;1.0;8;4.089;20;2.528866888866105;faces\\Adam.bmp, faces\\Tina.bmp, faces\\Zach.bmp;0;0, 1, 1;faces;1, 1, 1;3.378;6/3-1=2 ?, 8/4-2=0 ?, 3+9/3=6 ?;experiment;2.628653954071524, 3.02794917972642, 2.907620290506202;faces\\Adam.bmp, faces\\Tina.bmp, faces\\Zach.bmp;6;0, 1, 1;mixed;11;female;5
3;10.531400595330524;3;3;100;1.0;272;;3;1.0;9;2.438;20;0.920965353657266;faces\\Britt.bmp, faces\\Joan.bmp, faces\\Gary.bmp;85;0, 1, 1;faces;1, 1, 1;6.126;4+2x2=9 ?, 2x4-5=3 ?, 4/2+1=3 ?;experiment;2.124549817587649, 3.133121807979478, 2.590944339329326;faces\\Britt.bmp, faces\\Joan.bmp, faces\\Gary.bmp;6;0, 1, 1;mixed;8;female;16
3;22.646260997217723;3;3;100;0.5625;272;;4;0.75;10;2.641;20;0.9732581486450727;faces\\Eddie.bmp, faces\\Regina.bmp, faces\\Diana.bmp, faces\\Simon.bmp;55;0, 1, 1, 0;faces;1, 1, 0, 1;2.356;4+8/2=6 ?, 8/2+2=6 ?, 3x2-2=4 ?, 2x2-4=1 ?;experiment;2.4050428640575774, 1.6971013856154968, 2.7531274156317522, 2.1353275119390673;faces\\Eddie.bmp, faces\\Mona.bmp, faces\\Diana.bmp, faces\\Simon.bmp;6;0, 1, 0, 0;mixed;15;female;8
5;30.621703502975834;5;5;100;1.0;272;;5;1.0;11;4.723;20;3.759265455014429;faces\\Mona.bmp, faces\\Greg.bmp, faces\\Billy.bmp, faces\\Nicole.bmp, faces\\Noah.bmp;100;0, 1, 1, 1, 1;faces;1, 1, 1, 1, 1;9.262;3x3-7=3 ?, 8/2-4=0 ?, 4x2-2=6 ?, 9/3-1=2 ?, 4/2-2=0 ?;experiment;2.0539709855302135, 1.5826732573686968, 2.2945901754419538, 2.6588478368048527, 2.5317154613148887;faces\\Mona.bmp, faces\\Greg.bmp, faces\\Billy.bmp, faces\\Nicole.bmp, faces\\Noah.bmp;10;0, 1, 1, 1, 1;mixed;2;female;12
3;20.37424716446185;3;3;100;1.0;272;;3;1.0;12;2.435;20;3.0981942620501286;faces\\Timmy.bmp, faces\\Micha.bmp, faces\\Thomas.bmp;10;1, 0, 1;faces;1, 1, 1;2.248;3x3-6=3 ?, 4x2-8=1 ?, 5+6/3=7 ?;experiment;2.093976207297601, 1.9414985568300835, 2.545961607695972;faces\\Timmy.bmp, faces\\Micha.bmp, faces\\Thomas.bmp;6;1, 0, 1;mixed;19;female;0
5;14.43566081010431;5;3;100;0.8;272;;5;0.8;13;3.449;20;1.7898099186486434;faces\\Nana.bmp, faces\\Bobby.bmp, faces\\Sarah.bmp, faces\\Erin.bmp, faces\\Paul.bmp;100;0, 1, 0, 0, 0;faces;1, 1, 1, 1, 1;6.564;3+6/2=4 ?, 3x3-8=1 ?, 3x3-3=4 ?, 7+8/4=7 ?, 4/2-2=2 ?;experiment;1.650440873955631, 1.9355177451816417, 1.6849193150783321, 2.2273660824057515, 2.6226985944340413;faces\\Nana.bmp, faces\\Bobby.bmp, faces\\Sarah.bmp, faces\\Paul.bmp, faces\\Erin.bmp;8;0, 1, 0, 0, 0;mixed;0;female;11
4;18.055670933435977;4;4;100;1.0;272;;4;1.0;14;2.673;20;5.333725923733255;faces\\Lisa.bmp, faces\\Kiki.bmp, faces\\Tony.bmp, faces\\Chris.bmp;55;1, 1, 1, 0;faces;1, 1, 1, 1;3.826;6/2-1=2 ?, 2x3-5=1 ?, 3x2-4=2 ?, 6/3+5=9 ?;experiment;2.552137825092359, 1.8034682057195823, 1.6320013037993704, 1.9246805259699613;faces\\Lisa.bmp, faces\\Kiki.bmp, faces\\Tony.bmp, faces\\Chris.bmp;8;1, 1, 1, 0;mixed;8;female;9
5;38.322638700108655;5;2;100;0.7;272;;5;0.7;15;3.599;20;4.799405326119995;faces\\Oliver.bmp, faces\\Eric.bmp, faces\\Donald.bmp, faces\\Steve.bmp, faces\\Joshua.bmp;10;0, 1, 0, 0, 0;faces;1, 1, 1, 1, 1;3.126;3+4/2=6 ?, 3x3-1=8 ?, 2x3-3=1 ?, 2+8/4=5 ?, 9/3+4=5 ?;experiment;2.3342764260614786, 1.9449633142121456, 2.588214816600157, 1.9896233800509435, 2.1895924271248077;faces\\Oliver.bmp, faces\\Eric.bmp, faces\\Joshua.bmp, faces\\Donald.bmp, faces\\Steve.bmp;7;0, 1, 0, 0, 0;mixed;9;female;0
3;23.964276873524796;3;3;100;1.0;272;;3;1.0;16;2.374;20;5.5495121629810455;faces\\Sonya.bmp, faces\\Robert.bmp, faces\\Jeff.bmp;75;0, 0, 1;faces;1, 1, 1;1.61;3+9/3=5 ?, 8/4+4=4 ?, 4x2-7=1 ?;experiment;2.0872950548800873, 1.8590418467974814, 3.427822822816779;faces\\Sonya.bmp, faces\\Robert.bmp, faces\\Jeff.bmp;6;0, 0, 1;mixed;19;female;9
4;13.259578884192706;4;4;100;1.0;272;;4;1.0;17;3.853;20;1.982516111737823;faces\\Maria.bmp, faces\\David.bmp, faces\\Karen.bmp, faces\\George.bmp;90;0, 0, 1, 0;faces;1, 1, 1, 1;5.341;4/2-2=2 ?, 6+8/4=6 ?, 9/3+6=9 ?, 8/2-3=3 ?;experiment;2.06632957806778, 2.903905528710311, 2.655890067024302, 2.791580064837035;faces\\Maria.bmp, faces\\David.bmp, faces\\Karen.bmp, faces\\George.bmp;8;0, 0, 1, 0;mixed;4;female;18
4;10.405884422425515;4;4;100;1.0;272;;4;1.0;18;2.036;20;2.231206051666959;faces\\Jason.bmp, faces\\Donna.bmp, faces\\Polly.bmp, faces\\Nina.bmp;25;1, 1, 0, 0;faces;1, 1, 1, 1;3.052;1+2x2=5 ?, 6/2+4=7 ?, 2x4-7=3 ?, 6/3+1=5 ?;experiment;1.912591232111481, 1.7109029428684153, 2.6316507228984847, 2.3892786284814065;faces\\Jason.bmp, faces\\Donna.bmp, faces\\Polly.bmp, faces\\Nina.bmp;8;1, 1, 0, 0;mixed;9;female;5
4;26.933197917697726;4;4;100;1.0;272;;4;1.0;19;4.168;20;0.809505258097488;faces\\Keith.bmp, faces\\Lily.bmp, faces\\Mark.bmp, faces\\Carl.bmp;95;0, 0, 0, 1;faces;1, 1, 1, 1;6.034;4/2-1=0 ?, 6+8/4=6 ?, 8/2-4=2 ?, 8/4+1=3 ?;experiment;2.150060941141419, 2.5170460726521924, 1.7578036065497145, 2.8101809678910286;faces\\Keith.bmp, faces\\Lily.bmp, faces\\Mark.bmp, faces\\Carl.bmp;8;0, 0, 0, 1;mixed;1;female;18
4;13.65751078528865;4;4;100;1.0;272;;4;1.0;20;2.261;20;2.5630017278626838;faces\\Jacob.bmp, faces\\Susan.bmp, faces\\Leslie.bmp, faces\\Megan.bmp;75;0, 0, 0, 0;faces;1, 1, 1, 1;1.653;3x2-4=0 ?, 3x3-2=8 ?, 6/3+4=8 ?, 2x4-6=4 ?;experiment;2.3844731249364486, 2.3369726969731346, 2.3497073224198175, 3.048900698986472;faces\\Jacob.bmp, faces\\Susan.bmp, faces\\Leslie.bmp, faces\\Megan.bmp;8;0, 0, 0, 0;mixed;17;female;11
4;21.869838835414157;4;2;100;0.75;272;;4;0.75;21;3.907;20;3.1513438045085422;faces\\Kurt.bmp, faces\\Tanya.bmp, faces\\Brian.bmp, faces\\Cindy.bmp;5;1, 1, 0, 0;faces;1, 1, 1, 1;4.517;9/3-3=0 ?, 3x3-8=1 ?, 2x3-1=4 ?, 2x2-3=0 ?;experiment;1.885688458376535, 2.3028472998503275, 2.233566109746789, 2.7489454863116407;faces\\Kurt.bmp, faces\\Tanya.bmp, faces\\Cindy.bmp, faces\\Brian.bmp;6;1, 1, 0, 0;mixed;2;female;0
5;26.15788702345708;5;5;100;1.0;272;;5;1.0;22;2.528;20;1.9683184062769215;faces\\Lucas.bmp, faces\\Jenny.bmp, faces\\Mary.bmp, faces\\Erica.bmp, faces\\Angie.bmp;0;0, 1, 1, 1, 1;faces;1, 1, 1, 1, 1;1.723;2x2+5=7 ?, 5+6/2=8 ?, 2x4-1=7 ?, 2x3-6=0 ?, 2x3+2=8 ?;experiment;2.053777632364472, 2.2303394518048663, 2.3159723262770058, 1.6870876620560011, 2.4016372210180634;faces\\Lucas.bmp, faces\\Jenny.bmp, faces\\Mary.bmp, faces\\Erica.bmp, faces\\Angie.bmp;10;0, 1, 1, 1, 1;mixed;18;female;0
4;80.18276636245992;4;2;100;0.75;272;;4;0.75;23;2.489;20;5.134855007703663;faces\\Kenny.bmp, faces\\Kevin.bmp, faces\\Casper.bmp, faces\\Shane.bmp;10;0, 1, 1, 1;faces;1, 1, 1, 1;2.633;2x3-5=3 ?, 3x3-9=0 ?, 2x2-4=0 ?, 9/3+5=8 ?;experiment;2.259744322252118, 1.890673768050874, 1.5549892711569555, 2.0415996669889864;faces\\Kenny.bmp, faces\\Kevin.bmp, faces\\Shane.bmp, faces\\Casper.bmp;6;0, 1, 1, 1;mixed;12;female;1
3;19.756109816388744;4;4;100;0.75;272;;4;1.0;24;2.32;20;4.737914913933309;faces\\Alex.bmp, faces\\Amber.bmp, faces\\Nathan.bmp, faces\\Amanda.bmp;70;1, 1, 0, 0;faces;0, 1, 1, 1;3.616;3+8/2=7 ?, 3x3-3=6 ?, 3x3-5=5 ?, 8/4-2=1 ?;experiment;2.070287365499098, 1.5323513510302291, 1.8347836189232112, 2.9256382604453393;faces\\Alex.bmp, faces\\Amber.bmp, faces\\Nathan.bmp, faces\\Amanda.bmp;8;0, 1, 0, 0;mixed;9;female;10
3;14.566110157116782;3;3;100;1.0;272;;3;1.0;25;2.19;20;5.099182374729935;faces\\Lulu.bmp, faces\\Bruce.bmp, faces\\Victor.bmp;85;0, 0, 0;faces;1, 1, 1;7.06;3x3-5=5 ?, 9/3+3=4 ?, 8/4+4=8 ?;experiment;1.4176104093785398, 2.192298960942935, 2.6381307223400654;faces\\Lulu.bmp, faces\\Bruce.bmp, faces\\Victor.bmp;6;0, 0, 0;mixed;3;female;12
5;38.26285234099032;5;2;100;0.7;272;;5;0.7;26;4.446;20;1.0186419546807883;faces\\Mike.bmp, faces\\Ella.bmp, faces\\Matt.bmp, faces\\Emma.bmp, faces\\Julian.bmp;95;0, 1, 0, 0, 1;faces;1, 1, 1, 1, 1;2.243;3x3-6=1 ?, 2x3-4=2 ?, 2+8/2=5 ?, 4/2+2=3 ?, 5+6/3=7 ?;experiment;1.8026126897966606, 2.455305245535783, 1.666969901356424, 2.221920583983774, 2.551446515681164;faces\\Mike.bmp, faces\\Ella.bmp, faces\\Julian.bmp, faces\\Matt.bmp, faces\\Emma.bmp;7;0, 1, 0, 0, 1;mixed;12;female;14
5;28.242294096324258;5;5;100;1.0;272;;5;1.0;27;2.124;20;0.9004727915971671;faces\\Kristen.bmp, faces\\Jane.bmp, faces\\Chloe.bmp, faces\\Damon.bmp, faces\\Olivia.bmp;80;0, 0, 0, 0, 0;faces;1, 1, 1, 1, 1;3.41;3x2-2=5 ?, 2x3+1=5 ?, 3x3-4=6 ?, 6/3+6=9 ?, 1+2x2=6 ?;experiment;2.427859358766, 2.2769605539015174, 1.9219908233189926, 2.247292542519972, 2.0722151499394386;faces\\Kristen.bmp, faces\\Jane.bmp, faces\\Chloe.bmp, faces\\Damon.bmp, faces\\Olivia.bmp;10;0, 0, 0, 0, 0;mixed;18;female;10
;6.345;;;;;272;[];1;;1;;[];;[];;[];faces;[];;[];qStress;[];5;;;mixed;;female;20
;6.816;;;;;272;[];1;;1;;[];;[];;[];faces;[];;[];qSatisfied;[];6;;;mixed;;female;20
;4.895;;;;;272;[];1;;1;;[];;[];;[];faces;[];;[];qFrustration;[];2;;;mixed;;female;20
;5.541;;;;;272;[];1;;1;;[];;[];;[];faces;[];;[];qDifficulty;[];4;;;mixed;;female;20
;10.874;;;;;272;[];1;;1;;[];;[];;[];faces;[];;[];qEffort;[];6;;;mixed;;female;20
;12.53;;;;;272;[];1;;1;;[];;[];;[];faces;[];;[];qAttitude;[];3;;;mixed;;female;20
;21.278877254401777;;;;;272;[];1;;1;;[];;[];;[];faces;[];;[];qBirthweight;[];0;;;mixed;;female;20
;6.783035168518836;;;;;272;[];1;;1;;[];;[];;[];faces;[];;[];qFriends;[];400;;;mixed;;female;20
;60.17139793518436;;;;;272;[];1;;1;;[];;[];;[];faces;[];;[];qAbout;[];investigatingourskillstomemorizeandconcentrate;;;mixed;;female;20
;24.156662863917518;;;;;272;[];1;;1;;[];;[];;[];faces;[];;[];qFeedback;[];noitwasreallygood;;;mixed;;female;20
