equationScore;recallRT;recallIntersection;recallLocation;pggInvestOther;payoutFactor;id;recallRTs;span;recallProportion;no;pggRT;equationAnss;pauseRT;encode;pggInvest;equationCorrect;stimType;equationScores;pggRTOther;equationText;condition;equationRTs;recallAns;recallSum;pggStart;order;pggStartOther;gender;age
;38.51262532651708;;;;;280;[];1;;1;;[];;[];;[];faces;[];;[];qCheck1;[];100;;;mixed;;male;28
;20.995866888184537;;;;;280;[];1;;1;;[];;[];;[];faces;[];;[];qCheck2;[];175;;;mixed;;male;28
;10.449548572069034;;;;;280;[];1;;1;;[];;[];;[];faces;[];;[];qCheck3;[];150;;;mixed;;male;28
;15.392016706508002;;;;;280;[];1;;1;;[];;[];;[];faces;[];;[];qCheck4;[];75;;;mixed;;male;28
;;;;85;;280;;1;;1;10.371;28;1.9404684932342207;;50;;faces;;13.835;;practicePGG;;;;;mixed;19;male;16
;;;;50;;280;;1;;2;16.731;28;2.1076665775835863;;55;;faces;;7.335;;practicePGG;;;;;mixed;10;male;3
4;20.377618550890475;5;1;;0.48;280;;5;0.6;1;;28;1.8486508477017196;faces\\Lucas.bmp, faces\\Cindy.bmp, faces\\Britt.bmp, faces\\Tony.bmp, faces\\Kenny.bmp;;0, 0, 0, 0, 1;faces;0, 1, 1, 1, 1;;8/2-3=2 ?, 3x3-1=6 ?, 5+8/4=6 ?, 2x3-4=4 ?, 4/2+2=4 ?;practiceCS;timeout, 3.0652344457175786, 4.247096291899652, 2.947755627505103, 1.9106651773017802;faces\\Lucas.bmp, faces\\Tony.bmp, faces\\Cindy.bmp, faces\\Kenny.bmp, faces\\Britt.bmp;6;timeout, 0, 0, 0, 1;mixed;;male;
6;24.88000346478657;6;1;;0.5833333333333334;280;;6;0.5833333333333334;2;;28;1.8427574276356609;faces\\Andrea.bmp, faces\\Zach.bmp, faces\\Julia.bmp, faces\\Kevin.bmp, faces\\Jason.bmp, faces\\Benny.bmp;;0, 0, 1, 0, 0, 0;faces;1, 1, 1, 1, 1, 1;;2x3+1=8 ?, 2x4+1=8 ?, 3x2-4=2 ?, 4+8/2=9 ?, 2+2x2=7 ?, 3x3-5=6 ?;practiceCS;2.578285891630003, 3.7434170095530135, 2.8641299015525874, 2.781425792210939, 2.6163648731471767, 2.999181834340561;faces\\Jason.bmp, faces\\Andrea.bmp, faces\\Kevin.bmp, faces\\Zach.bmp, faces\\Julia.bmp, faces\\Benny.bmp;7;0, 0, 1, 0, 0, 0;mixed;;male;
6;15.631780296451325;7;2;;0.5510204081632654;280;;7;0.6428571428571429;3;;28;3.038952156808591;faces\\George.bmp, faces\\Timmy.bmp, faces\\Scott.bmp, faces\\Haley.bmp, faces\\Chloe.bmp, faces\\Jake.bmp, faces\\Carl.bmp;;0, 0, 0, 0, 0, 0, 0;faces;1, 1, 1, 1, 1, 1, 0;;3x3-8=2 ?, 6/2+6=8 ?, 6/3+6=6 ?, 4/2-2=1 ?, 4x2-2=5 ?, 7+4/2=7 ?, 5+6/2=7 ?;practiceCS;3.178131043619942, 3.162194670880126, 4.3951346032354195, 3.425861588373664, 2.986413031207121, 3.373631994587413, timeout;faces\\Haley.bmp, faces\\Timmy.bmp, faces\\Jake.bmp, faces\\George.bmp, faces\\Scott.bmp, faces\\Chloe.bmp, faces\\Carl.bmp;9;0, 0, 0, 0, 0, 0, timeout;mixed;;male;
5;18.08265033126918;6;0;10;0.4166666666666667;280;;6;0.5;1;11.694;28;1.832804789286456;faces\\Daniel.bmp, faces\\Lucia.bmp, faces\\Emma.bmp, faces\\Hanna.bmp, faces\\Bobby.bmp, faces\\Vicky.bmp;30;1, 0, 0, 0, 0, 1;faces;0, 1, 1, 1, 1, 1;10.441;2+9/3=5 ?, 2x3-1=4 ?, 8/4+6=9 ?, 3x3-1=7 ?, 2+4/2=6 ?, 8/4+4=6 ?;practiceExp;timeout, 3.365359613158944, 4.210789523704079, 3.252348069756408, 2.834025674719669, 1.987152787614832;faces\\Lucia.bmp, faces\\Bobby.bmp, faces\\Vicky.bmp, faces\\Emma.bmp, faces\\Hanna.bmp, faces\\Daniel.bmp;6;timeout, 0, 0, 0, 0, 1;mixed;8;male;20
5;18.56598384933568;5;0;50;0.5;280;;5;0.5;2;8.974;28;2.3043732247588196;faces\\James.bmp, faces\\Carl.bmp, faces\\Leah.bmp, faces\\Mike.bmp, faces\\Anna.bmp;40;1, 1, 0, 1, 1;faces;1, 1, 1, 1, 1;6.559;2x4-5=3 ?, 4/2-1=1 ?, 3x3-6=1 ?, 2x2-2=2 ?, 3x3-2=7 ?;practiceExp;4.736938598987763, 3.0287585434271023, 2.4863393429313874, 2.2402718132689188, 3.514110586604147;faces\\Leah.bmp, faces\\James.bmp, faces\\Carl.bmp, faces\\Anna.bmp, faces\\Mike.bmp;5;1, 1, 0, 1, 1;mixed;5;male;3
6;20.92319505800151;7;5;60;0.7346938775510203;280;;7;0.8571428571428571;3;9.249;28;2.3236114070277836;faces\\Simon.bmp, faces\\Wendy.bmp, faces\\Joan.bmp, faces\\Sarah.bmp, faces\\Anders.bmp, faces\\Ricky.bmp, faces\\Ethan.bmp;50;0, 1, 1, 0, 0, 1, 0;faces;1, 1, 1, 0, 1, 1, 1;6.13;2+8/2=8 ?, 2x2-3=1 ?, 2+4/2=4 ?, 8/2+2=8 ?, 8/2-4=1 ?, 6/2-2=1 ?, 3x3-4=7 ?;practiceExp;3.7864390581526095, 2.263311407477886, 2.4603177339977265, 3.85931614816036, 3.695972843303025, 4.068663926856971, 2.9223994709227554;faces\\Wendy.bmp, faces\\Simon.bmp, faces\\Joan.bmp, faces\\Sarah.bmp, faces\\Anders.bmp, faces\\Ricky.bmp, faces\\Ethan.bmp;12;0, 1, 1, 1, 0, 1, 0;mixed;1;male;16
4;20.30374307709826;4;1;15;0.4;280;;5;0.5;1;6.756;28;3.2860402383157634;faces\\Britt.bmp, faces\\Mary.bmp, faces\\Keith.bmp, faces\\Victor.bmp, faces\\Amber.bmp;60;0, 0, 0, 1, 0;faces;1, 0, 1, 1, 1;6.282;2x4-4=6 ?, 4x2-8=2 ?, 4x2-1=8 ?, 6/2+6=9 ?, 5+6/2=9 ?;experiment;3.933555752879329, 2.9214228446799098, 3.880822862003697, 3.0468858595268102, 2.8852018750894786;faces\\Britt.bmp, faces\\Keith.bmp, faces\\Amber.bmp, faces\\Mary.bmp, faces\\Noah.bmp;5;0, 1, 0, 1, 0;mixed;10;male;13
6;22.727589424521284;5;3;30;0.6666666666666666;280;;6;0.6666666666666666;2;5.08;28;3.3090375490010047;faces\\Sonya.bmp, faces\\Lena.bmp, faces\\Zach.bmp, faces\\Linda.bmp, faces\\Mike.bmp, faces\\Liam.bmp;50;1, 0, 1, 1, 0, 1;faces;1, 1, 1, 1, 1, 1;4.851;4x2-4=4 ?, 2+2x3=7 ?, 1+4/2=3 ?, 5+6/2=8 ?, 4x2-1=5 ?, 3x3-7=2 ?;experiment;3.199156628434139, 3.7121584014694236, 3.3439620975423168, 2.284178531710495, 3.2797149515772617, 2.1148736605264276;faces\\Lena.bmp, faces\\Sonya.bmp, faces\\Zach.bmp, faces\\Linda.bmp, faces\\Mike.bmp, faces\\Casper.bmp;8;1, 0, 1, 1, 0, 1;mixed;8;male;10
6;24.58627747761966;6;0;40;0.36734693877551017;280;;7;0.42857142857142855;3;4.035;28;3.1725003561259655;faces\\Lucia.bmp, faces\\Megan.bmp, faces\\Ricky.bmp, faces\\James.bmp, faces\\Jane.bmp, faces\\Lana.bmp, faces\\Kevin.bmp;35;1, 1, 1, 1, 0, 0, 0;faces;1, 1, 1, 0, 1, 1, 1;7.902;1+2x4=9 ?, 3+3x2=9 ?, 2+2x2=6 ?, 8/4-1=1 ?, 2x4-8=1 ?, 6/2-3=2 ?, 1+2x2=3 ?;experiment;2.814637242259778, 2.7115754635688063, 2.496993148837646, timeout, 3.3631493753746327, 3.154756875896055, 3.0252383374445344;faces\\Megan.bmp, faces\\Lucia.bmp, faces\\Lana.bmp, faces\\Kevin.bmp, faces\\Ricky.bmp, faces\\James.bmp, faces\\Robert.bmp;6;1, 1, 1, timeout, 0, 0, 0;mixed;20;male;1
5;20.33825135871666;4;2;75;0.6;280;;5;0.6;4;3.968;28;8.006254266838368;faces\\Benny.bmp, faces\\Joshua.bmp, faces\\Nana.bmp, faces\\Niclas.bmp, faces\\Donna.bmp;60;1, 0, 1, 0, 1;faces;1, 1, 1, 1, 1;4.661;2x4-1=7 ?, 1+4/2=4 ?, 6/2-2=1 ?, 2x3-6=2 ?, 3x3-1=8 ?;experiment;2.203793447859425, 3.009591791576895, 3.121181705437266, 3.4056586849328596, 2.225239404795502;faces\\Niclas.bmp, faces\\Benny.bmp, faces\\Nana.bmp, faces\\Britt.bmp, faces\\Donna.bmp;6;1, 0, 1, 0, 1;mixed;9;male;19
7;18.011923543179364;7;3;100;0.7142857142857143;280;;7;0.7142857142857143;5;4.468;28;3.2305913494474225;faces\\Joseph.bmp, faces\\Micha.bmp, faces\\Greg.bmp, faces\\Hanna.bmp, faces\\Julian.bmp, faces\\Eric.bmp, faces\\Tony.bmp;65;1, 0, 0, 0, 0, 1, 0;faces;1, 1, 1, 1, 1, 1, 1;9.667;2x4+1=9 ?, 6+9/3=8 ?, 8/4+1=1 ?, 4/2-2=1 ?, 2x2-4=2 ?, 3x2+3=9 ?, 7+8/4=8 ?;experiment;2.2669539483158587, 3.798990285873515, 4.0777667895363265, 3.7132044055324513, 3.5204695359534526, 2.984273813321124, 3.7468682482340228;faces\\Micha.bmp, faces\\Joseph.bmp, faces\\Greg.bmp, faces\\Julian.bmp, faces\\Hanna.bmp, faces\\Eric.bmp, faces\\Tony.bmp;10;1, 0, 0, 0, 0, 1, 0;mixed;15;male;2
6;16.34035937711087;5;4;85;0.75;280;;6;0.75;6;2.83;28;1.259753433687365;faces\\Julia.bmp, faces\\Erica.bmp, faces\\Anders.bmp, faces\\Milla.bmp, faces\\Will.bmp, faces\\Anna.bmp;75;0, 1, 1, 0, 1, 1;faces;1, 1, 1, 1, 1, 1;5.679;6/3+7=8 ?, 5+8/4=7 ?, 2x2+5=9 ?, 3+9/3=8 ?, 2x4+1=9 ?, 3+2x2=7 ?;experiment;3.918680162911187, 2.773201852100101, 3.9877041154995823, 3.0961933744601993, 2.2810540666687302, 3.5716715990602097;faces\\Julia.bmp, faces\\Erica.bmp, faces\\Milla.bmp, faces\\Scott.bmp, faces\\Will.bmp, faces\\Anna.bmp;9;0, 1, 1, 0, 1, 1;mixed;4;male;4
5;17.319343644765468;5;5;100;1.0;280;;5;1.0;7;2.524;28;1.5359465372057457;faces\\Adam.bmp, faces\\Damon.bmp, faces\\Donald.bmp, faces\\Olga.bmp, faces\\Joan.bmp;80;0, 1, 0, 1, 0;faces;1, 1, 1, 1, 1;7.677;2x3-4=4 ?, 3x3-9=0 ?, 4/2+3=7 ?, 4/2+3=5 ?, 6/2+4=5 ?;experiment;4.024170165319447, 2.802195623284206, 3.0641789997025626, 2.353301419534546, 3.3574148264106043;faces\\Adam.bmp, faces\\Damon.bmp, faces\\Donald.bmp, faces\\Olga.bmp, faces\\Joan.bmp;10;0, 1, 0, 1, 0;mixed;11;male;7
7;17.87847468961627;7;1;85;0.5714285714285714;280;;7;0.5714285714285714;8;5.13;28;3.62397303378566;faces\\John.bmp, faces\\Lucas.bmp, faces\\Paul.bmp, faces\\George.bmp, faces\\Lily.bmp, faces\\Angie.bmp, faces\\Andrea.bmp;95;1, 0, 1, 0, 1, 1, 1;faces;1, 1, 1, 1, 1, 1, 1;7.031;8/4+2=4 ?, 3+2x3=7 ?, 3x3-5=4 ?, 5+8/2=7 ?, 4x2-5=3 ?, 9/3+2=5 ?, 3x2+2=8 ?;experiment;3.1696735178302333, 3.185148466483952, 2.87174216738822, 3.5018385122439213, 3.4955932768370985, 3.1243004232037492, 2.94163354799457;faces\\Lucas.bmp, faces\\John.bmp, faces\\Lily.bmp, faces\\Andrea.bmp, faces\\George.bmp, faces\\Angie.bmp, faces\\Paul.bmp;8;1, 0, 1, 0, 1, 1, 1;mixed;9;male;17
6;23.73091176003254;5;3;80;0.6666666666666666;280;;6;0.6666666666666666;9;3.665;28;1.0873413392873772;faces\\Chloe.bmp, faces\\Kate.bmp, faces\\Jacob.bmp, faces\\Andre.bmp, faces\\Oliver.bmp, faces\\Regina.bmp;75;1, 1, 0, 0, 0, 0;faces;1, 1, 1, 1, 1, 1;6.486;4/2-2=0 ?, 3x2-4=2 ?, 9/3+5=6 ?, 3x3-6=4 ?, 5+9/3=6 ?, 8/2+2=7 ?;experiment;3.073714960608413, 3.2501665683485044, 3.5641336372809747, 3.4789364421176288, 3.8270899452654703, 2.754167698098172;faces\\Chloe.bmp, faces\\Kate.bmp, faces\\Andre.bmp, faces\\Oliver.bmp, faces\\Casper.bmp, faces\\Regina.bmp;8;1, 1, 0, 0, 0, 0;mixed;2;male;3
4;11.10650891217665;5;1;100;0.48;280;;5;0.6;10;9.86;28;0.8246806054503395;faces\\Erin.bmp, faces\\Scott.bmp, faces\\Eddie.bmp, faces\\Emma.bmp, faces\\Timmy.bmp;10;0, 0, 0, 0, 1;faces;1, 0, 1, 1, 1;7.177;9/3+3=7 ?, 6+6/3=9 ?, 3x2-4=1 ?, 3+6/3=7 ?, 3x2-4=2 ?;experiment;1.717679069695805, 1.8007481310069124, 3.0285056633238128, 2.2898617657192517, 2.535276158620036;faces\\Scott.bmp, faces\\Timmy.bmp, faces\\Eddie.bmp, faces\\Erin.bmp, faces\\Emma.bmp;6;0, 1, 0, 0, 1;mixed;17;male;3
6;16.804492480716362;6;0;100;0.5;280;;6;0.5;11;3.512;28;0.746149428330682;faces\\Robert.bmp, faces\\Kenny.bmp, faces\\Brian.bmp, faces\\Nathan.bmp, faces\\Molly.bmp, faces\\Ethan.bmp;15;1, 0, 1, 0, 1, 1;faces;1, 1, 1, 1, 1, 1;6.627;4x2-4=4 ?, 2x2+4=7 ?, 4/2+6=8 ?, 2x2-4=2 ?, 9/3+1=4 ?, 3x3-7=2 ?;experiment;2.944415639649378, 2.0056885707617766, 2.8804250684643193, 2.8563989955400757, 2.9815865517048223, 2.4940099025552627;faces\\Nathan.bmp, faces\\Robert.bmp, faces\\Ethan.bmp, faces\\Brian.bmp, faces\\Kenny.bmp, faces\\Molly.bmp;6;1, 0, 1, 0, 1, 1;mixed;12;male;5
7;24.03668814094999;6;0;40;0.42857142857142855;280;;7;0.42857142857142855;12;9.488;28;0.9155905920397345;faces\\Noah.bmp, faces\\Karen.bmp, faces\\Billy.bmp, faces\\Daniel.bmp, faces\\Justin.bmp, faces\\Chris.bmp, faces\\Casper.bmp;0;0, 1, 1, 0, 0, 0, 0;faces;1, 1, 1, 1, 1, 1, 1;17.794;9/3-1=4 ?, 2x4-5=3 ?, 2x4+1=9 ?, 4/2-2=2 ?, 3x3-7=3 ?, 9/3-2=0 ?, 5+4/2=8 ?;experiment;3.0499220628444164, 2.215127074305201, 1.6602576339209918, 3.722222290642094, 2.773386585942717, 2.731557917959435, 4.031635054599974;faces\\Justin.bmp, faces\\Casper.bmp, faces\\Karen.bmp, faces\\Chris.bmp, faces\\Billy.bmp, faces\\Daniel.bmp, faces\\Amanda.bmp;6;0, 1, 1, 0, 0, 0, 0;mixed;17;male;12
7;18.313009737115863;6;0;70;0.42857142857142855;280;;7;0.42857142857142855;13;4.41;28;0.9887468354081648;faces\\Jake.bmp, faces\\Rachel.bmp, faces\\Leah.bmp, faces\\Peter.bmp, faces\\Jason.bmp, faces\\Nina.bmp, faces\\Sofia.bmp;25;0, 1, 0, 1, 1, 0, 1;faces;1, 1, 1, 1, 1, 1, 1;4.55;4x2-8=1 ?, 2+2x3=8 ?, 1+6/2=6 ?, 8/2-1=3 ?, 3x3-6=3 ?, 4/2-2=1 ?, 4x2-6=2 ?;experiment;2.2146804289277497, 2.4372654136786878, 2.3223782060049416, 2.865767874949597, 3.071955883917326, 3.6362750760781637, 2.197408635773172;faces\\Sofia.bmp, faces\\Nina.bmp, faces\\Rachel.bmp, faces\\Jake.bmp, faces\\Peter.bmp, faces\\Jason.bmp, faces\\Hanna.bmp;6;0, 1, 0, 1, 1, 0, 1;mixed;6;male;4
5;17.160339943111467;5;0;85;0.5;280;;5;0.5;14;5.028;28;0.7395926085118845;faces\\Shane.bmp, faces\\Wendy.bmp, faces\\Lisa.bmp, faces\\Tanya.bmp, faces\\Steve.bmp;70;1, 0, 0, 0, 1;faces;1, 1, 1, 1, 1;7.327;5+8/4=7 ?, 5+9/3=9 ?, 4/2+4=5 ?, 4/2-2=1 ?, 6/3-2=0 ?;experiment;3.5261523594399478, 2.4028827510737756, 2.222779571065985, 2.4465850307296932, 3.9301143666689313;faces\\Tanya.bmp, faces\\Lisa.bmp, faces\\Steve.bmp, faces\\Shane.bmp, faces\\Wendy.bmp;5;1, 0, 0, 0, 1;mixed;1;male;10
5;16.952690484195045;5;0;45;0.5;280;;5;0.5;15;4.301;28;0.7814528865073953;faces\\Maria.bmp, faces\\Polly.bmp, faces\\Kiki.bmp, faces\\Tina.bmp, faces\\Jeff.bmp;70;0, 1, 1, 1, 0;faces;1, 1, 1, 1, 1;5.236;2x2-2=4 ?, 8/2-3=1 ?, 4x2-5=3 ?, 9/3+6=9 ?, 2x2-4=2 ?;experiment;3.508123568055453, 2.522979453080552, 3.3943607736982813, 3.110362870631434, 2.731694210482601;faces\\Kiki.bmp, faces\\Maria.bmp, faces\\Polly.bmp, faces\\Jeff.bmp, faces\\Tina.bmp;5;0, 1, 1, 1, 0;mixed;17;male;20
6;21.724482611823987;6;1;95;0.5833333333333334;280;;6;0.5833333333333334;16;4.672;28;0.7013658399209817;faces\\Olivia.bmp, faces\\Thomas.bmp, faces\\Mona.bmp, faces\\Gary.bmp, faces\\Susan.bmp, faces\\Diana.bmp;20;0, 0, 1, 0, 0, 1;faces;1, 1, 1, 1, 1, 1;3.795;6+8/4=6 ?, 3+9/3=8 ?, 3x2+1=7 ?, 3x3-6=2 ?, 6/3+2=5 ?, 3x3-9=0 ?;experiment;4.027824611226606, 2.3629034741043142, 1.9384158949924313, 3.6772560209883522, 3.0814700872797403, 2.3129727903469757;faces\\Gary.bmp, faces\\Diana.bmp, faces\\Olivia.bmp, faces\\Thomas.bmp, faces\\Susan.bmp, faces\\Mona.bmp;7;0, 0, 1, 0, 0, 1;mixed;14;male;12
7;15.912976813440764;7;0;100;0.5;280;;7;0.5;17;4.342;28;1.4738406617252622;faces\\Leslie.bmp, faces\\Ella.bmp, faces\\Emily.bmp, faces\\Nicole.bmp, faces\\David.bmp, faces\\Bruce.bmp, faces\\Fiona.bmp;25;0, 0, 1, 0, 1, 0, 0;faces;1, 1, 1, 1, 1, 1, 1;7.441;8/2-2=1 ?, 2x3+1=5 ?, 2+8/4=4 ?, 2x3+2=9 ?, 4x2-8=0 ?, 2+3x2=9 ?, 1+2x2=7 ?;experiment;3.8579745699498744, 2.779125650620699, 2.5797514467740257, 3.3827484044122684, 2.5175802986705094, 3.0046754082723055, 2.067479577674021;faces\\Nicole.bmp, faces\\Leslie.bmp, faces\\Fiona.bmp, faces\\Bruce.bmp, faces\\Emily.bmp, faces\\Ella.bmp, faces\\David.bmp;7;0, 0, 1, 0, 1, 0, 0;mixed;10;male;4
6;20.01239687233283;6;3;100;0.75;280;;6;0.75;18;2.078;28;1.0166580662789784;faces\\Bobby.bmp, faces\\Lulu.bmp, faces\\Carl.bmp, faces\\Vicky.bmp, faces\\Cindy.bmp, faces\\Amanda.bmp;85;1, 0, 1, 1, 1, 0;faces;1, 1, 1, 1, 1, 1;8.916;2x3-1=5 ?, 4+2x2=7 ?, 9/3-2=1 ?, 6/2+5=8 ?, 3x3-5=4 ?, 2x4-3=4 ?;experiment;2.6511560028029635, 2.3187878011631256, 4.1568702310451044, 2.9435436959156505, 3.530648370626295, 3.713982340266739;faces\\Carl.bmp, faces\\Bobby.bmp, faces\\Lulu.bmp, faces\\Vicky.bmp, faces\\Cindy.bmp, faces\\Amanda.bmp;9;1, 0, 1, 1, 1, 0;mixed;2;male;17
6;16.17575167173709;6;1;80;0.5833333333333334;280;;6;0.5833333333333334;1;3.903;28;0.8905961032651248;faces\\Lucas.bmp, faces\\Alex.bmp, faces\\Sofia.bmp, faces\\Thomas.bmp, faces\\Lana.bmp, faces\\Chloe.bmp;20;1, 0, 1, 1, 1, 0;faces;1, 1, 1, 1, 1, 1;8.207;3x3-3=6 ?, 6+8/4=7 ?, 2+2x2=6 ?, 4+2x2=8 ?, 2x3-5=1 ?, 3x3-1=9 ?;experiment;2.8705799862636923, 3.5902008138964447, 1.7513782170881314, 1.6806050402792607, 3.1963519581986475, 2.414070643042578;faces\\Lucas.bmp, faces\\Thomas.bmp, faces\\Alex.bmp, faces\\Lana.bmp, faces\\Chloe.bmp, faces\\Sofia.bmp;7;1, 0, 1, 1, 1, 0;mixed;3;male;10
7;14.605576006275442;7;1;95;0.5714285714285714;280;;7;0.5714285714285714;2;1.89;28;0.7065478294389322;faces\\Kelly.bmp, faces\\Molly.bmp, faces\\Haley.bmp, faces\\Erin.bmp, faces\\Keith.bmp, faces\\Kiki.bmp, faces\\Polly.bmp;30;1, 1, 1, 1, 0, 0, 1;faces;1, 1, 1, 1, 1, 1, 1;3.327;9/3+3=6 ?, 6/2-2=1 ?, 2+4/2=4 ?, 2x3-4=2 ?, 2x2+4=6 ?, 3x3-9=1 ?, 4/2+5=7 ?;experiment;3.7323670521855092, 3.9613684590367484, 2.644691549903655, 3.47265590202187, 2.137431715187631, 2.622584245817052, 2.034805087323548;faces\\Molly.bmp, faces\\Erin.bmp, faces\\Polly.bmp, faces\\Keith.bmp, faces\\Kelly.bmp, faces\\Kiki.bmp, faces\\Haley.bmp;8;1, 1, 1, 1, 0, 0, 1;mixed;18;male;4
7;56.27022045315607;6;3;100;0.6428571428571429;280;;7;0.6428571428571429;3;2.482;28;0.8813052225905267;faces\\Donna.bmp, faces\\Shane.bmp, faces\\Linda.bmp, faces\\Liam.bmp, faces\\Bobby.bmp, faces\\Peter.bmp, faces\\Kevin.bmp;20;1, 0, 0, 1, 1, 1, 0;faces;1, 1, 1, 1, 1, 1, 1;5.999;9/3-2=1 ?, 2x4-5=2 ?, 1+9/3=3 ?, 4/2-1=1 ?, 7+6/3=9 ?, 2x4-8=0 ?, 2+9/3=3 ?;experiment;3.2460490562752966, 2.275008754331793, 3.8694925197160046, 2.536776607934371, 3.107483896339545, 3.157645702660375, 3.651261095834343;faces\\Donna.bmp, faces\\Shane.bmp, faces\\Liam.bmp, faces\\Peter.bmp, faces\\Bobby.bmp, faces\\Kevin.bmp, faces\\Fiona.bmp;9;1, 0, 0, 1, 1, 1, 0;mixed;20;male;1
6;19.21845228345228;6;3;90;0.75;280;;6;0.75;4;1.298;28;0.7235954788648087;faces\\Anna.bmp, faces\\Lena.bmp, faces\\Susan.bmp, faces\\Milla.bmp, faces\\Kate.bmp, faces\\Olga.bmp;95;0, 1, 0, 0, 0, 1;faces;1, 1, 1, 1, 1, 1;2.877;3x3-7=0 ?, 6/2-2=1 ?, 3x2-1=4 ?, 8/2+4=7 ?, 1+4/2=4 ?, 9/3-1=2 ?;experiment;3.2200840990553843, 4.109999150225121, 2.517044981048457, 4.384164286679152, 2.3668206525871938, 3.9070821618115588;faces\\Anna.bmp, faces\\Lena.bmp, faces\\Susan.bmp, faces\\Olga.bmp, faces\\Milla.bmp, faces\\Kate.bmp;9;0, 1, 0, 0, 0, 1;mixed;14;male;19
;5.153;;;;;280;[];1;;1;;[];;[];;[];faces;[];;[];qStress;[];3;;;mixed;;male;28
;4.669;;;;;280;[];1;;1;;[];;[];;[];faces;[];;[];qSatisfied;[];3;;;mixed;;male;28
;4.35;;;;;280;[];1;;1;;[];;[];;[];faces;[];;[];qFrustration;[];4;;;mixed;;male;28
;7.962;;;;;280;[];1;;1;;[];;[];;[];faces;[];;[];qDifficulty;[];5;;;mixed;;male;28
;10.01;;;;;280;[];1;;1;;[];;[];;[];faces;[];;[];qEffort;[];3;;;mixed;;male;28
;4.035;;;;;280;[];1;;1;;[];;[];;[];faces;[];;[];qAttitude;[];4;;;mixed;;male;28
;13.874645772859367;;;;;280;[];1;;1;;[];;[];;[];faces;[];;[];qBirthweight;[];5200;;;mixed;;male;28
;6.605065319832647;;;;;280;[];1;;1;;[];;[];;[];faces;[];;[];qFriends;[];780;;;mixed;;male;28
;113.05946910778039;;;;;280;[];1;;1;;[];;[];;[];faces;[];;[];qAbout;[];toseeifourmemoryisaffectedbyseveralcognitivetaskswhichareembeddedbetweenthephasesofmemorizingandrepeatingthememorized;;;mixed;;male;28
;6.907259506300761;;;;;280;[];1;;1;;[];;[];;[];faces;[];;[];qFeedback;[];no;;;mixed;;male;28
