equationScore;recallRT;recallIntersection;recallLocation;pggInvestOther;payoutFactor;id;recallRTs;span;recallProportion;no;pggRT;equationAnss;pauseRT;encode;pggInvest;equationCorrect;stimType;equationScores;pggRTOther;equationText;condition;equationRTs;recallAns;recallSum;pggStart;order;pggStartOther;gender;age
;12.172736815442477;;;;;285;[];1;;1;;[];;[];;[];faces;[];;[];qCheck1;[];100;;;mixed;;male;27
;33.7343309781827;;;;;285;[];1;;1;;[];;[];;[];faces;[];;[];qCheck2;[];175;;;mixed;;male;27
;10.060092276607975;;;;;285;[];1;;1;;[];;[];;[];faces;[];;[];qCheck3;[];150;;;mixed;;male;27
;9.21019385969339;;;;;285;[];1;;1;;[];;[];;[];faces;[];;[];qCheck4;[];75;;;mixed;;male;27
;;;;50;;285;;1;;1;8.151;27;1.7989824859996588;;100;;faces;;15.57;;practicePGG;;;;;mixed;11;male;15
;;;;50;;285;;1;;2;7.982;27;1.942273958644364;;100;;faces;;20.431;;practicePGG;;;;;mixed;18;male;5
1;8.075323787110392;1;1;;1.0;285;;1;1.0;1;;27;1.988275969370079;faces\\Kristen.bmp;;1;faces;1;;2x3-1=5 ?;practiceCS;2.640467713245016;faces\\Kristen.bmp;2;1;mixed;;male;
1;7.215101211566434;2;0;;0.25;285;;2;0.5;2;;27;14.006634408033278;faces\\Mark.bmp, faces\\Jane.bmp;;1, 1;faces;0, 1;;1+6/3=3 ?, 9/3-1=2 ?;practiceCS;3.0258918847248424, 3.041370117536644;faces\\Jane.bmp, faces\\Mark.bmp;2;0, 1;mixed;;male;
3;11.973619596894423;3;1;;0.6666666666666666;285;;3;0.6666666666666666;3;;27;6.844014028276433;faces\\Linda.bmp, faces\\Lucas.bmp, faces\\Jacob.bmp;;0, 1, 1;faces;1, 1, 1;;4x2-2=4 ?, 9/3+3=6 ?, 3x3-1=8 ?;practiceCS;2.6184749441381427, 2.1059399319437944, 2.070570380104982;faces\\Lucas.bmp, faces\\Linda.bmp, faces\\Jacob.bmp;4;0, 1, 1;mixed;;male;
2;10.821788905048379;2;2;50;1.0;285;;2;1.0;1;2.392;27;1.8545865512951423;faces\\Kate.bmp, faces\\Jane.bmp;100;1, 0;faces;1, 1;9.557;3x3-6=3 ?, 3+2x2=8 ?;practiceExp;1.7562498537517968, 2.4283279904211668;faces\\Kate.bmp, faces\\Jane.bmp;4;1, 0;mixed;12;male;16
1;4.23200230547809;1;1;50;1.0;285;;1;1.0;2;3.148;27;2.1648244597472512;faces\\Benny.bmp;100;1;faces;1;5.603;9/3-3=0 ?;practiceExp;2.2055948080760572;faces\\Benny.bmp;2;1;mixed;9;male;19
3;14.466732924538519;3;1;45;0.6666666666666666;285;;3;0.6666666666666666;3;5.497;27;7.739845078094731;faces\\Ella.bmp, faces\\Emma.bmp, faces\\Lulu.bmp;100;0, 1, 0;faces;1, 1, 1;10.217;3x2+2=7 ?, 4x2-7=1 ?, 6/3-1=2 ?;practiceExp;2.74816015356555, 1.863526027151238, 2.6455171049183264;faces\\Lulu.bmp, faces\\Emma.bmp, faces\\Ella.bmp;4;0, 1, 0;mixed;0;male;5
2;7.776666637930248;2;2;50;1.0;285;;2;1.0;1;6.292;27;2.2863961588500388;faces\\Joshua.bmp, faces\\Carl.bmp;100;0, 0;faces;1, 1;8.204;3x3-7=4 ?, 2x3-4=4 ?;experiment;1.8755649263512169, 2.460348112450447;faces\\Joshua.bmp, faces\\Carl.bmp;4;0, 0;mixed;14;male;1
2;48.855207257001894;3;3;50;0.6666666666666666;285;;3;1.0;2;6.12;27;2.263800336379063;faces\\Angie.bmp, faces\\Oliver.bmp, faces\\Mike.bmp;100;1, 0, 0;faces;1, 1, 0;3.909;9/3-2=1 ?, 4x2-2=4 ?, 4/2+5=9 ?;experiment;2.331920324704697, 1.6937502899290848, 3.5995553251177625;faces\\Angie.bmp, faces\\Oliver.bmp, faces\\Mike.bmp;6;1, 0, 1;mixed;6;male;2
2;5.16345989243564;2;2;50;1.0;285;;2;1.0;3;2.047;27;3.688715266445797;faces\\Milla.bmp, faces\\Tanya.bmp;100;0, 1;faces;1, 1;4.427;3x3-2=6 ?, 4/2-2=0 ?;experiment;1.8083004609725322, 2.296167347512892;faces\\Milla.bmp, faces\\Tanya.bmp;4;0, 1;mixed;1;male;17
1;2.920437597524142;1;1;50;1.0;285;;1;1.0;4;3.246;27;1.9546014531570108;faces\\Mark.bmp;100;1;faces;1;2.529;3x3-6=3 ?;experiment;1.5430768529731722;faces\\Mark.bmp;2;1;mixed;5;male;6
2;7.9443827980776405;2;2;50;1.0;285;;2;1.0;5;2.534;27;0.6450470599193068;faces\\Eddie.bmp, faces\\Micha.bmp;100;0, 1;faces;1, 1;4.68;7+4/2=7 ?, 2x3-3=3 ?;experiment;2.894087162352662, 2.5457283993800957;faces\\Eddie.bmp, faces\\Micha.bmp;4;0, 1;mixed;15;male;12
1;6.645675154981291;1;1;50;1.0;285;;1;1.0;6;4.541;27;5.170910413527963;faces\\Diana.bmp;100;1;faces;1;4.775;4x2-8=0 ?;experiment;1.84400540736533;faces\\Diana.bmp;2;1;mixed;0;male;0
2;21.04700080503062;2;2;50;1.0;285;;2;1.0;7;3.513;27;2.6707143903968245;faces\\Justin.bmp, faces\\Sofia.bmp;100;0, 0;faces;1, 1;3.345;3x3-4=4 ?, 1+9/3=5 ?;experiment;1.7944047814053192, 2.6814108903472516;faces\\Justin.bmp, faces\\Sofia.bmp;4;0, 0;mixed;16;male;6
2;12.23006177910247;2;2;50;1.0;285;;2;1.0;8;3.033;27;0.964262622555907;faces\\Tina.bmp, faces\\Jeff.bmp;100;1, 1;faces;1, 1;2.954;2+2x2=6 ?, 4/2+2=4 ?;experiment;4.794782048960769, 3.355719380264418;faces\\Tina.bmp, faces\\Jeff.bmp;4;1, 1;mixed;5;male;13
2;8.25077536898607;2;2;50;1.0;285;;2;1.0;9;3.292;27;1.341134027685257;faces\\Chloe.bmp, faces\\Bobby.bmp;100;1, 1;faces;1, 1;6.737;6+8/4=8 ?, 3x3-8=1 ?;experiment;3.2951862055542733, 1.4807131711531838;faces\\Chloe.bmp, faces\\Bobby.bmp;4;1, 1;mixed;15;male;5
3;8.293628283488943;3;3;50;1.0;285;;3;1.0;10;4.959;27;2.9651567343498755;faces\\Lana.bmp, faces\\Andrea.bmp, faces\\Donna.bmp;100;1, 0, 0;faces;1, 1, 1;6.494;4+2x2=8 ?, 4+8/2=6 ?, 9/3+1=3 ?;experiment;2.040882830713599, 2.5465535438725055, 2.1444565274068736;faces\\Lana.bmp, faces\\Andrea.bmp, faces\\Donna.bmp;6;1, 0, 0;mixed;16;male;9
1;2.940815792855574;1;1;50;1.0;285;;1;1.0;11;4.35;27;1.4298255660960422;faces\\Zach.bmp;100;0;faces;1;4.666;6/3+1=2 ?;experiment;3.904382584607447;faces\\Zach.bmp;2;0;mixed;18;male;1
1;5.2451898386534594;1;1;50;1.0;285;;1;1.0;12;1.684;27;7.7347997916185705;faces\\Kiki.bmp;100;1;faces;1;4.039;8/4+3=5 ?;experiment;1.8065959833948;faces\\Kiki.bmp;2;1;mixed;18;male;15
3;10.013936321012807;3;3;50;1.0;285;;3;1.0;13;4.016;27;1.0858692158308259;faces\\Mona.bmp, faces\\Sonya.bmp, faces\\Matt.bmp;100;0, 0, 1;faces;1, 1, 1;2.661;8/4+5=5 ?, 6/2+6=7 ?, 3x3-5=4 ?;experiment;2.576216872603254, 4.542122394792386, 1.5277533860680705;faces\\Mona.bmp, faces\\Sonya.bmp, faces\\Matt.bmp;6;0, 0, 1;mixed;6;male;4
2;7.15047269284878;2;2;50;1.0;285;;2;1.0;14;1.964;27;1.0020189356291667;faces\\Ricky.bmp, faces\\Lucas.bmp;100;1, 1;faces;1, 1;3.81;8/4+3=5 ?, 6+4/2=8 ?;experiment;1.820066775126179, 2.5811410557817;faces\\Ricky.bmp, faces\\Lucas.bmp;4;1, 1;mixed;20;male;18
1;4.060784823252106;1;1;50;1.0;285;;1;1.0;15;3.304;27;0.8712142391195812;faces\\Jacob.bmp;100;1;faces;1;3.657;2x2-2=2 ?;experiment;3.1205963044194505;faces\\Jacob.bmp;2;1;mixed;3;male;5
3;16.7486811029994;3;3;55;1.0;285;;3;1.0;16;1.473;27;7.0993227657363605;faces\\Brian.bmp, faces\\Kurt.bmp, faces\\Linda.bmp;100;0, 0, 1;faces;1, 1, 1;2.648;8/2-4=1 ?, 6+4/2=6 ?, 2x4-8=0 ?;experiment;1.7707399657701899, 3.5832215693590115, 1.9001961052363185;faces\\Brian.bmp, faces\\Kurt.bmp, faces\\Linda.bmp;6;0, 0, 1;mixed;5;male;17
1;4.456595552346698;1;1;50;1.0;285;;1;1.0;17;3.747;27;2.613766283775476;faces\\Leah.bmp;100;1;faces;1;3.705;3x3-3=6 ?;experiment;2.884915742895828;faces\\Leah.bmp;2;1;mixed;14;male;3
2;6.882279385714355;2;2;50;1.0;285;;2;1.0;18;5.989;27;4.588610871298442;faces\\Karen.bmp, faces\\Megan.bmp;100;1, 0;faces;1, 1;2.697;3x3-8=1 ?, 1+4/2=4 ?;experiment;2.282647293422997, 2.44402749332221;faces\\Karen.bmp, faces\\Megan.bmp;4;1, 0;mixed;11;male;1
3;15.8996599665752;2;2;50;0.6666666666666666;285;;3;0.6666666666666666;19;3.922;27;0.7228614697341982;faces\\Leslie.bmp, faces\\Emma.bmp, faces\\Alex.bmp;100;1, 1, 0;faces;1, 1, 1;12.044;3x2-1=5 ?, 3x2-3=3 ?, 4x2-4=5 ?;experiment;3.1943888532423443, 3.8794985256190557, 1.9070090893164888;faces\\Leslie.bmp, faces\\Emma.bmp, faces\\Angie.bmp;4;1, 1, 0;mixed;7;male;3
2;7.228920534480494;2;2;50;1.0;285;;2;1.0;20;1.99;27;0.7888048828845058;faces\\Simon.bmp, faces\\Emily.bmp;100;0, 1;faces;1, 1;3.41;2x2+5=8 ?, 2x4-3=5 ?;experiment;1.7494963950230158, 2.987380626018421;faces\\Simon.bmp, faces\\Emily.bmp;4;0, 1;mixed;7;male;13
1;3.11477020957318;1;1;65;1.0;285;;1;1.0;21;2.287;27;4.016864147142769;faces\\Nicole.bmp;100;1;faces;1;3.696;2x2+5=9 ?;experiment;2.026344277375756;faces\\Nicole.bmp;2;1;mixed;2;male;13
3;13.366775084905385;3;3;50;1.0;285;;3;1.0;22;3.028;27;5.991485822500181;faces\\Britt.bmp, faces\\Jonah.bmp, faces\\Fiona.bmp;100;1, 0, 1;faces;1, 1, 1;3.056;8/2-2=2 ?, 6/3-1=2 ?, 6/3-1=1 ?;experiment;2.8999165413551964, 2.422490811542957, 2.2256105145570473;faces\\Britt.bmp, faces\\Jonah.bmp, faces\\Fiona.bmp;6;1, 0, 1;mixed;1;male;8
1;4.384121592636802;1;1;75;1.0;285;;1;1.0;23;3.805;27;2.1483609797796817;faces\\Paul.bmp;100;1;faces;1;3.108;2x4-4=4 ?;experiment;3.02404495682822;faces\\Paul.bmp;2;1;mixed;3;male;6
3;10.023839286483053;3;3;40;1.0;285;;3;1.0;24;3.361;27;6.115904885882628;faces\\Anna.bmp, faces\\Jane.bmp, faces\\James.bmp;100;1, 1, 0;faces;1, 1, 1;2.824;9/3-2=1 ?, 2+2x2=6 ?, 3x3-3=5 ?;experiment;3.1782730834165704, 2.564217793809803, 2.2289718494357658;faces\\Anna.bmp, faces\\Jane.bmp, faces\\James.bmp;6;1, 1, 0;mixed;17;male;6
1;15.759858731978966;1;1;85;1.0;285;;1;1.0;25;1.852;27;1.2844950423586852;faces\\Casper.bmp;100;0;faces;1;2.699;8/2+2=7 ?;experiment;4.041568398526579;faces\\Casper.bmp;2;0;mixed;8;male;18
3;6.419482934081316;3;3;50;1.0;285;;3;1.0;26;2.056;27;0.7976889385899995;faces\\Amanda.bmp, faces\\Maria.bmp, faces\\Olga.bmp;100;0, 0, 0;faces;1, 1, 1;2.607;2+3x2=7 ?, 3+9/3=8 ?, 3x2-5=2 ?;experiment;2.10629462092038, 2.4981696981485584, 2.7381553792238265;faces\\Amanda.bmp, faces\\Maria.bmp, faces\\Olga.bmp;6;0, 0, 0;mixed;11;male;14
1;1.690749801822676;1;1;50;1.0;285;;1;1.0;27;1.508;27;3.838066419615643;faces\\Susan.bmp;100;1;faces;1;2.603;2x4-3=5 ?;experiment;3.4346963817206415;faces\\Susan.bmp;2;1;mixed;14;male;18
3;10.458064391648804;3;3;50;1.0;285;;3;1.0;28;1.305;27;0.71517941555976;faces\\Nana.bmp, faces\\Joseph.bmp, faces\\Mary.bmp;100;1, 0, 0;faces;1, 1, 1;3.653;8/2-3=1 ?, 3+4/2=6 ?, 2x4-6=0 ?;experiment;2.2171919881348003, 3.2992893494356395, 2.5651504944507906;faces\\Nana.bmp, faces\\Joseph.bmp, faces\\Mary.bmp;6;1, 0, 0;mixed;6;male;19
3;10.145323544902567;3;3;50;1.0;285;;3;1.0;29;1.767;27;0.7512152407889516;faces\\Lulu.bmp, faces\\Amber.bmp, faces\\Will.bmp;100;0, 0, 1;faces;1, 1, 1;3.022;6/3+5=5 ?, 1+4/2=1 ?, 3x3-2=7 ?;experiment;3.1794779585852666, 2.8260344992504542, 2.29388650034889;faces\\Lulu.bmp, faces\\Amber.bmp, faces\\Will.bmp;6;0, 0, 1;mixed;14;male;15
3;19.710708856591737;3;3;50;1.0;285;;3;1.0;30;3.486;27;2.3579977643094026;faces\\Lena.bmp, faces\\Nathan.bmp, faces\\Erin.bmp;100;0, 1, 0;faces;1, 1, 1;24.818;3+8/4=4 ?, 6/2-3=0 ?, 5+9/3=9 ?;experiment;3.58443219180117, 2.65537121854868, 2.3193042348793824;faces\\Lena.bmp, faces\\Nathan.bmp, faces\\Erin.bmp;6;0, 1, 0;mixed;2;male;3
1;3.072881195203081;1;1;65;1.0;285;;1;1.0;31;3.969;27;2.2093461366202973;faces\\Timmy.bmp;100;1;faces;1;2.533;1+4/2=3 ?;experiment;3.04116075251477;faces\\Timmy.bmp;2;1;mixed;11;male;10
2;7.39793639983327;2;2;55;1.0;285;;2;1.0;32;4.268;27;1.8176586668705568;faces\\Eric.bmp, faces\\Steve.bmp;100;1, 1;faces;1, 1;2.383;3x2-2=4 ?, 8/2-4=0 ?;experiment;3.0925376969917124, 2.146586713859506;faces\\Eric.bmp, faces\\Steve.bmp;4;1, 1;mixed;18;male;3
1;3.656154900558249;1;1;75;1.0;285;;1;1.0;33;1.371;27;0.6992221063192119;faces\\Jenny.bmp;100;1;faces;1;2.813;2x2-1=3 ?;experiment;2.735023524828648;faces\\Jenny.bmp;2;1;mixed;9;male;17
3;10.234462139209427;3;3;45;1.0;285;;3;1.0;34;1.246;27;6.978248205925411;faces\\Gary.bmp, faces\\Wendy.bmp, faces\\Kristen.bmp;100;0, 0, 1;faces;1, 1, 1;2.809;9/3-1=4 ?, 3x2-6=1 ?, 1+2x3=7 ?;experiment;3.5647539324709214, 3.1455193627753033, 1.6904620275490743;faces\\Gary.bmp, faces\\Wendy.bmp, faces\\Kristen.bmp;6;0, 0, 1;mixed;14;male;19
1;2.490152659940577;1;1;70;1.0;285;;1;1.0;35;4.773;27;1.268486828681489;faces\\Keith.bmp;100;0;faces;1;4.104;2x2+5=7 ?;experiment;2.17703044044174;faces\\Keith.bmp;2;0;mixed;7;male;0
1;8.042382048468426;2;2;65;0.5;285;;2;1.0;36;2.509;27;0.6925593724299688;faces\\David.bmp, faces\\Adam.bmp;100;1, 1;faces;0, 1;6.698;6/3-2=0 ?, 2x4-5=3 ?;experiment;2.5734803486284363, 2.090427215482123;faces\\David.bmp, faces\\Adam.bmp;4;0, 1;mixed;9;male;8
2;6.909687319499426;2;2;55;1.0;285;;2;1.0;37;1.084;27;2.549716187242666;faces\\John.bmp, faces\\Regina.bmp;100;1, 0;faces;1, 1;2.816;7+6/3=9 ?, 2x4-6=1 ?;experiment;3.124972443867591, 2.1032058710879937;faces\\John.bmp, faces\\Regina.bmp;4;1, 0;mixed;7;male;20
2;3.5318080886318057;2;2;50;1.0;285;;2;1.0;38;3.803;27;0.7397243853192776;faces\\Lisa.bmp, faces\\Kelly.bmp;100;1, 1;faces;1, 1;2.109;6/3+4=6 ?, 4/2+6=8 ?;experiment;3.068998910892333, 2.354992760485402;faces\\Lisa.bmp, faces\\Kelly.bmp;4;1, 1;mixed;16;male;2
3;8.07238487694849;3;3;55;1.0;285;;3;1.0;39;3.016;27;0.6521716284132708;faces\\Jake.bmp, faces\\Julia.bmp, faces\\Liam.bmp;100;1, 1, 0;faces;1, 1, 1;6.144;4+2x2=8 ?, 3+9/3=6 ?, 2x4-7=2 ?;experiment;1.6501921026701893, 1.8306273930720636, 1.8033376889452484;faces\\Jake.bmp, faces\\Julia.bmp, faces\\Liam.bmp;6;1, 1, 0;mixed;5;male;6
2;4.75839687151165;2;2;60;1.0;285;;2;1.0;40;1.697;27;1.4057900512216293;faces\\Lily.bmp, faces\\Tony.bmp;100;1, 1;faces;1, 1;3.594;8/4+2=4 ?, 8/4+7=9 ?;experiment;1.693622618318841, 2.3440134124975884;faces\\Lily.bmp, faces\\Tony.bmp;4;1, 1;mixed;0;male;15
3;9.170543408961748;3;3;35;1.0;285;;3;1.0;41;2.79;27;0.7228516172617674;faces\\Thomas.bmp, faces\\Ella.bmp, faces\\Noah.bmp;75;1, 0, 0;faces;1, 1, 1;3.671;2x4-1=7 ?, 2x3-6=1 ?, 4/2+3=7 ?;experiment;2.3801062999573332, 1.508670380228068, 2.1043618944167974;faces\\Thomas.bmp, faces\\Ella.bmp, faces\\Noah.bmp;6;1, 0, 0;mixed;6;male;3
3;16.21886321362217;3;3;35;1.0;285;;3;1.0;42;2.316;27;2.2835668574352894;faces\\Shane.bmp, faces\\Rachel.bmp, faces\\Robert.bmp;100;0, 1, 1;faces;1, 1, 1;3.832;9/3-2=0 ?, 2x2-4=0 ?, 3x2-1=5 ?;experiment;1.2602550886986137, 1.231138982659104, 1.9356633607512777;faces\\Shane.bmp, faces\\Rachel.bmp, faces\\Robert.bmp;6;0, 1, 1;mixed;19;male;19
3;12.090165303945469;3;3;50;1.0;285;;3;1.0;43;2.806;27;3.824916654248227;faces\\Kate.bmp, faces\\Chris.bmp, faces\\George.bmp;100;0, 0, 0;faces;1, 1, 1;7.336;6/2-1=3 ?, 5+8/2=8 ?, 9/3+2=3 ?;experiment;2.530073232599534, 2.2655405291679926, 2.595207101005144;faces\\Kate.bmp, faces\\Chris.bmp, faces\\George.bmp;6;0, 0, 0;mixed;15;male;12
1;4.287673695993362;1;1;90;1.0;285;;1;1.0;44;2.263;27;18.618146117900324;faces\\Daniel.bmp;100;0;faces;1;3.02;3x2-4=3 ?;experiment;1.414877314149635;faces\\Daniel.bmp;2;0;mixed;7;male;15
1;1.9889406006805075;1;1;95;1.0;285;;1;1.0;45;1.649;27;1.909885189970737;faces\\Victor.bmp;100;1;faces;1;2.841;2x3-2=4 ?;experiment;2.664052067028024;faces\\Victor.bmp;2;1;mixed;7;male;18
2;4.688732508269823;2;2;75;1.0;285;;2;1.0;46;1.664;27;0.629327852075221;faces\\Lucia.bmp, faces\\Cindy.bmp;100;0, 0;faces;1, 1;2.214;3x3-3=8 ?, 9/3-3=2 ?;experiment;1.3690723528561648, 1.579748573136385;faces\\Lucia.bmp, faces\\Cindy.bmp;4;0, 0;mixed;12;male;15
2;6.942842117838154;2;2;65;1.0;285;;2;1.0;47;2.489;27;0.7058487144786341;faces\\Niclas.bmp, faces\\Molly.bmp;95;0, 0;faces;1, 1;1.926;8/2+5=7 ?, 1+2x3=5 ?;experiment;2.1137997411260585, 3.77242350684719;faces\\Niclas.bmp, faces\\Molly.bmp;4;0, 0;mixed;11;male;11
1;2.1749068223034556;1;1;90;1.0;285;;1;1.0;48;3.756;27;1.5877257909378386;faces\\Damon.bmp;100;1;faces;1;3.089;2x3-5=1 ?;experiment;2.349868243720266;faces\\Damon.bmp;2;1;mixed;18;male;2
3;13.552039317928575;3;3;45;1.0;285;;3;1.0;1;2.402;27;0.9337281711304968;faces\\Niclas.bmp, faces\\Simon.bmp, faces\\Nathan.bmp;100;1, 1, 1;faces;1, 1, 1;3.331;2x2+1=5 ?, 5+8/4=7 ?, 6+6/2=9 ?;experiment;1.254258628197931, 3.135005954587541, 2.3322663927683607;faces\\Niclas.bmp, faces\\Simon.bmp, faces\\Nathan.bmp;6;1, 1, 1;mixed;19;male;10
3;8.462456130844657;3;3;40;1.0;285;;3;1.0;2;1.953;27;1.1644714128487976;faces\\Donna.bmp, faces\\Emily.bmp, faces\\Carl.bmp;100;1, 1, 1;faces;1, 1, 1;4.055;4+9/3=7 ?, 9/3-1=2 ?, 1+6/2=4 ?;experiment;3.3216712911707873, 2.734697982747093, 2.5948047917499935;faces\\Donna.bmp, faces\\Emily.bmp, faces\\Carl.bmp;6;1, 1, 1;mixed;0;male;14
2;3.4842571872759436;2;2;80;1.0;285;;2;1.0;3;1.322;27;0.942088403764501;faces\\Billy.bmp, faces\\Scott.bmp;100;1, 0;faces;1, 1;1.651;8/2-1=3 ?, 4/2+3=7 ?;experiment;1.7287581739601592, 2.0322606865447597;faces\\Billy.bmp, faces\\Scott.bmp;4;1, 0;mixed;19;male;18
1;5.472264676795021;1;1;85;1.0;285;;1;1.0;4;2.936;27;0.7427589465569326;faces\\Diana.bmp;100;1;faces;1;4.037;4+2x2=8 ?;experiment;2.0818769122506637;faces\\Diana.bmp;2;1;mixed;20;male;10
1;3.248480564152487;1;1;85;1.0;285;;1;1.0;5;2.774;27;8.505462169176099;faces\\Sofia.bmp;100;1;faces;1;4.022;2x3-2=4 ?;experiment;1.8638064120714262;faces\\Sofia.bmp;2;1;mixed;12;male;10
1;2.5244425451055577;1;1;90;1.0;285;;1;1.0;6;2.115;27;0.7304926194738073;faces\\Eddie.bmp;85;1;faces;1;4.145;3+9/3=6 ?;experiment;2.0113956149125443;faces\\Eddie.bmp;2;1;mixed;2;male;7
1;4.131466043661931;1;1;85;1.0;285;;1;1.0;7;4.404;27;0.7004195921308565;faces\\David.bmp;100;0;faces;1;3.694;3x3-7=3 ?;experiment;2.168732606794947;faces\\David.bmp;2;0;mixed;12;male;0
3;14.0627799487429;3;3;50;1.0;285;;3;1.0;8;1.981;27;0.610607745602465;faces\\Britt.bmp, faces\\Kristen.bmp, faces\\Olga.bmp;100;1, 0, 0;faces;1, 1, 1;2.628;2x4-4=4 ?, 2x2-4=2 ?, 4+8/4=4 ?;experiment;2.687804323346427, 2.007914408295619, 3.263350817363971;faces\\Britt.bmp, faces\\Kristen.bmp, faces\\Olga.bmp;6;1, 0, 0;mixed;6;male;13
2;8.920563627056254;2;2;60;1.0;285;;2;1.0;9;2.027;27;0.6709910806403059;faces\\Nana.bmp, faces\\Jonah.bmp;100;1, 0;faces;1, 1;3.889;3+4/2=5 ?, 4+9/3=8 ?;experiment;2.3209130613795423, 1.965637452856754;faces\\Nana.bmp, faces\\Jonah.bmp;4;1, 0;mixed;20;male;12
1;7.379799641779755;2;2;30;0.5;285;;2;1.0;10;1.627;27;0.5757484696841857;faces\\Lulu.bmp, faces\\Karen.bmp;100;1, 0;faces;0, 1;6.706;8/4-1=1 ?, 5+9/3=6 ?;experiment;4.134218988421708, 4.2177979151347245;faces\\Lulu.bmp, faces\\Karen.bmp;4;0, 0;mixed;20;male;19
2;8.022986637175563;3;3;50;0.6666666666666666;285;;3;1.0;11;1.987;27;19.198209559606767;faces\\Jane.bmp, faces\\Erica.bmp, faces\\Oliver.bmp;100;0, 1, 0;faces;1, 0, 1;12.732;9/3+3=7 ?, 8/4+5=7 ?, 1+8/4=2 ?;experiment;2.1644398028347496, 2.2418851554866706, 2.6009309764576756;faces\\Jane.bmp, faces\\Erica.bmp, faces\\Oliver.bmp;6;0, 0, 0;mixed;6;male;14
2;4.207069805170249;2;2;65;1.0;285;;2;1.0;12;4.373;27;0.8015970856395143;faces\\Haley.bmp, faces\\Chloe.bmp;100;0, 0;faces;1, 1;2.396;6/2-1=0 ?, 8/4+6=6 ?;experiment;1.404214066293207, 1.9750100269429822;faces\\Haley.bmp, faces\\Chloe.bmp;4;0, 0;mixed;5;male;4
;8.697;;;;;285;[];1;;1;;[];;[];;[];faces;[];;[];qStress;[];4;;;mixed;;male;27
;4.093;;;;;285;[];1;;1;;[];;[];;[];faces;[];;[];qSatisfied;[];6;;;mixed;;male;27
;4.028;;;;;285;[];1;;1;;[];;[];;[];faces;[];;[];qFrustration;[];2;;;mixed;;male;27
;1.777;;;;;285;[];1;;1;;[];;[];;[];faces;[];;[];qDifficulty;[];2;;;mixed;;male;27
;5.745;;;;;285;[];1;;1;;[];;[];;[];faces;[];;[];qEffort;[];4;;;mixed;;male;27
;5.725;;;;;285;[];1;;1;;[];;[];;[];faces;[];;[];qAttitude;[];4;;;mixed;;male;27
;11.458462595706806;;;;;285;[];1;;1;;[];;[];;[];faces;[];;[];qBirthweight;[];4500;;;mixed;;male;27
;8.508226197967815;;;;;285;[];1;;1;;[];;[];;[];faces;[];;[];qFriends;[];300;;;mixed;;male;27
;80.75750481231626;;;;;285;[];1;;1;;[];;[];;[];faces;[];;[];qAbout;[];myspacebuttonisnotworkingithinkthestudyisabouttrustinothersabilities;;;mixed;;male;27
;18.387907815349536;;;;;285;[];1;;1;;[];;[];;[];faces;[];;[];qFeedback;[];makethespacebarwork;;;mixed;;male;27
