equationScore;recallRT;recallIntersection;recallLocation;pggInvestOther;payoutFactor;id;recallRTs;span;recallProportion;no;pggRT;equationAnss;pauseRT;encode;pggInvest;equationCorrect;stimType;equationScores;pggRTOther;equationText;condition;equationRTs;recallAns;recallSum;pggStart;order;pggStartOther;gender;age
;34.21470951543597;;;;;290;[];1;;1;;[];;[];;[];faces;[];;[];qCheck1;[];100;;;mixed;;male;23
;29.376547190886413;;;;;290;[];1;;1;;[];;[];;[];faces;[];;[];qCheck2;[];140;;;mixed;;male;23
;15.973958382510318;;;;;290;[];1;;1;;[];;[];;[];faces;[];;[];qCheck3;[];150;;;mixed;;male;23
;15.0820379096931;;;;;290;[];1;;1;;[];;[];;[];faces;[];;[];qCheck4;[];75;;;mixed;;male;23
;;;;80;;290;;1;;1;8.812;23;1.5764218187014194;;55;;faces;;8.993;;practicePGG;;;;;mixed;14;male;16
;;;;90;;290;;1;;2;5.361;23;1.796390890278417;;70;;faces;;9.86;;practicePGG;;;;;mixed;16;male;18
3;15.307927471327275;3;3;;1.0;290;;3;1.0;1;;23;2.086068785567477;faces\\Bruce.bmp, faces\\Vicky.bmp, faces\\Joan.bmp;;1, 1, 0;faces;1, 1, 1;;9/3+1=4 ?, 6/2-3=0 ?, 4/2+4=4 ?;practiceCS;2.8437034960115852, 4.42900276565706, 1.900517129477521;faces\\Bruce.bmp, faces\\Vicky.bmp, faces\\Joan.bmp;6;1, 1, 0;mixed;;male;
4;29.822792532020685;4;2;;0.75;290;;4;0.75;2;;23;1.5565671174299496;faces\\Nina.bmp, faces\\Damon.bmp, faces\\Sonya.bmp, faces\\Ricky.bmp;;0, 0, 1, 0;faces;1, 1, 1, 1;;4/2-1=3 ?, 1+4/2=5 ?, 4x2+1=9 ?, 4+8/4=4 ?;practiceCS;3.4496665978367673, 3.717326772708475, 1.8056903536889877, 4.886018045548553;faces\\Nina.bmp, faces\\Sonya.bmp, faces\\Damon.bmp, faces\\Ricky.bmp;6;0, 0, 1, 0;mixed;;male;
5;50.086624216372;3;1;;0.4;290;;5;0.4;3;;23;3.0816573595402588;faces\\Kevin.bmp, faces\\Tony.bmp, faces\\Megan.bmp, faces\\Liam.bmp, faces\\Sofia.bmp;;0, 1, 1, 1, 1;faces;1, 1, 1, 1, 1;;6/2-2=0 ?, 2x2+4=8 ?, 2x3-5=1 ?, 9/3-2=1 ?, 3x2+1=7 ?;practiceCS;2.4046052726116613, 1.8142287168011535, 2.5889401534623175, 2.700137154050026, 1.9261207242998353;faces\\Kevin.bmp, faces\\Alex.bmp, faces\\Britt.bmp, faces\\Sofia.bmp, faces\\Megan.bmp;4;0, 1, 1, 1, 1;mixed;;male;
3;28.47617415321656;4;2;65;0.5625;290;;4;0.75;1;4.131;23;2.641113291872898;faces\\Benny.bmp, faces\\Olga.bmp, faces\\Julian.bmp, faces\\Wendy.bmp;60;1, 0, 1, 1;faces;0, 1, 1, 1;7.341;4x2-2=6 ?, 6/3+3=4 ?, 2x2-1=3 ?, 4x2-8=0 ?;practiceExp;2.2603734810327296, 3.111309482512297, 2.373871434803732, 1.750106632040115;faces\\Julian.bmp, faces\\Olga.bmp, faces\\Benny.bmp, faces\\Wendy.bmp;6;0, 0, 1, 1;mixed;11;male;8
3;24.306790747090417;2;2;60;0.6666666666666666;290;;3;0.6666666666666666;2;7.444;23;8.160635268333863;faces\\Erica.bmp, faces\\Victor.bmp, faces\\Polly.bmp;75;0, 0, 0;faces;1, 1, 1;5.857;6+6/2=8 ?, 5+2x2=7 ?, 3+6/2=8 ?;practiceExp;3.8354488008153567, 2.450873520647292, 1.8217370903403207;faces\\Erica.bmp, faces\\Victor.bmp, faces\\Wendy.bmp;4;0, 0, 0;mixed;2;male;3
5;27.715167858739733;4;2;45;0.6;290;;5;0.6;3;2.423;23;6.11622174045624;faces\\Oliver.bmp, faces\\Sarah.bmp, faces\\Simon.bmp, faces\\Mark.bmp, faces\\Megan.bmp;80;1, 1, 0, 0, 0;faces;1, 1, 1, 1, 1;1.165;2x2-4=0 ?, 4/2+7=9 ?, 2x2-2=3 ?, 3x2-6=2 ?, 3x2+1=8 ?;practiceExp;1.5433135450002737, 1.6945138789960765, 1.9607655667387007, 2.5437667568294273, 2.7407648852786224;faces\\Oliver.bmp, faces\\Sarah.bmp, faces\\Mona.bmp, faces\\Megan.bmp, faces\\Mark.bmp;6;1, 1, 0, 0, 0;mixed;9;male;8
3;10.814441775622981;3;3;85;1.0;290;;3;1.0;1;7.139;23;3.753247915490647;faces\\Olga.bmp, faces\\Jonah.bmp, faces\\Steve.bmp;80;0, 0, 1;faces;1, 1, 1;7.306;8/2-4=2 ?, 9/3+3=4 ?, 8/2-3=1 ?;experiment;1.7577373399326461, 1.8421406541274337, 2.4814283726191206;faces\\Olga.bmp, faces\\Jonah.bmp, faces\\Steve.bmp;6;0, 0, 1;mixed;4;male;0
3;18.523211711912154;4;2;45;0.5625;290;;4;0.75;2;4.067;23;6.0687716112042835;faces\\Hanna.bmp, faces\\Bobby.bmp, faces\\Ella.bmp, faces\\Andre.bmp;60;1, 0, 0, 0;faces;1, 1, 0, 1;8.005;4+6/2=7 ?, 9/3+4=5 ?, 4+6/3=7 ?, 3x2-5=2 ?;experiment;2.1070351694870624, 2.780261228999734, 1.3877297001927218, 1.8892796107647882;faces\\Hanna.bmp, faces\\Bobby.bmp, faces\\Andre.bmp, faces\\Ella.bmp;6;1, 0, 1, 0;mixed;14;male;6
2;66.1089284783302;3;3;45;0.375;290;;4;0.75;3;2.469;23;8.520763382781297;faces\\Molly.bmp, faces\\Alex.bmp, faces\\Julian.bmp, faces\\Kiki.bmp;75;0, 0, 0, 1;faces;0, 1, 0, 1;4.454;4x2+1=7 ?, 2x2+1=3 ?, 4+4/2=8 ?, 3x3-8=1 ?;experiment;1.9399621584561828, 1.3413567700772546, 1.7129338199883932, 1.861751507727604;faces\\Molly.bmp, faces\\Rachel.bmp, faces\\Julian.bmp, faces\\Kiki.bmp;6;1, 0, 1, 1;mixed;5;male;18
3;6.660195808857679;3;3;85;1.0;290;;3;1.0;4;1.348;23;6.470238473990321;faces\\Donna.bmp, faces\\Bruce.bmp, faces\\Olivia.bmp;85;0, 1, 0;faces;1, 1, 1;3.466;1+6/3=2 ?, 2x2+2=6 ?, 8/2-3=2 ?;experiment;3.0550422484557203, 2.056273391826835, 2.424705463625287;faces\\Donna.bmp, faces\\Bruce.bmp, faces\\Olivia.bmp;6;0, 1, 0;mixed;6;male;16
3;5.896624598153721;3;3;95;1.0;290;;3;1.0;5;4.239;23;8.011425946460804;faces\\Amber.bmp, faces\\Lily.bmp, faces\\Zach.bmp;85;1, 1, 1;faces;1, 1, 1;2.174;3x2-5=1 ?, 1+6/2=4 ?, 9/3-1=2 ?;experiment;1.7516899998263398, 1.560438301818067, 2.1178580650557706;faces\\Amber.bmp, faces\\Lily.bmp, faces\\Zach.bmp;6;1, 1, 1;mixed;15;male;1
5;23.71881120566468;5;5;60;1.0;290;;5;1.0;6;1.449;23;7.066498573247372;faces\\Greg.bmp, faces\\Fiona.bmp, faces\\Benny.bmp, faces\\Simon.bmp, faces\\David.bmp;55;0, 0, 1, 1, 1;faces;1, 1, 1, 1, 1;6.987;4/2+2=5 ?, 4/2-1=2 ?, 4x2-5=3 ?, 3x3-1=8 ?, 6+4/2=8 ?;experiment;1.6501721917593386, 2.288950046942773, 1.617983888809249, 1.7383120404520014, 1.7636504406691529;faces\\Greg.bmp, faces\\Fiona.bmp, faces\\Benny.bmp, faces\\Simon.bmp, faces\\David.bmp;10;0, 0, 1, 1, 1;mixed;7;male;14
3;10.33547527922201;3;1;95;0.6666666666666666;290;;3;0.6666666666666666;7;1.326;23;6.53223120207258;faces\\Jenny.bmp, faces\\Mary.bmp, faces\\Nana.bmp;85;1, 1, 0;faces;1, 1, 1;4.811;9/3+4=7 ?, 1+6/2=4 ?, 2x3-2=2 ?;experiment;1.3330556863511447, 1.223736805437511, 2.045146712960559;faces\\Jenny.bmp, faces\\Nana.bmp, faces\\Mary.bmp;4;1, 1, 0;mixed;2;male;16
5;27.549738561632694;5;5;55;1.0;290;;5;1.0;8;2.317;23;4.515216874588077;faces\\Megan.bmp, faces\\Kurt.bmp, faces\\Leah.bmp, faces\\Justin.bmp, faces\\Jacob.bmp;70;0, 1, 1, 1, 0;faces;1, 1, 1, 1, 1;5.188;6+6/2=8 ?, 3x2+3=9 ?, 4/2-2=0 ?, 3x3-9=0 ?, 3x3-5=3 ?;experiment;1.5076144924314576, 1.228880595514056, 1.384559680485836, 1.408736725388735, 2.5273809323443857;faces\\Megan.bmp, faces\\Kurt.bmp, faces\\Leah.bmp, faces\\Justin.bmp, faces\\Jacob.bmp;10;0, 1, 1, 1, 0;mixed;3;male;4
3;30.669436978718295;3;3;80;0.5625;290;;4;0.75;9;1.515;23;4.684305118298653;faces\\Robert.bmp, faces\\Damon.bmp, faces\\Carl.bmp, faces\\Matt.bmp;65;0, 1, 1, 1;faces;1, 0, 1, 1;10.423;2x4-4=2 ?, 8/4+4=6 ?, 2x3-4=2 ?, 3x3-7=2 ?;experiment;1.9921919483458623, 2.2155313723997097, 2.6502801579808875, 1.4693969121653936;faces\\Robert.bmp, faces\\Damon.bmp, faces\\Jane.bmp, faces\\Matt.bmp;6;0, 0, 1, 1;mixed;7;male;12
4;23.432948664318246;4;4;65;1.0;290;;4;1.0;10;4.284;23;3.7845671519135067;faces\\Nathan.bmp, faces\\Ricky.bmp, faces\\Joan.bmp, faces\\Victor.bmp;70;0, 0, 0, 1;faces;1, 1, 1, 1;4.316;2+4/2=6 ?, 2x3-5=0 ?, 3x2-3=4 ?, 2x4-4=4 ?;experiment;1.6040119099488948, 1.8237346707464894, 2.3781888522207737, 2.814014426425274;faces\\Nathan.bmp, faces\\Ricky.bmp, faces\\Joan.bmp, faces\\Victor.bmp;8;0, 0, 0, 1;mixed;3;male;0
3;20.111168264334992;3;3;85;1.0;290;;3;1.0;11;1.714;23;8.7956745364354;faces\\Milla.bmp, faces\\Will.bmp, faces\\Eric.bmp;70;1, 0, 0;faces;1, 1, 1;6.818;4/2+2=4 ?, 3x3-4=4 ?, 3x3-8=3 ?;experiment;1.4000222500726522, 2.133317761021317, 1.651209570649371;faces\\Milla.bmp, faces\\Will.bmp, faces\\Eric.bmp;6;1, 0, 0;mixed;11;male;13
4;9.37109674389285;4;4;75;1.0;290;;4;1.0;12;2.509;23;4.263890388421714;faces\\Mark.bmp, faces\\Donald.bmp, faces\\Ethan.bmp, faces\\Tanya.bmp;85;0, 0, 0, 0;faces;1, 1, 1, 1;2.817;3x2-4=0 ?, 8/2-4=2 ?, 8/4+4=5 ?, 4/2+7=7 ?;experiment;2.461326539534639, 2.5720066980102274, 1.9812224978595623, 2.895363486975839;faces\\Mark.bmp, faces\\Donald.bmp, faces\\Ethan.bmp, faces\\Tanya.bmp;8;0, 0, 0, 0;mixed;18;male;5
5;32.713449020033295;5;5;50;1.0;290;;5;1.0;13;1.543;23;3.5528609612592845;faces\\Britt.bmp, faces\\Karen.bmp, faces\\Anders.bmp, faces\\George.bmp, faces\\Vicky.bmp;75;1, 1, 0, 0, 1;faces;1, 1, 1, 1, 1;6.554;5+9/3=8 ?, 1+2x4=9 ?, 8/4-1=3 ?, 4x2-8=1 ?, 2x4-1=7 ?;experiment;1.757382652413071, 1.7477046914391394, 3.927522643145494, 1.4516268211082206, 1.584481517867971;faces\\Britt.bmp, faces\\Karen.bmp, faces\\Anders.bmp, faces\\George.bmp, faces\\Vicky.bmp;10;1, 1, 0, 0, 1;mixed;20;male;13
5;24.43261368165986;5;3;50;0.8;290;;5;0.8;14;1.634;23;2.9460476767380896;faces\\Joshua.bmp, faces\\Liam.bmp, faces\\Jake.bmp, faces\\Kelly.bmp, faces\\Scott.bmp;80;1, 1, 1, 0, 0;faces;1, 1, 1, 1, 1;3.953;6/2+5=8 ?, 8/2+2=6 ?, 8/4-2=0 ?, 8/4+2=5 ?, 3x2-1=6 ?;experiment;1.5016738869926485, 1.5899656273322762, 2.8671563872267143, 1.4979701939300867, 2.0235152899476816;faces\\Joshua.bmp, faces\\Liam.bmp, faces\\Jake.bmp, faces\\Scott.bmp, faces\\Kelly.bmp;8;1, 1, 1, 0, 0;mixed;12;male;10
5;24.63714112006346;4;4;30;0.8;290;;5;0.8;15;1.423;23;5.392157546943054;faces\\Rachel.bmp, faces\\Adam.bmp, faces\\Oliver.bmp, faces\\Peter.bmp, faces\\Keith.bmp;50;0, 0, 1, 0, 0;faces;1, 1, 1, 1, 1;4.025;8/2+3=8 ?, 8/4-1=0 ?, 2+8/2=6 ?, 4+6/3=7 ?, 9/3+5=9 ?;experiment;1.9296745783067308, 1.9318063980863371, 1.726197244850482, 2.708417301360896, 2.3479266995527723;faces\\Rachel.bmp, faces\\Adam.bmp, faces\\Oliver.bmp, faces\\Peter.bmp, faces\\Wendy.bmp;8;0, 0, 1, 0, 0;mixed;1;male;6
2;13.103726805224142;3;3;45;0.6666666666666666;290;;3;1.0;16;6.024;23;3.746691533106059;faces\\Niclas.bmp, faces\\Jeff.bmp, faces\\Chloe.bmp;15;0, 1, 1;faces;1, 1, 0;3.359;6/2+5=9 ?, 3x3-4=5 ?, 6/3-1=1 ?;experiment;2.5896938644400507, 1.5651978470814356, 1.4293845473657711;faces\\Niclas.bmp, faces\\Jeff.bmp, faces\\Chloe.bmp;6;0, 1, 0;mixed;4;male;0
4;34.229999667481025;4;1;50;0.625;290;;4;0.625;17;2.704;23;4.140592549840221;faces\\Julia.bmp, faces\\Andrea.bmp, faces\\Billy.bmp, faces\\Thomas.bmp;85;1, 0, 1, 1;faces;1, 1, 1, 1;2.22;8/4+7=9 ?, 4/2+2=5 ?, 2x3-3=3 ?, 4x2-3=5 ?;experiment;3.0589955364375783, 2.129669898400607, 2.1856210336263757, 1.980776264837914;faces\\Julia.bmp, faces\\Billy.bmp, faces\\Thomas.bmp, faces\\Andrea.bmp;5;1, 0, 1, 1;mixed;19;male;2
5;27.920055731916364;4;3;30;0.7;290;;5;0.7;18;2.18;23;5.1344889687643445;faces\\Gary.bmp, faces\\Eddie.bmp, faces\\Joseph.bmp, faces\\Angie.bmp, faces\\Sofia.bmp;70;1, 1, 1, 1, 1;faces;1, 1, 1, 1, 1;2.295;6/3-1=1 ?, 2x4-4=4 ?, 5+6/2=8 ?, 3x2-6=0 ?, 4/2-2=0 ?;experiment;1.9176973062239995, 2.09769219116788, 1.9504742919270939, 1.8055910083421622, 2.2364411048365582;faces\\Gary.bmp, faces\\Daniel.bmp, faces\\Eddie.bmp, faces\\Angie.bmp, faces\\Sofia.bmp;7;1, 1, 1, 1, 1;mixed;2;male;4
4;11.225102598702506;4;4;85;1.0;290;;4;1.0;19;1.331;23;7.8597042546498415;faces\\John.bmp, faces\\Shane.bmp, faces\\Erica.bmp, faces\\Wendy.bmp;85;1, 1, 1, 1;faces;1, 1, 1, 1;1.537;4x2-2=6 ?, 3x3-3=6 ?, 4x2-7=1 ?, 3x3-3=6 ?;experiment;2.020539034714602, 1.9746940306977194, 1.5075615356181515, 1.3402561714174226;faces\\John.bmp, faces\\Shane.bmp, faces\\Erica.bmp, faces\\Wendy.bmp;8;1, 1, 1, 1;mixed;12;male;17
3;7.773837854434532;3;3;90;1.0;290;;3;1.0;20;2.457;23;6.320307461533957;faces\\Diana.bmp, faces\\Micha.bmp, faces\\Paul.bmp;100;0, 0, 1;faces;1, 1, 1;2.514;8/4-1=0 ?, 9/3-2=3 ?, 2x3-4=2 ?;experiment;2.713811917914427, 2.7381297704741883, 1.8734832900736365;faces\\Diana.bmp, faces\\Micha.bmp, faces\\Paul.bmp;6;0, 0, 1;mixed;5;male;8
3;5.50475441378876;3;3;90;1.0;290;;3;1.0;21;2.692;23;4.705647947183024;faces\\Kenny.bmp, faces\\Emma.bmp, faces\\Lena.bmp;95;1, 1, 0;faces;1, 1, 1;2.397;4/2+4=6 ?, 8/2+2=6 ?, 8/4+5=6 ?;experiment;1.377833754180756, 1.8112105887339567, 3.4253273983376857;faces\\Kenny.bmp, faces\\Emma.bmp, faces\\Lena.bmp;6;1, 1, 0;mixed;10;male;6
5;34.884007739085064;5;3;65;0.8;290;;5;0.8;22;1.414;23;11.032035179749073;faces\\Regina.bmp, faces\\Mona.bmp, faces\\Amanda.bmp, faces\\Susan.bmp, faces\\Emily.bmp;90;0, 1, 0, 0, 1;faces;1, 1, 1, 1, 1;5.154;6/2+6=8 ?, 2x2-2=2 ?, 6/2+2=6 ?, 4/2+2=6 ?, 2x2-2=2 ?;experiment;2.5146585701586446, 2.47761671333501, 3.291487458471238, 2.2504200625044177, 1.5413956050761044;faces\\Regina.bmp, faces\\Mona.bmp, faces\\Amanda.bmp, faces\\Emily.bmp, faces\\Susan.bmp;8;0, 1, 0, 0, 1;mixed;12;male;20
5;12.075884655947448;5;3;85;0.8;290;;5;0.8;23;1.023;23;3.5574612255513784;faces\\Polly.bmp, faces\\Nina.bmp, faces\\James.bmp, faces\\Kristen.bmp, faces\\Jason.bmp;85;1, 1, 1, 0, 1;faces;1, 1, 1, 1, 1;2.178;2x2-4=0 ?, 3x3-2=7 ?, 3x2+2=8 ?, 3x3-2=9 ?, 4/2+3=5 ?;experiment;1.5271457055532665, 2.86023998058954, 1.7325389263387478, 2.0118853160602157, 1.9515629855668521;faces\\Polly.bmp, faces\\Nina.bmp, faces\\Kristen.bmp, faces\\James.bmp, faces\\Jason.bmp;8;1, 1, 1, 0, 1;mixed;8;male;17
3;17.34883558632282;4;4;65;0.75;290;;4;1.0;24;1.442;23;5.34280425641191;faces\\Linda.bmp, faces\\Sarah.bmp, faces\\Lisa.bmp, faces\\Lana.bmp;50;1, 1, 1, 1;faces;0, 1, 1, 1;1.818;6/3-1=1 ?, 2+2x3=8 ?, 4x2-4=4 ?, 6+4/2=8 ?;experiment;2.0256647619971773, 1.5576734633395972, 2.7480154535369365, 1.702372424359055;faces\\Linda.bmp, faces\\Sarah.bmp, faces\\Lisa.bmp, faces\\Lana.bmp;8;0, 1, 1, 1;mixed;12;male;11
3;6.604013552019751;3;3;85;1.0;290;;3;1.0;25;1.443;23;9.176071564776066;faces\\Jane.bmp, faces\\Leslie.bmp, faces\\Kate.bmp;80;1, 0, 1;faces;1, 1, 1;3.468;4+9/3=7 ?, 4x2-2=5 ?, 6/2+2=5 ?;experiment;1.957829952785687, 1.692827060687705, 1.5771504880867724;faces\\Jane.bmp, faces\\Leslie.bmp, faces\\Kate.bmp;6;1, 0, 1;mixed;3;male;12
4;28.096573529717716;4;4;55;1.0;290;;4;1.0;26;3.298;23;2.2682837516586005;faces\\Brian.bmp, faces\\Lucia.bmp, faces\\Noah.bmp, faces\\Lulu.bmp;100;0, 0, 1, 1;faces;1, 1, 1, 1;1.923;3x3-8=2 ?, 4/2+2=3 ?, 2+4/2=4 ?, 6/3+4=6 ?;experiment;1.735489318940381, 1.3494349425491237, 1.224078356382961, 2.4256040874461178;faces\\Brian.bmp, faces\\Lucia.bmp, faces\\Noah.bmp, faces\\Lulu.bmp;8;0, 0, 1, 1;mixed;5;male;0
5;14.36308055963309;5;5;60;1.0;290;;5;1.0;27;1.986;23;4.293498175451532;faces\\Maria.bmp, faces\\Cindy.bmp, faces\\Mike.bmp, faces\\Erin.bmp, faces\\Anna.bmp;70;1, 1, 0, 0, 0;faces;1, 1, 1, 1, 1;2.741;3x2-6=0 ?, 6+9/3=9 ?, 9/3+3=8 ?, 3x2-6=2 ?, 6/2-3=2 ?;experiment;1.377076348540868, 1.370790497494454, 1.9098543605432496, 2.1440918049520405, 3.124634895590134;faces\\Maria.bmp, faces\\Cindy.bmp, faces\\Mike.bmp, faces\\Erin.bmp, faces\\Anna.bmp;10;1, 1, 0, 0, 0;mixed;3;male;4
4;19.51371643143284;4;4;70;1.0;290;;4;1.0;1;3.475;23;3.2870600222413486;faces\\Tanya.bmp, faces\\Haley.bmp, faces\\Leah.bmp, faces\\Regina.bmp;100;1, 0, 1, 1;faces;1, 1, 1, 1;2.88;2x3+1=7 ?, 2x2-1=5 ?, 3x3-1=8 ?, 8/4-1=1 ?;experiment;1.21076649040333, 2.2399645805089676, 1.544000752066495, 2.7811290639729123;faces\\Tanya.bmp, faces\\Haley.bmp, faces\\Leah.bmp, faces\\Regina.bmp;8;1, 0, 1, 1;mixed;8;male;4
4;8.060489821822557;4;4;85;1.0;290;;4;1.0;2;2.213;23;5.7146460904114065;faces\\Olivia.bmp, faces\\Diana.bmp, faces\\Sofia.bmp, faces\\Lena.bmp;85;0, 0, 1, 1;faces;1, 1, 1, 1;4.956;2x2+2=8 ?, 4/2-1=2 ?, 2+3x2=8 ?, 1+4/2=3 ?;experiment;2.9757515249693824, 2.165370182519837, 1.3086742035047791, 1.3469747083981929;faces\\Olivia.bmp, faces\\Diana.bmp, faces\\Sofia.bmp, faces\\Lena.bmp;8;0, 0, 1, 1;mixed;0;male;5
2;11.597897655410634;2;2;100;0.4444444444444444;290;;3;0.6666666666666666;3;1.316;23;2.4700463515837328;faces\\Amanda.bmp, faces\\Amber.bmp, faces\\Fiona.bmp;60;1, 0, 0;faces;0, 1, 1;6.041;6/3+5=7 ?, 3x3-7=3 ?, 9/3+6=8 ?;experiment;1.995855410645163, 2.179466137811687, 2.975266703258967;faces\\Amanda.bmp, faces\\Amber.bmp, faces\\Diana.bmp;4;0, 0, 0;mixed;13;male;8
4;7.215517825305142;4;4;100;1.0;290;;4;1.0;4;1.354;23;0.9373176017397782;faces\\Jenny.bmp, faces\\Erica.bmp, faces\\Kevin.bmp, faces\\Kenny.bmp;100;1, 1, 0, 0;faces;1, 1, 1, 1;1.927;6/3-2=0 ?, 4+4/2=6 ?, 8/4+2=5 ?, 3x3-8=3 ?;experiment;2.224892413505586, 1.4903029499400873, 2.3331033064350777, 1.7839066285123408;faces\\Jenny.bmp, faces\\Erica.bmp, faces\\Kevin.bmp, faces\\Kenny.bmp;8;1, 1, 0, 0;mixed;11;male;17
4;9.18170920796183;4;4;100;1.0;290;;4;1.0;5;3.431;23;2.960350122557429;faces\\Simon.bmp, faces\\Jeff.bmp, faces\\Bobby.bmp, faces\\Donna.bmp;100;1, 1, 0, 1;faces;1, 1, 1, 1;2.612;7+4/2=9 ?, 1+2x2=5 ?, 2x3-1=3 ?, 2x4-2=6 ?;experiment;1.2226608378587116, 1.5201870155651704, 2.1094449099291523, 2.533280896506767;faces\\Simon.bmp, faces\\Jeff.bmp, faces\\Bobby.bmp, faces\\Donna.bmp;8;1, 1, 0, 1;mixed;11;male;1
5;10.776976264260156;5;3;95;0.8;290;;5;0.8;6;2.403;23;2.30972389793169;faces\\Leslie.bmp, faces\\Molly.bmp, faces\\Olga.bmp, faces\\Polly.bmp, faces\\Mary.bmp;100;1, 1, 0, 1, 1;faces;1, 1, 1, 1, 1;2.007;5+2x2=9 ?, 6/2+4=7 ?, 8/4-1=0 ?, 3x2-5=1 ?, 2x2+1=5 ?;experiment;1.7980042258714093, 2.2706700925773475, 2.1948630245242384, 1.5032166134988074, 1.3090707638548338;faces\\Leslie.bmp, faces\\Molly.bmp, faces\\Polly.bmp, faces\\Olga.bmp, faces\\Mary.bmp;8;1, 1, 0, 1, 1;mixed;14;male;6
;10.575;;;;;290;[];1;;1;;[];;[];;[];faces;[];;[];qStress;[];3;;;mixed;;male;23
;6.528;;;;;290;[];1;;1;;[];;[];;[];faces;[];;[];qSatisfied;[];4;;;mixed;;male;23
;5.987;;;;;290;[];1;;1;;[];;[];;[];faces;[];;[];qFrustration;[];3;;;mixed;;male;23
;3.624;;;;;290;[];1;;1;;[];;[];;[];faces;[];;[];qDifficulty;[];5;;;mixed;;male;23
;3.09;;;;;290;[];1;;1;;[];;[];;[];faces;[];;[];qEffort;[];6;;;mixed;;male;23
;8.296;;;;;290;[];1;;1;;[];;[];;[];faces;[];;[];qAttitude;[];6;;;mixed;;male;23
;17.33722736989148;;;;;290;[];1;;1;;[];;[];;[];faces;[];;[];qBirthweight;[];3000;;;mixed;;male;23
;13.916711242076417;;;;;290;[];1;;1;;[];;[];;[];faces;[];;[];qFriends;[];200;;;mixed;;male;23
;53.33160409483389;;;;;290;[];1;;1;;[];;[];;[];faces;[];;[];qAbout;[];memorysinwithdistractions;;;mixed;;male;23
;6.5094761913933326;;;;;290;[];1;;1;;[];;[];;[];faces;[];;[];qFeedback;[];no;;;mixed;;male;23
