equationScore;recallRT;recallIntersection;recallLocation;pggInvestOther;payoutFactor;id;recallRTs;span;recallProportion;no;pggRT;equationAnss;pauseRT;encode;pggInvest;equationCorrect;stimType;equationScores;pggRTOther;equationText;condition;equationRTs;recallAns;recallSum;pggStart;order;pggStartOther;gender;age
;39.01494443456886;;;;;364;[];1;;1;;[];;[];;[];faces;[];;[];qCheck1;[];70;;;mixed;;male;22
;13.68729702535802;;;;;364;[];1;;1;;[];;[];;[];faces;[];;[];qCheck2;[];175;;;mixed;;male;22
;10.36288530544607;;;;;364;[];1;;1;;[];;[];;[];faces;[];;[];qCheck3;[];275;;;mixed;;male;22
;4.878160000361277;;;;;364;[];1;;1;;[];;[];;[];faces;[];;[];qCheck4;[];75;;;mixed;;male;22
;;;;100;;364;;1;;1;13.75;22;1.0799841704920254;;100;;faces;;7.692;;practicePGG;;;;;mixed;19;male;6
;;;;100;;364;;1;;2;30.055;22;1.1152302770533424;;100;;faces;;6.212;;practicePGG;;;;;mixed;9;male;3
4;19.521062563911983;5;1;;0.48;364;;5;0.6;1;;22;1.0985916418057968;faces\\Victor.bmp, faces\\Andre.bmp, faces\\Anders.bmp, faces\\Erin.bmp, faces\\Molly.bmp;;0, 0, 1, 1, 0;faces;1, 0, 1, 1, 1;;6/2-1=0 ?, 1+9/3=2 ?, 2x2+5=9 ?, 1+4/2=3 ?, 3x3-3=7 ?;practiceCS;4.050205730231937, timeout, 1.9358765364077044, 2.219482527811124, 1.9984420907267122;faces\\Anders.bmp, faces\\Victor.bmp, faces\\Erin.bmp, faces\\Andre.bmp, faces\\Molly.bmp;6;0, timeout, 1, 1, 0;mixed;;male;
6;18.37169908992655;6;0;;0.5;364;;6;0.5;2;;22;0.9344475292455172;faces\\Nicole.bmp, faces\\Leslie.bmp, faces\\Angie.bmp, faces\\Scott.bmp, faces\\Julia.bmp, faces\\Niclas.bmp;;0, 1, 1, 0, 1, 1;faces;1, 1, 1, 1, 1, 1;;3x2+2=6 ?, 4x2-1=7 ?, 3x3-1=8 ?, 4/2+3=7 ?, 2x4-7=1 ?, 9/3+2=5 ?;practiceCS;2.964120056306456, 2.5954000830060977, 1.5648621876325706, 4.257760297082314, 2.3651743442105726, 2.70952237662641;faces\\Niclas.bmp, faces\\Angie.bmp, faces\\Scott.bmp, faces\\Nicole.bmp, faces\\Leslie.bmp, faces\\Julia.bmp;6;0, 1, 1, 0, 1, 1;mixed;;male;
7;36.97152043324331;6;1;;0.5;364;;7;0.5;3;;22;0.7131911605993082;faces\\Diana.bmp, faces\\Haley.bmp, faces\\Robert.bmp, faces\\Gary.bmp, faces\\Jeff.bmp, faces\\Eric.bmp, faces\\Thomas.bmp;;0, 1, 0, 0, 0, 1, 1;faces;1, 1, 1, 1, 1, 1, 1;;2x2-4=2 ?, 9/3+2=5 ?, 4+9/3=9 ?, 2x2-1=4 ?, 2+2x2=8 ?, 4/2-2=0 ?, 3x3-6=3 ?;practiceCS;3.094891248080785, 1.9338034292068187, 3.2632037429229968, 1.9698258220487332, 1.974487234380831, 3.139590312965993, 2.355232461000014;faces\\Thomas.bmp, faces\\Robert.bmp, faces\\Gary.bmp, faces\\Haley.bmp, faces\\Diana.bmp, faces\\Eric.bmp, faces\\Sarah.bmp;7;0, 1, 0, 0, 0, 1, 1;mixed;;male;
6;27.208841124864193;5;2;100;0.5833333333333334;364;;6;0.5833333333333334;1;4.522;22;1.024802982975416;faces\\Lana.bmp, faces\\Linda.bmp, faces\\Kevin.bmp, faces\\Adam.bmp, faces\\Andrea.bmp, faces\\Brian.bmp;100;0, 1, 0, 1, 1, 0;faces;1, 1, 1, 1, 1, 1;3.014;2x4-5=4 ?, 4x2-1=7 ?, 3x3-9=2 ?, 2x3-4=2 ?, 6/3+5=7 ?, 2x2+5=8 ?;practiceExp;3.6097919626663497, 2.041436281510869, 1.9542639709979994, 2.3493062480165463, 2.6822374122366455, 1.8844413099250232;faces\\Andrea.bmp, faces\\Brian.bmp, faces\\Kevin.bmp, faces\\Adam.bmp, faces\\Lana.bmp, faces\\Eddie.bmp;7;0, 1, 0, 1, 1, 0;mixed;14;male;18
4;14.352933569844936;5;1;100;0.48;364;;5;0.6;2;10.713;22;1.9959170051033652;faces\\Amanda.bmp, faces\\Ella.bmp, faces\\Anders.bmp, faces\\Victor.bmp, faces\\Ricky.bmp;100;1, 0, 1, 0, 1;faces;1, 1, 1, 0, 1;6.635;1+2x3=7 ?, 2x2-2=4 ?, 1+6/2=4 ?, 8/4+3=6 ?, 4/2+4=6 ?;practiceExp;2.0224856185886892, 1.6076018583253244, 2.726013636530297, 2.1282604742209514, 1.338305643325839;faces\\Anders.bmp, faces\\Ella.bmp, faces\\Victor.bmp, faces\\Ricky.bmp, faces\\Amanda.bmp;6;1, 0, 1, 1, 1;mixed;2;male;1
7;32.42981957399115;7;1;100;0.5714285714285714;364;;7;0.5714285714285714;3;4.265;22;0.7300761056130796;faces\\Olivia.bmp, faces\\Eddie.bmp, faces\\Karen.bmp, faces\\Keith.bmp, faces\\Britt.bmp, faces\\David.bmp, faces\\Lucia.bmp;100;1, 0, 1, 0, 0, 0, 0;faces;1, 1, 1, 1, 1, 1, 1;3.723;3x3-3=6 ?, 8/4+4=4 ?, 8/4+5=7 ?, 2x2-2=3 ?, 1+2x3=6 ?, 2x2+2=4 ?, 2x2-4=2 ?;practiceExp;2.4263408590541076, 2.3397055038321923, 1.9426808437092404, 1.919092167882809, 2.340133261794108, 2.005521443933503, 1.9654805072505042;faces\\Olivia.bmp, faces\\David.bmp, faces\\Keith.bmp, faces\\Britt.bmp, faces\\Lucia.bmp, faces\\Karen.bmp, faces\\Eddie.bmp;8;1, 0, 1, 0, 0, 0, 0;mixed;11;male;6
5;11.998575508517206;5;5;100;1.0;364;;5;1.0;1;2.299;22;1.5245462050443166;faces\\Tony.bmp, faces\\Britt.bmp, faces\\Maria.bmp, faces\\Leslie.bmp, faces\\Ethan.bmp;100;0, 0, 1, 0, 0;faces;1, 1, 1, 1, 1;1.722;3x2-2=3 ?, 6/3-1=3 ?, 2x4-1=7 ?, 1+4/2=2 ?, 3x3-8=0 ?;experiment;3.0749947556541883, 3.9885560377297224, 1.774088787281471, 1.7268699734850088, 1.7447955772613568;faces\\Tony.bmp, faces\\Britt.bmp, faces\\Maria.bmp, faces\\Leslie.bmp, faces\\Ethan.bmp;10;0, 0, 1, 0, 0;mixed;20;male;14
5;10.110199400071906;6;6;100;0.8333333333333334;364;;6;1.0;2;1.529;22;0.8337704647492501;faces\\Scott.bmp, faces\\Joan.bmp, faces\\Susan.bmp, faces\\Sonya.bmp, faces\\Rachel.bmp, faces\\Chloe.bmp;100;0, 0, 0, 1, 1, 0;faces;1, 1, 1, 1, 0, 1;2.829;3+2x2=5 ?, 2x2+1=4 ?, 3x2-1=3 ?, 6/2-3=0 ?, 4/2-1=1 ?, 4/2-1=0 ?;experiment;1.4281836666250456, 1.3946760964990972, 2.393356286666858, 2.5486714256448977, 2.0360663180836127, 1.7575622229787768;faces\\Scott.bmp, faces\\Joan.bmp, faces\\Susan.bmp, faces\\Sonya.bmp, faces\\Rachel.bmp, faces\\Chloe.bmp;12;0, 0, 0, 1, 0, 0;mixed;10;male;15
7;29.17175672641224;7;7;100;1.0;364;;7;1.0;3;3.29;22;2.8611055121245954;faces\\Tanya.bmp, faces\\Nana.bmp, faces\\Leah.bmp, faces\\Eddie.bmp, faces\\Eric.bmp, faces\\Molly.bmp, faces\\Erica.bmp;100;0, 0, 1, 0, 1, 0, 1;faces;1, 1, 1, 1, 1, 1, 1;1.329;9/3+4=5 ?, 3x2+1=6 ?, 6/2-3=0 ?, 9/3-1=4 ?, 3x3-5=4 ?, 4/2+5=8 ?, 7+8/4=9 ?;experiment;2.052732868437488, 1.5618756817139001, 1.9281411781894349, 2.4915673798841453, 1.8573730981297558, 2.3463850141861258, 3.9976206476549123;faces\\Tanya.bmp, faces\\Nana.bmp, faces\\Leah.bmp, faces\\Eddie.bmp, faces\\Eric.bmp, faces\\Molly.bmp, faces\\Erica.bmp;14;0, 0, 1, 0, 1, 0, 1;mixed;20;male;6
7;31.1731935333828;7;7;100;1.0;364;;7;1.0;4;2.771;22;1.35725220108543;faces\\Jacob.bmp, faces\\Lucia.bmp, faces\\Haley.bmp, faces\\Amanda.bmp, faces\\Julian.bmp, faces\\David.bmp, faces\\Oliver.bmp;100;0, 0, 1, 1, 1, 1, 0;faces;1, 1, 1, 1, 1, 1, 1;1.872;4x2-6=3 ?, 4x2-2=8 ?, 8/2-4=0 ?, 4/2+1=3 ?, 9/3+2=5 ?, 1+2x4=9 ?, 6/2-1=3 ?;experiment;2.0513440918703054, 1.7352806309800144, 2.865743525028847, 2.2458828296221327, 3.1477485029499803, 2.190328482809491, 1.27960222614729;faces\\Jacob.bmp, faces\\Lucia.bmp, faces\\Haley.bmp, faces\\Amanda.bmp, faces\\Julian.bmp, faces\\David.bmp, faces\\Oliver.bmp;14;0, 0, 1, 1, 1, 1, 0;mixed;15;male;7
5;20.10533724527977;5;2;100;0.7;364;;5;0.7;5;3.994;22;0.6638425883547825;faces\\Cindy.bmp, faces\\Jane.bmp, faces\\Kelly.bmp, faces\\Kurt.bmp, faces\\Nina.bmp;100;0, 1, 1, 1, 1;faces;1, 1, 1, 1, 1;9.727;1+2x3=6 ?, 2x2-2=2 ?, 4x2-1=7 ?, 7+4/2=9 ?, 4+9/3=7 ?;experiment;1.398054234947267, 1.8969431726418406, 1.5782027351060606, 2.5175781017478585, 2.552402608092052;faces\\Cindy.bmp, faces\\Jane.bmp, faces\\Kurt.bmp, faces\\Nina.bmp, faces\\Kelly.bmp;7;0, 1, 1, 1, 1;mixed;10;male;0
6;28.80875278176154;6;6;100;1.0;364;;6;1.0;6;2.146;22;1.0412523702179897;faces\\Kenny.bmp, faces\\Olivia.bmp, faces\\Milla.bmp, faces\\Nathan.bmp, faces\\Joshua.bmp, faces\\Benny.bmp;100;0, 0, 1, 0, 1, 0;faces;1, 1, 1, 1, 1, 1;1.61;2x4-3=3 ?, 3x3-2=5 ?, 4/2+4=6 ?, 7+6/3=8 ?, 5+8/4=7 ?, 9/3+2=4 ?;experiment;2.400634329751483, 1.9620962110584514, 1.6322299613657378, 2.150451342121414, 3.006890926235428, 2.581463465898196;faces\\Kenny.bmp, faces\\Olivia.bmp, faces\\Milla.bmp, faces\\Nathan.bmp, faces\\Joshua.bmp, faces\\Benny.bmp;12;0, 0, 1, 0, 1, 0;mixed;16;male;11
6;12.8910099808827;6;6;100;1.0;364;;6;1.0;7;1.544;22;1.5592348304999177;faces\\Angie.bmp, faces\\Tina.bmp, faces\\Mona.bmp, faces\\Justin.bmp, faces\\Bruce.bmp, faces\\Micha.bmp;100;0, 1, 0, 1, 0, 1;faces;1, 1, 1, 1, 1, 1;2.209;6/2+3=5 ?, 3x3-8=1 ?, 3x3-3=8 ?, 4/2+1=3 ?, 6/2-1=0 ?, 2x2+4=8 ?;experiment;2.5859914604407095, 1.4696080431631344, 1.978679837123309, 1.6644037641053728, 1.5828481373027898, 1.5938614679980674;faces\\Angie.bmp, faces\\Tina.bmp, faces\\Mona.bmp, faces\\Justin.bmp, faces\\Bruce.bmp, faces\\Micha.bmp;12;0, 1, 0, 1, 0, 1;mixed;14;male;15
4;25.829580735620766;4;2;100;0.48;364;;5;0.6;8;3.866;22;0.9052286226724391;faces\\Kiki.bmp, faces\\Kristen.bmp, faces\\Megan.bmp, faces\\Vicky.bmp, faces\\Casper.bmp;100;1, 0, 0, 0, 0;faces;0, 1, 1, 1, 1;6.598;9/3-1=2 ?, 6/3+2=6 ?, 9/3+3=4 ?, 2x2-2=4 ?, 3x3-2=5 ?;experiment;2.0604399010326233, 1.5770688891470854, 2.072741021291222, 1.957348179791552, 2.148365098399154;faces\\Kiki.bmp, faces\\Kristen.bmp, faces\\Vicky.bmp, faces\\Megan.bmp, faces\\Jacob.bmp;6;0, 0, 0, 0, 0;mixed;0;male;3
5;11.882689226451475;5;5;100;1.0;364;;5;1.0;9;1.155;22;0.8475859795553333;faces\\Nicole.bmp, faces\\Lena.bmp, faces\\Gary.bmp, faces\\Sarah.bmp, faces\\Fiona.bmp;100;1, 0, 0, 1, 0;faces;1, 1, 1, 1, 1;3.024;4x2-5=3 ?, 4+2x2=6 ?, 4/2+1=1 ?, 3x3-5=4 ?, 4+2x2=9 ?;experiment;3.58682480848438, 2.1266405769893026, 2.6473968957579928, 1.6716038090980874, 1.513194198420024;faces\\Nicole.bmp, faces\\Lena.bmp, faces\\Gary.bmp, faces\\Sarah.bmp, faces\\Fiona.bmp;10;1, 0, 0, 1, 0;mixed;7;male;17
6;11.801693954367693;6;6;100;1.0;364;;6;1.0;10;2.179;22;0.5960027209011969;faces\\Linda.bmp, faces\\Paul.bmp, faces\\Chris.bmp, faces\\Bobby.bmp, faces\\Jeff.bmp, faces\\Will.bmp;100;1, 1, 1, 0, 1, 0;faces;1, 1, 1, 1, 1, 1;3.263;9/3+1=4 ?, 3x3-8=1 ?, 2x3-2=4 ?, 2x2+4=9 ?, 4+6/3=6 ?, 3x2-2=6 ?;experiment;2.23674678986481, 1.4901129207119084, 1.7451478002285512, 1.403398335849488, 2.2290216945539214, 2.3309918853246927;faces\\Linda.bmp, faces\\Paul.bmp, faces\\Chris.bmp, faces\\Bobby.bmp, faces\\Jeff.bmp, faces\\Will.bmp;12;1, 1, 1, 0, 1, 0;mixed;5;male;11
7;28.180805326202062;7;3;100;0.7142857142857143;364;;7;0.7142857142857143;11;2.238;22;0.5598772884741265;faces\\Victor.bmp, faces\\Jake.bmp, faces\\Liam.bmp, faces\\Regina.bmp, faces\\John.bmp, faces\\Donald.bmp, faces\\Adam.bmp;100;1, 1, 1, 1, 1, 1, 0;faces;1, 1, 1, 1, 1, 1, 1;3.27;3x3-3=6 ?, 7+4/2=9 ?, 2x4-5=3 ?, 9/3-3=0 ?, 4/2+6=8 ?, 3+8/2=7 ?, 2x4-3=7 ?;experiment;2.3122743956482736, 2.499266202153194, 3.3750476712020827, 2.3965632398276284, 1.7867220152083974, 2.6887757049898937, 2.6560358003034708;faces\\Victor.bmp, faces\\Jake.bmp, faces\\Liam.bmp, faces\\John.bmp, faces\\Donald.bmp, faces\\Adam.bmp, faces\\Regina.bmp;10;1, 1, 1, 1, 1, 1, 0;mixed;8;male;12
7;16.148981283331523;7;7;100;1.0;364;;7;1.0;12;0.972;22;0.78890678283733;faces\\Sofia.bmp, faces\\Robert.bmp, faces\\Steve.bmp, faces\\Emily.bmp, faces\\Brian.bmp, faces\\James.bmp, faces\\Joseph.bmp;100;1, 0, 0, 1, 0, 0, 0;faces;1, 1, 1, 1, 1, 1, 1;3.157;4/2+2=4 ?, 4x2-3=6 ?, 9/3+6=8 ?, 4x2+1=9 ?, 6/3+3=6 ?, 2x2+4=7 ?, 2x3+3=8 ?;experiment;2.324270502311265, 3.899541740679524, 3.0941490346503997, 1.9068542671311661, 2.7260940977203063, 1.7209051719719355, 2.2176910347761805;faces\\Sofia.bmp, faces\\Robert.bmp, faces\\Steve.bmp, faces\\Emily.bmp, faces\\Brian.bmp, faces\\James.bmp, faces\\Joseph.bmp;14;1, 0, 0, 1, 0, 0, 0;mixed;8;male;19
5;7.6794175759259815;5;5;100;1.0;364;;5;1.0;13;2.115;22;0.9364910792764931;faces\\Carl.bmp, faces\\Amber.bmp, faces\\Donna.bmp, faces\\Matt.bmp, faces\\Lana.bmp;100;1, 0, 1, 1, 1;faces;1, 1, 1, 1, 1;3.127;6+6/2=9 ?, 2x2-2=1 ?, 8/4+4=6 ?, 6+9/3=9 ?, 8/2-3=1 ?;experiment;2.888683995653082, 1.5485055770686813, 1.8439356688159023, 1.6344249919020513, 2.529553682597907;faces\\Carl.bmp, faces\\Amber.bmp, faces\\Donna.bmp, faces\\Matt.bmp, faces\\Lana.bmp;10;1, 0, 1, 1, 1;mixed;6;male;10
7;32.22599536855523;7;4;100;0.7857142857142857;364;;7;0.7857142857142857;14;1.055;22;0.7851817581340583;faces\\Ricky.bmp, faces\\Lisa.bmp, faces\\Anna.bmp, faces\\Simon.bmp, faces\\Andrea.bmp, faces\\Erin.bmp, faces\\Mike.bmp;100;1, 1, 1, 1, 0, 1, 0;faces;1, 1, 1, 1, 1, 1, 1;2.948;1+8/4=3 ?, 3x2-6=0 ?, 2x2-4=0 ?, 2x3-3=3 ?, 2x4-5=2 ?, 4/2-2=0 ?, 3x3-5=6 ?;experiment;2.963451325290407, 1.9472457847159603, 1.570564258729064, 1.7629810378430193, 3.304468428630571, 2.033209945823728, 1.8006639690274824;faces\\Ricky.bmp, faces\\Lisa.bmp, faces\\Anna.bmp, faces\\Simon.bmp, faces\\Erin.bmp, faces\\Mike.bmp, faces\\Andrea.bmp;11;1, 1, 1, 1, 0, 1, 0;mixed;10;male;18
6;17.299146495606692;6;4;100;0.8333333333333334;364;;6;0.8333333333333334;15;3.052;22;0.603125588833791;faces\\Niclas.bmp, faces\\Thomas.bmp, faces\\Daniel.bmp, faces\\Julia.bmp, faces\\Jason.bmp, faces\\Polly.bmp;100;0, 1, 1, 1, 1, 0;faces;1, 1, 1, 1, 1, 1;1.728;1+2x2=4 ?, 9/3+1=4 ?, 4x2-7=1 ?, 4/2+5=7 ?, 4x2-5=3 ?, 1+4/2=5 ?;experiment;1.4410102477177134, 1.78701471331442, 1.5924903436307432, 2.5267453407432185, 2.164685173014732, 2.485919496936731;faces\\Niclas.bmp, faces\\Thomas.bmp, faces\\Daniel.bmp, faces\\Julia.bmp, faces\\Polly.bmp, faces\\Jason.bmp;10;0, 1, 1, 1, 1, 0;mixed;15;male;5
7;46.01007447996835;7;7;100;1.0;364;;7;1.0;16;1.591;22;0.5822089634593794;faces\\Kate.bmp, faces\\Lucas.bmp, faces\\Lily.bmp, faces\\Jonah.bmp, faces\\Andre.bmp, faces\\Billy.bmp, faces\\Damon.bmp;100;1, 1, 0, 1, 0, 0, 1;faces;1, 1, 1, 1, 1, 1, 1;3.167;8/2-2=2 ?, 9/3+2=5 ?, 4/2+1=1 ?, 5+9/3=8 ?, 2x4-1=6 ?, 2+8/4=5 ?, 3x3-2=7 ?;experiment;3.6245713696916937, 2.165245938249427, 2.1047994689561165, 2.853956371151071, 3.07239413503612, 3.464349740163925, 1.8645608276337953;faces\\Kate.bmp, faces\\Lucas.bmp, faces\\Lily.bmp, faces\\Jonah.bmp, faces\\Andre.bmp, faces\\Billy.bmp, faces\\Damon.bmp;14;1, 1, 0, 1, 0, 0, 1;mixed;7;male;14
5;14.407675504945473;4;4;100;0.8;364;;5;0.8;17;1.115;22;0.6325657636807591;faces\\Zach.bmp, faces\\Emma.bmp, faces\\Karen.bmp, faces\\Jenny.bmp, faces\\George.bmp;100;0, 1, 0, 0, 0;faces;1, 1, 1, 1, 1;1.587;3+2x3=8 ?, 2x4+1=9 ?, 1+2x2=6 ?, 4+9/3=9 ?, 6/2+1=6 ?;experiment;2.641365590608075, 1.9108576218714006, 1.3119603506956992, 2.2238520630698986, 1.8553788100525708;faces\\Zach.bmp, faces\\Emma.bmp, faces\\Karen.bmp, faces\\Jenny.bmp, faces\\Noah.bmp;8;0, 1, 0, 0, 0;mixed;15;male;20
6;46.88633337944793;5;3;100;0.6666666666666666;364;;6;0.6666666666666666;18;2.878;22;0.6321938359342312;faces\\Peter.bmp, faces\\Noah.bmp, faces\\Wendy.bmp, faces\\Greg.bmp, faces\\Diana.bmp, faces\\Olga.bmp;100;0, 0, 0, 1, 0, 0;faces;1, 1, 1, 1, 1, 1;2.696;4x2-7=3 ?, 4x2-6=0 ?, 6/3+3=3 ?, 3+9/3=6 ?, 4/2+3=7 ?, 4x2-3=3 ?;experiment;3.88469870363042, 2.101894245260155, 2.7467578450687142, 3.9213179871403554, 2.7654987341729793, 2.5375493081364766;faces\\Peter.bmp, faces\\Noah.bmp, faces\\Wendy.bmp, faces\\Olga.bmp, faces\\Greg.bmp, faces\\Mona.bmp;8;0, 0, 0, 1, 0, 0;mixed;8;male;6
4;7.068740129649996;4;4;100;0.6400000000000001;364;;5;0.8;1;3.853;22;0.553162473721386;faces\\Shane.bmp, faces\\Nathan.bmp, faces\\Joshua.bmp, faces\\Lulu.bmp, faces\\Britt.bmp;100;1, 0, 0, 1, 0;faces;1, 1, 0, 1, 1;2.111;5+4/2=7 ?, 9/3-2=3 ?, 5+8/2=7 ?, 1+2x2=5 ?, 3+2x2=5 ?;experiment;2.093778338451557, 1.6037471104782526, 2.3950952336181217, 2.056476776888303, 2.557611238622485;faces\\Shane.bmp, faces\\Justin.bmp, faces\\Joshua.bmp, faces\\Lulu.bmp, faces\\Britt.bmp;8;1, 0, 1, 1, 0;mixed;13;male;2
6;18.04084719065213;6;6;100;0.7346938775510203;364;;7;0.8571428571428571;2;2.761;22;0.6832374298892319;faces\\Linda.bmp, faces\\Lena.bmp, faces\\Jake.bmp, faces\\Julia.bmp, faces\\Donna.bmp, faces\\Amber.bmp, faces\\David.bmp;100;0, 0, 0, 0, 0, 1, 0;faces;1, 1, 1, 0, 1, 1, 1;4.441;4x2-7=0 ?, 2x2-1=2 ?, 3x3-3=8 ?, 3x3-6=2 ?, 3x3-6=5 ?, 2x2-1=3 ?, 1+2x4=8 ?;experiment;2.9720586200819525, 1.8431384462037386, 1.4136530324631167, 1.4822375764433673, 1.3035012522796023, 1.657814156817949, 1.6384213678647939;faces\\Fiona.bmp, faces\\Lena.bmp, faces\\Jake.bmp, faces\\Julia.bmp, faces\\Donna.bmp, faces\\Amber.bmp, faces\\David.bmp;12;0, 0, 0, 1, 0, 1, 0;mixed;2;male;7
7;31.391960941839898;7;7;100;1.0;364;;7;1.0;3;2.549;22;0.5864820273918667;faces\\Eric.bmp, faces\\Daniel.bmp, faces\\Bobby.bmp, faces\\Joseph.bmp, faces\\Kate.bmp, faces\\Benny.bmp, faces\\Molly.bmp;100;0, 1, 1, 0, 1, 0, 1;faces;1, 1, 1, 1, 1, 1, 1;3.538;2x2+4=9 ?, 3x3-9=0 ?, 8/2-3=1 ?, 2x3-4=1 ?, 2x4-2=6 ?, 1+6/3=1 ?, 2x4-8=0 ?;experiment;1.4162380534635304, 2.2648835755317123, 2.443539027987754, 2.771945892312033, 2.096949576695806, 1.75345952330008, 1.4852355768180132;faces\\Eric.bmp, faces\\Daniel.bmp, faces\\Bobby.bmp, faces\\Joseph.bmp, faces\\Kate.bmp, faces\\Benny.bmp, faces\\Molly.bmp;14;0, 1, 1, 0, 1, 0, 1;mixed;4;male;8
4;8.132720733576207;5;5;100;0.8;364;;5;1.0;4;1.776;22;0.625710552361852;faces\\Micha.bmp, faces\\Lucas.bmp, faces\\Jonah.bmp, faces\\Casper.bmp, faces\\Bruce.bmp;100;1, 1, 0, 1, 1;faces;1, 1, 1, 1, 0;3.937;4/2+4=6 ?, 2+4/2=4 ?, 8/4+1=5 ?, 4x2-6=2 ?, 3x2-6=0 ?;experiment;2.2617246527752286, 2.2236353104754016, 2.4827072070647773, 3.505937912696936, 1.2184968782285068;faces\\Micha.bmp, faces\\Lucas.bmp, faces\\Jonah.bmp, faces\\Casper.bmp, faces\\Bruce.bmp;10;1, 1, 0, 1, 0;mixed;1;male;13
6;19.58076435667772;6;4;100;0.8333333333333334;364;;6;0.8333333333333334;5;4.477;22;1.0098909791922779;faces\\Victor.bmp, faces\\Lana.bmp, faces\\Julian.bmp, faces\\Donald.bmp, faces\\Jeff.bmp, faces\\Greg.bmp;0;0, 0, 0, 0, 0, 1;faces;1, 1, 1, 1, 1, 1;4.105;1+9/3=5 ?, 3x3-3=7 ?, 3x3-4=6 ?, 3+3x2=8 ?, 7+8/4=8 ?, 3+2x3=9 ?;experiment;2.36385083973164, 1.9689604537352352, 2.654874039238166, 3.2405050663874135, 2.2440958522665824, 3.9701587507497607;faces\\Victor.bmp, faces\\Lana.bmp, faces\\Donald.bmp, faces\\Julian.bmp, faces\\Jeff.bmp, faces\\Greg.bmp;10;0, 0, 0, 0, 0, 1;mixed;3;male;2
6;42.78533118605992;6;1;100;0.42857142857142855;364;;7;0.5;6;3.991;22;0.7142445453673645;faces\\Tina.bmp, faces\\Maria.bmp, faces\\Paul.bmp, faces\\Rachel.bmp, faces\\Hanna.bmp, faces\\Leah.bmp, faces\\Gary.bmp;0;1, 0, 0, 1, 1, 1, 1;faces;1, 1, 1, 1, 1, 0, 1;2.739;1+8/4=3 ?, 9/3-3=2 ?, 4x2-6=0 ?, 2+3x2=8 ?, 2+3x2=8 ?, 6/3+6=8 ?, 2x2+5=9 ?;experiment;3.132040097587378, 3.5005757490798715, 2.454564674170797, 2.287718953987678, 3.039548317149638, 1.690543388081096, 1.9392522117595945;faces\\Paul.bmp, faces\\Maria.bmp, faces\\Rachel.bmp, faces\\Leah.bmp, faces\\Gary.bmp, faces\\Hanna.bmp, faces\\Mary.bmp;7;1, 0, 0, 1, 1, 0, 1;mixed;18;male;12
;4.139;;;;;364;[];1;;1;;[];;[];;[];faces;[];;[];qStress;[];1;;;mixed;;male;22
;4.345;;;;;364;[];1;;1;;[];;[];;[];faces;[];;[];qSatisfied;[];7;;;mixed;;male;22
;3.202;;;;;364;[];1;;1;;[];;[];;[];faces;[];;[];qFrustration;[];1;;;mixed;;male;22
;2.365;;;;;364;[];1;;1;;[];;[];;[];faces;[];;[];qDifficulty;[];6;;;mixed;;male;22
;3.759;;;;;364;[];1;;1;;[];;[];;[];faces;[];;[];qEffort;[];6;;;mixed;;male;22
;4.384;;;;;364;[];1;;1;;[];;[];;[];faces;[];;[];qAttitude;[];7;;;mixed;;male;22
;18.217749738603743;;;;;364;[];1;;1;;[];;[];;[];faces;[];;[];qBirthweight;[];80000;;;mixed;;male;22
;4.401190579308604;;;;;364;[];1;;1;;[];;[];;[];faces;[];;[];qFriends;[];700;;;mixed;;male;22
;18.67972587365057;;;;;364;[];1;;1;;[];;[];;[];faces;[];;[];qAbout;[];brain multitasking;;;mixed;;male;22
;25.6454071233602;;;;;364;[];1;;1;;[];;[];;[];faces;[];;[];qFeedback;[];make sure people know that the faces need to be set in order.;;;mixed;;male;22
