equationScore;recallRT;recallIntersection;recallLocation;pggInvestOther;payoutFactor;id;recallRTs;span;recallProportion;no;pggRT;equationAnss;pggInvest;equationCorrect;pggRTOther;equationText;condition;equationRTs;gender;recallAns;recallSum;pggStart;pggStartOther;faces;equationScores;age
;87.96214500680799;;;;;36;[];1;;1;;[];;[];;[];qCheck1;[];female;100;;;;[];[];24
;27.379616055817678;;;;;36;[];1;;1;;[];;[];;[];qCheck2;[];female;175;;;;[];[];24
;69.93170156577071;;;;;36;[];1;;1;;[];;[];;[];qCheck3;[];female;150;;;;[];[];24
;10.84862518458067;;;;;36;[];1;;1;;[];;[];;[];qCheck4;[];female;75;;;;[];[];24
;;;;50;;36;;1;;1;28.354;;40;;37.534;;practicePGG;;female;;;8;1;;;24
;;;;55;;36;;1;;2;5.995;;45;;15.675;;practicePGG;;female;;;4;20;;;24
2;12.782461050761412;2;2;;1.0;36;;2;1.0;1;;0, 1;;0, 1;;2x2+3=5 ?, 3x2-4=2 ?;practiceCS;3.7437960989809653, 2.031486575746385;female;faces\\Kiki.bmp, faces\\Regina.bmp;4;;;faces\\Kiki.bmp, faces\\Regina.bmp;1, 1;24
2;6.873125508276644;3;3;;0.6666666666666666;36;;3;1.0;2;;0, 1, 0;;0, 1, 1;;3x2-4=1 ?, 2+9/3=5 ?, 2x2-3=1 ?;practiceCS;2.399640875937621, 3.29138475824584, 1.5572880468098447;female;faces\\Justin.bmp, faces\\Peter.bmp, faces\\Adam.bmp;6;;;faces\\Justin.bmp, faces\\Peter.bmp, faces\\Adam.bmp;1, 1, 0;24
4;13.756768573113732;4;2;;0.75;36;;4;0.75;3;;0, 1, 0, 1;;0, 1, 0, 1;;4/2+7=8 ?, 4/2+1=3 ?, 6/3-2=1 ?, 9/3-3=0 ?;practiceCS;3.38114442674123, 1.795174075414252, 1.6497912293762056, 1.6397498775622807;female;faces\\Anders.bmp, faces\\Haley.bmp, faces\\Kevin.bmp, faces\\Joshua.bmp;6;;;faces\\Anders.bmp, faces\\Haley.bmp, faces\\Joshua.bmp, faces\\Kevin.bmp;1, 1, 1, 1;24
6;25.754774670998813;6;4;;0.8333333333333334;36;;6;0.8333333333333334;4;;1, 0, 1, 0, 1, 0;;1, 0, 1, 0, 1, 0;;2x2-2=2 ?, 3x3-3=8 ?, 3x3-8=1 ?, 3x3-4=4 ?, 2x4-8=0 ?, 3x3-4=7 ?;practiceCS;2.0245220813267224, 1.585038878421983, 1.8174083213489212, 2.429494808342497, 1.810425353469327, 2.3768117845884262;female;faces\\Paul.bmp, faces\\Ricky.bmp, faces\\Billy.bmp, faces\\Eric.bmp, faces\\Erica.bmp, faces\\Steve.bmp;10;;;faces\\Paul.bmp, faces\\Ricky.bmp, faces\\Billy.bmp, faces\\Steve.bmp, faces\\Erica.bmp, faces\\Eric.bmp;1, 1, 1, 1, 1, 1;24
2;10.784522688898505;2;2;55;1.0;36;;2;1.0;1;6.547;1, 0;45;1, 0;11.604;6/3+3=5 ?, 3x3-3=8 ?;practiceExp;2.035742039888646, 1.576209796105104;female;faces\\Mary.bmp, faces\\Liam.bmp;4;16;0;faces\\Mary.bmp, faces\\Liam.bmp;1, 1;24
3;8.684316073511582;3;3;80;1.0;36;;3;1.0;2;6.215;0, 0, 0;55;0, 0, 0;8.828;5+4/2=6 ?, 2x4-3=6 ?, 4+8/2=9 ?;practiceExp;2.2632045213176752, 2.0070334620031645, 2.5092020409483666;female;faces\\Susan.bmp, faces\\Lucia.bmp, faces\\Peter.bmp;6;20;20;faces\\Susan.bmp, faces\\Lucia.bmp, faces\\Peter.bmp;1, 1, 1;24
4;33.33513524830596;5;5;45;0.8;36;;5;1.0;3;4.797;0, 0, 1, 0, 0;50;0, 0, 1, 1, 0;12.381;4x2-2=4 ?, 3+9/3=8 ?, 2x4-7=1 ?, 8/4+2=4 ?, 2x2+2=5 ?;practiceExp;2.302825166763796, 3.546005278481971, 2.4664926329896844, 3.643305813351617, 3.2926200169385993;female;faces\\Will.bmp, faces\\Haley.bmp, faces\\John.bmp, faces\\Molly.bmp, faces\\Scott.bmp;10;18;4;faces\\Will.bmp, faces\\Haley.bmp, faces\\John.bmp, faces\\Molly.bmp, faces\\Scott.bmp;1, 1, 1, 0, 1;24
6;40.40560082465527;6;2;40;0.6666666666666666;36;;6;0.6666666666666666;1;2.404;1, 1, 1, 0, 1, 1;45;1, 1, 1, 0, 1, 1;4.41;4+2x2=8 ?, 1+9/3=4 ?, 5+6/3=7 ?, 6/3+6=6 ?, 4x2-3=5 ?, 6/2+4=7 ?;experiment;2.4205454432740225, 2.230171101185988, 3.580351545839221, 3.4021031828942796, 2.201206768510019, 2.0120865690951177;female;faces\\Noah.bmp, faces\\Donald.bmp, faces\\Peter.bmp, faces\\Brian.bmp, faces\\Susan.bmp, faces\\Damon.bmp;8;4;3;faces\\Noah.bmp, faces\\Donald.bmp, faces\\Brian.bmp, faces\\Susan.bmp, faces\\Damon.bmp, faces\\Peter.bmp;1, 1, 1, 1, 1, 1;24
5;25.316168341661978;5;4;35;0.625;36;;6;0.75;2;3.265;1, 0, 0, timeout, 1, 1;30;1, 0, 0, 0, 1, 1;3.852;4/2+1=3 ?, 4x2-2=8 ?, 2x2+2=5 ?, 8/4-2=2 ?, 8/4+7=9 ?, 4/2+3=5 ?;experiment;1.911145120522633, 3.9056071877366776, 1.565388043238272, timeout, 1.9326084073945822, 1.2014444603628363;female;faces\\Sonya.bmp, faces\\Eddie.bmp, faces\\Jenny.bmp, faces\\Gary.bmp, faces\\Brian.bmp, faces\\Mike.bmp;9;2;11;faces\\Sonya.bmp, faces\\Eddie.bmp, faces\\Jenny.bmp, faces\\Gary.bmp, faces\\Mike.bmp, faces\\Emily.bmp;1, 1, 1, 0, 1, 1;24
2;9.255117251050251;2;2;65;1.0;36;;2;1.0;3;6.658;0, 0;40;0, 0;4.117;9/3+6=7 ?, 7+4/2=7 ?;experiment;2.050706774052742, 3.1525517800819216;female;faces\\Andrea.bmp, faces\\Lisa.bmp;4;15;1;faces\\Andrea.bmp, faces\\Lisa.bmp;1, 1;24
7;57.32355813618415;6;3;35;0.6428571428571429;36;;7;0.6428571428571429;4;3.228;0, 0, 1, 1, 1, 1, 0;25;0, 0, 1, 1, 1, 1, 0;3.607;7+4/2=7 ?, 9/3-2=2 ?, 4/2+2=4 ?, 3x2+1=7 ?, 3x3-7=2 ?, 4+9/3=7 ?, 9/3+1=5 ?;experiment;1.7651198085986834, 2.2011640742930467, 1.1770857665287622, 1.4388936942686996, 2.7848301693775284, 2.061274003695871, 1.739258196161245;female;faces\\Anders.bmp, faces\\Emma.bmp, faces\\Julian.bmp, faces\\Micha.bmp, faces\\Sofia.bmp, faces\\Alex.bmp, faces\\Bruce.bmp;9;15;1;faces\\Anders.bmp, faces\\Julian.bmp, faces\\Micha.bmp, faces\\Emma.bmp, faces\\Sofia.bmp, faces\\Alex.bmp, faces\\Billy.bmp;1, 1, 1, 1, 1, 1, 1;24
2;8.73625933782023;2;2;85;1.0;36;;2;1.0;5;2.342;1, 1;85;1, 1;3.415;2x4-2=6 ?, 4/2-2=0 ?;experiment;1.8160560640772019, 1.9405023221133888;female;faces\\Nina.bmp, faces\\Andre.bmp;4;17;10;faces\\Nina.bmp, faces\\Andre.bmp;1, 1;24
5;29.806784029242408;6;6;15;0.6122448979591837;36;;7;0.8571428571428571;6;3.293;0, 1, 0, 0, 0, 1, 0;20;1, 1, 0, 0, 0, 1, 1;3.654;4/2+5=7 ?, 8/2-4=0 ?, 2x4-4=3 ?, 4+2x2=9 ?, 8/2-3=2 ?, 3x2-4=2 ?, 2x4-4=4 ?;experiment;1.8077224810112966, 2.07783402376117, 1.8595672201990965, 2.3357497987417446, 1.7263821945398377, 1.5574801707934967, 1.6910141395856044;female;faces\\Jake.bmp, faces\\Lulu.bmp, faces\\Nana.bmp, faces\\Jane.bmp, faces\\Robert.bmp, faces\\Will.bmp, faces\\Mona.bmp;12;11;7;faces\\Jake.bmp, faces\\Lulu.bmp, faces\\Nana.bmp, faces\\Jane.bmp, faces\\Robert.bmp, faces\\Will.bmp, faces\\Fiona.bmp;0, 1, 1, 1, 1, 1, 0;24
2;11.780305403241073;3;3;45;0.6666666666666666;36;;3;1.0;7;3.926;1, 0, 1;35;1, 1, 1;5.449;3x3-4=5 ?, 3x3-9=0 ?, 7+6/3=9 ?;experiment;2.6564125279619475, 2.2561427333421307, 3.5125867893420946;female;faces\\Chris.bmp, faces\\Benny.bmp, faces\\Vicky.bmp;6;13;20;faces\\Chris.bmp, faces\\Benny.bmp, faces\\Vicky.bmp;1, 0, 1;24
1;5.109505744630951;1;1;90;1.0;36;;1;1.0;8;3.312;1;80;1;2.717;9/3-3=0 ?;experiment;2.0724734361901938;female;faces\\Jonah.bmp;2;9;14;faces\\Jonah.bmp;1;24
1;3.7086213995753496;1;1;85;1.0;36;;1;1.0;9;2.148;1;85;1;1.38;4+8/4=6 ?;experiment;1.7840891783707775;female;faces\\Nicole.bmp;2;17;17;faces\\Nicole.bmp;1;24
5;23.264477547973;5;3;75;0.8;36;;5;0.8;10;2.193;0, 1, 1, 1, 1;35;0, 1, 1, 1, 1;1.278;3x3-7=1 ?, 4/2-2=0 ?, 8/2+4=8 ?, 7+8/4=9 ?, 7+4/2=9 ?;experiment;1.759549034106385, 1.788278959098534, 1.5223354394456692, 2.101402874553969, 2.0724865728734585;female;faces\\Olga.bmp, faces\\Kevin.bmp, faces\\Tony.bmp, faces\\Polly.bmp, faces\\Amanda.bmp;8;13;15;faces\\Olga.bmp, faces\\Kevin.bmp, faces\\Tony.bmp, faces\\Amanda.bmp, faces\\Polly.bmp;1, 1, 1, 1, 1;24
1;3.8221744740294525;1;1;95;1.0;36;;1;1.0;11;4.507;1;85;1;3.887;2x3+1=7 ?;experiment;1.77941867716072;female;faces\\John.bmp;2;5;11;faces\\John.bmp;1;24
3;10.628570971131921;3;3;65;1.0;36;;3;1.0;12;2.808;1, 1, 0;40;1, 1, 0;1.873;5+2x2=9 ?, 8/2-2=2 ?, 6/2-3=2 ?;experiment;1.7233644522184477, 2.2376343790274404, 1.5075759659466712;female;faces\\Joseph.bmp, faces\\Leah.bmp, faces\\Linda.bmp;6;8;10;faces\\Joseph.bmp, faces\\Leah.bmp, faces\\Linda.bmp;1, 1, 1;24
5;19.31226674691061;4;1;15;0.5;36;;5;0.5;13;3.913;0, 0, 0, 0, 0;15;0, 0, 0, 0, 0;2.14;9/3+4=9 ?, 8/2+4=6 ?, 3+6/2=7 ?, 2x4-1=8 ?, 6/3+3=7 ?;experiment;2.2336079857905133, 3.5791195713172783, 2.043888014706681, 2.225777701876723, 1.922641359942645;female;faces\\Cindy.bmp, faces\\Thomas.bmp, faces\\Chloe.bmp, faces\\Olga.bmp, faces\\Lucas.bmp;5;0;6;faces\\Cindy.bmp, faces\\Chloe.bmp, faces\\Thomas.bmp, faces\\Lucas.bmp, faces\\Ethan.bmp;1, 1, 1, 1, 1;24
2;8.377930455224487;2;2;90;1.0;36;;2;1.0;14;2.172;1, 1;95;1, 1;4.475;4/2+1=3 ?, 2+2x2=6 ?;experiment;2.526509209841606, 2.5109286936767603;female;faces\\Adam.bmp, faces\\Mona.bmp;4;19;8;faces\\Adam.bmp, faces\\Mona.bmp;1, 1;24
6;35.17548514384907;6;6;15;1.0;36;;6;1.0;15;4.775;1, 1, 0, 0, 1, 1;10;1, 1, 0, 0, 1, 1;3.143;9/3-3=0 ?, 8/4+7=9 ?, 4/2-2=1 ?, 2x2+3=8 ?, 3x3-9=0 ?, 9/3+1=4 ?;experiment;2.327584529421074, 1.7731126589587802, 1.7901694098381995, 2.051854181179806, 2.726591970942536, 1.244004438556658;female;faces\\Liam.bmp, faces\\Ricky.bmp, faces\\Erin.bmp, faces\\Niclas.bmp, faces\\Anna.bmp, faces\\Kristen.bmp;12;20;10;faces\\Liam.bmp, faces\\Ricky.bmp, faces\\Erin.bmp, faces\\Niclas.bmp, faces\\Anna.bmp, faces\\Kristen.bmp;1, 1, 1, 1, 1, 1;24
3;9.56238384812059;3;3;80;1.0;36;;3;1.0;16;3.748;1, 0, 1;40;1, 0, 1;3.375;9/3-1=2 ?, 6+6/3=9 ?, 6/2+1=4 ?;experiment;2.5966882422981143, 3.056915088178357, 1.4363780195380969;female;faces\\Angie.bmp, faces\\Steve.bmp, faces\\Simon.bmp;6;12;17;faces\\Angie.bmp, faces\\Steve.bmp, faces\\Simon.bmp;1, 1, 1;24
6;16.670362863911578;5;3;10;0.6666666666666666;36;;6;0.6666666666666666;17;4.066;1, 1, 0, 0, 0, 1;15;1, 1, 0, 0, 0, 1;4.081;9/3-2=1 ?, 8/2-3=1 ?, 2x2-2=3 ?, 3x3-7=4 ?, 8/2-1=5 ?, 3x3-6=3 ?;experiment;1.500302759484839, 1.7911710818916617, 1.5550511160654423, 1.6385158504344872, 2.0855772771519696, 2.003152803839839;female;faces\\Kelly.bmp, faces\\Maria.bmp, faces\\Bruce.bmp, faces\\Ella.bmp, faces\\Angie.bmp, faces\\Molly.bmp;8;17;15;faces\\Kelly.bmp, faces\\Maria.bmp, faces\\Bruce.bmp, faces\\Molly.bmp, faces\\Ella.bmp, faces\\Regina.bmp;1, 1, 1, 1, 1, 1;24
4;20.619367082839744;3;2;25;0.625;36;;4;0.625;18;3.727;1, 1, 1, 0;30;1, 1, 1, 0;3.006;3x2-2=4 ?, 8/2-4=0 ?, 6+6/2=9 ?, 6/2-2=0 ?;experiment;2.150028305444721, 1.5437133378782164, 1.9705179999236861, 1.5409620239024662;female;faces\\Matt.bmp, faces\\Daniel.bmp, faces\\Mark.bmp, faces\\Bruce.bmp;5;10;16;faces\\Matt.bmp, faces\\Daniel.bmp, faces\\Lena.bmp, faces\\Mark.bmp;1, 1, 1, 1;24
3;14.489017938549296;2;2;15;0.375;36;;4;0.5;19;1.932;0, 0, 0, 1;35;0, 0, 0, 0;3.073;4/2+1=4 ?, 3x2-1=6 ?, 2+4/2=3 ?, 2x2+2=4 ?;experiment;1.4454731196783541, 1.4898796228299034, 3.429163928147318, 2.1497684454407135;female;faces\\James.bmp, faces\\Bobby.bmp, faces\\Anders.bmp, faces\\Vicky.bmp;4;13;12;faces\\James.bmp, faces\\Bobby.bmp, faces\\Julia.bmp, faces\\Kate.bmp;1, 1, 1, 0;24
7;32.78826623293753;5;2;5;0.5;36;;7;0.5;20;4.673;0, 0, 0, 1, 1, 1, 0;5;0, 0, 0, 1, 1, 1, 0;3.277;8/2+3=6 ?, 5+4/2=6 ?, 4/2-2=2 ?, 2x2-4=0 ?, 2x2+2=6 ?, 3x3-6=3 ?, 2x2-3=3 ?;experiment;2.9789451818560337, 2.727133038059037, 1.5800514547427156, 1.4169558447356394, 1.8225476379211614, 2.163121472851344, 1.3303149068105995;female;faces\\Kurt.bmp, faces\\Amber.bmp, faces\\Maria.bmp, faces\\Greg.bmp, faces\\Emma.bmp, faces\\Haley.bmp, faces\\Milla.bmp;7;16;6;faces\\Kurt.bmp, faces\\Amber.bmp, faces\\Greg.bmp, faces\\Oliver.bmp, faces\\Haley.bmp, faces\\Milla.bmp, faces\\Tina.bmp;1, 1, 1, 1, 1, 1, 1;24
4;16.54390587238413;4;4;25;1.0;36;;4;1.0;21;3.281;1, 0, 1, 0;50;1, 0, 1, 0;1.203;7+4/2=9 ?, 2x2-4=2 ?, 9/3+2=5 ?, 2x2-4=1 ?;experiment;3.201698983590177, 2.0456113832642586, 1.7051081580029859, 3.039943315214259;female;faces\\Carl.bmp, faces\\George.bmp, faces\\Leslie.bmp, faces\\Nathan.bmp;8;8;5;faces\\Carl.bmp, faces\\George.bmp, faces\\Leslie.bmp, faces\\Nathan.bmp;1, 1, 1, 1;24
4;11.549270975690888;5;5;40;0.8;36;;5;1.0;22;2.947;1, 0, 0, 1, 0;10;1, 1, 0, 1, 0;4.376;2x3-5=1 ?, 2x3-6=0 ?, 6+9/3=7 ?, 2x3-5=1 ?, 6/2-2=0 ?;experiment;2.679510510783075, 1.1413186848367332, 2.2603148616526596, 1.4313405122557015, 2.5379028189272503;female;faces\\Sarah.bmp, faces\\Olivia.bmp, faces\\Eric.bmp, faces\\Joshua.bmp, faces\\Diana.bmp;10;2;15;faces\\Sarah.bmp, faces\\Olivia.bmp, faces\\Eric.bmp, faces\\Joshua.bmp, faces\\Diana.bmp;1, 0, 1, 1, 1;24
5;19.859416969391532;3;0;0;0.3;36;;5;0.3;23;4.211;0, 1, 0, 1, 0;5;0, 1, 0, 1, 0;3.28;4/2+2=5 ?, 8/4+3=5 ?, 2x2+3=6 ?, 3x3-8=1 ?, 4+8/4=5 ?;experiment;1.720281026484372, 2.110378512983516, 1.4769560007334803, 1.5630341139130906, 2.6768109224958607;female;faces\\Donna.bmp, faces\\David.bmp, faces\\Shane.bmp, faces\\Lana.bmp, faces\\Joan.bmp;3;18;14;faces\\David.bmp, faces\\Hanna.bmp, faces\\Joan.bmp, faces\\Jacob.bmp, faces\\Shane.bmp;1, 1, 1, 1, 1;24
2;13.787734607811217;2;2;95;1.0;36;;2;1.0;24;3.262;0, 1;40;0, 1;1.253;4/2-1=2 ?, 2x3-2=4 ?;experiment;2.1270440370353754, 2.089575754936959;female;faces\\Timmy.bmp, faces\\Keith.bmp;4;3;19;faces\\Timmy.bmp, faces\\Keith.bmp;1, 1;24
1;1.7617580493988498;1;1;95;1.0;36;;1;1.0;25;4.139;1;100;1;2.008;6/2+2=5 ?;experiment;1.5463148115686636;female;faces\\Kiki.bmp;2;11;19;faces\\Kiki.bmp;1;24
7;29.987328848523248;6;5;10;0.7857142857142857;36;;7;0.7857142857142857;26;2.99;0, 0, 0, 0, 1, 1, 0;5;0, 0, 0, 0, 1, 1, 0;2.872;4/2-2=1 ?, 4+4/2=4 ?, 9/3+4=8 ?, 3+2x2=6 ?, 3x2-2=4 ?, 3+9/3=6 ?, 2x4-5=2 ?;experiment;2.3243098007460503, 2.2831004377385398, 1.5928437100137671, 1.6429248495533102, 1.5725586193675554, 2.081398169977547, 1.6769509102705342;female;faces\\Britt.bmp, faces\\Donna.bmp, faces\\Anna.bmp, faces\\Lily.bmp, faces\\Mary.bmp, faces\\Erica.bmp, faces\\Scott.bmp;11;9;5;faces\\Britt.bmp, faces\\Donna.bmp, faces\\Lily.bmp, faces\\Tanya.bmp, faces\\Mary.bmp, faces\\Erica.bmp, faces\\Scott.bmp;1, 1, 1, 1, 1, 1, 1;24
2;11.510040325511;2;2;0;0.4444444444444444;36;;3;0.6666666666666666;27;2.62;1, 0, 0;15;1, 1, 0;4.55;8/2+2=6 ?, 3x2-6=0 ?, 3x3-6=5 ?;experiment;1.5301127661059581, 1.230025366112386, 1.9134859131663688;female;faces\\Victor.bmp, faces\\Jonah.bmp, faces\\Casper.bmp;4;9;20;faces\\Victor.bmp, faces\\Lana.bmp, faces\\Casper.bmp;1, 0, 1;24
4;11.406469898318392;3;3;75;0.75;36;;4;0.75;28;2.281;0, 0, 0, 1;20;0, 0, 0, 1;2.216;2+8/4=3 ?, 3x2+2=9 ?, 8/2-2=0 ?, 2x2-4=0 ?;experiment;2.439395761859487, 2.235633498048628, 1.932648227963, 1.317067793903334;female;faces\\Niclas.bmp, faces\\Karen.bmp, faces\\Jeff.bmp, faces\\Kenny.bmp;6;3;11;faces\\Paul.bmp, faces\\Karen.bmp, faces\\Jeff.bmp, faces\\Kenny.bmp;1, 1, 1, 1;24
;5.213;;;;;36;[];1;;1;;[];;[];;[];qStress;[];female;3;;;;[];[];24
;4.535;;;;;36;[];1;;1;;[];;[];;[];qSatisfied;[];female;5;;;;[];[];24
;3.313;;;;;36;[];1;;1;;[];;[];;[];qFrustration;[];female;4;;;;[];[];24
;3.603;;;;;36;[];1;;1;;[];;[];;[];qDifficulty;[];female;5;;;;[];[];24
;2.384;;;;;36;[];1;;1;;[];;[];;[];qEffort;[];female;5;;;;[];[];24
;5.907;;;;;36;[];1;;1;;[];;[];;[];qAttitude;[];female;5;;;;[];[];24
;10.84604752112864;;;;;36;[];1;;1;;[];;[];;[];qBirthweight;[];female;3200;;;;[];[];24
;7.83021207121601;;;;;36;[];1;;1;;[];;[];;[];qFriends;[];female;1100;;;;[];[];24
;48.360433214953446;;;;;36;[];1;;1;;[];;[];;[];qAbout;[];female;memory and arithmatic test with taking decision;;;;[];[];24
;88.97810566572844;;;;;36;[];1;;1;;[];;[];;[];qFeedback;[];female;maybe the screen should be setted white instead of black, because it's sort of hurting the eyes ;;;;[];[];24
