equationScore;recallRT;recallIntersection;recallLocation;pggInvestOther;payoutFactor;id;recallRTs;span;recallProportion;no;pggRT;equationAnss;pggInvest;equationCorrect;pggRTOther;equationText;condition;equationRTs;gender;recallAns;recallSum;pggStart;pggStartOther;faces;equationScores;age
;22.347445962052007;;;;;38;[];1;;1;;[];;[];;[];qCheck1;[];male;100;;;;[];[];21
;41.70314258186045;;;;;38;[];1;;1;;[];;[];;[];qCheck2;[];male;175;;;;[];[];21
;10.571238793281736;;;;;38;[];1;;1;;[];;[];;[];qCheck3;[];male;150;;;;[];[];21
;12.988712715938163;;;;;38;[];1;;1;;[];;[];;[];qCheck4;[];male;75;;;;[];[];21
;;;;90;;38;;1;;1;15.134;;0;;39.187;;practicePGG;;male;;;13;14;;;21
;;;;20;;38;;1;;2;9.924;;0;;5.022;;practicePGG;;male;;;16;4;;;21
1;27.65398224166711;2;2;;0.5;38;;2;1.0;1;;0, 1;;1, 1;;2x3-2=4 ?, 2x3-2=4 ?;practiceCS;2.9277108878868603, 2.400669231878055;male;faces\\Victor.bmp, faces\\Donna.bmp;4;;;faces\\Victor.bmp, faces\\Donna.bmp;0, 1;21
2;8.779942912902698;3;3;;0.6666666666666666;38;;3;1.0;2;;0, 1, 0;;1, 1, 0;;1+6/2=4 ?, 4/2+2=4 ?, 9/3+4=8 ?;practiceCS;2.9472299457247573, 1.8405153356397932, 2.2228913263825234;male;faces\\Daniel.bmp, faces\\Susan.bmp, faces\\Sofia.bmp;6;;;faces\\Daniel.bmp, faces\\Susan.bmp, faces\\Sofia.bmp;0, 1, 1;21
4;23.729847815637186;4;4;;1.0;38;;4;1.0;3;;0, 0, 0, 0;;0, 0, 0, 0;;9/3-3=1 ?, 2+9/3=4 ?, 3x3-4=7 ?, 3+2x2=8 ?;practiceCS;2.513390179590715, 2.6197287521335966, 2.7803115610604436, 3.5792657169131417;male;faces\\Cindy.bmp, faces\\Sarah.bmp, faces\\Regina.bmp, faces\\Kiki.bmp;8;;;faces\\Cindy.bmp, faces\\Sarah.bmp, faces\\Regina.bmp, faces\\Kiki.bmp;1, 1, 1, 1;21
5;29.006638540480708;6;3;;0.625;38;;6;0.75;4;;1, 0, 1, 1, 1, 1;;1, 0, 1, 1, 1, 0;;4x2-6=2 ?, 3x3-1=9 ?, 2x3+1=7 ?, 2x3-4=2 ?, 2x4-1=7 ?, 4/2-2=2 ?;practiceCS;3.391234630595136, 2.3209747254331887, 2.617580904518036, 2.905406032281462, 2.2809616215927235, 2.97821363283947;male;faces\\Micha.bmp, faces\\Tanya.bmp, faces\\Will.bmp, faces\\Carl.bmp, faces\\Noah.bmp, faces\\Olga.bmp;9;;;faces\\Micha.bmp, faces\\Tanya.bmp, faces\\Will.bmp, faces\\Olga.bmp, faces\\Carl.bmp, faces\\Noah.bmp;1, 1, 1, 1, 1, 0;21
0;7.775991645068643;2;2;5;0.0;38;;2;1.0;1;5.645;1, 0;0;0, 1;12.792;4/2-2=2 ?, 6+9/3=9 ?;practiceExp;1.6671369872747164, 3.1128108518860245;male;faces\\Will.bmp, faces\\Casper.bmp;4;1;5;faces\\Will.bmp, faces\\Casper.bmp;0, 0;21
3;6.871638600008737;3;3;30;1.0;38;;3;1.0;2;6.429;0, 0, 0;10;0, 0, 0;10.576;4x2-7=2 ?, 9/3+2=4 ?, 2x4-4=2 ?;practiceExp;2.677883204216414, 2.682523737370502, 2.2957108320570114;male;faces\\Andrea.bmp, faces\\Jeff.bmp, faces\\Lena.bmp;6;15;19;faces\\Andrea.bmp, faces\\Jeff.bmp, faces\\Lena.bmp;1, 1, 1;21
5;27.098466825977084;5;2;55;0.7;38;;5;0.7;3;6.462;0, 1, 0, 0, 0;0;0, 1, 0, 0, 0;19.47;3x3-3=8 ?, 4/2+7=9 ?, 3x2-6=1 ?, 2+9/3=6 ?, 3+8/2=6 ?;practiceExp;2.4607198819994665, 4.255759716937973, 2.685778350500186, 2.509252535071937, 2.4300982747008675;male;faces\\Kiki.bmp, faces\\Julia.bmp, faces\\Amanda.bmp, faces\\Anna.bmp, faces\\George.bmp;7;17;4;faces\\Kiki.bmp, faces\\Julia.bmp, faces\\Anna.bmp, faces\\George.bmp, faces\\Amanda.bmp;1, 1, 1, 1, 1;21
0;4.4897576979929;1;1;0;0.0;38;;1;1.0;1;3.468;0;0;1;6.326;4/2+4=6 ?;experiment;2.01637651702913;male;faces\\Bruce.bmp;2;8;2;faces\\Bruce.bmp;0;21
6;29.006359796496326;6;2;0;0.6666666666666666;38;;6;0.6666666666666666;2;2.551;1, 1, 1, 1, 0, 1;0;1, 1, 1, 1, 0, 1;9.863;3x2-6=0 ?, 8/2-2=2 ?, 8/4-2=0 ?, 9/3+2=5 ?, 2x2-3=0 ?, 3x3-4=5 ?;experiment;2.667106198174224, 2.7134930562369846, 3.5634725506970426, 3.2509061232140084, 2.8036160361134534, 3.2343124403960246;male;faces\\Peter.bmp, faces\\Nicole.bmp, faces\\Adam.bmp, faces\\Olga.bmp, faces\\Micha.bmp, faces\\Angie.bmp;8;7;13;faces\\Peter.bmp, faces\\Angie.bmp, faces\\Adam.bmp, faces\\Nicole.bmp, faces\\Olga.bmp, faces\\Micha.bmp;1, 1, 1, 1, 1, 1;21
1;6.735850048051361;2;2;0;0.5;38;;2;1.0;3;2.896;0, 1;0;1, 1;10.893;3+9/3=6 ?, 2x3-2=4 ?;experiment;2.794401474264305, 2.722732659885878;male;faces\\Alex.bmp, faces\\Leah.bmp;4;10;13;faces\\Alex.bmp, faces\\Leah.bmp;0, 1;21
1;9.38435018783457;1;1;0;1.0;38;;1;1.0;4;3.982;1;0;1;4.471;9/3+5=8 ?;experiment;3.5742228728522605;male;faces\\Julia.bmp;2;5;16;faces\\Julia.bmp;1;21
6;34.3626245778305;5;3;0;0.6666666666666666;38;;6;0.6666666666666666;5;2.09;1, 0, 0, 1, 0, 0;0;1, 0, 0, 1, 0, 0;8.699;3x3-9=0 ?, 4+8/2=9 ?, 9/3-2=0 ?, 2x4-2=6 ?, 6+9/3=7 ?, 6+6/2=7 ?;experiment;2.8089827815038007, 3.3786956669882784, 4.52667136576747, 2.9945655185874784, 3.6669871469875943, 4.279723489249591;male;faces\\Julian.bmp, faces\\Emma.bmp, faces\\Simon.bmp, faces\\Sarah.bmp, faces\\Steve.bmp, faces\\Daniel.bmp;8;4;19;faces\\Julian.bmp, faces\\Emma.bmp, faces\\Wendy.bmp, faces\\Sarah.bmp, faces\\Simon.bmp, faces\\Steve.bmp;1, 1, 1, 1, 1, 1;21
6;21.004302674095015;6;6;0;1.0;38;;6;1.0;6;4.642;1, 0, 1, 1, 0, 1;0;1, 0, 1, 1, 0, 1;4.022;9/3+1=4 ?, 5+6/3=6 ?, 3+9/3=6 ?, 2x4-4=4 ?, 2x4-2=4 ?, 3x3-5=4 ?;experiment;2.624437021306221, 4.166599409587434, 2.635103597111083, 2.890966354903867, 2.944942110334523, 3.0144774453419814;male;faces\\Eric.bmp, faces\\Lana.bmp, faces\\Keith.bmp, faces\\Mary.bmp, faces\\Will.bmp, faces\\Kenny.bmp;12;17;0;faces\\Eric.bmp, faces\\Lana.bmp, faces\\Keith.bmp, faces\\Mary.bmp, faces\\Will.bmp, faces\\Kenny.bmp;1, 1, 1, 1, 1, 1;21
1;2.4963473864372645;1;1;0;1.0;38;;1;1.0;7;2.668;1;0;1;3.045;3x3-8=1 ?;experiment;2.2493683102984505;male;faces\\Hanna.bmp;2;4;12;faces\\Hanna.bmp;1;21
5;18.405925547031075;5;3;0;0.8;38;;5;0.8;8;1.88;0, 1, 1, 0, 0;0;0, 1, 1, 0, 0;1.745;6+4/2=9 ?, 3x2-5=1 ?, 2x3-5=1 ?, 3x3-6=4 ?, 2x3-6=2 ?;experiment;3.1963572799995745, 3.7240286757350987, 2.557679684161485, 3.1117459595461696, 2.9036412010718777;male;faces\\Vicky.bmp, faces\\Jason.bmp, faces\\Thomas.bmp, faces\\Karen.bmp, faces\\Sonya.bmp;8;7;4;faces\\Vicky.bmp, faces\\Jason.bmp, faces\\Thomas.bmp, faces\\Sonya.bmp, faces\\Karen.bmp;1, 1, 1, 1, 1;21
7;28.066931398190718;7;1;0;0.5714285714285714;38;;7;0.5714285714285714;9;3.647;0, 1, 1, 1, 0, 1, 0;0;0, 1, 1, 1, 0, 1, 0;5.709;6+8/4=6 ?, 5+9/3=8 ?, 9/3-3=0 ?, 2x4-6=2 ?, 3x3-5=5 ?, 1+4/2=3 ?, 8/2-1=1 ?;experiment;3.9022224393411307, 3.7988872408732277, 3.2829033875004825, 2.540690669302421, 2.930452349351981, 3.55905534114936, 3.0407504001559573;male;faces\\Tanya.bmp, faces\\Robert.bmp, faces\\Liam.bmp, faces\\Ella.bmp, faces\\Milla.bmp, faces\\Shane.bmp, faces\\Kelly.bmp;8;11;14;faces\\Tanya.bmp, faces\\Shane.bmp, faces\\Robert.bmp, faces\\Kelly.bmp, faces\\Liam.bmp, faces\\Milla.bmp, faces\\Ella.bmp;1, 1, 1, 1, 1, 1, 1;21
5;21.40914239219819;6;4;0;0.5102040816326531;38;;7;0.7142857142857143;10;3.349;1, 1, 0, 0, 1, 0, 0;0;1, 1, 0, 1, 0, 0, 0;6.256;4x2-1=7 ?, 6/3+5=7 ?, 9/3-1=1 ?, 6/2-1=2 ?, 6/2+4=8 ?, 1+3x2=6 ?, 2x3+1=9 ?;experiment;2.5655485570787278, 3.707769157284929, 4.136229041347178, 3.7687923324465373, 2.9592376947239245, 4.781027920786073, 3.154025551668383;male;faces\\Eddie.bmp, faces\\Scott.bmp, faces\\Gary.bmp, faces\\Ethan.bmp, faces\\Kristen.bmp, faces\\Bobby.bmp, faces\\Chloe.bmp;10;17;20;faces\\Eddie.bmp, faces\\Scott.bmp, faces\\Gary.bmp, faces\\Victor.bmp, faces\\Kristen.bmp, faces\\Chloe.bmp, faces\\Bobby.bmp;1, 1, 1, 0, 0, 1, 1;21
5;42.64150567730394;6;2;0;0.40816326530612246;38;;7;0.5714285714285714;11;3.033;0, 1, 1, 0, 1, 0, 0;0;0, 1, 0, 0, 1, 0, 1;5.513;8/2-1=4 ?, 3x3-8=1 ?, 4/2-2=2 ?, 2x3-1=6 ?, 4/2-2=0 ?, 2x2+5=8 ?, 3x3-1=8 ?;experiment;2.734948132681893, 1.8502348387282836, 2.7300013506155665, 3.855825318247298, 3.1239762111090386, 2.8186156645915617, 3.9713772210743628;male;faces\\Molly.bmp, faces\\Regina.bmp, faces\\Benny.bmp, faces\\Lulu.bmp, faces\\Linda.bmp, faces\\Nathan.bmp, faces\\George.bmp;8;9;10;faces\\Molly.bmp, faces\\Regina.bmp, faces\\Linda.bmp, faces\\Nathan.bmp, faces\\Jenny.bmp, faces\\Benny.bmp, faces\\Lulu.bmp;1, 1, 0, 1, 1, 1, 0;21
3;7.144962061671322;3;3;0;1.0;38;;3;1.0;12;3.281;0, 0, 1;0;0, 0, 1;3.721;4x2-8=1 ?, 1+3x2=8 ?, 1+6/2=4 ?;experiment;2.3893035382425296, 3.4788932509054575, 3.139209836748705;male;faces\\Jacob.bmp, faces\\Emily.bmp, faces\\Matt.bmp;6;2;17;faces\\Jacob.bmp, faces\\Emily.bmp, faces\\Matt.bmp;1, 1, 1;21
4;36.220346094114575;4;3;0;0.5599999999999999;38;;5;0.7;13;1.696;1, 0, 1, 1, 1;0;1, 1, 1, 1, 1;2.383;3x2+3=9 ?, 9/3-3=0 ?, 3x3-2=7 ?, 8/2-4=0 ?, 3x3-3=6 ?;experiment;3.368442075645362, 2.804334037924491, 3.5917258604204108, 2.351433355761401, 2.921488616038914;male;faces\\Anna.bmp, faces\\David.bmp, faces\\Olivia.bmp, faces\\Noah.bmp, faces\\Amanda.bmp;7;4;1;faces\\Anna.bmp, faces\\David.bmp, faces\\Kurt.bmp, faces\\Noah.bmp, faces\\Olivia.bmp;1, 0, 1, 1, 1;21
7;30.942195722613178;6;2;0;0.5714285714285714;38;;7;0.5714285714285714;14;5.094;0, 0, 0, 0, 0, 1, 0;0;0, 0, 0, 0, 0, 1, 0;6.659;4+9/3=5 ?, 9/3+3=8 ?, 3x3-8=3 ?, 2x3-6=1 ?, 4/2+7=8 ?, 6/3-2=0 ?, 2x4-5=5 ?;experiment;3.036719080660987, 3.2385880200836255, 3.2903880124486022, 2.6724495438484155, 2.7174964602800173, 2.502993316302309, 2.560929371034945;male;faces\\Joshua.bmp, faces\\Carl.bmp, faces\\Jeff.bmp, faces\\Molly.bmp, faces\\Megan.bmp, faces\\Maria.bmp, faces\\Zach.bmp;8;18;14;faces\\Joshua.bmp, faces\\Carl.bmp, faces\\Britt.bmp, faces\\Maria.bmp, faces\\Jeff.bmp, faces\\Zach.bmp, faces\\Megan.bmp;1, 1, 1, 1, 1, 1, 1;21
3;7.5757976326876815;3;3;0;1.0;38;;3;1.0;15;2.283;1, 0, 0;0;1, 0, 0;6.029;4+4/2=6 ?, 6+9/3=7 ?, 4x2-6=0 ?;experiment;3.5774126236119628, 2.775953056063372, 3.052435479388805;male;faces\\Leslie.bmp, faces\\Tony.bmp, faces\\Daniel.bmp;6;4;20;faces\\Leslie.bmp, faces\\Tony.bmp, faces\\Daniel.bmp;1, 1, 1;21
3;6.688601916232074;3;3;0;1.0;38;;3;1.0;16;2.989;1, 1, 1;0;1, 1, 1;3.043;2+2x3=8 ?, 2+8/2=6 ?, 9/3+1=4 ?;experiment;3.1425777537679096, 1.9812638063449413, 3.5315717589237465;male;faces\\Nina.bmp, faces\\Billy.bmp, faces\\Tina.bmp;6;9;10;faces\\Nina.bmp, faces\\Billy.bmp, faces\\Tina.bmp;1, 1, 1;21
5;25.09463460932966;5;5;0;1.0;38;;5;1.0;17;3.137;1, 0, 1, 1, 1;0;1, 0, 1, 1, 1;6.579;4/2-2=0 ?, 3x3-1=7 ?, 2x2-1=3 ?, 5+2x2=9 ?, 2x3-4=2 ?;experiment;1.8466468822753086, 1.4801038783189142, 2.375917669125556, 2.329390823288122, 1.8807895310492313;male;faces\\Mark.bmp, faces\\Diana.bmp, faces\\Kevin.bmp, faces\\Lucas.bmp, faces\\Ricky.bmp;10;7;15;faces\\Mark.bmp, faces\\Diana.bmp, faces\\Kevin.bmp, faces\\Lucas.bmp, faces\\Ricky.bmp;1, 1, 1, 1, 1;21
1;9.97972722499253;2;2;0;0.5;38;;2;1.0;18;3.793;0, 0;0;1, 0;4.91;2x4-5=3 ?, 3x3-7=1 ?;experiment;4.666535162999935, 2.493262729138223;male;faces\\Joan.bmp, faces\\Damon.bmp;4;15;12;faces\\Joan.bmp, faces\\Damon.bmp;0, 1;21
3;29.06177442920307;3;2;0;0.46875;38;;4;0.625;19;8.023;0, 1, 1, 0;0;0, 1, 1, 1;17.489;8/2+3=5 ?, 1+9/3=4 ?, 3x3-9=0 ?, 6/3+6=8 ?;experiment;2.926273242181196, 3.384170790010103, 2.2604244708491024, 3.0547627248270146;male;faces\\Justin.bmp, faces\\Lucia.bmp, faces\\Amanda.bmp, faces\\Andrea.bmp;5;13;12;faces\\Justin.bmp, faces\\Polly.bmp, faces\\Amanda.bmp, faces\\Lucia.bmp;1, 1, 1, 0;21
6;24.039486815490818;6;2;0;0.6666666666666666;38;;6;0.6666666666666666;20;3.383;1, 0, 1, 1, 1, 1;0;1, 0, 1, 1, 1, 1;6.347;5+6/2=8 ?, 2x4-6=0 ?, 1+9/3=4 ?, 1+4/2=3 ?, 6/3+2=4 ?, 7+4/2=9 ?;experiment;2.3375097036987427, 3.379685844443884, 2.648119586505345, 2.183711580844829, 2.845003565376828, 2.75334071998077;male;faces\\Fiona.bmp, faces\\Cindy.bmp, faces\\Haley.bmp, faces\\Casper.bmp, faces\\George.bmp, faces\\Lily.bmp;8;10;20;faces\\Fiona.bmp, faces\\Cindy.bmp, faces\\Lily.bmp, faces\\Haley.bmp, faces\\Casper.bmp, faces\\George.bmp;1, 1, 1, 1, 1, 1;21
2;8.396712216745073;2;2;0;1.0;38;;2;1.0;21;3.572;1, 1;0;1, 1;3.538;3x2-6=0 ?, 6+9/3=9 ?;experiment;2.3182390112669964, 4.067425255354465;male;faces\\Amber.bmp, faces\\Niclas.bmp;4;13;8;faces\\Amber.bmp, faces\\Niclas.bmp;1, 1;21
4;35.05576152323192;3;3;0;0.75;38;;4;0.75;22;2.724;1, 0, 1, 0;0;1, 0, 1, 0;4.817;2x2+3=7 ?, 5+6/3=5 ?, 8/4-1=1 ?, 4/2-1=2 ?;experiment;3.5718623751854466, 4.9229898925550515, 1.780221656888898, 3.963392170619045;male;faces\\Andre.bmp, faces\\Nana.bmp, faces\\Simon.bmp, faces\\Jonah.bmp;6;6;19;faces\\Andre.bmp, faces\\Nana.bmp, faces\\Erin.bmp, faces\\Jonah.bmp;1, 1, 1, 1;21
5;25.27493968415365;4;3;0;0.7;38;;5;0.7;23;1.564;1, 1, 0, 1, 0;0;1, 1, 0, 1, 0;6.882;3x3-1=8 ?, 3x3-5=4 ?, 8/4+3=3 ?, 2x2-3=1 ?, 2x2-1=4 ?;experiment;1.9520749185030581, 3.7167131855749176, 3.218913374661497, 2.4986578005009505, 2.6015130995328946;male;faces\\Kate.bmp, faces\\Donna.bmp, faces\\John.bmp, faces\\Kiki.bmp, faces\\Simon.bmp;7;3;15;faces\\Kate.bmp, faces\\Donna.bmp, faces\\Donald.bmp, faces\\Kiki.bmp, faces\\John.bmp;1, 1, 1, 1, 1;21
4;14.185252677933022;4;4;0;1.0;38;;4;1.0;24;4.453;0, 0, 1, 0;0;0, 0, 1, 0;2.944;1+6/3=1 ?, 3x3-5=2 ?, 4x2-1=7 ?, 2x3+3=7 ?;experiment;3.395081215487153, 3.103635700084851, 3.8620480006175057, 3.0532089015796373;male;faces\\James.bmp, faces\\Jake.bmp, faces\\Brian.bmp, faces\\Paul.bmp;8;15;8;faces\\James.bmp, faces\\Jake.bmp, faces\\Brian.bmp, faces\\Paul.bmp;1, 1, 1, 1;21
3;12.483264892583975;3;3;0;1.0;38;;3;1.0;25;2.435;1, 0, 0;0;1, 0, 0;1.54;4x2-1=7 ?, 5+9/3=7 ?, 9/3-1=1 ?;experiment;2.660373237788008, 3.5057520196605765, 2.63218602199413;male;faces\\Oliver.bmp, faces\\Joseph.bmp, faces\\Erica.bmp;6;9;2;faces\\Oliver.bmp, faces\\Joseph.bmp, faces\\Erica.bmp;1, 1, 1;21
1;3.5355603841999255;1;1;0;1.0;38;;1;1.0;26;3.021;1;0;1;3.005;5+4/2=7 ?;experiment;4.133947363778134;male;faces\\Mona.bmp;2;11;0;faces\\Mona.bmp;1;21
1;15.871084396207152;1;1;0;0.25;38;;2;0.5;27;3.319;timeout, 0;0;0, 0;3.511;4+6/2=9 ?, 1+8/4=2 ?;experiment;timeout, 4.904527106107707;male;faces\\Chris.bmp, faces\\Hanna.bmp;2;13;2;faces\\Chris.bmp, faces\\Mike.bmp;0, 1;21
4;28.195964000566164;4;4;0;1.0;38;;4;1.0;28;4.78;1, 0, 0, 0;0;1, 0, 0, 0;4.913;2x2+2=6 ?, 3x3-5=6 ?, 3x3-1=6 ?, 4/2+5=8 ?;experiment;2.0639871391867928, 3.1691007160734443, 2.6246640396020666, 3.2273959769736393;male;faces\\Ethan.bmp, faces\\Andrea.bmp, faces\\Lena.bmp, faces\\Sofia.bmp;8;15;4;faces\\Ethan.bmp, faces\\Andrea.bmp, faces\\Lena.bmp, faces\\Sofia.bmp;1, 1, 1, 1;21
;8.734;;;;;38;[];1;;1;;[];;[];;[];qStress;[];male;5;;;;[];[];21
;7.007;;;;;38;[];1;;1;;[];;[];;[];qSatisfied;[];male;5;;;;[];[];21
;3.981;;;;;38;[];1;;1;;[];;[];;[];qFrustration;[];male;5;;;;[];[];21
;3.236;;;;;38;[];1;;1;;[];;[];;[];qDifficulty;[];male;5;;;;[];[];21
;4.672;;;;;38;[];1;;1;;[];;[];;[];qEffort;[];male;5;;;;[];[];21
;5.807;;;;;38;[];1;;1;;[];;[];;[];qAttitude;[];male;6;;;;[];[];21
;22.98164518066551;;;;;38;[];1;;1;;[];;[];;[];qBirthweight;[];male;0;;;;[];[];21
;8.016178235226107;;;;;38;[];1;;1;;[];;[];;[];qFriends;[];male;250;;;;[];[];21
;95.10837475835433;;;;;38;[];1;;1;;[];;[];;[];qAbout;[];male;about the abillity to reconize things duing stressed siturations. ;;;;[];[];21
;66.44345376524143;;;;;38;[];1;;1;;[];;[];;[];qFeedback;[];male;not at this moment, i hope you guys will get some great results, but iam not a sicentist, who can come up with a specific thing to do more effective ;;;;[];[];21
