equationScore;recallRT;recallIntersection;recallLocation;pggInvestOther;payoutFactor;id;recallRTs;span;recallProportion;no;pggRT;equationAnss;pggInvest;equationCorrect;pggRTOther;equationText;condition;equationRTs;gender;recallAns;recallSum;pggStart;pggStartOther;faces;equationScores;age
;45.42602702779186;;;;;44;[];1;;1;;[];;[];;[];qCheck1;[];female;100;;;;[];[];21
;38.689701745159255;;;;;44;[];1;;1;;[];;[];;[];qCheck2;[];female;175;;;;[];[];21
;27.31895816681572;;;;;44;[];1;;1;;[];;[];;[];qCheck3;[];female;150;;;;[];[];21
;26.015134217344894;;;;;44;[];1;;1;;[];;[];;[];qCheck4;[];female;75;;;;[];[];21
;;;;65;;44;;1;;1;17.337;;35;;35.682;;practicePGG;;female;;;17;18;;;21
;;;;60;;44;;1;;2;11.712;;25;;15.358;;practicePGG;;female;;;13;1;;;21
1;42.90426928118359;2;2;;0.5;44;;2;1.0;1;;1, 1;;0, 1;;4+2x2=9 ?, 2x2-4=0 ?;practiceCS;2.8009841798048, 2.5530500173026667;female;faces\\Jane.bmp, faces\\Nathan.bmp;4;;;faces\\Jane.bmp, faces\\Nathan.bmp;0, 1;21
3;18.96736204589797;3;3;;1.0;44;;3;1.0;2;;0, 1, 1;;0, 1, 1;;3x3-7=1 ?, 8/2+4=8 ?, 2x3-1=5 ?;practiceCS;4.264544608502547, 3.512028841469146, 4.093921969246367;female;faces\\Timmy.bmp, faces\\Robert.bmp, faces\\Julian.bmp;6;;;faces\\Timmy.bmp, faces\\Robert.bmp, faces\\Julian.bmp;1, 1, 1;21
2;23.62461713911216;3;3;;0.375;44;;4;0.75;3;;0, 0, timeout, 0;;1, 0, 0, 0;;3x2-4=2 ?, 2x2-4=2 ?, 4+9/3=8 ?, 7+8/4=8 ?;practiceCS;3.772285982766334, 2.8576026391474443, timeout, 3.7966651025872125;female;faces\\Mary.bmp, faces\\Nana.bmp, faces\\Angie.bmp, faces\\Anna.bmp;6;;;faces\\Mary.bmp, faces\\Nana.bmp, faces\\Angie.bmp, faces\\Linda.bmp;0, 1, 0, 1;21
3;32.67285196620469;5;2;;0.2916666666666667;44;;6;0.5833333333333334;4;;0, 0, timeout, 0, 0, timeout;;0, 1, 1, 0, 0, 0;;2+8/2=4 ?, 2+9/3=5 ?, 3x3-4=5 ?, 5+8/2=7 ?, 2x2+4=6 ?, 8/4-1=0 ?;practiceCS;4.954630189531599, 4.934656766574335, timeout, 4.717796888835437, 4.655471385343844, timeout;female;faces\\Olivia.bmp, faces\\Sarah.bmp, faces\\Hanna.bmp, faces\\Joseph.bmp, faces\\Daniel.bmp, faces\\Julian.bmp;7;;;faces\\Olivia.bmp, faces\\Sarah.bmp, faces\\Ethan.bmp, faces\\Daniel.bmp, faces\\Joseph.bmp, faces\\Hanna.bmp;1, 0, 0, 1, 1, 0;21
1;15.687861796097422;2;2;30;0.5;44;;2;1.0;1;11.568;1, 0;15;0, 0;15.634;6/3+7=8 ?, 7+6/3=8 ?;practiceExp;3.155611988322562, 3.335058747414223;female;faces\\Tanya.bmp, faces\\Paul.bmp;4;5;20;faces\\Tanya.bmp, faces\\Paul.bmp;0, 1;21
3;17.870625964464125;3;3;60;1.0;44;;3;1.0;2;6.843;1, 1, 1;55;1, 1, 1;7.506;2x2+4=8 ?, 3x3-9=0 ?, 2x2+4=8 ?;practiceExp;2.8859884307348693, 3.2230981343127496, 2.048583768792014;female;faces\\Leah.bmp, faces\\Hanna.bmp, faces\\Ricky.bmp;6;20;17;faces\\Leah.bmp, faces\\Hanna.bmp, faces\\Ricky.bmp;1, 1, 1;21
5;30.843430679857192;5;1;30;0.6;44;;5;0.6;3;11.364;0, 0, 0, 1, 0;15;0, 0, 0, 1, 0;8.426;4+6/3=5 ?, 8/4-2=2 ?, 2x2-1=1 ?, 4/2+6=8 ?, 9/3-1=3 ?;practiceExp;3.7562088017875794, 3.6623430737327, 2.415380200720392, 4.054200088097787, 4.72503599231095;female;faces\\Carl.bmp, faces\\Liam.bmp, faces\\Gary.bmp, faces\\Amber.bmp, faces\\Simon.bmp;6;2;6;faces\\Liam.bmp, faces\\Carl.bmp, faces\\Amber.bmp, faces\\Gary.bmp, faces\\Simon.bmp;1, 1, 1, 1, 1;21
2;26.633040181252;1;1;35;0.5;44;;2;0.5;1;8.749;1, 0;20;1, 0;29.854;1+2x3=7 ?, 3x3-1=9 ?;experiment;3.342652950384945, 2.4133464863825793;female;faces\\Bruce.bmp, faces\\Zach.bmp;2;1;1;faces\\Bruce.bmp, faces\\Nathan.bmp;1, 1;21
3;34.15783700481552;5;3;70;0.48;44;;5;0.8;2;8.371;0, 1, 0, 0, 0;55;1, 1, 0, 0, 1;10.807;6/3-2=0 ?, 8/4+5=7 ?, 2x2+4=9 ?, 2x2-4=1 ?, 2+2x2=6 ?;experiment;4.576391343454816, 4.486798303896649, 2.617900216631824, 3.247341782649528, 2.9253708121341333;female;faces\\Lucas.bmp, faces\\Vicky.bmp, faces\\Chris.bmp, faces\\Lucia.bmp, faces\\Keith.bmp;8;2;10;faces\\Lucas.bmp, faces\\Vicky.bmp, faces\\Chris.bmp, faces\\Keith.bmp, faces\\Lucia.bmp;0, 1, 1, 1, 0;21
1;29.97528466458789;3;1;50;0.2222222222222222;44;;3;0.6666666666666666;3;4.789;0, 0, 0;5;1, 0, 1;5.922;3x2-6=0 ?, 2x4-1=6 ?, 9/3+4=7 ?;experiment;3.242769825326832, 3.8910423381221335, 4.737200510522598;female;faces\\Emily.bmp, faces\\Donald.bmp, faces\\Eddie.bmp;4;3;15;faces\\Emily.bmp, faces\\Eddie.bmp, faces\\Donald.bmp;0, 1, 0;21
3;55.543985332955344;5;3;80;0.24489795918367344;44;;7;0.5714285714285714;4;2.594;1, 1, timeout, 0, 0, 0, 1;20;1, 1, 1, 1, 0, 1, 0;9.611;5+2x2=9 ?, 6/3+1=3 ?, 6/2-3=0 ?, 2x2-2=2 ?, 2x3+3=8 ?, 9/3-2=1 ?, 1+8/4=1 ?;experiment;3.1384017731161293, 3.6557296022019727, timeout, 2.8149270691319543, 2.876804285167964, 4.143756180887067, 3.709340594605237;female;faces\\Casper.bmp, faces\\Ella.bmp, faces\\Mona.bmp, faces\\Leah.bmp, faces\\Daniel.bmp, faces\\Chris.bmp, faces\\David.bmp;8;5;6;faces\\Casper.bmp, faces\\Ella.bmp, faces\\Mona.bmp, faces\\Mary.bmp, faces\\Leah.bmp, faces\\Daniel.bmp, faces\\Billy.bmp;1, 1, 0, 0, 1, 0, 0;21
5;44.99830044865848;3;1;10;0.2777777777777778;44;;6;0.3333333333333333;5;8.707;0, 1, 0, 0, 0, 0;5;0, 1, 0, 0, 1, 0;8.299;5+6/2=9 ?, 2x2+4=8 ?, 2x2-2=1 ?, 9/3-3=1 ?, 3x3-4=5 ?, 2x3-2=3 ?;experiment;4.102904960185697, 2.959342955093234, 3.5447661413236347, 3.5056801551108947, 4.444115755046369, 3.875136343838676;female;faces\\Rachel.bmp, faces\\Zach.bmp, faces\\James.bmp, faces\\Lena.bmp, faces\\Thomas.bmp, faces\\Jason.bmp;4;13;17;faces\\Kiki.bmp, faces\\Amber.bmp, faces\\Zach.bmp, faces\\James.bmp, faces\\Thomas.bmp, faces\\Niclas.bmp;1, 1, 1, 1, 0, 1;21
1;23.228214030166782;3;1;60;0.2222222222222222;44;;3;0.6666666666666666;6;6.631;timeout, 1, 0;5;1, 0, 0;5.788;2+6/3=4 ?, 6+8/4=9 ?, 3x3-9=2 ?;experiment;timeout, 3.9720756324968534, 4.3144822710946755;female;faces\\Polly.bmp, faces\\Mike.bmp, faces\\Olivia.bmp;4;9;3;faces\\Polly.bmp, faces\\Olivia.bmp, faces\\Mike.bmp;0, 0, 1;21
2;35.80976273196029;2;1;80;0.3333333333333333;44;;3;0.5;7;12.795;1, 1, 0;5;1, 1, 1;4.813;3x3-2=7 ?, 6/2-3=0 ?, 7+6/3=9 ?;experiment;3.470928435341193, 3.5802678804921015, 4.095331693717526;female;faces\\Sonya.bmp, faces\\Molly.bmp, faces\\Jeff.bmp;3;7;10;faces\\Sonya.bmp, faces\\Tony.bmp, faces\\Molly.bmp;1, 1, 0;21
2;34.02279985073619;4;4;15;0.5;44;;4;1.0;8;8.828;1, 1, 0, 0;0;1, 0, 0, 1;4.98;2x4-4=4 ?, 4+4/2=4 ?, 4x2-2=4 ?, 1+6/2=4 ?;experiment;3.363381318975371, 4.347001995534811, 3.1744326721091056, 3.9546995673536003;female;faces\\David.bmp, faces\\Peter.bmp, faces\\Carl.bmp, faces\\Wendy.bmp;8;2;7;faces\\David.bmp, faces\\Peter.bmp, faces\\Carl.bmp, faces\\Wendy.bmp;1, 0, 1, 0;21
3;38.22756089340328;3;1;15;0.24;44;;5;0.4;9;8.322;0, timeout, 0, 1, 0;20;0, 1, 1, 1, 0;5.218;9/3-3=1 ?, 4/2+6=8 ?, 5+4/2=7 ?, 1+2x4=9 ?, 4x2+1=8 ?;experiment;4.312620564489407, timeout, 3.4352119943996513, 4.030410474493692, 3.124949044249661;female;faces\\Jane.bmp, faces\\Timmy.bmp, faces\\Kate.bmp, faces\\Cindy.bmp, faces\\Mike.bmp;4;20;9;faces\\Jane.bmp, faces\\Jacob.bmp, faces\\Bobby.bmp, faces\\Kate.bmp, faces\\Cindy.bmp;1, 0, 0, 1, 1;21
2;20.96914205909343;4;4;20;0.5;44;;4;1.0;10;6.236;0, 0, 0, 1;0;0, 1, 0, 0;5.244;6/2+3=8 ?, 2+8/2=6 ?, 2x4-2=8 ?, 4/2+6=7 ?;experiment;3.708391473177471, 4.87942996883794, 2.4386739065921574, 3.55659444394405;female;faces\\Adam.bmp, faces\\Erica.bmp, faces\\Olga.bmp, faces\\Maria.bmp;8;0;9;faces\\Adam.bmp, faces\\Erica.bmp, faces\\Olga.bmp, faces\\Maria.bmp;1, 0, 1, 0;21
7;33.64216398043209;6;3;0;0.6428571428571429;44;;7;0.6428571428571429;11;9.656;1, 0, 0, 0, 1, 1, 0;5;1, 0, 0, 0, 1, 1, 0;3.741;4/2+2=4 ?, 4+2x2=6 ?, 3+2x3=8 ?, 9/3-2=2 ?, 3x3-5=4 ?, 4x2-2=6 ?, 2x3-3=4 ?;experiment;3.5808368607213197, 3.478266884572804, 3.2795655224254006, 3.637932754416397, 4.7563943566674425, 3.6204376385758223, 4.162437698512804;female;faces\\Anna.bmp, faces\\Jenny.bmp, faces\\Shane.bmp, faces\\Kristen.bmp, faces\\George.bmp, faces\\Erin.bmp, faces\\Diana.bmp;9;18;5;faces\\Anna.bmp, faces\\Jenny.bmp, faces\\George.bmp, faces\\Angie.bmp, faces\\Kristen.bmp, faces\\Erin.bmp, faces\\Shane.bmp;1, 1, 1, 1, 1, 1, 1;21
5;26.708720709935733;6;6;30;0.8333333333333334;44;;6;1.0;12;3.95;0, 0, 0, 0, 0, 0;10;0, 1, 0, 0, 0, 0;6.517;2x2-3=0 ?, 2x3-3=3 ?, 4/2-1=2 ?, 2x2-3=3 ?, 2x2-4=1 ?, 1+2x3=8 ?;experiment;2.5256125261039415, 3.514892626535584, 4.247857805847161, 3.5521776630521344, 3.0305471775354818, 3.5891351048921933;female;faces\\Micha.bmp, faces\\Lisa.bmp, faces\\Justin.bmp, faces\\Fiona.bmp, faces\\Robert.bmp, faces\\Will.bmp;12;8;17;faces\\Micha.bmp, faces\\Lisa.bmp, faces\\Justin.bmp, faces\\Fiona.bmp, faces\\Robert.bmp, faces\\Will.bmp;1, 0, 1, 1, 1, 1;21
7;42.96223383445249;6;2;15;0.5714285714285714;44;;7;0.5714285714285714;13;3.617;0, 0, 0, 0, 1, 1, 1;5;0, 0, 0, 0, 1, 1, 1;2.57;9/3-3=2 ?, 3x3-2=8 ?, 3x3-9=1 ?, 6/3+1=5 ?, 2x2-4=0 ?, 3x3-4=5 ?, 3+9/3=6 ?;experiment;3.493188863260002, 3.3887276230889256, 3.0221405561787833, 4.259384376524395, 2.3861524333369744, 4.983121484670846, 4.573001272197871;female;faces\\Joseph.bmp, faces\\Susan.bmp, faces\\Nana.bmp, faces\\Rachel.bmp, faces\\Noah.bmp, faces\\Sofia.bmp, faces\\Tony.bmp;8;7;5;faces\\Joseph.bmp, faces\\Rachel.bmp, faces\\Sofia.bmp, faces\\Andrea.bmp, faces\\Noah.bmp, faces\\Susan.bmp, faces\\Nana.bmp;1, 1, 1, 1, 1, 1, 1;21
3;39.89934550852195;3;1;60;0.24;44;;5;0.4;14;5.087;1, 0, 1, 1, 1;20;1, 1, 0, 1, 1;5.182;3x3-4=5 ?, 6+4/2=8 ?, 4/2-2=1 ?, 4x2-2=6 ?, 5+9/3=8 ?;experiment;3.1655243957429775, 3.3141936757783697, 3.8960691512147605, 4.496083847814589, 2.785994465375552;female;faces\\John.bmp, faces\\Sarah.bmp, faces\\Linda.bmp, faces\\Brian.bmp, faces\\Will.bmp;4;7;9;faces\\John.bmp, faces\\Linda.bmp, faces\\Sarah.bmp, faces\\Damon.bmp, faces\\Lena.bmp;1, 0, 0, 1, 1;21
5;33.991733776365436;5;3;60;0.5555555555555556;44;;6;0.6666666666666666;15;5.677;0, timeout, 0, 1, 0, 1;0;0, 0, 0, 1, 0, 1;11.023;2x2+5=8 ?, 2x4-3=3 ?, 4/2+3=3 ?, 3+2x2=7 ?, 2+2x3=7 ?, 4/2-2=0 ?;experiment;4.374624220577971, timeout, 3.5490039356518537, 2.308886888287816, 3.59073366839948, 3.0641445160545118;female;faces\\Simon.bmp, faces\\Tanya.bmp, faces\\Emma.bmp, faces\\Jeff.bmp, faces\\Donald.bmp, faces\\Greg.bmp;8;11;3;faces\\Simon.bmp, faces\\Tanya.bmp, faces\\Greg.bmp, faces\\Jeff.bmp, faces\\Emma.bmp, faces\\Brian.bmp;1, 0, 1, 1, 1, 1;21
1;10.29648385816472;1;1;80;1.0;44;;1;1.0;16;7.995;0;85;0;6.514;4/2+5=8 ?;experiment;3.2349970463110367;female;faces\\Jason.bmp;2;3;5;faces\\Jason.bmp;1;21
4;22.083574410997244;4;4;55;0.6400000000000001;44;;5;0.8;17;6.681;timeout, 1, 0, 0, 0;5;1, 1, 0, 0, 0;2.926;3x3-5=4 ?, 3x2-5=1 ?, 3x3-1=6 ?, 2x2-1=4 ?, 2x2-2=3 ?;experiment;timeout, 2.790905101403041, 3.3522373526102456, 3.4325986263211234, 3.5303991852015315;female;faces\\Nina.bmp, faces\\Leah.bmp, faces\\Lana.bmp, faces\\Andre.bmp, faces\\Ethan.bmp;8;19;18;faces\\Nina.bmp, faces\\Joan.bmp, faces\\Lana.bmp, faces\\Andre.bmp, faces\\Ethan.bmp;0, 1, 1, 1, 1;21
3;9.127178986978834;3;3;75;1.0;44;;3;1.0;18;5.007;1, 1, 0;65;1, 1, 0;2.907;9/3+5=8 ?, 2x2+5=9 ?, 2x3-5=2 ?;experiment;2.942868391095544, 2.5144911383176805, 3.2495130210663774;female;faces\\Kelly.bmp, faces\\Jake.bmp, faces\\Lulu.bmp;6;3;13;faces\\Kelly.bmp, faces\\Jake.bmp, faces\\Lulu.bmp;1, 1, 1;21
7;44.392310228056886;4;2;10;0.42857142857142855;44;;7;0.42857142857142855;19;4.468;0, 0, 0, 0, 1, 0, 0;5;0, 0, 0, 0, 1, 0, 0;4.113;5+8/4=8 ?, 6/3+7=7 ?, 3x3-3=7 ?, 9/3-1=3 ?, 1+2x2=5 ?, 2x2-2=4 ?, 8/4+6=7 ?;experiment;4.316359166925395, 4.011249469916947, 2.8564421001028677, 4.034601880095579, 3.3802520344324876, 2.377014676487306, 3.9388941503821115;female;faces\\Liam.bmp, faces\\Hanna.bmp, faces\\Molly.bmp, faces\\John.bmp, faces\\Victor.bmp, faces\\Megan.bmp, faces\\Eric.bmp;6;6;0;faces\\Liam.bmp, faces\\Julian.bmp, faces\\Alex.bmp, faces\\Victor.bmp, faces\\Timmy.bmp, faces\\Megan.bmp, faces\\Hanna.bmp;1, 1, 1, 1, 1, 1, 1;21
3;16.685310416487482;3;3;70;0.5625;44;;4;0.75;20;4.153;0, 0, 0, 1;5;0, 0, 0, 0;1.912;2x2+2=8 ?, 9/3-2=3 ?, 2x4+1=7 ?, 6+6/2=8 ?;experiment;2.8725878378609195, 3.5261975166031334, 3.5640556385478703, 4.387383992281684;female;faces\\Donna.bmp, faces\\Britt.bmp, faces\\Lily.bmp, faces\\Kiki.bmp;6;10;17;faces\\Donna.bmp, faces\\Britt.bmp, faces\\Lily.bmp, faces\\Joshua.bmp;1, 1, 1, 0;21
1;8.341966151012457;1;1;65;1.0;44;;1;1.0;21;4.25;0;50;0;3.509;9/3-2=2 ?;experiment;4.073835653383867;female;faces\\Gary.bmp;2;4;4;faces\\Gary.bmp;1;21
5;26.919385846184014;5;2;70;0.48611111111111116;44;;6;0.5833333333333334;22;6.211;0, 0, 1, timeout, 1, 1;5;0, 0, 1, 1, 1, 1;3.45;9/3+1=2 ?, 4+4/2=4 ?, 3x3-9=0 ?, 7+4/2=9 ?, 6+9/3=9 ?, 3x3-3=6 ?;experiment;4.936201141488709, 4.19982741754211, 3.182598318428063, timeout, 3.079219618568459, 3.3315102155756904;female;faces\\Kenny.bmp, faces\\Mark.bmp, faces\\Eric.bmp, faces\\Benny.bmp, faces\\Julia.bmp, faces\\Jonah.bmp;7;16;6;faces\\Kenny.bmp, faces\\Mark.bmp, faces\\Jonah.bmp, faces\\Julia.bmp, faces\\Scott.bmp, faces\\Benny.bmp;1, 1, 1, 0, 1, 1;21
1;4.638102709555824;1;1;80;1.0;44;;1;1.0;23;4.948;1;65;1;3.806;9/3+1=4 ?;experiment;4.26080066931172;female;faces\\Regina.bmp;2;1;11;faces\\Regina.bmp;1;21
2;14.00964351705261;2;2;80;1.0;44;;2;1.0;24;8.533;0, 1;10;0, 1;8.262;8/2-1=2 ?, 1+2x2=5 ?;experiment;4.371463219285943, 2.780367883078725;female;faces\\Nicole.bmp, faces\\Kurt.bmp;4;13;20;faces\\Nicole.bmp, faces\\Kurt.bmp;1, 1;21
2;11.109507347686304;2;2;70;1.0;44;;2;1.0;25;4.005;1, 0;15;1, 0;3.046;2+4/2=4 ?, 2+8/2=5 ?;experiment;3.257611752687808, 2.999584964636597;female;faces\\Anders.bmp, faces\\Eric.bmp;4;9;7;faces\\Anders.bmp, faces\\Eric.bmp;1, 1;21
1;2.1649537734338082;1;1;70;1.0;44;;1;1.0;26;2.713;0;70;0;3.106;1+9/3=6 ?;experiment;3.3732399483233166;female;faces\\Leslie.bmp;2;8;3;faces\\Leslie.bmp;1;21
2;33.58668881830454;2;1;15;0.1875;44;;4;0.375;27;3.232;0, 0, 0, timeout;0;1, 0, 0, 0;3.179;3x3-2=7 ?, 2x3-6=1 ?, 3x3-8=2 ?, 2x4-6=3 ?;experiment;3.2281840622345044, 3.3956309214881912, 3.6521412499569124, timeout;female;faces\\Paul.bmp, faces\\Steve.bmp, faces\\Fiona.bmp, faces\\Kenny.bmp;3;3;6;faces\\Paul.bmp, faces\\Amanda.bmp, faces\\Milla.bmp, faces\\Steve.bmp;0, 1, 1, 0;21
2;8.98345359506493;2;2;5;1.0;44;;2;1.0;28;6.719;0, 0;0;0, 0;5.589;3x2-3=2 ?, 8/4-2=2 ?;experiment;3.906631411238777, 4.109819753139163;female;faces\\Tina.bmp, faces\\Karen.bmp;4;19;9;faces\\Tina.bmp, faces\\Karen.bmp;1, 1;21
;4.553;;;;;44;[];1;;1;;[];;[];;[];qStress;[];female;6;;;;[];[];21
;4.669;;;;;44;[];1;;1;;[];;[];;[];qSatisfied;[];female;4;;;;[];[];21
;4.398;;;;;44;[];1;;1;;[];;[];;[];qFrustration;[];female;5;;;;[];[];21
;2.351;;;;;44;[];1;;1;;[];;[];;[];qDifficulty;[];female;6;;;;[];[];21
;3.451;;;;;44;[];1;;1;;[];;[];;[];qEffort;[];female;4;;;;[];[];21
;4.839;;;;;44;[];1;;1;;[];;[];;[];qAttitude;[];female;2;;;;[];[];21
;11.691374202207953;;;;;44;[];1;;1;;[];;[];;[];qBirthweight;[];female;3200;;;;[];[];21
;9.050297688321734;;;;;44;[];1;;1;;[];;[];;[];qFriends;[];female;300;;;;[];[];21
;20.36071212022216;;;;;44;[];1;;1;;[];;[];;[];qAbout;[];female;how good you are to remember and calculate;;;;[];[];21
;26.811544387230242;;;;;44;[];1;;1;;[];;[];;[];qFeedback;[];female;it was difficult to remember and multitasking;;;;[];[];21
