equationScore;recallRT;recallIntersection;recallLocation;pggInvestOther;payoutFactor;id;recallRTs;span;recallProportion;no;pggRT;equationAnss;encode;pggInvest;equationCorrect;stimType;equationScores;pggRTOther;equationText;condition;equationRTs;recallAns;recallSum;pggStart;order;pggStartOther;gender;age
;16.81169951562879;;;;;86;[];1;;1;;[];[];;[];faces;[];;[];qCheck1;[];100;;;control;;male;21
;29.48663127728105;;;;;86;[];1;;1;;[];[];;[];faces;[];;[];qCheck2;[];175;;;control;;male;21
;13.739355987629096;;;;;86;[];1;;1;;[];[];;[];faces;[];;[];qCheck3;[];150;;;control;;male;21
;25.849615775712664;;;;;86;[];1;;1;;[];[];;[];faces;[];;[];qCheck4;[];50;;;control;;male;21
;;;;0;;86;;1;;1;11.63;;;0;;faces;;10.464;;practicePGG;;;;9;control;7;male;21
;;;;0;;86;;1;;2;3.384;;;0;;faces;;8.612;;practicePGG;;;;3;control;10;male;21
;;;;0;;86;;1;;1;5.825;;;0;;faces;;2.949;;controlPGG;;;;18;control;5;male;21
;;;;0;;86;;1;;2;6.354;;;0;;faces;;3.084;;controlPGG;;;;17;control;5;male;21
;;;;0;;86;;1;;3;1.804;;;0;;faces;;1.914;;controlPGG;;;;0;control;2;male;21
;;;;0;;86;;1;;4;2.34;;;0;;faces;;1.915;;controlPGG;;;;1;control;1;male;21
;;;;0;;86;;1;;5;26.482;;;0;;faces;;1.948;;controlPGG;;;;8;control;5;male;21
;;;;0;;86;;1;;6;2.957;;;0;;faces;;1.547;;controlPGG;;;;9;control;5;male;21
;;;;0;;86;;1;;7;0.931;;;0;;faces;;1.764;;controlPGG;;;;2;control;6;male;21
;;;;0;;86;;1;;8;4.554;;;0;;faces;;1.647;;controlPGG;;;;17;control;5;male;21
;;;;0;;86;;1;;9;0.886;;;0;;faces;;4.619;;controlPGG;;;;1;control;18;male;21
;;;;0;;86;;1;;10;5.104;;;0;;faces;;4.804;;controlPGG;;;;18;control;20;male;21
;;;;0;;86;;1;;11;2.33;;;0;;faces;;0.996;;controlPGG;;;;8;control;2;male;21
;;;;0;;86;;1;;12;3.538;;;0;;faces;;2.482;;controlPGG;;;;13;control;9;male;21
;;;;0;;86;;1;;13;5.509;;;0;;faces;;3.884;;controlPGG;;;;20;control;12;male;21
;;;;0;;86;;1;;14;3.478;;;0;;faces;;0.979;;controlPGG;;;;10;control;1;male;21
;;;;0;;86;;1;;15;4.798;;;0;;faces;;4.921;;controlPGG;;;;19;control;17;male;21
;;;;0;;86;;1;;16;4.039;;;0;;faces;;4.653;;controlPGG;;;;13;control;17;male;21
;;;;0;;86;;1;;17;0.963;;;0;;faces;;2.916;;controlPGG;;;;1;control;12;male;21
;;;;0;;86;;1;;18;3.645;;;0;;faces;;1.213;;controlPGG;;;;16;control;3;male;21
;;;;0;;86;;1;;19;2.957;;;0;;faces;;3.634;;controlPGG;;;;14;control;18;male;21
;;;;0;;86;;1;;20;2.179;;;0;;faces;;2.884;;controlPGG;;;;8;control;12;male;21
;;;;0;;86;;1;;21;4.551;;;0;;faces;;3.651;;controlPGG;;;;20;control;16;male;21
;;;;0;;86;;1;;22;2.992;;;0;;faces;;1.614;;controlPGG;;;;13;control;0;male;21
;;;;0;;86;;1;;23;3.341;;;0;;faces;;1.748;;controlPGG;;;;14;control;5;male;21
;;;;0;;86;;1;;24;2.987;;;0;;faces;;2.884;;controlPGG;;;;12;control;2;male;21
;;;;0;;86;;1;;25;1.341;;;0;;faces;;4.018;;controlPGG;;;;4;control;12;male;21
;;;;0;;86;;1;;26;3.797;;;0;;faces;;3.15;;controlPGG;;;;17;control;14;male;21
;;;;0;;86;;1;;27;2.872;;;0;;faces;;4.37;;controlPGG;;;;12;control;20;male;21
;;;;0;;86;;1;;28;1.832;;;0;;faces;;3.567;;controlPGG;;;;7;control;15;male;21
2;4.603525856678971;2;2;;1.0;86;;2;1.0;1;;1, 0;faces\\Micha.bmp, faces\\Greg.bmp;;1, 0;faces;1, 1;;2x2-1=3 ?, 1+4/2=2 ?;practiceCS;2.6033078716409364, 2.515487405926251;faces\\Micha.bmp, faces\\Greg.bmp;4;;control;;male;21
3;8.109394416216674;3;0;;0.5;86;;3;0.5;2;;0, 0, 0;faces\\Gary.bmp, faces\\Adam.bmp, faces\\Lana.bmp;;0, 0, 0;faces;1, 1, 1;;2x2-2=4 ?, 3x2-2=2 ?, 9/3-3=2 ?;practiceCS;4.043586744703134, 3.1768458016540535, 2.685906959388376;faces\\Lana.bmp, faces\\Gary.bmp, faces\\Adam.bmp;3;;control;;male;21
3;16.81731252773534;4;2;;0.5625;86;;4;0.75;3;;0, 0, 0, 0;faces\\Karen.bmp, faces\\Regina.bmp, faces\\Mona.bmp, faces\\Mary.bmp;;1, 0, 0, 0;faces;0, 1, 1, 1;;7+4/2=9 ?, 9/3+2=3 ?, 9/3+6=8 ?, 4x2+1=8 ?;practiceCS;3.1311276476881176, 3.248008269474667, 2.664654444452026, 2.701489400220453;faces\\Mona.bmp, faces\\Regina.bmp, faces\\Karen.bmp, faces\\Mary.bmp;6;;control;;male;21
2;19.516607709445452;6;4;;0.2777777777777778;86;;6;0.8333333333333334;4;;0, 1, 1, 0, 0, 0;faces\\Kelly.bmp, faces\\Donna.bmp, faces\\Lena.bmp, faces\\Tina.bmp, faces\\Andre.bmp, faces\\Timmy.bmp;;1, 1, 0, 0, 1, 1;faces;0, 1, 0, 1, 0, 0;;2x4-2=6 ?, 3x2-4=2 ?, 4/2-1=3 ?, 6/3+5=6 ?, 2+2x2=6 ?, 5+8/4=7 ?;practiceCS;2.6796350659515156, 4.201992079466436, 2.883146061880325, 4.642423254692403, 3.9346081831845368, 3.6925236879123986;faces\\Kelly.bmp, faces\\Donna.bmp, faces\\Timmy.bmp, faces\\Tina.bmp, faces\\Andre.bmp, faces\\Lena.bmp;10;;control;;male;21
6;15.637455987343856;7;1;;0.48979591836734687;86;;7;0.5714285714285714;1;;1, 0, 0, 1, 0, 1, 0;faces\\Joseph.bmp, faces\\Sonya.bmp, faces\\Molly.bmp, faces\\Joan.bmp, faces\\Gary.bmp, faces\\John.bmp, faces\\Lucas.bmp;;1, 1, 0, 1, 0, 1, 0;faces;1, 0, 1, 1, 1, 1, 1;;3x3-5=4 ?, 3+6/3=5 ?, 2x4-4=3 ?, 4/2+5=7 ?, 3+6/3=4 ?, 9/3-1=2 ?, 3x2+2=6 ?;controlCS;3.19916976847162, 2.4001692155034107, 1.7692560634532128, 3.69232212359384, 2.9048948930339975, 3.3461241151799186, 3.597458401187396;faces\\Joseph.bmp, faces\\Gary.bmp, faces\\Joan.bmp, faces\\John.bmp, faces\\Sonya.bmp, faces\\Lucas.bmp, faces\\Molly.bmp;8;;control;;male;21
4;13.515910239426375;5;0;;0.4;86;;5;0.5;2;;0, 0, 1, 1, 0;faces\\Justin.bmp, faces\\Victor.bmp, faces\\James.bmp, faces\\Mona.bmp, faces\\Lulu.bmp;;1, 0, 1, 1, 0;faces;0, 1, 1, 1, 1;;6+9/3=9 ?, 4x2-2=5 ?, 3x2-1=5 ?, 9/3+5=8 ?, 2x2+2=4 ?;controlCS;4.095353470334885, 2.097819862256074, 1.5765433320193551, 2.517485807367848, 2.8001380982423143;faces\\Mona.bmp, faces\\James.bmp, faces\\Justin.bmp, faces\\Lulu.bmp, faces\\Victor.bmp;5;;control;;male;21
1;5.036368196844705;1;1;;1.0;86;;1;1.0;3;;1;faces\\Jacob.bmp;;1;faces;1;;2+2x2=6 ?;controlCS;3.043998494220432;faces\\Jacob.bmp;2;;control;;male;21
6;37.83111947837824;7;0;;0.42857142857142855;86;;7;0.5;4;;1, 0, 0, 0, 1, 1, 1;faces\\George.bmp, faces\\Nathan.bmp, faces\\Lena.bmp, faces\\Peter.bmp, faces\\Kristen.bmp, faces\\Mary.bmp, faces\\Oliver.bmp;;1, 0, 0, 0, 1, 0, 1;faces;1, 1, 1, 1, 1, 0, 1;;2x4-8=0 ?, 4+2x2=6 ?, 1+8/2=3 ?, 4/2-2=1 ?, 8/2-2=2 ?, 3+9/3=4 ?, 9/3-2=1 ?;controlCS;2.682695887882801, 2.7277555710370507, 2.787844316810151, 2.9988349500217737, 2.274675926857526, 2.6599564768857817, 3.2141668106887664;faces\\Oliver.bmp, faces\\Peter.bmp, faces\\Mary.bmp, faces\\Kristen.bmp, faces\\Nathan.bmp, faces\\George.bmp, faces\\Lena.bmp;7;;control;;male;21
2;14.501391861153024;3;0;;0.3333333333333333;86;;3;0.5;5;;1, 1, 0;faces\\Adam.bmp, faces\\Kiki.bmp, faces\\Scott.bmp;;0, 1, 0;faces;0, 1, 1;;2+8/2=5 ?, 2x2-1=3 ?, 2+2x2=7 ?;controlCS;3.238295824990928, 1.9334599644407717, 1.9208344844937528;faces\\Scott.bmp, faces\\Adam.bmp, faces\\Kiki.bmp;3;;control;;male;21
2;12.320809114484291;3;1;;0.4444444444444444;86;;3;0.6666666666666666;6;;0, 0, 0;faces\\Sofia.bmp, faces\\Chloe.bmp, faces\\Carl.bmp;;0, 1, 0;faces;1, 0, 1;;8/2+5=8 ?, 5+2x2=9 ?, 6/2+5=6 ?;controlCS;2.662169168705077, 2.7694288915154175, 4.876756349789503;faces\\Chloe.bmp, faces\\Sofia.bmp, faces\\Carl.bmp;4;;control;;male;21
2;8.117995999093182;2;2;;1.0;86;;2;1.0;7;;0, 0;faces\\Linda.bmp, faces\\Anna.bmp;;0, 0;faces;1, 1;;3x3-6=1 ?, 2+3x2=9 ?;controlCS;4.466783144296642, 3.6344370382448687;faces\\Linda.bmp, faces\\Anna.bmp;4;;control;;male;21
4;16.885109979813933;3;1;;0.5;86;;4;0.5;8;;1, 0, 1, 1;faces\\Eric.bmp, faces\\Brian.bmp, faces\\Tanya.bmp, faces\\Daniel.bmp;;1, 0, 1, 1;faces;1, 1, 1, 1;;2x2-1=3 ?, 2x4-4=6 ?, 9/3-3=0 ?, 3x2-4=2 ?;controlCS;1.868920382914439, 1.8226242196578823, 3.8349188221254735, 2.6524074620683677;faces\\Eric.bmp, faces\\Tanya.bmp, faces\\Brian.bmp, faces\\Linda.bmp;4;;control;;male;21
0;2.4105631198053743;1;1;;0.0;86;;1;1.0;9;;0;faces\\Will.bmp;;1;faces;0;;6+4/2=8 ?;controlCS;2.572242335321789;faces\\Will.bmp;2;;control;;male;21
5;33.44206708930869;6;0;;0.4166666666666667;86;;6;0.5;10;;1, 1, 0, 0, 0, 0;faces\\Damon.bmp, faces\\Lana.bmp, faces\\Jenny.bmp, faces\\Cindy.bmp, faces\\Benny.bmp, faces\\Kurt.bmp;;1, 1, 0, 1, 0, 0;faces;1, 1, 1, 0, 1, 1;;2x4-7=1 ?, 2x4-8=0 ?, 2x2-2=3 ?, 1+2x2=5 ?, 3+2x2=9 ?, 3x3-9=2 ?;controlCS;2.8589287862178026, 2.5592482102438225, 2.208708153337284, 4.027797813334473, 3.147455999658632, 2.1418832183135237;faces\\Kurt.bmp, faces\\Damon.bmp, faces\\Lana.bmp, faces\\Benny.bmp, faces\\Cindy.bmp, faces\\Jenny.bmp;6;;control;;male;21
5;23.215434079642364;7;0;;0.35714285714285715;86;;7;0.5;11;;0, 0, 0, 1, 0, 0, 0;faces\\Steve.bmp, faces\\Timmy.bmp, faces\\Jake.bmp, faces\\Eddie.bmp, faces\\Ethan.bmp, faces\\Wendy.bmp, faces\\Anders.bmp;;1, 0, 0, 1, 0, 1, 0;faces;0, 1, 1, 1, 1, 0, 1;;3x3-2=7 ?, 2+4/2=5 ?, 2x2+1=3 ?, 9/3+3=6 ?, 8/2+5=7 ?, 3+4/2=5 ?, 9/3+6=8 ?;controlCS;2.2659713039738563, 2.2812056255752395, 3.5259190778779157, 2.44814932344525, 3.8624617038058204, 2.1390387393475976, 3.2966053859126987;faces\\Jake.bmp, faces\\Steve.bmp, faces\\Ethan.bmp, faces\\Timmy.bmp, faces\\Anders.bmp, faces\\Eddie.bmp, faces\\Wendy.bmp;7;;control;;male;21
4;25.261563572606974;6;3;;0.5;86;;6;0.75;12;;1, 0, 0, 0, 0, 0;faces\\Zach.bmp, faces\\Simon.bmp, faces\\Rachel.bmp, faces\\Regina.bmp, faces\\Andrea.bmp, faces\\Ricky.bmp;;1, 1, 1, 0, 0, 0;faces;1, 0, 0, 1, 1, 1;;4/2+5=7 ?, 8/4+4=6 ?, 4+4/2=6 ?, 1+2x2=4 ?, 4x2-5=1 ?, 4/2-2=1 ?;controlCS;2.288579759740969, 1.3557129937544232, 2.3881090187915106, 2.643606777979585, 3.405403319529796, 2.913255501864114;faces\\Zach.bmp, faces\\Simon.bmp, faces\\Regina.bmp, faces\\Andrea.bmp, faces\\Rachel.bmp, faces\\Ricky.bmp;9;;control;;male;21
1;11.955807741300305;2;2;;0.5;86;;2;1.0;13;;0, 1;faces\\Fiona.bmp, faces\\Tony.bmp;;1, 1;faces;0, 1;;7+6/3=9 ?, 2x2-3=1 ?;controlCS;2.503757676173336, 1.7171358818577573;faces\\Fiona.bmp, faces\\Tony.bmp;4;;control;;male;21
4;12.404874161875341;5;1;;0.48;86;;5;0.6;14;;0, 1, 0, 1, 0;faces\\Kenny.bmp, faces\\Bruce.bmp, faces\\Kevin.bmp, faces\\Noah.bmp, faces\\Leah.bmp;;1, 1, 0, 1, 0;faces;0, 1, 1, 1, 1;;3x3-3=6 ?, 8/4+6=8 ?, 9/3-1=0 ?, 6/3+7=9 ?, 7+4/2=8 ?;controlCS;2.1636928061252547, 3.5856248103918915, 3.3821610240283917, 2.4642757005804015, 3.0835219321270415;faces\\Leah.bmp, faces\\Bruce.bmp, faces\\Noah.bmp, faces\\Kenny.bmp, faces\\Kevin.bmp;6;;control;;male;21
2;13.73498766598641;3;0;;0.3333333333333333;86;;3;0.5;15;;0, 0, 0;faces\\Casper.bmp, faces\\Jane.bmp, faces\\Olivia.bmp;;0, 1, 0;faces;1, 0, 1;;4+6/3=7 ?, 2+8/2=6 ?, 6+9/3=8 ?;controlCS;2.0113430218316353, 1.7089990053154906, 3.310547807484909;faces\\Olivia.bmp, faces\\Casper.bmp, faces\\Jane.bmp;3;;control;;male;21
3;11.444787181329957;3;3;;1.0;86;;3;1.0;16;;0, 0, 0;faces\\Paul.bmp, faces\\Mike.bmp, faces\\Polly.bmp;;0, 0, 0;faces;1, 1, 1;;2x2-2=0 ?, 2x3-6=2 ?, 2x4-3=6 ?;controlCS;2.6947117486561183, 1.7732947391723428, 2.8809309069529263;faces\\Paul.bmp, faces\\Mike.bmp, faces\\Polly.bmp;6;;control;;male;21
3;9.05353195286989;4;1;;0.46875;86;;4;0.625;17;;1, 0, 0, 1;faces\\Joshua.bmp, faces\\Britt.bmp, faces\\David.bmp, faces\\Emma.bmp;;1, 0, 1, 1;faces;1, 1, 0, 1;;2x4-2=6 ?, 1+2x2=4 ?, 5+2x2=9 ?, 3x3-7=2 ?;controlCS;2.507055366968416, 2.890069447323185, 2.335874713202429, 2.299410865671234;faces\\Emma.bmp, faces\\Britt.bmp, faces\\Joshua.bmp, faces\\David.bmp;5;;control;;male;21
5;17.483668569144356;7;1;;0.40816326530612246;86;;7;0.5714285714285714;18;;1, 0, 0, 1, 1, 1, 1;faces\\Amber.bmp, faces\\Greg.bmp, faces\\Matt.bmp, faces\\Andre.bmp, faces\\Kate.bmp, faces\\Erica.bmp, faces\\Nicole.bmp;;1, 1, 1, 1, 1, 1, 1;faces;1, 0, 0, 1, 1, 1, 1;;2x2-1=3 ?, 2+8/2=6 ?, 6/2+1=4 ?, 2x4-1=7 ?, 2x4-2=6 ?, 6/3-1=1 ?, 2x2-3=1 ?;controlCS;1.2733548800515564, 1.9320629718149576, 2.673438707821333, 1.8592847052914294, 2.486146045048372, 3.1687639345182106, 2.146769613624201;faces\\Erica.bmp, faces\\Amber.bmp, faces\\Kate.bmp, faces\\Andre.bmp, faces\\Nicole.bmp, faces\\Matt.bmp, faces\\Greg.bmp;8;;control;;male;21
0;3.5187658023769472;1;1;;0.0;86;;1;1.0;19;;0;faces\\Susan.bmp;;1;faces;0;;4+2x2=8 ?;controlCS;2.3210837510014244;faces\\Susan.bmp;2;;control;;male;21
5;9.76932297788153;5;0;;0.5;86;;5;0.5;20;;0, 1, 0, 1, 1;faces\\Kelly.bmp, faces\\Karen.bmp, faces\\Jeff.bmp, faces\\Vicky.bmp, faces\\Jason.bmp;;0, 1, 0, 1, 1;faces;1, 1, 1, 1, 1;;9/3+2=3 ?, 2x3+3=9 ?, 2x2-3=3 ?, 4/2-2=0 ?, 8/2-3=1 ?;controlCS;2.34243027454977, 3.625935621752433, 3.141324913882272, 3.070525754459595, 2.4348793302979175;faces\\Jason.bmp, faces\\Jeff.bmp, faces\\Karen.bmp, faces\\Kelly.bmp, faces\\Vicky.bmp;5;;control;;male;21
5;16.669508819362818;5;1;;0.6;86;;5;0.6;21;;1, 0, 1, 0, 1;faces\\Chris.bmp, faces\\Erin.bmp, faces\\Billy.bmp, faces\\Bobby.bmp, faces\\Lisa.bmp;;1, 0, 1, 0, 1;faces;1, 1, 1, 1, 1;;3x3-6=3 ?, 3x3-4=7 ?, 2x4-3=5 ?, 2x3-6=1 ?, 3x3-6=3 ?;controlCS;2.068905029544112, 2.80223009778274, 2.0569335047093773, 1.6495506675637444, 1.996128405093259;faces\\Lisa.bmp, faces\\Billy.bmp, faces\\Chris.bmp, faces\\Bobby.bmp, faces\\Erin.bmp;6;;control;;male;21
1;2.1590108487580437;1;1;;1.0;86;;1;1.0;22;;0;faces\\Julia.bmp;;0;faces;1;;4/2-2=2 ?;controlCS;2.4113652719042875;faces\\Julia.bmp;2;;control;;male;21
6;13.616115211045326;6;1;;0.5833333333333334;86;;6;0.5833333333333334;23;;1, 1, 0, 1, 0, 0;faces\\Mark.bmp, faces\\Shane.bmp, faces\\Donna.bmp, faces\\Micha.bmp, faces\\Ella.bmp, faces\\Jonah.bmp;;1, 1, 0, 1, 0, 0;faces;1, 1, 1, 1, 1, 1;;3x3-4=5 ?, 4x2-7=1 ?, 4/2+5=6 ?, 2x2-2=2 ?, 8/4-2=1 ?, 7+8/4=8 ?;controlCS;2.441986627787628, 1.8765847532813495, 3.170350175927524, 1.8417239783957484, 2.1386643469668343, 2.2052897702615155;faces\\Micha.bmp, faces\\Jonah.bmp, faces\\Shane.bmp, faces\\Donna.bmp, faces\\Ella.bmp, faces\\Mark.bmp;7;;control;;male;21
6;22.496991929629075;6;0;;0.5;86;;6;0.5;24;;1, 0, 1, 0, 1, 0;faces\\Nana.bmp, faces\\Niclas.bmp, faces\\Olga.bmp, faces\\Lucia.bmp, faces\\Leslie.bmp, faces\\Keith.bmp;;1, 0, 1, 0, 1, 0;faces;1, 1, 1, 1, 1, 1;;9/3-3=0 ?, 2x2-1=2 ?, 2x2+5=9 ?, 3x3-8=3 ?, 3x2-5=1 ?, 9/3-3=1 ?;controlCS;2.3647423363490816, 2.1038606340789556, 2.1537196827357548, 1.8134372381664434, 2.264701161395351, 2.3401170058295975;faces\\Lucia.bmp, faces\\Keith.bmp, faces\\Leslie.bmp, faces\\Olga.bmp, faces\\Nana.bmp, faces\\Niclas.bmp;6;;control;;male;21
1;4.017968371234019;2;2;;0.5;86;;2;1.0;25;;0, 0;faces\\Thomas.bmp, faces\\Amanda.bmp;;1, 0;faces;0, 1;;3+3x2=9 ?, 3x3-8=3 ?;controlCS;2.5115131815273344, 1.5476211099830834;faces\\Thomas.bmp, faces\\Amanda.bmp;4;;control;;male;21
3;16.15775589534678;3;2;;0.46875;86;;4;0.625;26;;0, 1, 0, 1;faces\\Tina.bmp, faces\\Alex.bmp, faces\\Hanna.bmp, faces\\Milla.bmp;;0, 1, 1, 1;faces;1, 1, 0, 1;;4+2x2=9 ?, 4x2-7=1 ?, 5+9/3=8 ?, 4/2+3=5 ?;controlCS;2.100691435405679, 2.61948802662846, 2.173658540190445, 2.3427172266056004;faces\\Tina.bmp, faces\\Milla.bmp, faces\\Hanna.bmp, faces\\Anna.bmp;5;;control;;male;21
3;9.936724403280095;4;4;;0.75;86;;4;1.0;27;;0, 0, 0, 0;faces\\Liam.bmp, faces\\Diana.bmp, faces\\Angie.bmp, faces\\Julian.bmp;;0, 0, 1, 0;faces;1, 1, 0, 1;;2x4-1=6 ?, 8/2+4=9 ?, 3+4/2=5 ?, 3x3-4=7 ?;controlCS;3.0402007925458747, 2.5020088696510356, 1.6953250624919747, 2.2483087686232466;faces\\Liam.bmp, faces\\Diana.bmp, faces\\Angie.bmp, faces\\Julian.bmp;8;;control;;male;21
1;2.410132075945512;2;0;;0.25;86;;2;0.5;28;;1, 0;faces\\Lily.bmp, faces\\Nina.bmp;;0, 0;faces;0, 1;;1+2x2=6 ?, 3x3-9=1 ?;controlCS;2.3195812552567077, 1.615979329601032;faces\\Nina.bmp, faces\\Lily.bmp;2;;control;;male;21
;2.512;;;;;86;[];1;;1;;[];[];;[];faces;[];;[];qStress;[];1;;;control;;male;21
;3.385;;;;;86;[];1;;1;;[];[];;[];faces;[];;[];qSatisfied;[];1;;;control;;male;21
;2.145;;;;;86;[];1;;1;;[];[];;[];faces;[];;[];qFrustration;[];1;;;control;;male;21
;2.001;;;;;86;[];1;;1;;[];[];;[];faces;[];;[];qDifficulty;[];2;;;control;;male;21
;2.602;;;;;86;[];1;;1;;[];[];;[];faces;[];;[];qEffort;[];2;;;control;;male;21
;3.352;;;;;86;[];1;;1;;[];[];;[];faces;[];;[];qAttitude;[];7;;;control;;male;21
;10.230961100549393;;;;;86;[];1;;1;;[];[];;[];faces;[];;[];qBirthweight;[];4300;;;control;;male;21
;6.49616843059448;;;;;86;[];1;;1;;[];[];;[];faces;[];;[];qFriends;[];400;;;control;;male;21
;12.422638095164075;;;;;86;[];1;;1;;[];[];;[];faces;[];;[];qAbout;[];gametheory;;;control;;male;21
;8.987263680202886;;;;;86;[];1;;1;;[];[];;[];faces;[];;[];qFeedback;[];less repetetions;;;control;;male;21
