equationScore;recallRT;recallIntersection;recallLocation;pggInvestOther;payoutFactor;id;recallRTs;span;recallProportion;no;pggRT;equationAnss;encode;pggInvest;equationCorrect;stimType;equationScores;pggRTOther;equationText;condition;equationRTs;recallAns;recallSum;pggStart;order;pggStartOther;gender;age
0;17.40028046702355;2;2;;0.0;99;;2;1.0;1;;0, 0;faces\\Carl.bmp, faces\\Molly.bmp;;1, 1;faces;0, 0;;3+3x2=9 ?, 3+8/2=7 ?;practiceCS;3.111734006257393, 2.4006971444664487;faces\\Carl.bmp, faces\\Molly.bmp;4;;controlCSFirst;;female;25
2;20.32439385747648;3;3;;0.6666666666666666;99;;3;1.0;2;;1, 0, 0;faces\\Micha.bmp, faces\\Lucas.bmp, faces\\Karen.bmp;;1, 1, 0;faces;1, 0, 1;;3x2-1=5 ?, 1+8/2=5 ?, 3x3-4=6 ?;practiceCS;2.7388926725116107, 2.083771870947203, 3.6594521943711698;faces\\Micha.bmp, faces\\Lucas.bmp, faces\\Karen.bmp;6;;controlCSFirst;;female;25
3;25.528756696088294;3;3;;0.5625;99;;4;0.75;3;;1, 1, 1, 0;faces\\Jonah.bmp, faces\\Lulu.bmp, faces\\Anders.bmp, faces\\Kelly.bmp;;1, 1, 1, 1;faces;1, 1, 1, 0;;4x2+1=9 ?, 3x3-6=3 ?, 2x2+5=9 ?, 3+2x2=7 ?;practiceCS;2.4972365869889472, 1.8465674604885862, 1.736489901011737, 2.3914095479481148;faces\\Hanna.bmp, faces\\Lulu.bmp, faces\\Anders.bmp, faces\\Kelly.bmp;6;;controlCSFirst;;female;25
6;45.18422110259826;5;2;;0.5833333333333334;99;;6;0.5833333333333334;4;;0, 0, 1, 0, 1, 1;faces\\Leah.bmp, faces\\Andrea.bmp, faces\\Kristen.bmp, faces\\Kurt.bmp, faces\\Nathan.bmp, faces\\George.bmp;;0, 0, 1, 0, 1, 1;faces;1, 1, 1, 1, 1, 1;;3+2x2=9 ?, 4x2-1=6 ?, 2x3-4=2 ?, 3x3-5=5 ?, 2x4-1=7 ?, 4/2-2=0 ?;practiceCS;2.207542313286467, 2.9415054658638837, 2.5034144971727983, 3.2040007602822698, 2.0934580820439805, 2.370932417381937;faces\\Joan.bmp, faces\\Andrea.bmp, faces\\Kristen.bmp, faces\\George.bmp, faces\\Kurt.bmp, faces\\Nathan.bmp;7;;controlCSFirst;;female;25
1;3.7177554263516868;1;1;;1.0;99;;1;1.0;1;;0;faces\\Lulu.bmp;;0;faces;1;;4x2-4=6 ?;controlCS;2.569585748728514;faces\\Lulu.bmp;2;;controlCSFirst;;female;25
4;28.15325519502312;5;3;;0.6400000000000001;99;;5;0.8;2;;0, 1, 1, 0, 1;faces\\Casper.bmp, faces\\Jenny.bmp, faces\\Ricky.bmp, faces\\Brian.bmp, faces\\Sofia.bmp;;1, 1, 1, 0, 1;faces;0, 1, 1, 1, 1;;2+8/2=6 ?, 3x3-1=8 ?, 8/4-2=0 ?, 6/2+2=4 ?, 3x2-3=3 ?;controlCS;1.9438072495304368, 1.5426466283815898, 3.110144474179833, 1.9013114871195285, 2.9121820474010747;faces\\Casper.bmp, faces\\Jenny.bmp, faces\\Sofia.bmp, faces\\Brian.bmp, faces\\Ricky.bmp;8;;controlCSFirst;;female;25
1;5.15391161594107;1;1;;1.0;99;;1;1.0;3;;0;faces\\Shane.bmp;;0;faces;1;;2x3-2=3 ?;controlCS;2.5802058920244235;faces\\Shane.bmp;2;;controlCSFirst;;female;25
4;51.962565534330224;7;5;;0.48979591836734687;99;;7;0.8571428571428571;4;;1, 0, 1, 0, 1, 0, 1;faces\\Donna.bmp, faces\\Erin.bmp, faces\\Nicole.bmp, faces\\Julia.bmp, faces\\Niclas.bmp, faces\\Olivia.bmp, faces\\Noah.bmp;;0, 0, 1, 1, 1, 1, 1;faces;0, 1, 1, 0, 1, 0, 1;;4+4/2=4 ?, 7+4/2=7 ?, 2x3-2=4 ?, 4+2x2=8 ?, 4/2-2=0 ?, 2+8/2=6 ?, 4x2-2=6 ?;controlCS;1.846243971005606, 1.891704095795376, 2.0480817032621417, 2.8433822385391068, 2.4648293449295124, 1.4053253429788128, 1.468273604777096;faces\\Donna.bmp, faces\\Erin.bmp, faces\\Nicole.bmp, faces\\Niclas.bmp, faces\\Julia.bmp, faces\\Olivia.bmp, faces\\Noah.bmp;12;;controlCSFirst;;female;25
5;32.90890322697214;6;2;;0.5555555555555556;99;;6;0.6666666666666666;5;;1, 0, 1, 0, 0, 0;faces\\Kate.bmp, faces\\Nina.bmp, faces\\Kelly.bmp, faces\\Simon.bmp, faces\\Robert.bmp, faces\\Sarah.bmp;;1, 0, 1, 0, 0, 1;faces;1, 1, 1, 1, 1, 0;;4/2-1=1 ?, 2x2-3=3 ?, 3x3-9=0 ?, 8/2-4=1 ?, 3x3-9=2 ?, 2+9/3=5 ?;controlCS;2.372626631969979, 2.371666426513002, 1.4907548922656133, 1.9024014167853238, 2.5211161043989705, 1.8169406680053726;faces\\Kate.bmp, faces\\Kelly.bmp, faces\\Nina.bmp, faces\\Simon.bmp, faces\\Sarah.bmp, faces\\Robert.bmp;8;;controlCSFirst;;female;25
2;6.307504668634465;2;2;;1.0;99;;2;1.0;6;;1, 0;faces\\Ethan.bmp, faces\\Bobby.bmp;;1, 0;faces;1, 1;;2x4-1=7 ?, 2x2+2=7 ?;controlCS;1.669542767321218, 1.702992729286052;faces\\Ethan.bmp, faces\\Bobby.bmp;4;;controlCSFirst;;female;25
4;13.403757568443325;5;5;;0.8;99;;5;1.0;7;;0, 0, 0, 0, 0;faces\\Timmy.bmp, faces\\Chris.bmp, faces\\Lily.bmp, faces\\Lucia.bmp, faces\\Susan.bmp;;0, 1, 0, 0, 0;faces;1, 0, 1, 1, 1;;2x2+5=7 ?, 5+4/2=7 ?, 6/2+6=8 ?, 2x4-1=6 ?, 6/2-2=3 ?;controlCS;1.9335647843108745, 2.1822025774881695, 2.150337631884213, 1.990656572809712, 2.6401762442947074;faces\\Timmy.bmp, faces\\Chris.bmp, faces\\Lily.bmp, faces\\Lucia.bmp, faces\\Susan.bmp;10;;controlCSFirst;;female;25
1;2.660758467892265;1;1;;1.0;99;;1;1.0;8;;0;faces\\Jane.bmp;;0;faces;1;;1+2x2=4 ?;controlCS;4.294587667907763;faces\\Jane.bmp;2;;controlCSFirst;;female;25
3;10.117126592354907;3;3;;1.0;99;;3;1.0;9;;1, 1, 0;faces\\Thomas.bmp, faces\\Tina.bmp, faces\\Jonah.bmp;;1, 1, 0;faces;1, 1, 1;;6+4/2=8 ?, 4/2+4=6 ?, 4/2+1=2 ?;controlCS;3.5896318336635886, 2.273755027325933, 2.382681489710194;faces\\Thomas.bmp, faces\\Tina.bmp, faces\\Jonah.bmp;6;;controlCSFirst;;female;25
5;29.835122172699812;5;2;;0.7;99;;5;0.7;10;;0, 0, 0, 1, 0;faces\\Kristen.bmp, faces\\Megan.bmp, faces\\Mary.bmp, faces\\Andrea.bmp, faces\\Greg.bmp;;0, 0, 0, 1, 0;faces;1, 1, 1, 1, 1;;5+2x2=8 ?, 3x3-8=2 ?, 2x2-2=1 ?, 2+8/2=6 ?, 9/3-2=3 ?;controlCS;3.023009215755337, 1.7437840141183187, 2.0102104446868907, 3.451812177408101, 4.3117404103632;faces\\Kristen.bmp, faces\\Greg.bmp, faces\\Megan.bmp, faces\\Andrea.bmp, faces\\Mary.bmp;7;;controlCSFirst;;female;25
5;48.6922527142533;5;1;;0.6;99;;5;0.6;11;;1, 1, 1, 1, 1;faces\\Liam.bmp, faces\\Molly.bmp, faces\\Lena.bmp, faces\\Joshua.bmp, faces\\Joseph.bmp;;1, 1, 1, 1, 1;faces;1, 1, 1, 1, 1;;4/2+5=7 ?, 2x4-6=2 ?, 2x4-6=2 ?, 6/3+5=7 ?, 3+8/2=7 ?;controlCS;2.6756997410029726, 3.1625542860920177, 1.8690056434134021, 2.7775332449073176, 1.9985804230573194;faces\\Molly.bmp, faces\\Joshua.bmp, faces\\Lena.bmp, faces\\Joseph.bmp, faces\\Liam.bmp;6;;controlCSFirst;;female;25
4;17.64326294152943;4;2;;0.75;99;;4;0.75;12;;0, 0, 0, 1;faces\\Keith.bmp, faces\\Zach.bmp, faces\\Matt.bmp, faces\\Tanya.bmp;;0, 0, 0, 1;faces;1, 1, 1, 1;;1+6/3=2 ?, 3x3-4=3 ?, 2x4-8=1 ?, 6+6/2=9 ?;controlCS;2.701920451965634, 2.4335116220172495, 2.176151107356418, 2.0637651958977585;faces\\Keith.bmp, faces\\Zach.bmp, faces\\Tanya.bmp, faces\\Matt.bmp;6;;controlCSFirst;;female;25
4;22.380462220492518;4;4;;1.0;99;;4;1.0;13;;0, 1, 0, 1;faces\\Gary.bmp, faces\\John.bmp, faces\\Maria.bmp, faces\\Wendy.bmp;;0, 1, 0, 1;faces;1, 1, 1, 1;;6/3-1=3 ?, 9/3+1=4 ?, 6/2-1=0 ?, 4/2-1=1 ?;controlCS;3.749848620879675, 3.364357124178241, 2.518588124406051, 1.916625922592175;faces\\Gary.bmp, faces\\John.bmp, faces\\Maria.bmp, faces\\Wendy.bmp;8;;controlCSFirst;;female;25
7;57.9000963489616;7;1;;0.5714285714285714;99;;7;0.5714285714285714;14;;0, 1, 1, 1, 0, 1, 1;faces\\George.bmp, faces\\Kiki.bmp, faces\\Victor.bmp, faces\\Eddie.bmp, faces\\Mona.bmp, faces\\Justin.bmp, faces\\Sonya.bmp;;0, 1, 1, 1, 0, 1, 1;faces;1, 1, 1, 1, 1, 1, 1;;4+8/4=5 ?, 6/3+1=3 ?, 3x3-8=1 ?, 2x4-5=3 ?, 2x2-1=5 ?, 3x3-7=2 ?, 3x3-7=2 ?;controlCS;3.3502479743929143, 3.425778663406163, 2.1513171317646993, 2.3588545188158605, 3.661079494256228, 1.3084656951314173, 1.2655220557835491;faces\\George.bmp, faces\\Eddie.bmp, faces\\Mona.bmp, faces\\Justin.bmp, faces\\Kiki.bmp, faces\\Sonya.bmp, faces\\Victor.bmp;8;;controlCSFirst;;female;25
2;6.0748356792473714;2;2;;1.0;99;;2;1.0;15;;0, 1;faces\\Linda.bmp, faces\\Mark.bmp;;0, 1;faces;1, 1;;2x3-1=3 ?, 2x3-1=5 ?;controlCS;1.510610906603688, 1.3727863241128944;faces\\Linda.bmp, faces\\Mark.bmp;4;;controlCSFirst;;female;25
7;54.39309555214277;7;5;;0.8571428571428571;99;;7;0.8571428571428571;16;;1, 1, 1, 1, 0, 1, 0;faces\\Chloe.bmp, faces\\Eric.bmp, faces\\Jeff.bmp, faces\\Nana.bmp, faces\\Lucas.bmp, faces\\Diana.bmp, faces\\Ella.bmp;;1, 1, 1, 1, 0, 1, 0;faces;1, 1, 1, 1, 1, 1, 1;;4+2x2=8 ?, 3x2+1=7 ?, 6+4/2=8 ?, 2+2x3=8 ?, 2x2+3=6 ?, 4/2+6=8 ?, 4+8/4=4 ?;controlCS;2.0407875901546504, 1.4891756231791078, 2.9763548893097322, 3.1678951467138177, 1.653006625377202, 1.857254107967492, 2.222825138745975;faces\\Chloe.bmp, faces\\Eric.bmp, faces\\Nana.bmp, faces\\Jeff.bmp, faces\\Lucas.bmp, faces\\Diana.bmp, faces\\Ella.bmp;12;;controlCSFirst;;female;25
2;3.6261159463483637;2;2;;1.0;99;;2;1.0;17;;0, 0;faces\\David.bmp, faces\\Emma.bmp;;0, 0;faces;1, 1;;3x3-2=6 ?, 2x4-8=1 ?;controlCS;1.5322227134774948, 1.3877411443727397;faces\\David.bmp, faces\\Emma.bmp;4;;controlCSFirst;;female;25
2;4.5012182170557935;2;2;;1.0;99;;2;1.0;18;;0, 1;faces\\Will.bmp, faces\\Leslie.bmp;;0, 1;faces;1, 1;;8/2+5=8 ?, 8/2-3=1 ?;controlCS;1.6338751782168401, 2.213614309401237;faces\\Will.bmp, faces\\Leslie.bmp;4;;controlCSFirst;;female;25
4;23.29060932199809;4;4;;1.0;99;;4;1.0;19;;0, 0, 0, 0;faces\\Milla.bmp, faces\\Joan.bmp, faces\\Amber.bmp, faces\\Donald.bmp;;0, 0, 0, 0;faces;1, 1, 1, 1;;4+9/3=9 ?, 4+6/2=5 ?, 8/2+4=6 ?, 2x2-3=3 ?;controlCS;1.863952967584737, 2.0838157965499704, 3.016061991751485, 2.1394223249617426;faces\\Milla.bmp, faces\\Joan.bmp, faces\\Amber.bmp, faces\\Donald.bmp;8;;controlCSFirst;;female;25
4;17.01261814242298;4;4;;1.0;99;;4;1.0;20;;1, 0, 1, 0;faces\\Tony.bmp, faces\\Jake.bmp, faces\\Vicky.bmp, faces\\Mike.bmp;;1, 0, 1, 0;faces;1, 1, 1, 1;;3x3-5=4 ?, 3x2-3=5 ?, 6/2+1=4 ?, 2x2-2=3 ?;controlCS;2.513005057191549, 2.1671459483559374, 1.8602907218046312, 1.8491447028391121;faces\\Tony.bmp, faces\\Jake.bmp, faces\\Vicky.bmp, faces\\Mike.bmp;8;;controlCSFirst;;female;25
1;1.937623592071759;1;1;;1.0;99;;1;1.0;21;;1;faces\\Emily.bmp;;1;faces;1;;3x3-7=2 ?;controlCS;1.3714045149772573;faces\\Emily.bmp;2;;controlCSFirst;;female;25
6;24.06198805634085;6;3;;0.75;99;;6;0.75;22;;1, 1, 1, 0, 0, 0;faces\\Polly.bmp, faces\\Alex.bmp, faces\\Britt.bmp, faces\\Lisa.bmp, faces\\Leah.bmp, faces\\Olga.bmp;;1, 1, 1, 0, 0, 0;faces;1, 1, 1, 1, 1, 1;;2x3-4=2 ?, 4+8/4=6 ?, 4/2+5=7 ?, 3x2-6=1 ?, 4x2-8=2 ?, 4/2+1=1 ?;controlCS;1.3423257662252581, 1.8588744290182149, 2.0084127791487845, 1.2792387487852466, 1.3949240066549464, 1.8764323543673527;faces\\Polly.bmp, faces\\Alex.bmp, faces\\Britt.bmp, faces\\Olga.bmp, faces\\Lisa.bmp, faces\\Leah.bmp;9;;controlCSFirst;;female;25
3;21.764425763063628;3;3;;1.0;99;;3;1.0;23;;0, 0, 1;faces\\Amanda.bmp, faces\\Kurt.bmp, faces\\Hanna.bmp;;0, 0, 1;faces;1, 1, 1;;8/4-2=1 ?, 8/2-3=2 ?, 2x2-2=2 ?;controlCS;1.6842578441073783, 2.0727654286620236, 1.5730111246721208;faces\\Amanda.bmp, faces\\Kurt.bmp, faces\\Hanna.bmp;6;;controlCSFirst;;female;25
6;36.933806580383134;6;4;;0.8333333333333334;99;;6;0.8333333333333334;24;;1, 0, 0, 1, 1, 0;faces\\James.bmp, faces\\Kenny.bmp, faces\\Lana.bmp, faces\\Benny.bmp, faces\\Haley.bmp, faces\\Regina.bmp;;1, 0, 0, 1, 1, 0;faces;1, 1, 1, 1, 1, 1;;3x3-4=5 ?, 4/2-1=2 ?, 4x2-3=3 ?, 3x3-4=5 ?, 9/3-1=2 ?, 2x3-2=6 ?;controlCS;1.5038439007248599, 2.159784099506396, 1.9988201665310044, 1.4671015711819564, 3.7160119494055834, 1.811013174807158;faces\\James.bmp, faces\\Kenny.bmp, faces\\Benny.bmp, faces\\Lana.bmp, faces\\Haley.bmp, faces\\Regina.bmp;10;;controlCSFirst;;female;25
6;38.780170012606504;6;6;;1.0;99;;6;1.0;25;;0, 0, 1, 0, 0, 0;faces\\Adam.bmp, faces\\Oliver.bmp, faces\\Anna.bmp, faces\\Nathan.bmp, faces\\Karen.bmp, faces\\Scott.bmp;;0, 0, 1, 0, 0, 0;faces;1, 1, 1, 1, 1, 1;;6/3+4=5 ?, 4x2-8=1 ?, 3x3-4=5 ?, 3+9/3=7 ?, 3x3-4=3 ?, 8/4+5=8 ?;controlCS;2.039815479628487, 1.3822886224070317, 1.2625310096282192, 1.6766825250406328, 1.8342494079279277, 1.9464095335806633;faces\\Adam.bmp, faces\\Oliver.bmp, faces\\Anna.bmp, faces\\Nathan.bmp, faces\\Karen.bmp, faces\\Scott.bmp;12;;controlCSFirst;;female;25
3;12.728797173326711;3;3;;1.0;99;;3;1.0;26;;0, 0, 0;faces\\Jason.bmp, faces\\Jacob.bmp, faces\\Fiona.bmp;;0, 0, 0;faces;1, 1, 1;;4/2-1=2 ?, 4/2+6=9 ?, 3+6/2=5 ?;controlCS;4.1674608169259955, 2.1331208483634327, 3.020631075433812;faces\\Jason.bmp, faces\\Jacob.bmp, faces\\Fiona.bmp;6;;controlCSFirst;;female;25
7;51.37346327101204;7;3;;0.7142857142857143;99;;7;0.7142857142857143;27;;0, 1, 1, 0, 1, 1, 0;faces\\Micha.bmp, faces\\Daniel.bmp, faces\\Billy.bmp, faces\\Damon.bmp, faces\\Rachel.bmp, faces\\Anders.bmp, faces\\Bruce.bmp;;0, 1, 1, 0, 1, 1, 0;faces;1, 1, 1, 1, 1, 1, 1;;3x2-4=4 ?, 3x2-4=2 ?, 3x3-7=2 ?, 4/2+4=8 ?, 2x4-1=7 ?, 6/2-1=2 ?, 3x3-4=3 ?;controlCS;1.952390394332724, 1.6263129957787896, 1.5575624492757925, 3.198342567972759, 1.3488468708346772, 2.166875005388647, 3.7997111583754304;faces\\Micha.bmp, faces\\Daniel.bmp, faces\\Damon.bmp, faces\\Billy.bmp, faces\\Anders.bmp, faces\\Rachel.bmp, faces\\Bruce.bmp;10;;controlCSFirst;;female;25
3;9.567573791932773;3;3;;1.0;99;;3;1.0;28;;0, 1, 1;faces\\Carl.bmp, faces\\Paul.bmp, faces\\Erica.bmp;;0, 1, 1;faces;1, 1, 1;;3x3-2=6 ?, 1+2x2=5 ?, 9/3-2=1 ?;controlCS;1.5702462748413382, 1.6317166659073337, 2.0402502199358423;faces\\Carl.bmp, faces\\Paul.bmp, faces\\Erica.bmp;6;;controlCSFirst;;female;25
;114.94830736591302;;;;;99;[];1;;1;;[];[];;[];faces;[];;[];qCheck1;[];100;;;controlCSFirst;;female;25
;15.962388189842386;;;;;99;[];1;;1;;[];[];;[];faces;[];;[];qCheck2;[];175;;;controlCSFirst;;female;25
;31.564854099264267;;;;;99;[];1;;1;;[];[];;[];faces;[];;[];qCheck3;[];150;;;controlCSFirst;;female;25
;6.946025287189514;;;;;99;[];1;;1;;[];[];;[];faces;[];;[];qCheck4;[];75;;;controlCSFirst;;female;25
;;;;60;;99;;1;;1;19.954;;;60;;faces;;22.688;;practicePGG;;;;13;controlCSFirst;12;female;25
;;;;70;;99;;1;;2;5.533;;;50;;faces;;8.728;;practicePGG;;;;5;controlCSFirst;2;female;25
;;;;75;;99;;1;;1;5.032;;;70;;faces;;8.211;;controlPGG;;;;13;controlCSFirst;0;female;25
;;;;65;;99;;1;;2;5.491;;;70;;faces;;8.645;;controlPGG;;;;4;controlCSFirst;14;female;25
;;;;70;;99;;1;;3;2.038;;;75;;faces;;4.754;;controlPGG;;;;12;controlCSFirst;8;female;25
;;;;60;;99;;1;;4;2.89;;;65;;faces;;5.188;;controlPGG;;;;17;controlCSFirst;10;female;25
;;;;70;;99;;1;;5;5.518;;;50;;faces;;4.854;;controlPGG;;;;4;controlCSFirst;4;female;25
;;;;70;;99;;1;;6;1.788;;;65;;faces;;6.992;;controlPGG;;;;10;controlCSFirst;0;female;25
;;;;60;;99;;1;;7;13.426;;;55;;faces;;4.704;;controlPGG;;;;13;controlCSFirst;12;female;25
;;;;65;;99;;1;;8;4.669;;;90;;faces;;3.418;;controlPGG;;;;3;controlCSFirst;1;female;25
;;;;75;;99;;1;;9;5.284;;;100;;faces;;3.435;;controlPGG;;;;3;controlCSFirst;12;female;25
;;;;65;;99;;1;;10;1.489;;;55;;faces;;1.882;;controlPGG;;;;14;controlCSFirst;10;female;25
;;;;75;;99;;1;;11;4.768;;;70;;faces;;2.116;;controlPGG;;;;0;controlCSFirst;17;female;25
;;;;70;;99;;1;;12;0.899;;;70;;faces;;4.32;;controlPGG;;;;14;controlCSFirst;5;female;25
;;;;65;;99;;1;;13;5.193;;;65;;faces;;2.667;;controlPGG;;;;2;controlCSFirst;3;female;25
;;;;75;;99;;1;;14;3.156;;;70;;faces;;2.918;;controlPGG;;;;1;controlCSFirst;5;female;25
;;;;70;;99;;1;;15;2.818;;;75;;faces;;2.583;;controlPGG;;;;2;controlCSFirst;3;female;25
;;;;60;;99;;1;;16;3.458;;;75;;faces;;1.999;;controlPGG;;;;4;controlCSFirst;12;female;25
;;;;65;;99;;1;;17;1.692;;;75;;faces;;2.95;;controlPGG;;;;17;controlCSFirst;5;female;25
;;;;70;;99;;1;;18;1.707;;;70;;faces;;2.617;;controlPGG;;;;19;controlCSFirst;4;female;25
;;;;65;;99;;1;;19;1.604;;;70;;faces;;4.52;;controlPGG;;;;18;controlCSFirst;2;female;25
;;;;65;;99;;1;;20;2.975;;;70;;faces;;1.781;;controlPGG;;;;2;controlCSFirst;13;female;25
;;;;70;;99;;1;;21;2.417;;;65;;faces;;2.75;;controlPGG;;;;20;controlCSFirst;4;female;25
;;;;70;;99;;1;;22;1.642;;;65;;faces;;2.55;;controlPGG;;;;9;controlCSFirst;6;female;25
;;;;65;;99;;1;;23;1.715;;;70;;faces;;2.249;;controlPGG;;;;8;controlCSFirst;19;female;25
;;;;70;;99;;1;;24;2.097;;;70;;faces;;1.314;;controlPGG;;;;6;controlCSFirst;11;female;25
;;;;75;;99;;1;;25;3.268;;;100;;faces;;3.719;;controlPGG;;;;20;controlCSFirst;17;female;25
;;;;75;;99;;1;;26;3.29;;;75;;faces;;1.113;;controlPGG;;;;0;controlCSFirst;14;female;25
;;;;60;;99;;1;;27;4.896;;;70;;faces;;1.247;;controlPGG;;;;1;controlCSFirst;12;female;25
;;;;70;;99;;1;;28;1.286;;;65;;faces;;3.568;;controlPGG;;;;11;controlCSFirst;0;female;25
;8.114;;;;;99;[];1;;1;;[];[];;[];faces;[];;[];qStress;[];5;;;controlCSFirst;;female;25
;3.116;;;;;99;[];1;;1;;[];[];;[];faces;[];;[];qSatisfied;[];4;;;controlCSFirst;;female;25
;2.712;;;;;99;[];1;;1;;[];[];;[];faces;[];;[];qFrustration;[];3;;;controlCSFirst;;female;25
;5.708;;;;;99;[];1;;1;;[];[];;[];faces;[];;[];qDifficulty;[];3;;;controlCSFirst;;female;25
;3.552;;;;;99;[];1;;1;;[];[];;[];faces;[];;[];qEffort;[];5;;;controlCSFirst;;female;25
;3.068;;;;;99;[];1;;1;;[];[];;[];faces;[];;[];qAttitude;[];2;;;controlCSFirst;;female;25
;10.672577328560692;;;;;99;[];1;;1;;[];[];;[];faces;[];;[];qBirthweight;[];3200;;;controlCSFirst;;female;25
;4.832957092075958;;;;;99;[];1;;1;;[];[];;[];faces;[];;[];qFriends;[];400;;;controlCSFirst;;female;25
;21.8304898689903;;;;;99;[];1;;1;;[];[];;[];faces;[];;[];qAbout;[];i do not know;;;controlCSFirst;;female;25
;8.98486619317373;;;;;99;[];1;;1;;[];[];;[];faces;[];;[];qFeedback;[];no;;;controlCSFirst;;female;25
