equationScore;recallRT;recallIntersection;recallLocation;pggInvestOther;payoutFactor;id;recallRTs;span;recallProportion;no;pggRT;equationAnss;pggInvest;equationCorrect;pggRTOther;equationText;condition;equationRTs;gender;recallAns;recallSum;pggStart;pggStartOther;faces;equationScores;age
;;;;0;;P15;;1;;1;9.576;;0;1;24.726;2+9/3=5 ?;practicePGG;;male;;;16;5;faces\\Matt.bmp;;27
;;;;60;;P15;;1;;2;11.274;;45;0;8.461;4/2-1=3 ?;practicePGG;;male;;;9;1;faces\\Greg.bmp;;27
1;7.431898690319031;2;2;;0.5;P15;;2;1.0;1;;0, 1;;1, 1;;8/2-4=0 ?, 2x2+4=8 ?;practiceCS;-7477.270749612982, -7477.424256867071;male;faces\\Leslie.bmp, faces\\Linda.bmp;4;;;faces\\Leslie.bmp, faces\\Linda.bmp;False, True;27
3;8.31533286780359;3;0;;0.5;P15;;3;0.5;2;;1, 1, 0;;1, 1, 0;;9/3+5=8 ?, 9/3+6=9 ?, 2x3-6=1 ?;practiceCS;-7475.559661025716, -7476.739712480249, -7475.131088365586;male;faces\\Ethan.bmp, faces\\Ella.bmp, faces\\Leah.bmp;3;;;faces\\Leah.bmp, faces\\Ethan.bmp, faces\\Ella.bmp;True, True, True;27
1;13.373381988122674;3;0;;0.09375;P15;;4;0.375;3;;0, 0, 0, 1;;1, 1, 0, 0;;6+6/2=9 ?, 3x3-2=7 ?, 2x3-1=3 ?, 6/2+6=8 ?;practiceCS;-7476.49538021714, -7476.328353730002, -7477.036928294943, -7476.987186039705;male;faces\\Eddie.bmp, faces\\Noah.bmp, faces\\Sonya.bmp, faces\\Casper.bmp;3;;;faces\\Noah.bmp, faces\\Sonya.bmp, faces\\George.bmp, faces\\Eddie.bmp;False, False, True, False;27
2;17.629149686547862;5;1;;0.16666666666666666;P15;;6;0.5;4;;0, 0, 0, 0, 0, 0;;1, 1, 1, 0, 0, 1;;3x2-4=2 ?, 1+8/4=3 ?, 4/2-2=0 ?, 2+4/2=2 ?, 3+2x2=8 ?, 3+8/4=5 ?;practiceCS;-7476.350759892395, -7475.4528253399, -7474.471650949922, -7475.762264377117, -7475.932834469857, -7475.725314324632;male;faces\\Erin.bmp, faces\\Jake.bmp, faces\\Jonah.bmp, faces\\Wendy.bmp, faces\\Joshua.bmp, faces\\Liam.bmp;6;;;faces\\Wendy.bmp, faces\\Jake.bmp, faces\\Joshua.bmp, faces\\Lisa.bmp, faces\\Jonah.bmp, faces\\Erin.bmp;False, False, False, True, True, False;27
2;7.227471810642783;2;0;0;0.5;P15;;2;0.5;1;6.903;0, 1;0;0, 1;13.19;2x2-4=2 ?, 9/3+2=5 ?;practiceExp;-7476.746142860016, -7477.082371998948;male;faces\\Regina.bmp, faces\\Sofia.bmp;2;3;11;faces\\Sofia.bmp, faces\\Regina.bmp;True, True;27
2;18.8407352078475;3;0;0;0.3333333333333333;P15;;3;0.5;2;4.452;1, 1, 0;0;0, 1, 0;4.649;8/4+1=5 ?, 2x3-2=4 ?, 3+2x2=6 ?;practiceExp;-7476.535270411345, -7477.127146145405, -7476.235124717922;male;faces\\Milla.bmp, faces\\Leah.bmp, faces\\Jane.bmp;3;4;2;faces\\Jane.bmp, faces\\Milla.bmp, faces\\Leah.bmp;False, True, True;27
4;28.297845962354586;4;4;0;0.6400000000000001;P15;;5;0.8;3;4.387;1, 1, 0, 0, 0;0;1, 1, 0, 1, 0;9.771;5+9/3=8 ?, 2x3-6=0 ?, 9/3-3=2 ?, 2x4-7=1 ?, 4/2-1=3 ?;practiceExp;-7475.919374351636, -7477.083888048008, -7476.732543986154, -7476.648192871983, -7475.601971233246;male;faces\\Joseph.bmp, faces\\Mark.bmp, faces\\Jake.bmp, faces\\Jacob.bmp, faces\\Nana.bmp;8;6;10;faces\\Joseph.bmp, faces\\Mark.bmp, faces\\Jake.bmp, faces\\Jacob.bmp, faces\\Jonah.bmp;True, True, True, False, True;27
2;15.905841981955746;4;2;0;0.375;P15;;4;0.75;1;3.198;1, 0, 0, 0;0;1, 1, 0, 1;9.521;3x3-5=4 ?, 6/3+1=3 ?, 2x4-2=4 ?, 3x3-1=8 ?;experiment;-7476.250052854406, -7474.865832326534, -7476.594987062474, -7476.015862068683;male;faces\\Kate.bmp, faces\\Emma.bmp, faces\\Kevin.bmp, faces\\Rachel.bmp;6;1;0;faces\\Kate.bmp, faces\\Rachel.bmp, faces\\Kevin.bmp, faces\\Emma.bmp;True, False, True, False;27
3;19.342445227443022;3;3;0;1.0;P15;;3;1.0;2;5.064;1, 0, 1;0;1, 0, 1;4.982;2x2-2=2 ?, 4/2+2=3 ?, 2x4-8=0 ?;experiment;-7477.056887760233, -7476.834274039107, -7476.613175546001;male;faces\\Oliver.bmp, faces\\Daniel.bmp, faces\\Justin.bmp;6;15;17;faces\\Oliver.bmp, faces\\Daniel.bmp, faces\\Justin.bmp;True, True, True;27
3;9.908146228741316;3;3;0;1.0;P15;;3;1.0;3;4.45;1, 1, 0;0;1, 1, 0;3.278;3x3-1=8 ?, 9/3-3=0 ?, 9/3-3=2 ?;experiment;-7475.979048719242, -7475.178895020685, -7476.9337117503455;male;faces\\George.bmp, faces\\Eddie.bmp, faces\\Carl.bmp;6;4;1;faces\\George.bmp, faces\\Eddie.bmp, faces\\Carl.bmp;True, True, True;27
3;10.791262664017268;3;3;0;1.0;P15;;3;1.0;4;3.066;0, 1, 1;0;0, 1, 1;7.973;4/2-2=1 ?, 3x3-7=2 ?, 2x4-4=4 ?;experiment;-7476.640994820473, -7476.373801949721, -7476.167530605266;male;faces\\Kurt.bmp, faces\\Kiki.bmp, faces\\Hanna.bmp;6;4;9;faces\\Kurt.bmp, faces\\Kiki.bmp, faces\\Hanna.bmp;True, True, True;27
6;27.49615733083374;6;6;0;1.0;P15;;6;1.0;5;2.59;0, 0, 1, 1, 1, 1;0;0, 0, 1, 1, 1, 1;5.512;7+8/4=8 ?, 3x3-3=7 ?, 9/3-1=2 ?, 6+8/4=8 ?, 4/2+4=6 ?, 3x2-5=1 ?;experiment;-7475.248871378857, -7476.337658568345, -7475.7780899095505, -7475.936789826666, -7475.72774254835, -7476.09242603565;male;faces\\Ella.bmp, faces\\Bruce.bmp, faces\\Lana.bmp, faces\\Eric.bmp, faces\\Benny.bmp, faces\\Haley.bmp;12;1;12;faces\\Ella.bmp, faces\\Bruce.bmp, faces\\Lana.bmp, faces\\Eric.bmp, faces\\Benny.bmp, faces\\Haley.bmp;True, True, True, True, True, True;27
2;6.313357036737216;1;1;0;0.5;P15;;2;0.5;6;2.825;0, 0;0;0, 0;8.461;4/2+3=4 ?, 9/3-3=1 ?;experiment;-7475.092057799524, -7475.810046401035;male;faces\\Justin.bmp, faces\\Leah.bmp;2;3;16;faces\\Lucas.bmp, faces\\Leah.bmp;True, True;27
5;21.585822211329287;3;2;0;0.5;P15;;5;0.5;7;3.178;0, 0, 1, 1, 1;0;0, 0, 1, 1, 1;2.338;3+3x2=8 ?, 9/3-2=0 ?, 9/3+5=8 ?, 4x2-6=2 ?, 9/3+2=5 ?;experiment;-7475.639452498155, -7476.323673806015, -7475.851175133021, -7475.529603598123, -7477.014521311512;male;faces\\Ricky.bmp, faces\\Shane.bmp, faces\\Brian.bmp, faces\\Fiona.bmp, faces\\Julia.bmp;5;15;0;faces\\Julia.bmp, faces\\Shane.bmp, faces\\Brian.bmp, faces\\Liam.bmp, faces\\Kenny.bmp;True, True, True, True, True;27
5;25.900320492690298;7;5;0;0.6122448979591837;P15;;7;0.8571428571428571;8;3.603;0, 1, 0, 0, 0, 0, 0;0;0, 1, 1, 0, 0, 1, 0;5.922;8/2-1=1 ?, 2x2-4=0 ?, 8/2-3=1 ?, 3+3x2=8 ?, 8/4-1=3 ?, 8/4+1=3 ?, 9/3-3=2 ?;experiment;-7475.928734610132, -7476.379522130499, -7475.218782751772, -7475.798083037451, -7475.025541300944, -7476.026121775727, -7477.105698135871;male;faces\\Linda.bmp, faces\\Donald.bmp, faces\\Lulu.bmp, faces\\Tanya.bmp, faces\\Scott.bmp, faces\\Amber.bmp, faces\\Lisa.bmp;12;5;15;faces\\Linda.bmp, faces\\Donald.bmp, faces\\Lulu.bmp, faces\\Scott.bmp, faces\\Tanya.bmp, faces\\Amber.bmp, faces\\Lisa.bmp;True, True, False, True, True, False, True;27
2;6.000435150826888;2;2;0;1.0;P15;;2;1.0;9;3.293;1, 1;0;1, 1;7.219;3x3-1=8 ?, 1+9/3=4 ?;experiment;-7476.1883907506635, -7477.09580748599;male;faces\\Jason.bmp, faces\\Regina.bmp;4;1;17;faces\\Jason.bmp, faces\\Regina.bmp;True, True;27
6;31.75544728784007;6;4;0;0.8333333333333334;P15;;6;0.8333333333333334;10;3.319;1, 0, 1, 1, 1, 0;0;1, 0, 1, 1, 1, 0;5.978;1+2x3=7 ?, 4x2+1=8 ?, 2x4-5=3 ?, 9/3+2=5 ?, 2x3-1=5 ?, 6/2+5=7 ?;experiment;-7476.646534783125, -7476.846606870375, -7475.097480764076, -7476.117301473725, -7476.096286562419, -7476.470893951691;male;faces\\Casper.bmp, faces\\Ethan.bmp, faces\\Jake.bmp, faces\\Sarah.bmp, faces\\Paul.bmp, faces\\Keith.bmp;10;7;19;faces\\Casper.bmp, faces\\Ethan.bmp, faces\\Jake.bmp, faces\\Sarah.bmp, faces\\Keith.bmp, faces\\Paul.bmp;True, True, True, True, True, True;27
3;21.396697041016523;2;2;0;0.6666666666666666;P15;;3;0.6666666666666666;11;3.639;1, 0, 1;0;1, 0, 1;4.715;3x3-2=7 ?, 3x3-8=2 ?, 6/2+2=5 ?;experiment;-7474.801879112636, -7475.708234654674, -7476.556893712768;male;faces\\Steve.bmp, faces\\Erica.bmp, faces\\Fiona.bmp;4;6;8;faces\\Steve.bmp, faces\\Erica.bmp, faces\\Angie.bmp;True, True, True;27
2;20.126645311434913;1;1;0;0.5;P15;;2;0.5;12;3.557;1, 1;0;1, 1;3.848;2x3-6=0 ?, 4/2+2=4 ?;experiment;-7476.068983721663, -7476.007680001576;male;faces\\Jonah.bmp, faces\\Jeff.bmp;2;11;4;faces\\Tony.bmp, faces\\Jeff.bmp;True, True;27
4;11.926745231916357;4;2;0;0.75;P15;;4;0.75;13;3.676;1, 1, 0, 0;0;1, 1, 0, 0;4.466;2x3+3=9 ?, 2x2+3=7 ?, 4x2+1=8 ?, 2+3x2=9 ?;experiment;-7476.30736016572, -7477.017158079212, -7476.161676595086, -7476.39410255684;male;faces\\Jane.bmp, faces\\Niclas.bmp, faces\\Noah.bmp, faces\\Mary.bmp;6;16;19;faces\\Jane.bmp, faces\\Niclas.bmp, faces\\Mary.bmp, faces\\Noah.bmp;True, True, True, True;27
1;1.946133664376248;1;1;0;1.0;P15;;1;1.0;14;3.661;0;0;0;3.944;3+2x3=7 ?;experiment;-7476.245468581494;male;faces\\Robert.bmp;2;7;14;faces\\Robert.bmp;True;27
5;24.03974692284828;5;5;0;1.0;P15;;5;1.0;15;3.449;0, 1, 1, 0, 1;0;0, 1, 1, 0, 1;3.642;2x2-1=1 ?, 4/2+4=6 ?, 3x3-4=5 ?, 2x3-6=1 ?, 8/4+3=5 ?;experiment;-7476.953224159737, -7476.725319250867, -7477.093342726024, -7475.249472790143, -7476.483977212876;male;faces\\Chloe.bmp, faces\\Joshua.bmp, faces\\Gary.bmp, faces\\Matt.bmp, faces\\Molly.bmp;10;12;6;faces\\Chloe.bmp, faces\\Joshua.bmp, faces\\Gary.bmp, faces\\Matt.bmp, faces\\Molly.bmp;True, True, True, True, True;27
2;3.9679679728997144;2;2;0;1.0;P15;;2;1.0;16;3.905;1, 0;0;1, 0;3.007;1+2x4=9 ?, 4/2-2=1 ?;experiment;-7476.104570848918, -7476.105321278834;male;faces\\Polly.bmp, faces\\Jacob.bmp;4;8;9;faces\\Polly.bmp, faces\\Jacob.bmp;True, True;27
1;5.393275359749168;1;1;0;1.0;P15;;1;1.0;17;2.389;0;0;0;5.49;6+9/3=8 ?;experiment;-7475.925123679306;male;faces\\Vicky.bmp;2;2;19;faces\\Vicky.bmp;True;27
6;26.718267754871704;6;4;0;0.6122448979591837;P15;;7;0.7142857142857143;18;2.833;1, 1, 1, 0, 0, 1, 0;0;1, 1, 1, 1, 0, 1, 0;5.087;3x2+2=8 ?, 2x2-1=3 ?, 1+6/2=4 ?, 3+2x2=7 ?, 9/3-2=2 ?, 4/2-2=0 ?, 2x3-6=2 ?;experiment;-7476.579797014456, -7476.9521871871075, -7476.694530277262, -7475.8948260977195, -7475.5799226334675, -7476.823680169069, -7476.870478587911;male;faces\\Micha.bmp, faces\\Peter.bmp, faces\\Megan.bmp, faces\\Lena.bmp, faces\\Simon.bmp, faces\\Noah.bmp, faces\\Emily.bmp;10;12;13;faces\\Micha.bmp, faces\\Peter.bmp, faces\\Megan.bmp, faces\\Lena.bmp, faces\\Emily.bmp, faces\\Simon.bmp, faces\\John.bmp;True, True, True, False, True, True, True;27
6;22.85590062468691;6;0;0;0.36734693877551017;P15;;7;0.42857142857142855;19;2.964;1, 1, 0, 1, 0, 1, 0;0;1, 1, 0, 1, 0, 0, 0;3.973;2x2-3=1 ?, 4x2-2=6 ?, 4/2+1=4 ?, 3x3-4=5 ?, 9/3-1=1 ?, 2x2-1=5 ?, 3x2-2=2 ?;experiment;-7475.51995967055, -7475.3315052893395, -7475.634807057817, -7477.248951430189, -7476.290099456595, -7477.172722036736, -7474.913720675042;male;faces\\Wendy.bmp, faces\\Zach.bmp, faces\\Donna.bmp, faces\\Maria.bmp, faces\\Ricky.bmp, faces\\Milla.bmp, faces\\Rachel.bmp;6;1;12;faces\\Zach.bmp, faces\\Donna.bmp, faces\\Maria.bmp, faces\\Milla.bmp, faces\\Mike.bmp, faces\\Ricky.bmp, faces\\Wendy.bmp;True, True, True, True, True, False, True;27
6;29.273665123522733;5;1;0;0.5;P15;;6;0.5;20;3.936;1, 1, 0, 1, 0, 0;0;1, 1, 0, 1, 0, 0;4.286;9/3-2=1 ?, 3x3-5=4 ?, 2x2+5=7 ?, 3+4/2=5 ?, 3x2+3=8 ?, 8/4-2=2 ?;experiment;-7476.364993019113, -7476.416750925824, -7476.684905233593, -7475.784686139255, -7477.057688273548, -7475.317433907363;male;faces\\Amanda.bmp, faces\\Erin.bmp, faces\\Sonya.bmp, faces\\Fiona.bmp, faces\\Sofia.bmp, faces\\Jonah.bmp;6;10;19;faces\\Fiona.bmp, faces\\Sofia.bmp, faces\\Erin.bmp, faces\\Jenny.bmp, faces\\Sonya.bmp, faces\\Jonah.bmp;True, True, True, True, True, True;27
5;20.910802290864012;5;5;0;1.0;P15;;5;1.0;21;1.21;0, 0, 1, 0, 0;0;0, 0, 1, 0, 0;4.984;2x2-3=0 ?, 3x2-3=2 ?, 3x2-5=1 ?, 8/2-1=2 ?, 3x3-5=3 ?;experiment;-7476.004632303708, -7475.487618522155, -7476.342368460268, -7476.134884030251, -7476.081971331771;male;faces\\Tina.bmp, faces\\James.bmp, faces\\Kelly.bmp, faces\\Britt.bmp, faces\\Diana.bmp;10;0;15;faces\\Tina.bmp, faces\\James.bmp, faces\\Kelly.bmp, faces\\Britt.bmp, faces\\Diana.bmp;True, True, True, True, True;27
1;2.3490201101267303;1;1;0;1.0;P15;;1;1.0;22;2.603;0;0;0;4.575;4x2-5=2 ?;experiment;-7475.420915237135;male;faces\\Karen.bmp;2;4;14;faces\\Karen.bmp;True;27
5;20.064436806042067;4;4;0;0.8;P15;;5;0.8;23;2.495;0, 0, 1, 1, 0;0;0, 0, 1, 1, 0;2.708;2x3-1=3 ?, 9/3-2=0 ?, 3+9/3=6 ?, 1+3x2=7 ?, 2x2+4=7 ?;experiment;-7476.369003796075, -7476.891612139394, -7476.846416799779, -7477.06748573547, -7477.417989463602;male;faces\\Thomas.bmp, faces\\Lily.bmp, faces\\Nana.bmp, faces\\Joshua.bmp, faces\\Anna.bmp;8;7;3;faces\\Thomas.bmp, faces\\Lily.bmp, faces\\Nana.bmp, faces\\Andrea.bmp, faces\\Anna.bmp;True, True, True, True, True;27
7;30.84244338010467;6;3;0;0.6428571428571429;P15;;7;0.6428571428571429;24;3.729;1, 0, 1, 1, 1, 1, 0;0;1, 0, 1, 1, 1, 1, 0;5.272;3x3-6=3 ?, 9/3-1=1 ?, 4+6/3=6 ?, 8/4+3=5 ?, 4/2+7=9 ?, 9/3+1=4 ?, 2x2-2=0 ?;experiment;-7475.075217052003, -7476.548723550732, -7475.934427696611, -7476.8863172569745, -7476.815622078897, -7477.291270669151, -7476.146547303973;male;faces\\Jane.bmp, faces\\Billy.bmp, faces\\Nicole.bmp, faces\\Nathan.bmp, faces\\Mona.bmp, faces\\Chris.bmp, faces\\Victor.bmp;9;16;18;faces\\Nathan.bmp, faces\\Mona.bmp, faces\\Nicole.bmp, faces\\Mark.bmp, faces\\Billy.bmp, faces\\Chris.bmp, faces\\Victor.bmp;True, True, True, True, True, True, True;27
5;17.42367721332812;5;3;0;0.5555555555555556;P15;;6;0.6666666666666666;25;2.508;1, 1, 0, 0, 1, 0;0;0, 1, 0, 0, 1, 0;2.509;4x2+1=7 ?, 3x3-2=7 ?, 7+6/3=8 ?, 1+8/4=2 ?, 4+9/3=7 ?, 3x2+2=9 ?;experiment;-7477.028598030243, -7476.337050588747, -7475.877884362362, -7476.268502428429, -7477.378499115535, -7474.758336114604;male;faces\\Olivia.bmp, faces\\Anders.bmp, faces\\Megan.bmp, faces\\Bobby.bmp, faces\\Susan.bmp, faces\\Joseph.bmp;8;5;1;faces\\Olivia.bmp, faces\\Anders.bmp, faces\\Julian.bmp, faces\\Susan.bmp, faces\\Bobby.bmp, faces\\Joseph.bmp;False, True, True, True, True, True;27
4;15.61764117873281;3;2;0;0.625;P15;;4;0.625;26;3.271;0, 0, 1, 1;0;0, 0, 1, 1;2.847;4x2-5=2 ?, 6/3-2=2 ?, 3+2x2=7 ?, 9/3-2=1 ?;experiment;-7476.25502712098, -7475.8141208085435, -7477.487797508722, -7476.790786461226;male;faces\\Olga.bmp, faces\\Nina.bmp, faces\\Billy.bmp, faces\\Timmy.bmp;5;10;1;faces\\Amanda.bmp, faces\\Nina.bmp, faces\\Olga.bmp, faces\\Timmy.bmp;True, True, True, True;27
1;2.9667011092660687;1;1;0;1.0;P15;;1;1.0;27;3.42;0;0;0;3.874;4x2-3=4 ?;experiment;-7474.568166171786;male;faces\\Will.bmp;2;19;17;faces\\Will.bmp;True;27
4;25.34720643432047;2;2;0;0.5;P15;;4;0.5;28;2.406;0, 1, 1, 1;0;0, 1, 1, 1;3.018;1+6/2=3 ?, 4x2-2=6 ?, 3+2x2=7 ?, 2x2+2=6 ?;experiment;-7477.181935739716, -7474.972860135547, -7477.199733408541, -7476.1602919123125;male;faces\\Andre.bmp, faces\\Cindy.bmp, faces\\Kate.bmp, faces\\Eric.bmp;4;4;5;faces\\Andre.bmp, faces\\Cindy.bmp, faces\\Leslie.bmp, faces\\Greg.bmp;True, True, True, True;27
;13.240174520113214;;;;;P15;;;;;;;;;;;qCheck1;;male;100;;;;;;27
;30.83827742671474;;;;;P15;;;;;;;;;;;qCheck2;;male;1275;;;;;;27
;11.405012527006875;;;;;P15;;;;;;;;;;;qCheck3;;male;150;;;;;;27
;8.355484973543753;;;;;P15;;;;;;;;;;;qCheck4;;male;75;;;;;;27
;10.058;;;;;P15;;;;;;;;;;;qStress;;male;3;;;;;;27
;6.24;;;;;P15;;;;;;;;;;;qSatisfied;;male;2;;;;;;27
;5.183;;;;;P15;;;;;;;;;;;qFrustration;;male;5;;;;;;27
;6.192;;;;;P15;;;;;;;;;;;qDifficulty;;male;6;;;;;;27
;6.942;;;;;P15;;;;;;;;;;;qEffort;;male;6;;;;;;27
;4.955;;;;;P15;;;;;;;;;;;qAttitude;;male;2;;;;;;27
;30.487584038502973;;;;;P15;;;;;;;;;;;qBirthweight;;male;3;;;;;;27
;6.959380312380745;;;;;P15;;;;;;;;;;;qFriends;;male;180;;;;;;27
;32.403845830167484;;;;;P15;;;;;;;;;;;qAbout;;male;trust, memory, interaction;;;;;;27
;9.03557932737931;;;;;P15;;;;;;;;;;;qFeedback;;male;no;;;;;;27
