equationScore;equationProportion;recallRT;dotsRT;dotsReceiver;dotsMoneyRight;recallIntersection;recallLocation;equationScores;utc_start;id;recallRTs;equationRateCumulative;span;recallProportion;no;dotsN;dotsMoneyLeft;dotsAns;pauseRT;condition;encode;dotsCorrect;start_at;dotsSide;equationCorrect;stimType;equationAnss;equationText;dotsIncentive;equationRTs;recallLocationRateCumulative;recallAns;level;recallSum;age;moneyEarned;gender;moneyEarnedCumulative;order
;;;11.416764696722566;self;0.5;;;;;dotscs_5_11;;;1;;1;14;5;left;;practiceDots;;0;instructions;right;;lettersGrid;;;cheat;;;;1-7;;22;5;female;;accuracy_first
;;;6.290418464474442;self;0.5;;;;;dotscs_5_11;;;1;;2;14;5;left;;practiceDots;;0;instructions;right;;lettersGrid;;;cheat;;;;1-7;;22;5;female;;accuracy_first
;;;0.5669584211004803;self;5;;;;;dotscs_5_11;;;1;;3;10;0.5;right;;practiceDots;;0;instructions;left;;lettersGrid;;;cheat;;;;1-7;;22;5;female;;accuracy_first
;;;0.8667038968537781;self;5;;;;;dotscs_5_11;;;1;;4;12;0.5;left;;practiceDots;;1;instructions;left;;lettersGrid;;;cheat;;;;1-7;;22;0.5;female;;accuracy_first
;;;0.7094594403297378;self;5;;;;;dotscs_5_11;;;1;;5;14;0.5;right;;practiceDots;;0;instructions;left;;lettersGrid;;;cheat;;;;1-7;;22;5;female;;accuracy_first
;;;0.8761505260358717;self;5;;;;;dotscs_5_11;;;1;;6;14;0.5;right;;practiceDots;;1;instructions;right;;lettersGrid;;;accuracy;;;;1-7;;22;5;female;;accuracy_first
2;1.0;27.501267312744858;;self;0.5;1;1;1, 1;1461325568.631;dotscs_5_11;;1.0;2;0.5;1;10;5;;18.455425698171894;practiceCS;L, Z;;instructions;right;0, 1;lettersGrid;0, 1;3x3-7=4 ?, 2x2-3=1 ?;cheat;4.742913877941646, 3.0418439701252282;0.5;L, Q;1-7;2;22;;female;;accuracy_first
3;1.0;8.211004563882852;;self;5;3;3;1, 1, 1;1461325624.303;dotscs_5_11;;1.0;3;1.0;2;12;0.5;;3.905891854091351;practiceCS;W, Q, E;;instructions;right;0, 0, 1;lettersGrid;0, 0, 1;3x3-3=5 ?, 9/3+5=6 ?, 2x2+4=8 ?;accuracy;3.901174024937518, 3.504338803198152, 2.3158694735116114;0.8;W, Q, E;1-7;6;22;;female;;accuracy_first
1;0.5;12.292979278498478;;self;5;2;2;0, 1;1461325648.902;dotscs_5_11;;0.8571428571428571;2;1.0;3;12;0.5;;6.9199013046136315;practiceCS;Y, G;;instructions;right;1, 1;lettersGrid;0, 1;6/3+5=7 ?, 9/3-3=0 ?;accuracy;4.973064030259593, 2.805113417589837;0.8571428571428571;Y, G;1-7;4;22;;female;;accuracy_first
5;1.0;23.100902655092796;;self;0.5;4;4;1, 1, 1, 1, 1;1461325677.76;dotscs_5_11;;0.9166666666666666;5;0.8;4;12;5;;7.471150497724011;practiceCS;O, U, I, A, C;;instructions;left;0, 0, 1, 1, 0;lettersGrid;0, 0, 1, 1, 0;9/3+1=5 ?, 3x3-4=4 ?, 4/2+6=8 ?, 1+4/2=3 ?, 2x2-4=1 ?;accuracy;4.290599660823318, 4.372406627256169, 3.981972024982497, 4.109835422753804, 3.1045145495004363;0.8333333333333334;O, U, I, Y, C;1-7;8;22;;female;;accuracy_first
7;1.0;27.658633156666838;;self;0.5;4;1;1, 1, 1, 1, 1, 1, 1;1461325732.528;dotscs_5_11;;0.9473684210526315;7;0.14285714285714285;5;10;5;;6.0710533878054775;practiceCS;T, N, R, B, S, M, P;;instructions;left;0, 1, 0, 0, 1, 1, 0;lettersGrid;0, 1, 0, 0, 1, 1, 0;4/2-1=0 ?, 2x4+1=9 ?, 6/3+1=5 ?, 3x3-3=8 ?, 3x3-9=0 ?, 1+6/3=3 ?, 2x2-2=3 ?;accuracy;2.2046372109352887, 3.4351288759030467, 5.561071663155872, 2.3377496404386875, 2.41111823627989, 2.617732681592315, 2.9443550259338735;0.5789473684210527;R, S, L, B, W, H, N;1-7;5;22;;female;;accuracy_first
4;1.0;26.838856282983215;;self;0.5;3;3;1, 1, 1, 1;1461325793.723;dotscs_5_11;;0.9565217391304348;4;0.75;6;12;5;;10.75358004348709;practiceCS;D, J, V, H;;instructions;left;0, 0, 0, 0;lettersGrid;0, 0, 0, 0;8/2+5=8 ?, 5+9/3=7 ?, 2+4/2=3 ?, 9/3+3=4 ?;accuracy;6.347673679531454, 2.1334907476616536, 3.0311625869180716, 1.8931928920069367;0.6086956521739131;D, J, V, K;1-7;6;22;;female;;accuracy_first
2;1.0;8.750450513578471;1.7836805791484949;self;5;2;2;1, 1;1461325901.045;dotscs_5_11;;0.96;2;1.0;1;12;0.5;right;4.7026713013292465;practiceExp;G, Z;0;instructions;left;1, 0;lettersGrid;1, 0;4/2+6=8 ?, 2x2+4=9 ?;cheat;2.788458571153569, 1.7945173240696022;0.64;G, Z;1-7;4;22;5;female;;accuracy_first
6;1.0;23.486084686643608;0.9926502230982805;self;5;4;2;1, 1, 1, 1, 1, 1;1461325928.172;dotscs_5_11;;0.967741935483871;6;0.3333333333333333;2;12;0.5;left;5.527190423205866;practiceExp;R, W, H, Y, S, I;1;instructions;left;0, 1, 0, 1, 0, 0;lettersGrid;0, 1, 0, 1, 0, 0;3x2-6=1 ?, 3+2x2=7 ?, 3x2+3=8 ?, 3x2+3=9 ?, 8/4-1=0 ?, 1+9/3=5 ?;cheat;3.406581249575538, 2.5972107794841577, 3.80450789619681, 5.475054712804194, 4.3670422244122165, 2.910431318090559;0.5806451612903226;R, Y, H, W, E, L;1-7;6;22;0.5;female;;accuracy_first
4;1.0;8.665771301895802;1.1668439701252282;self;5;3;0;1, 1, 1, 1;1461325988.527;dotscs_5_11;;0.9714285714285714;4;0.0;3;14;0.5;right;8.10115250787112;practiceExp;L, V, T, O;1;instructions;right;0, 0, 0, 0;lettersGrid;0, 0, 0, 0;6/2-3=2 ?, 2+9/3=3 ?, 9/3-3=1 ?, 3+9/3=4 ?;accuracy;4.318053384974519, 4.9125911644123335, 3.0671803158475086, 1.8718219859119927;0.5142857142857142;R, O, V, T;1-7;3;22;5;female;;accuracy_first
4;1.0;16.413559786301903;0.867016743674867;self;5;3;2;1, 1, 1, 1;1461326039.618;dotscs_5_11;;0.9743589743589743;4;0.5;1;12;0.5;left;13.154964992299028;experiment;W, T, E, F;1;instructions;left;1, 1, 1, 0;lettersGrid;1, 1, 1, 0;1+2x3=7 ?, 9/3-3=0 ?, 2x2+3=7 ?, 4/2+5=5 ?;cheat;2.2530438863223026, 3.4983702945573896, 1.6858295961592376, 3.897845249824968;0.5128205128205128;W, T, F, P;1-7;5;22;0.24983563445101903;female;0.24983563445101903;accuracy_first
1;1.0;3.753254456297327;0.907091572104946;self;5;1;1;1;1461326087.106;dotscs_5_11;;0.975;1;1.0;2;10;0.5;left;5.111636415370413;experiment;C;1;instructions;left;1;lettersGrid;1;2x4+1=9 ?;cheat;2.9176880195236663;0.525;C;1-7;2;22;0.2559375;female;0.505773134451019;accuracy_first
5;1.0;10.660428486897217;0.776385302710878;self;5;5;2;1, 1, 1, 1, 1;1461326102.925;dotscs_5_11;;0.9777777777777777;5;0.4;3;14;0.5;left;8.940980597834823;experiment;P, X, K, Y, J;0;instructions;right;1, 1, 0, 0, 1;lettersGrid;1, 1, 0, 0, 1;2x4+1=9 ?, 3x3-5=4 ?, 2x2-3=3 ?, 2+6/3=2 ?, 2x3-2=4 ?;accuracy;1.5218812286248067, 3.1877197713529313, 3.259652244570134, 4.0163005934182365, 4.359020393082574;0.5111111111111111;P, X, J, K, Y;1-7;7;22;0.2498765432098765;female;0.7556496776608955;accuracy_first
1;1.0;2.226019441801782;0.7600188840569899;self;5;1;1;1;1461326146.793;dotscs_5_11;;0.9782608695652174;1;1.0;4;14;0.5;right;1.094598296188451;experiment;V;0;instructions;left;1;lettersGrid;1;2+6/3=4 ?;cheat;2.604187546715366;0.5217391304347826;V;1-7;2;22;2.551984877126654;female;3.3076345547875494;accuracy_first
4;0.5714285714285714;18.260239717107197;1.4655139464566673;self;5;6;0;0, 1, 1, 1, 1, 0, 0;1461326157.355;dotscs_5_11;;0.9245283018867925;7;0.0;5;14;0.5;right;10.775193016579578;experiment;S, H, R, A, D, V, I;1;instructions;right;1, 1, 0, 1, 1, 0, 1;lettersGrid;0, 1, 0, 1, 1, 1, 0;2x2-2=2 ?, 3x3-2=7 ?, 3+4/2=6 ?, 3x2+3=9 ?, 9/3-2=1 ?, 6+6/3=9 ?, 6/2+6=9 ?;accuracy;1.5091433376364876, 3.079006208806277, 2.347792943533932, 4.093040432266207, 3.9445188812260312, 2.6257973347146617, 4.095793413513093;0.4528301886792453;R, A, D, V, I, H, T;1-7;6;22;2.0932716269134923;female;5.400906181701042;accuracy_first
6;0.8571428571428571;29.817311966320176;0.7754014631600512;self;0.5;6;2;1, 1, 1, 1, 0, 1, 1;1461326216.823;dotscs_5_11;;0.9166666666666666;7;0.2857142857142857;6;10;5;right;7.911204587665452;experiment;D, I, X, L, J, U, V;1;instructions;right;0, 0, 0, 1, 1, 0, 0;lettersGrid;0, 0, 0, 1, 0, 0, 0;5+9/3=7 ?, 3x3-3=5 ?, 2x4-2=7 ?, 2x2-1=3 ?, 6/2-1=2 ?, 6/2-3=1 ?, 4/2+6=6 ?;cheat;7.5196060111884435, 4.61049013612319, 3.041176162487318, 2.654512709224946, 3.331849788227373, 3.3417858598904786, 3.030232540032557;0.43333333333333335;D, I, A, J, V, L, U;1-7;8;22;0.1986111111111111;female;5.599517292812153;accuracy_first
2;0.6666666666666666;15.23973161706408;0.959950652306361;other;5;1;1;1, 0, 1;1461326289.958;dotscs_5_11;;0.9047619047619048;3;0.3333333333333333;7;14;0.5;left;5.849617647391824;experiment;O, X, N;1;instructions;left;0, 0, 1;lettersGrid;0, 1, 1;2x2+5=7 ?, 9/3-3=2 ?, 4x2-8=0 ?;cheat;3.586583188943223, 2.954388773753635, 2.020002024302812;0.42857142857142855;O, J, M;1-7;2;22;0.19387755102040816;female;5.599517292812153;accuracy_first
1;1.0;3.4159524982446783;0.8249200895788817;other;5;0;0;1;1461326325.807;dotscs_5_11;;0.90625;1;0.0;8;14;0.5;right;3.821277052048572;experiment;E;1;instructions;right;1;lettersGrid;1;5+6/3=7 ?;accuracy;3.0971895455368212;0.421875;J;1-7;0;22;1.91162109375;female;5.599517292812153;accuracy_first
4;0.8;10.338402584312917;0.9766486744356371;other;0.5;2;0;1, 0, 1, 1, 1;1461326339.519;dotscs_5_11;;0.8985507246376812;5;0.0;9;14;5;left;9.375578978958401;experiment;T, L, W, Q, D;0;instructions;right;0, 1, 1, 1, 0;lettersGrid;0, 0, 1, 1, 0;1+4/2=2 ?, 8/2-2=2 ?, 9/3-1=2 ?, 6+8/4=8 ?, 5+2x2=7 ?;cheat;3.1153006868471493, 3.1738253380444803, 4.749671935516744, 3.0630386344582803, 2.7397252468799707;0.391304347826087;J, P, N, D, L;1-7;2;22;1.7580340264650285;female;5.599517292812153;accuracy_first
1;1.0;3.2604067574911824;0.9500899611557543;other;5;1;1;1;1461326383.355;dotscs_5_11;;0.9;1;1.0;10;10;0.5;right;3.8877976999383463;experiment;X;1;instructions;right;0;lettersGrid;0;6/2-1=3 ?;accuracy;7.3156167895404;0.4;X;1-7;2;22;1.8000000000000003;female;5.599517292812153;accuracy_first
6;1.0;12.04291734615299;0.8486677821565536;other;0.5;3;0;1, 1, 1, 1, 1, 1;1461326401.513;dotscs_5_11;;0.9078947368421053;6;0.0;11;14;5;left;3.6367222005164876;experiment;A, T, J, U, X, F;0;instructions;right;1, 0, 1, 1, 1, 1;lettersGrid;1, 0, 1, 1, 1, 1;2x4-4=4 ?, 2x4-6=4 ?, 3x3-7=2 ?, 2+2x2=6 ?, 2x4+1=9 ?, 6/2-3=0 ?;cheat;5.808400786505445, 4.423101968245646, 3.3250400613796955, 2.407086263618112, 3.0217060485611, 3.2441164271476737;0.3684210526315789;L, V, U, T, J, K;1-7;3;22;1.672437673130194;female;5.599517292812153;accuracy_first
1;1.0;3.4570932708202236;0.890998717470211;other;5;1;1;1;1461326447.299;dotscs_5_11;;0.9090909090909091;1;1.0;12;12;0.5;left;3.2924894821180715;experiment;O;1;instructions;left;0;lettersGrid;0;3x3-4=3 ?;cheat;4.818355614821485;0.37662337662337664;O;1-7;2;22;0.17119244391971664;female;5.599517292812153;accuracy_first
5;1.0;10.886356268827058;0.8003166689322825;self;5;4;3;1, 1, 1, 1, 1;1461326462.213;dotscs_5_11;;0.9146341463414634;5;0.6;13;10;0.5;left;7.878465380173111;experiment;L, M, N, Z, I;1;instructions;left;1, 0, 0, 1, 1;lettersGrid;1, 0, 0, 1, 1;5+2x2=9 ?, 4x2-1=8 ?, 6/3-2=2 ?, 4x2-6=2 ?, 2x2-2=2 ?;cheat;2.035146783197888, 2.7770474479621043, 5.449048082149602, 3.094406836764392, 2.569721311521789;0.3902439024390244;L, M, N, I, E;1-7;7;22;0.17846519928613921;female;5.777982492098292;accuracy_first
2;1.0;11.29262148648968;0.6920525582663686;self;5;2;2;1, 1;1461326503.288;dotscs_5_11;;0.9166666666666666;2;1.0;14;10;0.5;left;3.9884267910128983;experiment;Z, U;1;instructions;left;1, 0;lettersGrid;1, 0;4x2-4=4 ?, 2x3-4=1 ?;cheat;4.475743400489591, 3.879832138569327;0.40476190476190477;Z, U;1-7;4;22;0.18551587301587302;female;5.963498365114164;accuracy_first
2;1.0;2.6711884357096096;1.0668692385224858;self;5;2;2;1, 1;1461326530.853;dotscs_5_11;;0.9186046511627907;2;1.0;15;12;0.5;right;1.8179065168396846;experiment;L, V;1;instructions;right;1, 1;lettersGrid;1, 1;7+4/2=9 ?, 3x3-5=4 ?;accuracy;3.267835453896623, 2.8398514473065006;0.4186046511627907;L, V;1-7;4;22;1.9226608977825852;female;7.886159262896749;accuracy_first
2;0.6666666666666666;19.07284128615447;1.4742630404743977;self;0.5;1;1;1, 1, 0;1461326546.203;dotscs_5_11;;0.9101123595505618;3;0.3333333333333333;16;12;5;right;6.099855113700869;experiment;T, U, J;1;instructions;right;1, 1, 1;lettersGrid;1, 1, 0;3+8/4=5 ?, 4x2-6=2 ?, 9/3+4=7 ?;cheat;5.467199921858992, 2.199914073294167, 4.543258858802801;0.4157303370786517;D, L, J;1-7;2;22;0.18918065900770106;female;8.07533992190445;accuracy_first
1;1.0;9.64697536579024;0.8168649917324728;self;0.5;0;0;1;1461326589.228;dotscs_5_11;;0.9111111111111111;1;0.0;17;10;5;right;3.6272058532085794;experiment;S;1;instructions;right;0;lettersGrid;0;2+4/2=6 ?;cheat;3.7456951711174042;0.4111111111111111;P;1-7;0;22;0.18728395061728395;female;8.262623872521733;accuracy_first
3;1.0;9.370387278883754;0.757790735204253;self;0.5;2;0;1, 1, 1;1461326609.571;dotscs_5_11;;0.9139784946236559;3;0.0;18;12;5;left;4.081215247106229;experiment;A, D, I;1;instructions;left;0, 0, 1;lettersGrid;0, 0, 1;2x4-7=2 ?, 3x3-1=7 ?, 4/2+2=4 ?;accuracy;6.275895506330016, 3.1925168739107903, 4.2559826646056536;0.3978494623655914;I, A, M;1-7;2;22;1.81812926349867;female;10.080753136020403;accuracy_first
6;0.8571428571428571;15.263552212860759;0.7744738935698479;other;0.5;4;1;1, 1, 1, 0, 1, 1, 1;1461326642.471;dotscs_5_11;;0.91;7;0.14285714285714285;19;12;5;right;9.66540890919805;experiment;G, F, W, D, C, Y, R;1;instructions;right;0, 1, 0, 1, 0, 0, 0;lettersGrid;0, 1, 0, 0, 0, 0, 0;2x3-6=2 ?, 3x3-5=4 ?, 2x2-3=3 ?, 7+6/3=9 ?, 2x2-4=1 ?, 2x2+2=7 ?, 4x2-6=1 ?;cheat;3.273715841656667, 1.6457643230050962, 3.7457581651606233, 3.4523743799691147, 3.752434825938508, 2.2671563214880734, 3.2957991466782914;0.38;J, G, W, U, Y, P, D;1-7;5;22;0.1729;female;10.080753136020403;accuracy_first
5;1.0;7.2805181366220495;0.6820708336163079;other;5;2;0;1, 1, 1, 1, 1;1461326697.227;dotscs_5_11;;0.9142857142857143;5;0.0;20;10;0.5;left;3.832509456184198;experiment;Q, V, G, J, S;1;instructions;left;0, 1, 1, 0, 1;lettersGrid;0, 1, 1, 0, 1;3x2-5=3 ?, 2x4-8=0 ?, 9/3-2=1 ?, 3x3-5=2 ?, 2x3-5=1 ?;cheat;6.901625600213265, 4.713080890013771, 3.5397690595909808, 2.3497139079527187, 2.1670195040878752;0.3619047619047619;J, A, D, E, V;1-7;2;22;0.1654421768707483;female;10.080753136020403;accuracy_first
4;1.0;13.036405248465599;1.3412528878170633;other;0.5;1;0;1, 1, 1, 1;1461326734.995;dotscs_5_11;;0.9174311926605505;4;0.0;21;14;5;right;2.904662054653272;experiment;W, K, U, B;1;instructions;right;0, 1, 0, 0;lettersGrid;0, 1, 0, 0;4x2-8=2 ?, 2x4-1=7 ?, 4/2+7=8 ?, 1+6/2=2 ?;cheat;2.4310438183729275, 2.2931640138385774, 2.176384028673965, 2.6483729134106397;0.3486238532110092;M, L, V, K;1-7;1;22;0.15991919872064642;female;10.080753136020403;accuracy_first
1;1.0;3.8897561776630027;0.6737538504230542;other;5;1;1;1;1461326767.115;dotscs_5_11;;0.9181818181818182;1;1.0;22;10;0.5;left;1.7073629419492136;experiment;R;1;instructions;left;0;lettersGrid;0;4/2+6=9 ?;cheat;2.7270669831932537;0.35454545454545455;R;1-7;2;22;0.16276859504132232;female;10.080753136020403;accuracy_first
3;1.0;7.802418121899791;0.716998199362024;other;5;3;3;1, 1, 1;1461326778.831;dotscs_5_11;;0.9203539823008849;3;1.0;23;10;0.5;left;1.9519369606578039;experiment;Z, S, X;1;instructions;left;1, 0, 1;lettersGrid;1, 0, 1;2x2+3=7 ?, 3x3-1=6 ?, 3x3-9=0 ?;cheat;2.1118257513981007, 3.6583355275079157, 1.4871948681802678;0.37168141592920356;Z, S, X;1-7;6;22;0.17103923564883702;female;10.080753136020403;accuracy_first
1;1.0;3.2331303367986948;0.6653122947382144;other;5;1;1;1;1461326800.577;dotscs_5_11;;0.9210526315789473;1;1.0;24;14;0.5;right;3.7658051346516004;experiment;J;0;instructions;left;0;lettersGrid;0;1+9/3=3 ?;cheat;3.6510161859296204;0.37719298245614036;J;1-7;2;22;1.737072945521699;female;10.080753136020403;accuracy_first
5;1.0;15.498262355326005;0.5586711654323153;self;0.5;1;0;1, 1, 1, 1, 1;1461326814.445;dotscs_5_11;;0.9243697478991597;5;0.0;25;10;5;left;2.420699701026024;experiment;U, Z, V, F, R;1;instructions;left;1, 0, 1, 0, 1;lettersGrid;1, 0, 1, 0, 1;4x2-7=1 ?, 8/2+3=6 ?, 6/3-2=0 ?, 3x3-6=1 ?, 6/3-2=0 ?;accuracy;4.572344057892224, 2.8771442747620313, 2.6172673042510723, 1.35999043056745, 2.672271367013309;0.36134453781512604;A, J, K, R, Q;1-7;1;22;1.6700797966245324;female;11.750832932644936;accuracy_first
6;1.0;12.089841184231318;0.6820149175555343;self;0.5;3;1;1, 1, 1, 1, 1, 1;1461326852.728;dotscs_5_11;;0.928;6;0.16666666666666666;26;10;5;right;2.7640006030442237;experiment;E, H, N, R, W, Q;1;instructions;right;0, 0, 1, 1, 1, 0;lettersGrid;0, 0, 1, 1, 1, 0;2x2-1=2 ?, 8/4+3=4 ?, 2+6/3=4 ?, 2x4-6=2 ?, 9/3+6=9 ?, 4/2+7=8 ?;cheat;3.9431687560863793, 7.256519175670292, 4.765169177934695, 3.3898510226272265, 1.7498800281982767, 1.9352081493061633;0.352;L, H, M, N, Q, Y;1-7;4;22;0.163328;female;11.914160932644936;accuracy_first
4;1.0;6.542476387850911;0.6577112494614994;self;5;4;2;1, 1, 1, 1;1461326898.093;dotscs_5_11;;0.9302325581395349;4;0.5;27;12;0.5;left;2.1025185584694555;experiment;X, N, Z, I;1;instructions;left;1, 0, 1, 1;lettersGrid;1, 0, 1, 1;3x2-2=4 ?, 9/3-3=2 ?, 6/2-1=2 ?, 8/4-2=0 ?;cheat;5.277057357137892, 5.680963837172385, 7.741028303435996, 2.21445260299879;0.35658914728682173;X, N, I, Z;1-7;6;22;0.16585541734270778;female;12.080016349987645;accuracy_first
2;1.0;5.529980917759531;0.6320606413219139;self;5;1;1;1, 1;1461326932.958;dotscs_5_11;;0.9312977099236641;2;0.5;28;10;0.5;right;1.0237933455637176;experiment;D, Y;1;instructions;right;1, 0;lettersGrid;1, 0;3x2-3=3 ?, 8/2-4=2 ?;accuracy;4.591053642612678, 3.3584856515144565;0.35877862595419846;N, Y;1-7;2;22;1.6706485636035195;female;13.750664913591164;accuracy_first
6;1.0;9.382292091346244;0.6088275180627534;self;5;4;4;1, 1, 1, 1, 1, 1;1461326952.209;dotscs_5_11;;0.9343065693430657;6;0.6666666666666666;29;10;0.5;left;4.266825779710416;experiment;G, U, I, L, J, F;1;instructions;left;1, 1, 0, 1, 0, 0;lettersGrid;1, 1, 0, 1, 0, 0;6/2+5=8 ?, 2+4/2=4 ?, 3x2-4=3 ?, 3+3x2=9 ?, 3x3-1=6 ?, 3x3-7=0 ?;cheat;2.7851028997074536, 4.913002749088264, 5.5956493765716, 2.515041420352645, 1.8858381605177783, 2.35373030905248;0.3722627737226277;G, U, I, S, J, K;1-7;8;22;0.17390377750546113;female;13.924568691096626;accuracy_first
1;1.0;2.174583389957661;0.5754449219721209;self;5;0;0;1;1461326992.971;dotscs_5_11;;0.9347826086956522;1;0.0;30;12;0.5;left;3.269256712758761;experiment;N;1;instructions;left;1;lettersGrid;1;3+4/2=5 ?;cheat;2.1446859923898955;0.3695652173913043;J;1-7;0;22;0.17273156899810962;female;14.097300260094736;accuracy_first
3;1.0;8.861742585105276;0.6319272213540899;other;5;2;2;1, 1, 1;1461327003.564;dotscs_5_11;;0.9361702127659575;3;0.6666666666666666;31;14;0.5;right;1.374464904532033;experiment;M, V, Q;1;instructions;right;1, 0, 1;lettersGrid;1, 0, 1;8/2-4=0 ?, 1+2x2=4 ?, 4+4/2=6 ?;accuracy;2.8804408450541814, 1.9164224762744198, 2.0711305378135876;0.375886524822695;M, V, H;1-7;4;22;1.7594688395955937;female;14.097300260094736;accuracy_first
4;1.0;5.381360274966028;0.6753601985237765;other;0.5;0;0;1, 1, 1, 1;1461327025.388;dotscs_5_11;;0.9379310344827586;4;0.0;32;10;5;left;1.7392244796265004;experiment;G, S, P, D;1;instructions;left;1, 1, 1, 0;lettersGrid;1, 1, 1, 0;3x2-6=0 ?, 4+9/3=7 ?, 4/2+1=3 ?, 3x3-7=0 ?;accuracy;2.2659668665492063, 2.2703845892501704, 2.8744298685196554, 1.8306486546171072;0.36551724137931035;L, N, V, W;1-7;0;22;1.7141498216409037;female;14.097300260094736;accuracy_first
7;1.0;7.832398331861441;0.6486776205529168;other;5;5;5;1, 1, 1, 1, 1, 1, 1;1461327047.478;dotscs_5_11;;0.9407894736842105;7;0.7142857142857143;33;12;0.5;right;3.2024044613935985;experiment;J, H, Q, L, I, P, E;1;instructions;right;1, 1, 1, 1, 0, 1, 0;lettersGrid;1, 1, 1, 1, 0, 1, 0;1+2x4=9 ?, 4/2+2=4 ?, 3x2-4=2 ?, 8/4+6=8 ?, 1+2x2=7 ?, 4/2-2=0 ?, 4x2-6=0 ?;accuracy;2.357968958800484, 2.174294254376946, 5.326348426422555, 2.2724145545971624, 1.6050899894680697, 2.924469080541712, 2.1824070377788303;0.3815789473684211;J, H, Q, L, K, G, E;1-7;10;22;1.7949272853185596;female;14.097300260094736;accuracy_first
6;1.0;7.650718556770698;0.6414127794387241;other;5;4;4;1, 1, 1, 1, 1, 1;1461327086.119;dotscs_5_11;;0.9430379746835443;6;0.6666666666666666;34;14;0.5;left;2.5579155908135363;experiment;F, R, W, H, Q, A;0;instructions;right;0, 1, 0, 0, 1, 0;lettersGrid;0, 1, 0, 0, 1, 0;8/4-1=0 ?, 4x2+1=9 ?, 2x2+3=6 ?, 2x2+5=7 ?, 8/2-3=1 ?, 2x3-6=2 ?;accuracy;3.5863474921297893, 1.4344161230783357, 3.6643486274369934, 5.948995351181111, 5.510447101990394, 3.0011770684695875;0.3924050632911392;F, R, W, H, K, M;1-7;8;22;0.18502643807082197;female;14.097300260094736;accuracy_first
4;1.0;5.874510203619138;0.6668719281560698;other;5;3;3;1, 1, 1, 1;1461327126.633;dotscs_5_11;;0.9444444444444444;4;0.75;35;12;0.5;right;1.389276644356869;experiment;U, H, C, B;1;instructions;right;0, 0, 1, 0;lettersGrid;0, 0, 1, 0;9/3-3=2 ?, 2x4-7=0 ?, 9/3-1=2 ?, 2x3+1=5 ?;accuracy;4.290581258069324, 2.6859329347016683, 3.2098547456462256, 2.9765764790145113;0.4012345679012346;U, H, C, J;1-7;6;22;1.894718792866941;female;14.097300260094736;accuracy_first
2;1.0;2.5599933325411257;0.6185307241057671;other;5;2;2;1, 1;1461327152.482;dotscs_5_11;;0.9451219512195121;2;1.0;36;10;0.5;left;1.2284248941132319;experiment;P, B;1;instructions;left;0, 1;lettersGrid;0, 1;2x4-7=3 ?, 2x4-5=3 ?;cheat;3.9811969859119927, 3.533195029557646;0.40853658536585363;P, B;1-7;4;22;0.1930584473527662;female;14.097300260094736;accuracy_first
2;1.0;5.740131523069067;0.7152244569779214;self;0.5;2;2;1, 1;1461327167.49;dotscs_5_11;;0.9457831325301205;2;1.0;37;14;5;left;2.298115062511897;experiment;Q, W;0;instructions;right;1, 1;lettersGrid;1, 1;3x2-5=1 ?, 3x2-3=3 ?;cheat;3.8458242027363667, 4.347244753799714;0.41566265060240964;Q, W;1-7;4;22;1.9656336188125998;female;16.062933878907337;accuracy_first
3;1.0;4.849127143213082;0.8238353887791163;self;0.5;3;3;1, 1, 1;1461327188.019;dotscs_5_11;;0.9467455621301775;3;1.0;38;10;5;left;3.773294347806768;experiment;P, J, R;0;instructions;right;0, 0, 0;lettersGrid;0, 0, 0;3x2-6=1 ?, 1+2x2=7 ?, 3x3-6=1 ?;cheat;1.9052042281036847, 1.8526176502227827, 2.265979253018486;0.4260355029585799;P, J, R;1-7;6;22;2.0167361086796682;female;18.079669987587007;accuracy_first
6;0.8571428571428571;14.817585884238724;0.8092543911807297;self;5;6;6;1, 1, 0, 1, 1, 1, 1;1461327207.473;dotscs_5_11;;0.9431818181818182;7;0.8571428571428571;39;12;0.5;left;5.036988120314163;experiment;V, M, G, A, Y, L, A;1;instructions;left;1, 0, 1, 1, 1, 0, 1;lettersGrid;1, 0, 0, 1, 1, 0, 1;1+4x2=9 ?, 3x3-8=3 ?, 3x3-6=3 ?, 2x4-6=2 ?, 6/2+2=5 ?, 4/2-2=1 ?, 3+2x2=7 ?;cheat;1.6306397363596261, 1.7085594748705262, 1.7352374521524325, 2.536536191139021, 4.986452033929709, 2.610078551449078, 4.024602005050838;0.4431818181818182;V, M, G, A, D, L, A;1-7;12;22;0.20900051652892562;female;18.28867050411593;accuracy_first
5;1.0;10.154396630314295;0.698954298883109;self;0.5;3;2;1, 1, 1, 1, 1;1461327254.491;dotscs_5_11;;0.9447513812154696;5;0.4;40;14;5;left;3.5212668597532684;experiment;O, E, I, B, R;0;instructions;right;0, 0, 1, 1, 1;lettersGrid;0, 0, 1, 1, 1;4+6/2=9 ?, 9/3+5=7 ?, 6/3-2=0 ?, 3+2x2=7 ?, 4/2+6=8 ?;cheat;3.0523908716677397, 3.3858625795564876, 4.097702699258662, 1.6450958075693052, 2.5704273402643594;0.4419889502762431;O, V, I, J, B;1-7;5;22;2.0878483562772807;female;20.37651886039321;accuracy_first
2;1.0;6.386468454848;0.7103650681756335;self;5;1;1;1, 1;1461327289.092;dotscs_5_11;;0.9453551912568307;2;0.5;41;14;0.5;left;1.4486396825668635;experiment;K, I;1;instructions;left;1, 1;lettersGrid;1, 1;4/2-1=1 ?, 9/3-3=0 ?;cheat;6.837782553056968, 4.195687102217562;0.4426229508196721;L, I;1-7;2;22;0.20921795216339695;female;20.585736812556608;accuracy_first
1;1.0;1.0934516630422877;0.8748506545716737;self;5;1;1;1;1461327312.461;dotscs_5_11;;0.9456521739130435;1;1.0;42;14;0.5;right;1.0705600524333931;experiment;K;0;instructions;left;1;lettersGrid;1;2x3-4=2 ?;cheat;5.913861662250383;0.44565217391304346;K;1-7;2;22;2.1071597353497165;female;22.692896547906322;accuracy_first
6;1.0;11.083801541867615;0.5824156729177048;other;5;4;0;1, 1, 1, 1, 1, 1;1461327323.724;dotscs_5_11;;0.9473684210526315;6;0.0;43;14;0.5;left;1.4278431547418222;experiment;E, B, K, M, Z, Y;1;instructions;left;0, 1, 0, 1, 0, 0;lettersGrid;0, 1, 0, 1, 0, 0;8/2+2=5 ?, 3+6/2=6 ?, 2x4+1=7 ?, 9/3+5=8 ?, 3x2+1=9 ?, 3x3-2=8 ?;cheat;2.8311936592608618, 3.0693150353336023, 3.569951345948539, 1.9451651010167552, 2.0919419294014006, 2.5752722192019064;0.43157894736842106;B, E, G, V, K, M;1-7;4;22;0.2044321329639889;female;22.692896547906322;accuracy_first
6;1.0;5.9143302246839085;0.7986926258754465;other;5;4;0;1, 1, 1, 1, 1, 1;1461327359.511;dotscs_5_11;;0.9489795918367347;6;0.0;44;12;0.5;right;1.47602368859134;experiment;P, D, R, B, L, K;1;instructions;right;1, 0, 0, 1, 1, 1;lettersGrid;1, 0, 0, 1, 1, 1;8/4-1=1 ?, 6/2+3=5 ?, 1+4/2=2 ?, 4/2+3=5 ?, 6+4/2=8 ?, 6/2+2=5 ?;accuracy;5.732615059681848, 7.742361795316356, 3.399635979366394, 2.231104972141111, 3.1330724389026727, 3.591126191931835;0.41836734693877553;J, B, K, L, P, H;1-7;4;22;1.985110370678884;female;22.692896547906322;accuracy_first
6;1.0;10.307030135217246;0.7001607409802091;other;5;4;2;1, 1, 1, 1, 1, 1;1461327399.806;dotscs_5_11;;0.9504950495049505;6;0.3333333333333333;45;14;0.5;left;9.092446943443974;experiment;C, O, S, P, N, T;1;instructions;left;0, 0, 0, 1, 0, 0;lettersGrid;0, 0, 0, 1, 0, 0;8/2+1=4 ?, 6/3+6=6 ?, 5+8/4=9 ?, 3x2-4=2 ?, 4x2-3=3 ?, 2x3+2=9 ?;cheat;5.253147932662614, 3.4416087687714025, 2.9990543815547426, 3.53436749733919, 5.39243342449754, 2.5117243239110394;0.4158415841584158;L, N, S, P, I, C;1-7;6;22;0.19762768356043522;female;22.692896547906322;accuracy_first
6;1.0;9.467074287671494;0.609094004099461;other;5;5;5;1, 1, 1, 1, 1, 1;1461327449.804;dotscs_5_11;;0.9519230769230769;6;0.8333333333333334;46;12;0.5;left;1.5398101118889826;experiment;K, Y, X, Z, I, V;1;instructions;left;0, 1, 1, 1, 0, 1;lettersGrid;0, 1, 1, 1, 0, 1;4x2-2=7 ?, 4x2-3=5 ?, 2x4+1=9 ?, 1+2x2=5 ?, 2x3-1=4 ?, 3+3x2=9 ?;cheat;4.733248893003292, 6.303116364862035, 2.522538065389199, 1.7086610439173455, 2.095297600847516, 2.4585368253265187;0.42788461538461536;K, Y, X, Z, I, S;1-7;10;22;0.20365661982248517;female;22.692896547906322;accuracy_first
4;1.0;4.3598722282622475;0.6669671270183244;other;5;4;4;1, 1, 1, 1;1461327487.618;dotscs_5_11;;0.9528301886792453;4;1.0;47;14;0.5;left;2.2705778181698406;experiment;H, O, F, E;0;instructions;right;0, 0, 0, 0;lettersGrid;0, 0, 0, 0;3x3-1=7 ?, 9/3-3=2 ?, 6/2-3=2 ?, 8/4+5=9 ?;accuracy;1.78772847727123, 6.571166635523696, 4.763678200946742, 2.5245542286702403;0.4386792452830189;H, O, F, E;1-7;8;22;0.20899341402634392;female;22.692896547906322;accuracy_first
2;1.0;2.1324389594801687;0.7092471008581924;other;0.5;2;2;1, 1;1461327516.135;dotscs_5_11;;0.9532710280373832;2;1.0;48;12;5;right;1.2212499433762787;experiment;I, L;1;instructions;right;0, 1;lettersGrid;0, 1;2x2+1=6 ?, 2x3-3=3 ?;cheat;1.8558122975700826, 3.7890892193836407;0.4439252336448598;I, L;1-7;4;22;0.2115905319241855;female;22.692896547906322;accuracy_first
2;1.0;3.897110201354735;0.7998197945680658;self;5;2;2;1, 1;1461327529.317;dotscs_5_11;;0.9537037037037037;2;1.0;49;14;0.5;right;1.0113258335031787;experiment;E, D;1;instructions;right;1, 1;lettersGrid;1, 1;4/2-1=1 ?, 3x3-6=3 ?;accuracy;2.7704985447662693, 3.3390388949292173;0.44907407407407407;E, D;1-7;4;22;2.141418038408779;female;24.834314586315102;accuracy_first
3;1.0;4.167957336753716;0.5739054608047809;self;5;3;3;1, 1, 1;1461327544.152;dotscs_5_11;;0.954337899543379;3;1.0;50;10;0.5;right;1.1185424027762565;experiment;G, O, F;1;instructions;right;0, 1, 0;lettersGrid;0, 1, 0;6/3+7=8 ?, 9/3+6=9 ?, 2x3-3=4 ?;accuracy;2.0263785786282824, 2.4804346872097085, 4.412457036646629;0.45662100456621;G, O, F;1-7;6;22;2.1788536519255226;female;27.013168238240624;accuracy_first
7;1.0;11.11085182102397;0.9167190437365207;self;5;4;3;1, 1, 1, 1, 1, 1, 1;1461327562.982;dotscs_5_11;;0.9557522123893806;7;0.42857142857142855;51;10;0.5;left;1.5766701207221558;experiment;E, B, F, R, C, T, Q;1;instructions;left;0, 1, 0, 0, 0, 0, 1;lettersGrid;0, 1, 0, 0, 0, 0, 1;9/3-1=4 ?, 9/3+2=5 ?, 2x2+2=4 ?, 6/3+1=1 ?, 8/2-3=2 ?, 1+3x2=5 ?, 1+3x2=7 ?;cheat;3.3890416553422256, 5.413082730289716, 1.603747296210713, 4.498526717968161, 2.8536616526234866, 1.9630260356498184, 1.275919217570845;0.4557522123893805;G, B, F, R, Q, N, O;1-7;7;22;0.21779309264625266;female;27.230961330886878;accuracy_first
3;0.75;4.548077549206937;2.032636576747791;self;5;4;4;1, 1, 1, 0;1461327604.789;dotscs_5_11;;0.9521739130434783;4;1.0;52;10;0.5;right;2.3712543317260497;experiment;Q, K, A, O;0;instructions;left;0, 0, 1, 0;lettersGrid;0, 0, 1, 1;8/4+7=7 ?, 3x3-4=3 ?, 4x2-7=1 ?, 8/2-1=5 ?;cheat;1.9705481614237215, 2.123215640642229, 3.317275514711582, 3.943835855926409;0.4652173913043478;Q, K, A, O;1-7;8;22;2.2148393194706992;female;29.445800650357576;accuracy_first
5;1.0;8.621080921156135;0.6578482084205461;self;0.5;5;5;1, 1, 1, 1, 1;1461327629.905;dotscs_5_11;;0.9531914893617022;5;1.0;53;12;5;left;3.3699749864108526;experiment;P, V, N, H, Z;1;instructions;left;0, 1, 0, 0, 0;lettersGrid;0, 1, 0, 0, 0;9/3+4=9 ?, 8/4+4=6 ?, 3x2-3=1 ?, 2x2+4=7 ?, 4+8/2=7 ?;accuracy;2.571855677108033, 3.179845162057063, 4.891901160222915, 2.895181805055472, 1.954573155194339;0.4765957446808511;P, V, N, H, Z;1-7;10;22;2.27143503847895;female;31.717235688836524;accuracy_first
3;1.0;5.332423458698031;0.6578340524565647;self;0.5;3;3;1, 1, 1;1461327663.539;dotscs_5_11;;0.9537815126050421;3;1.0;54;12;5;right;1.0612719700575326;experiment;S, G, K;1;instructions;right;0, 0, 0;lettersGrid;0, 0, 0;3+6/3=7 ?, 2x3-5=2 ?, 3x3-8=3 ?;cheat;2.9130547722588744, 2.0758087302665444, 2.303720116758086;0.4831932773109244;S, G, K;1-7;6;22;0.2304304074571005;female;31.947666096293624;accuracy_first
4;1.0;7.337247811487941;0.6754355790353657;other;0.5;3;1;1, 1, 1, 1;1461327683.756;dotscs_5_11;;0.9545454545454546;4;0.25;55;10;5;right;15.719833639102035;experiment;C, Y, V, Y;1;instructions;right;0, 1, 0, 0;lettersGrid;0, 1, 0, 0;2+9/3=6 ?, 3x3-5=4 ?, 4x2-7=3 ?, 5+9/3=9 ?;cheat;3.8584930833958424, 2.575266556816132, 2.551193277049606, 3.3765171655231825;0.4793388429752066;Q, V, N, Y;1-7;4;22;0.22877535687453043;female;31.947666096293624;accuracy_first
2;1.0;3.620674291069008;0.8590444582232521;other;0.5;2;2;1, 1;1461327724.503;dotscs_5_11;;0.9549180327868853;2;1.0;56;14;5;right;0.8566627171521759;experiment;B, N;1;instructions;right;0, 0;lettersGrid;0, 0;2x2+3=9 ?, 2x2-2=3 ?;cheat;2.095870563520293, 2.972525041901463;0.48360655737704916;B, N;1-7;4;22;0.23090231120666488;female;31.947666096293624;accuracy_first
6;1.0;5.729126322166849;0.6749408280675198;other;5;6;6;1, 1, 1, 1, 1, 1;1461327738.637;dotscs_5_11;;0.956;6;1.0;57;10;0.5;left;2.9779432374125463;experiment;S, U, T, M, V, A;1;instructions;left;1, 1, 0, 1, 0, 0;lettersGrid;1, 1, 0, 1, 0, 0;2x3+2=8 ?, 3x3-5=4 ?, 5+8/2=8 ?, 4/2+4=6 ?, 6/3-1=2 ?, 4/2+3=3 ?;cheat;3.515985977101991, 4.270557999818266, 1.8825635319699359, 3.9824979190734666, 5.4384902097353915, 3.0679309358793034;0.496;S, U, T, M, V, A;1-7;12;22;0.237088;female;31.947666096293624;accuracy_first
5;1.0;8.99826872551057;0.7999886044481173;other;5;4;4;1, 1, 1, 1, 1;1461327777.356;dotscs_5_11;;0.9568627450980393;5;0.8;58;14;0.5;right;1.476692204027131;experiment;M, S, F, A, C;0;instructions;left;0, 0, 0, 0, 0;lettersGrid;0, 0, 0, 0, 0;3+3x2=7 ?, 1+4/2=2 ?, 9/3-3=2 ?, 9/3+1=3 ?, 2x2-1=4 ?;cheat;3.7771727282515712, 1.2252323701623027, 2.9353928846458075, 2.472516548323256, 1.6285680109167515;0.5019607843137255;M, S, F, A, N;1-7;8;22;2.4015378700499808;female;31.947666096293624;accuracy_first
6;0.8571428571428571;12.871720062966233;0.6924004410993803;other;0.5;4;2;1, 1, 1, 0, 1, 1, 1;1461327806.184;dotscs_5_11;;0.9541984732824428;7;0.2857142857142857;59;14;5;right;1.9624838622003153;experiment;X, O, Z, U, L, X, T;1;instructions;right;0, 1, 1, 0, 0, 1, 0;lettersGrid;0, 1, 1, 1, 0, 1, 0;1+6/2=6 ?, 8/2-3=1 ?, 3x3-5=4 ?, 2x3-1=7 ?, 5+8/2=8 ?, 2x3-2=4 ?, 1+2x4=7 ?;cheat;3.0373066295214812, 4.002597619532935, 2.1139516234061375, 1.9725522921335141, 3.6205790922067536, 6.851119595252385, 1.8004196535748633;0.4961832061068702;X, O, L, C, D, Q, E;1-7;6;22;0.2367286288677816;female;31.947666096293624;accuracy_first
7;1.0;7.494444137731989;0.6597415687074317;other;5;6;4;1, 1, 1, 1, 1, 1, 1;1461327852.313;dotscs_5_11;;0.9553903345724907;7;0.5714285714285714;60;14;0.5;left;1.3047074953010451;experiment;K, F, Q, U, N, C, M;1;instructions;left;0, 1, 1, 0, 0, 1, 1;lettersGrid;0, 1, 1, 0, 0, 1, 1;3x2-2=6 ?, 3x2-4=2 ?, 5+6/2=8 ?, 4/2+2=2 ?, 8/4-1=2 ?, 1+9/3=4 ?, 2x2-4=0 ?;cheat;2.098484816311611, 3.549824395257019, 2.3593013889831127, 2.4079653490289274, 5.950561708681562, 2.711853213970244, 2.3225560434648287;0.49814126394052044;K, F, Q, U, M, N, H;1-7;10;22;0.2379596744102486;female;31.947666096293624;accuracy_first
1;1.0;2.231320850603879;0.7911326328967334;self;5;1;1;1;1461327890.299;dotscs_5_11;;0.9555555555555556;1;1.0;61;12;0.5;right;0.9399617222707093;experiment;F;0;instructions;left;0;lettersGrid;0;4x2-1=6 ?;cheat;2.9706118632648213;0.5;F;1-7;2;22;2.388888888888889;female;34.33655498518251;accuracy_first
5;1.0;6.966114159362405;0.6583220793409055;self;5;4;0;1, 1, 1, 1, 1;1461327899.456;dotscs_5_11;;0.9563636363636364;5;0.0;62;12;0.5;left;2.8996586289104016;experiment;W, G, A, M, I;1;instructions;left;0, 0, 1, 1, 1;lettersGrid;0, 0, 1, 1, 1;2x4-5=5 ?, 5+9/3=9 ?, 4x2+1=9 ?, 2x2+5=9 ?, 4/2-2=0 ?;cheat;2.9632146638805352, 4.035737440828598, 1.785835116985254, 2.1537794302503244, 4.938341218205096;0.4909090909090909;G, A, M, I, F;1-7;4;22;0.23474380165289258;female;34.5712987868354;accuracy_first
3;1.0;8.964332277298126;0.7083839409069697;self;0.5;3;3;1, 1, 1;1461327931.405;dotscs_5_11;;0.9568345323741008;3;1.0;63;14;5;right;1.2091632267665773;experiment;R, F, P;1;instructions;right;0, 0, 0;lettersGrid;0, 0, 0;3+2x3=7 ?, 8/4+5=9 ?, 9/3+4=8 ?;cheat;2.502490034200491, 2.889126237230812, 4.356422065751758;0.49640287769784175;R, F, P;1-7;6;22;0.23748770767558616;female;34.80878649451098;accuracy_first
3;1.0;6.283032235963219;0.7097549460941082;self;5;3;3;1, 1, 1;1461327955.943;dotscs_5_11;;0.9572953736654805;3;1.0;64;14;0.5;right;0.7550805757509806;experiment;E, Z, H;0;instructions;left;1, 0, 0;lettersGrid;1, 0, 0;2x2+2=6 ?, 2x4-4=2 ?, 1+2x4=7 ?;cheat;1.5732036788522237, 5.293035902358497, 2.1030048158590944;0.501779359430605;E, Z, H;1-7;6;22;2.4017552969187324;female;37.21054179142971;accuracy_first
2;1.0;4.43652571572602;0.691017403342812;self;0.5;2;2;1, 1;1461327976.644;dotscs_5_11;;0.9575971731448764;2;1.0;65;12;5;right;0.6884477418407187;experiment;W, T;1;instructions;right;1, 0;lettersGrid;1, 0;9/3-3=0 ?, 2x2-3=3 ?;cheat;2.5951698432654666, 4.122396718080381;0.5053003533568905;W, T;1-7;4;22;0.24193709498183275;female;37.45247888641155;accuracy_first
6;1.0;6.824336509931527;0.6164250243482456;self;0.5;4;4;1, 1, 1, 1, 1, 1;1461327992.681;dotscs_5_11;;0.9584775086505191;6;0.6666666666666666;66;12;5;right;1.38936795032987;experiment;O, H, G, Z, E, Q;1;instructions;right;0, 0, 1, 1, 0, 1;lettersGrid;0, 0, 1, 1, 0, 1;3x3-8=0 ?, 3x3-2=9 ?, 3x2-6=0 ?, 3x3-5=4 ?, 9/3-3=1 ?, 4/2+1=3 ?;cheat;1.495180247899043, 1.9625610122075159, 2.299044755498471, 1.5744221535187535, 2.3745862919304273, 3.422373289959978;0.5086505190311419;O, H, G, Z, U, K;1-7;8;22;0.24376504112738115;female;37.69624392753893;accuracy_first
7;1.0;10.781543736268759;0.5835187764714647;other;5;6;6;1, 1, 1, 1, 1, 1, 1;1461328020.87;dotscs_5_11;;0.9594594594594594;7;0.8571428571428571;67;10;0.5;left;1.529749821634141;experiment;G, H, O, K, N, J, I;1;instructions;left;0, 0, 1, 1, 1, 1, 1;lettersGrid;0, 0, 1, 1, 1, 1, 1;2x4-5=5 ?, 5+6/2=6 ?, 2+8/2=6 ?, 2x3-6=0 ?, 6/2+3=6 ?, 2x2+2=6 ?, 2+2x2=6 ?;cheat;2.456427232678834, 5.085043727774973, 3.7924650630784527, 1.9185671049353914, 2.1784759263664455, 1.2904768578291623, 1.2685609470909185;0.5168918918918919;G, H, O, K, N, W, I;1-7;12;22;0.24796840759678596;female;37.69624392753893;accuracy_first
2;1.0;3.469209361056528;0.6410871922489605;other;0.5;2;2;1, 1;1461328059.044;dotscs_5_11;;0.959731543624161;2;1.0;68;12;5;right;0.9519645647887955;experiment;Q, A;1;instructions;right;1, 1;lettersGrid;1, 1;8/2+5=9 ?, 4x2-7=1 ?;cheat;2.0404471303027094, 3.0458005622749624;0.5201342281879194;Q, A;1-7;4;22;0.24959461285527676;female;37.69624392753893;accuracy_first
6;0.8571428571428571;12.553805760345313;0.5486738692216022;other;5;6;5;1, 0, 1, 1, 1, 1, 1;1461328072.367;dotscs_5_11;;0.9573770491803278;7;0.7142857142857143;69;12;0.5;left;1.590418039794713;experiment;V, S, M, T, K, N, B;1;instructions;left;1, 1, 0, 1, 1, 0, 1;lettersGrid;1, 0, 0, 1, 1, 0, 1;9/3+6=9 ?, 7+4/2=9 ?, 4x2-8=2 ?, 4/2-1=1 ?, 3x2-1=5 ?, 3x3-9=1 ?, 4/2+6=8 ?;cheat;1.5151033526981337, 3.8777133445446452, 2.2737430918887185, 4.277803376480733, 2.5216879997051365, 1.55586793051134, 2.004494872709074;0.5245901639344263;V, S, M, T, K, G, N;1-7;11;22;0.2511152915882827;female;37.69624392753893;accuracy_first
2;1.0;2.8605556074608103;0.7070741602683484;other;0.5;2;2;1, 1;1461328112.991;dotscs_5_11;;0.9576547231270358;2;1.0;70;10;5;right;0.7170873819395638;experiment;H, G;1;instructions;right;1, 1;lettersGrid;1, 1;3x3-5=4 ?, 2x3-6=0 ?;cheat;2.0804862149216206, 2.36436497757677;0.5276872964169381;H, G;1-7;4;22;0.2526711158739085;female;37.69624392753893;accuracy_first
6;1.0;6.471128909877734;1.4102557841279122;other;5;4;4;1, 1, 1, 1, 1, 1;1461328124.754;dotscs_5_11;;0.9584664536741214;6;0.6666666666666666;71;10;0.5;right;1.233845213018867;experiment;G, P, C, B, D, O;1;instructions;right;0, 0, 0, 1, 1, 0;lettersGrid;0, 0, 0, 1, 1, 0;4x2-2=8 ?, 8/2-2=0 ?, 3x2+2=7 ?, 3x3-9=0 ?, 3+2x3=9 ?, 4x2-6=3 ?;accuracy;2.531057124981089, 1.8130800406552225, 2.1957076283670176, 1.4591749054379761, 2.8398599408847076, 1.8371653529929972;0.5303514376996805;G, P, C, B, H, L;1-7;8;22;2.5416203084649225;female;37.69624392753893;accuracy_first
5;1.0;5.5756625699305005;0.6748219179635271;other;0.5;5;5;1, 1, 1, 1, 1;1461328152.804;dotscs_5_11;;0.9591194968553459;5;1.0;72;12;5;right;0.6065845054472447;experiment;D, C, O, B, Q;1;instructions;right;0, 0, 0, 1, 1;lettersGrid;0, 0, 0, 1, 1;9/3+2=4 ?, 3x3-1=9 ?, 2x2-4=2 ?, 2x3+1=7 ?, 2x4-8=0 ?;cheat;2.801761639034339, 1.4731418880664933, 2.0291457158391495, 1.8510353672627389, 2.391799945075036;0.5377358490566038;D, C, O, B, Q;1-7;10;22;0.25787646849412604;female;37.69624392753893;accuracy_first
4;1.0;5.5006727622248945;1.0575974355051585;self;0.5;4;4;1, 1, 1, 1;1461328175.659;dotscs_5_11;;0.9596273291925466;4;1.0;73;12;5;left;0.8921924191972721;experiment;R, L, J, M;0;instructions;right;1, 1, 1, 0;lettersGrid;1, 1, 1, 0;6/2+2=5 ?, 8/2+2=6 ?, 8/2-1=3 ?, 1+4/2=5 ?;cheat;2.2130929225832006, 4.1156878524843705, 2.5664891508686196, 2.4870748963785445;0.5434782608695652;R, L, J, M;1-7;8;22;2.6076829597623545;female;40.30392688730129;accuracy_first
3;0.75;4.293024223686189;0.5617472565736534;self;5;4;4;1, 1, 1, 0;1461328199.169;dotscs_5_11;;0.9570552147239264;4;1.0;74;10;0.5;left;2.79842684763571;experiment;B, L, T, W;1;instructions;left;1, 1, 1, 1;lettersGrid;1, 1, 1, 0;6/2-3=0 ?, 2x4-1=7 ?, 2x3-4=2 ?, 6/3-1=1 ?;cheat;2.371468440692297, 2.4276686824759963, 2.7452297937761614, 2.0344142120220567;0.549079754601227;B, L, T, W;1-7;8;22;0.26274982122021906;female;40.566676708521506;accuracy_first
5;1.0;7.0078091379582474;0.6306354895696131;self;5;4;3;1, 1, 1, 1, 1;1461328221.056;dotscs_5_11;;0.9577039274924471;5;0.6;75;12;0.5;left;1.0677051482416573;experiment;X, K, H, E, N;1;instructions;left;1, 0, 1, 0, 0;lettersGrid;1, 0, 1, 0, 0;4/2-2=0 ?, 1+2x4=8 ?, 3x3-1=8 ?, 9/3-2=0 ?, 4+9/3=6 ?;cheat;2.7351316363165097, 1.3858399300124802, 1.489266593622233, 2.380467387488352, 3.740400840298207;0.5498489425981873;X, B, H, K, N;1-7;7;22;0.2632962459269265;female;40.82997295444843;accuracy_first
4;1.0;4.9951745855132685;1.0922062920435565;self;0.5;4;4;1, 1, 1, 1;1461328247.967;dotscs_5_11;;0.9582089552238806;4;1.0;76;14;5;right;0.7451721082197764;experiment;R, T, X, C;1;instructions;right;1, 0, 0, 0;lettersGrid;1, 0, 0, 0;4x2-2=6 ?, 5+9/3=7 ?, 3+4/2=3 ?, 1+9/3=3 ?;cheat;3.16501148048701, 2.383111367806123, 2.4631247735042052, 1.6038531120475454;0.5552238805970149;R, T, X, C;1-7;8;22;0.2660102472711071;female;41.095983201719534;accuracy_first
6;0.8571428571428571;10.589727228714764;0.5654313464019651;self;0.5;5;3;1, 0, 1, 1, 1, 1, 1;1461328269.528;dotscs_5_11;;0.956140350877193;7;0.42857142857142855;77;10;5;left;1.435719887432242;experiment;U, X, W, D, Z, S, P;1;instructions;left;0, 1, 0, 0, 0, 1, 0;lettersGrid;0, 0, 0, 0, 0, 1, 0;3x3-9=1 ?, 9/3-2=1 ?, 2x2-4=1 ?, 2x2+1=6 ?, 3x3-4=4 ?, 2x4-1=7 ?, 5+8/4=9 ?;accuracy;1.921073064596385, 2.36310828180558, 1.227836005979043, 3.130045539738603, 1.987820915721386, 1.9071343938985592, 2.7097269880632666;0.5526315789473685;U, X, W, M, D, Z, Q;1-7;8;22;2.64196675900277;female;43.737949960722304;accuracy_first
;;;-48.300600849924194;self;2;;;;;dotscs_5_11;;;1;;1;14;0.2;right;;controlDotsAccuracy;;1;instructions;right;;lettersGrid;;;accuracy;;;;1-7;;22;2;female;;accuracy_first
;;;6.549742998459806;self;2;;;;;dotscs_5_11;;;1;;2;10;0.2;right;;controlDotsAccuracy;;1;instructions;right;;lettersGrid;;;accuracy;;;;1-7;;22;2;female;;accuracy_first
;;;1.7147304138070467;self;2;;;;;dotscs_5_11;;;1;;3;12;0.2;right;;controlDotsAccuracy;;1;instructions;right;;lettersGrid;;;accuracy;;;;1-7;;22;2;female;;accuracy_first
;;;0.4668909679285207;self;0.2;;;;;dotscs_5_11;;;1;;4;12;2;right;;controlDotsAccuracy;;0;instructions;left;;lettersGrid;;;accuracy;;;;1-7;;22;0.2;female;;accuracy_first
;;;0.792940349595483;self;2;;;;;dotscs_5_11;;;1;;5;14;0.2;right;;controlDotsAccuracy;;1;instructions;right;;lettersGrid;;;accuracy;;;;1-7;;22;2;female;;accuracy_first
;;;1.1834510401804437;self;2;;;;;dotscs_5_11;;;1;;6;10;0.2;right;;controlDotsAccuracy;;1;instructions;right;;lettersGrid;;;accuracy;;;;1-7;;22;2;female;;accuracy_first
;;;0.8096879176009679;other;2;;;;;dotscs_5_11;;;1;;7;14;0.2;left;;controlDotsAccuracy;;0;instructions;right;;lettersGrid;;;accuracy;;;;1-7;;22;0.2;female;;accuracy_first
;;;1.0001157250117103;other;0.2;;;;;dotscs_5_11;;;1;;8;10;2;right;;controlDotsAccuracy;;0;instructions;left;;lettersGrid;;;accuracy;;;;1-7;;22;0.2;female;;accuracy_first
;;;8.507059225725243;other;2;;;;;dotscs_5_11;;;1;;9;14;0.2;right;;controlDotsAccuracy;;1;instructions;right;;lettersGrid;;;accuracy;;;;1-7;;22;2;female;;accuracy_first
;;;0.4417726240635602;other;2;;;;;dotscs_5_11;;;1;;10;10;0.2;right;;controlDotsAccuracy;;1;instructions;right;;lettersGrid;;;accuracy;;;;1-7;;22;2;female;;accuracy_first
;;;0.5759754167520441;other;2;;;;;dotscs_5_11;;;1;;11;12;0.2;right;;controlDotsAccuracy;;1;instructions;right;;lettersGrid;;;accuracy;;;;1-7;;22;2;female;;accuracy_first
;;;0.5596153682809017;other;2;;;;;dotscs_5_11;;;1;;12;14;0.2;right;;controlDotsAccuracy;;1;instructions;right;;lettersGrid;;;accuracy;;;;1-7;;22;2;female;;accuracy_first
;;;0.6097267757240843;self;0.2;;;;;dotscs_5_11;;;1;;13;14;2;left;;controlDotsAccuracy;;1;instructions;left;;lettersGrid;;;accuracy;;;;1-7;;22;2;female;;accuracy_first
;;;0.44200372018713097;self;0.2;;;;;dotscs_5_11;;;1;;14;10;2;left;;controlDotsAccuracy;;1;instructions;left;;lettersGrid;;;accuracy;;;;1-7;;22;2;female;;accuracy_first
;;;0.5167564154826323;self;0.2;;;;;dotscs_5_11;;;1;;15;10;2;left;;controlDotsAccuracy;;1;instructions;left;;lettersGrid;;;accuracy;;;;1-7;;22;2;female;;accuracy_first
;;;0.6168702294398827;self;2;;;;;dotscs_5_11;;;1;;16;10;0.2;right;;controlDotsAccuracy;;1;instructions;right;;lettersGrid;;;accuracy;;;;1-7;;22;2;female;;accuracy_first
;;;0.4754680669748268;self;2;;;;;dotscs_5_11;;;1;;17;10;0.2;right;;controlDotsAccuracy;;1;instructions;right;;lettersGrid;;;accuracy;;;;1-7;;22;2;female;;accuracy_first
;;;0.6751386576752338;self;2;;;;;dotscs_5_11;;;1;;18;10;0.2;right;;controlDotsAccuracy;;1;instructions;right;;lettersGrid;;;accuracy;;;;1-7;;22;2;female;;accuracy_first
;;;0.43350200165332353;other;0.2;;;;;dotscs_5_11;;;1;;19;10;2;left;;controlDotsAccuracy;;1;instructions;left;;lettersGrid;;;accuracy;;;;1-7;;22;2;female;;accuracy_first
;;;0.5001093548280551;other;2;;;;;dotscs_5_11;;;1;;20;12;0.2;left;;controlDotsAccuracy;;0;instructions;right;;lettersGrid;;;accuracy;;;;1-7;;22;0.2;female;;accuracy_first
;;;0.5426989903962749;other;0.2;;;;;dotscs_5_11;;;1;;21;12;2;left;;controlDotsAccuracy;;1;instructions;left;;lettersGrid;;;accuracy;;;;1-7;;22;2;female;;accuracy_first
;;;0.5001196179027829;other;0.2;;;;;dotscs_5_11;;;1;;22;12;2;left;;controlDotsAccuracy;;1;instructions;left;;lettersGrid;;;accuracy;;;;1-7;;22;2;female;;accuracy_first
;;;0.43345245577620517;other;2;;;;;dotscs_5_11;;;1;;23;12;0.2;right;;controlDotsAccuracy;;1;instructions;right;;lettersGrid;;;accuracy;;;;1-7;;22;2;female;;accuracy_first
;;;0.6166939876784454;other;0.2;;;;;dotscs_5_11;;;1;;24;12;2;left;;controlDotsAccuracy;;1;instructions;left;;lettersGrid;;;accuracy;;;;1-7;;22;2;female;;accuracy_first
;;;0.4499367228372648;self;0.2;;;;;dotscs_5_11;;;1;;25;14;2;left;;controlDotsAccuracy;;1;instructions;left;;lettersGrid;;;accuracy;;;;1-7;;22;2;female;;accuracy_first
;;;0.5001677481823208;self;2;;;;;dotscs_5_11;;;1;;26;10;0.2;right;;controlDotsAccuracy;;1;instructions;right;;lettersGrid;;;accuracy;;;;1-7;;22;2;female;;accuracy_first
;;;0.5930623740123337;self;2;;;;;dotscs_5_11;;;1;;27;14;0.2;right;;controlDotsAccuracy;;1;instructions;right;;lettersGrid;;;accuracy;;;;1-7;;22;2;female;;accuracy_first
;;;0.6420221937214592;self;2;;;;;dotscs_5_11;;;1;;28;10;0.2;left;;controlDotsAccuracy;;0;instructions;right;;lettersGrid;;;accuracy;;;;1-7;;22;0.2;female;;accuracy_first
;;;0.46680567824023456;self;0.2;;;;;dotscs_5_11;;;1;;29;10;2;left;;controlDotsAccuracy;;1;instructions;left;;lettersGrid;;;accuracy;;;;1-7;;22;2;female;;accuracy_first
;;;0.642951178909243;self;2;;;;;dotscs_5_11;;;1;;30;14;0.2;left;;controlDotsAccuracy;;0;instructions;right;;lettersGrid;;;accuracy;;;;1-7;;22;0.2;female;;accuracy_first
;;;0.44283786041069106;other;0.2;;;;;dotscs_5_11;;;1;;31;12;2;left;;controlDotsAccuracy;;1;instructions;left;;lettersGrid;;;accuracy;;;;1-7;;22;2;female;;accuracy_first
;;;0.44190321283804224;other;0.2;;;;;dotscs_5_11;;;1;;32;10;2;left;;controlDotsAccuracy;;1;instructions;left;;lettersGrid;;;accuracy;;;;1-7;;22;2;female;;accuracy_first
;;;0.6167775078711202;other;0.2;;;;;dotscs_5_11;;;1;;33;12;2;left;;controlDotsAccuracy;;1;instructions;left;;lettersGrid;;;accuracy;;;;1-7;;22;2;female;;accuracy_first
;;;0.46672109635073866;other;0.2;;;;;dotscs_5_11;;;1;;34;12;2;left;;controlDotsAccuracy;;1;instructions;left;;lettersGrid;;;accuracy;;;;1-7;;22;2;female;;accuracy_first
;;;0.499953639215164;other;2;;;;;dotscs_5_11;;;1;;35;14;0.2;right;;controlDotsAccuracy;;1;instructions;right;;lettersGrid;;;accuracy;;;;1-7;;22;2;female;;accuracy_first
;;;0.6761982316365902;other;0.2;;;;;dotscs_5_11;;;1;;36;14;2;right;;controlDotsAccuracy;;0;instructions;left;;lettersGrid;;;accuracy;;;;1-7;;22;0.2;female;;accuracy_first
;;;0.5932382618739211;self;0.2;;;;;dotscs_5_11;;;1;;37;14;2;right;;controlDotsAccuracy;;0;instructions;left;;lettersGrid;;;accuracy;;;;1-7;;22;0.2;female;;accuracy_first
;;;0.6095565502482714;self;0.2;;;;;dotscs_5_11;;;1;;38;14;2;right;;controlDotsAccuracy;;0;instructions;left;;lettersGrid;;;accuracy;;;;1-7;;22;0.2;female;;accuracy_first
;;;0.49246477995984606;self;0.2;;;;;dotscs_5_11;;;1;;39;12;2;left;;controlDotsAccuracy;;1;instructions;left;;lettersGrid;;;accuracy;;;;1-7;;22;2;female;;accuracy_first
;;;0.7001628643747608;self;0.2;;;;;dotscs_5_11;;;1;;40;12;2;right;;controlDotsAccuracy;;0;instructions;left;;lettersGrid;;;accuracy;;;;1-7;;22;0.2;female;;accuracy_first
;;;0.46667615116257366;self;0.2;;;;;dotscs_5_11;;;1;;41;14;2;left;;controlDotsAccuracy;;1;instructions;left;;lettersGrid;;;accuracy;;;;1-7;;22;2;female;;accuracy_first
;;;0.6425827699258662;self;2;;;;;dotscs_5_11;;;1;;42;12;0.2;right;;controlDotsAccuracy;;1;instructions;right;;lettersGrid;;;accuracy;;;;1-7;;22;2;female;;accuracy_first
;;;1.0429661842317728;self;2;;;;;dotscs_5_11;;;1;;1;14;0.2;left;;controlDotsCheat;;1;instructions;left;;lettersGrid;;;cheat;;;;1-7;;22;0.2;female;;accuracy_first
;;;0.9095908076833439;self;2;;;;;dotscs_5_11;;;1;;2;14;0.2;right;;controlDotsCheat;;0;instructions;left;;lettersGrid;;;cheat;;;;1-7;;22;2;female;;accuracy_first
;;;0.8667587512172759;self;0.2;;;;;dotscs_5_11;;;1;;3;12;2;right;;controlDotsCheat;;1;instructions;right;;lettersGrid;;;cheat;;;;1-7;;22;0.2;female;;accuracy_first
;;;0.6586487282283997;self;0.2;;;;;dotscs_5_11;;;1;;4;10;2;right;;controlDotsCheat;;1;instructions;right;;lettersGrid;;;cheat;;;;1-7;;22;0.2;female;;accuracy_first
;;;1.0590990294676885;self;0.2;;;;;dotscs_5_11;;;1;;5;12;2;left;;controlDotsCheat;;0;instructions;right;;lettersGrid;;;cheat;;;;1-7;;22;2;female;;accuracy_first
;;;0.6592429248485132;self;0.2;;;;;dotscs_5_11;;;1;;6;12;2;right;;controlDotsCheat;;1;instructions;right;;lettersGrid;;;cheat;;;;1-7;;22;0.2;female;;accuracy_first
;;;0.5168045457630797;other;0.2;;;;;dotscs_5_11;;;1;;7;10;2;right;;controlDotsCheat;;1;instructions;right;;lettersGrid;;;cheat;;;;1-7;;22;0.2;female;;accuracy_first
;;;0.8333011285139946;other;2;;;;;dotscs_5_11;;;1;;8;12;0.2;left;;controlDotsCheat;;1;instructions;left;;lettersGrid;;;cheat;;;;1-7;;22;0.2;female;;accuracy_first
;;;0.793254965912638;other;2;;;;;dotscs_5_11;;;1;;9;14;0.2;right;;controlDotsCheat;;0;instructions;left;;lettersGrid;;;cheat;;;;1-7;;22;2;female;;accuracy_first
;;;0.4833363060861302;other;2;;;;;dotscs_5_11;;;1;;10;14;0.2;left;;controlDotsCheat;;1;instructions;left;;lettersGrid;;;cheat;;;;1-7;;22;0.2;female;;accuracy_first
;;;0.6667615116311936;other;2;;;;;dotscs_5_11;;;1;;11;10;0.2;left;;controlDotsCheat;;1;instructions;left;;lettersGrid;;;cheat;;;;1-7;;22;0.2;female;;accuracy_first
;;;0.7263177787590394;other;0.2;;;;;dotscs_5_11;;;1;;12;14;2;right;;controlDotsCheat;;1;instructions;right;;lettersGrid;;;cheat;;;;1-7;;22;0.2;female;;accuracy_first
;;;0.6420303334007258;self;2;;;;;dotscs_5_11;;;1;;13;10;0.2;left;;controlDotsCheat;;1;instructions;left;;lettersGrid;;;cheat;;;;1-7;;22;0.2;female;;accuracy_first
;;;0.7166630568954133;self;0.2;;;;;dotscs_5_11;;;1;;14;12;2;left;;controlDotsCheat;;0;instructions;right;;lettersGrid;;;cheat;;;;1-7;;22;2;female;;accuracy_first
;;;0.7835521137685646;self;2;;;;;dotscs_5_11;;;1;;15;10;0.2;left;;controlDotsCheat;;1;instructions;left;;lettersGrid;;;cheat;;;;1-7;;22;0.2;female;;accuracy_first
;;;0.8431296148446563;self;0.2;;;;;dotscs_5_11;;;1;;16;14;2;right;;controlDotsCheat;;1;instructions;right;;lettersGrid;;;cheat;;;;1-7;;22;0.2;female;;accuracy_first
;;;0.4765039296962641;self;2;;;;;dotscs_5_11;;;1;;17;14;0.2;left;;controlDotsCheat;;1;instructions;left;;lettersGrid;;;cheat;;;;1-7;;22;0.2;female;;accuracy_first
;;;0.5334558532085794;self;2;;;;;dotscs_5_11;;;1;;18;12;0.2;left;;controlDotsCheat;;1;instructions;left;;lettersGrid;;;cheat;;;;1-7;;22;0.2;female;;accuracy_first
;;;0.9925001698720735;other;2;;;;;dotscs_5_11;;;1;;19;12;0.2;right;;controlDotsCheat;;0;instructions;left;;lettersGrid;;;cheat;;;;1-7;;22;2;female;;accuracy_first
;;;0.659074822767252;other;0.2;;;;;dotscs_5_11;;;1;;20;12;2;right;;controlDotsCheat;;1;instructions;right;;lettersGrid;;;cheat;;;;1-7;;22;0.2;female;;accuracy_first
;;;0.5586877986906984;other;2;;;;;dotscs_5_11;;;1;;21;10;0.2;left;;controlDotsCheat;;1;instructions;left;;lettersGrid;;;cheat;;;;1-7;;22;0.2;female;;accuracy_first
;;;0.6431628105819982;other;0.2;;;;;dotscs_5_11;;;1;;22;14;2;right;;controlDotsCheat;;1;instructions;right;;lettersGrid;;;cheat;;;;1-7;;22;0.2;female;;accuracy_first
;;;0.5597438336617415;other;2;;;;;dotscs_5_11;;;1;;23;14;0.2;left;;controlDotsCheat;;1;instructions;left;;lettersGrid;;;cheat;;;;1-7;;22;0.2;female;;accuracy_first
;;;0.7262859278389442;other;0.2;;;;;dotscs_5_11;;;1;;24;14;2;right;;controlDotsCheat;;1;instructions;right;;lettersGrid;;;cheat;;;;1-7;;22;0.2;female;;accuracy_first
;;;0.726171264524055;self;0.2;;;;;dotscs_5_11;;;1;;25;12;2;right;;controlDotsCheat;;1;instructions;right;;lettersGrid;;;cheat;;;;1-7;;22;0.2;female;;accuracy_first
;;;0.7253941020589991;self;0.2;;;;;dotscs_5_11;;;1;;26;10;2;right;;controlDotsCheat;;1;instructions;right;;lettersGrid;;;cheat;;;;1-7;;22;0.2;female;;accuracy_first
;;;0.47583966104957653;self;2;;;;;dotscs_5_11;;;1;;27;12;0.2;left;;controlDotsCheat;;1;instructions;left;;lettersGrid;;;cheat;;;;1-7;;22;0.2;female;;accuracy_first
;;;0.8500019818347937;self;0.2;;;;;dotscs_5_11;;;1;;28;14;2;left;;controlDotsCheat;;0;instructions;right;;lettersGrid;;;cheat;;;;1-7;;22;2;female;;accuracy_first
;;;0.5165709723451073;self;2;;;;;dotscs_5_11;;;1;;29;10;0.2;left;;controlDotsCheat;;1;instructions;left;;lettersGrid;;;cheat;;;;1-7;;22;0.2;female;;accuracy_first
;;;0.7420669973498661;self;2;;;;;dotscs_5_11;;;1;;30;10;0.2;left;;controlDotsCheat;;1;instructions;left;;lettersGrid;;;cheat;;;;1-7;;22;0.2;female;;accuracy_first
;;;0.866828469344;other;0.2;;;;;dotscs_5_11;;;1;;31;12;2;right;;controlDotsCheat;;1;instructions;right;;lettersGrid;;;cheat;;;;1-7;;22;0.2;female;;accuracy_first
;;;0.7420854001047701;other;0.2;;;;;dotscs_5_11;;;1;;32;10;2;right;;controlDotsCheat;;1;instructions;right;;lettersGrid;;;cheat;;;;1-7;;22;0.2;female;;accuracy_first
;;;0.908642358043835;other;2;;;;;dotscs_5_11;;;1;;33;10;0.2;left;;controlDotsCheat;;1;instructions;left;;lettersGrid;;;cheat;;;;1-7;;22;0.2;female;;accuracy_first
;;;0.7598037133921025;other;2;;;;;dotscs_5_11;;;1;;34;14;0.2;left;;controlDotsCheat;;1;instructions;left;;lettersGrid;;;cheat;;;;1-7;;22;0.2;female;;accuracy_first
;;;0.5585706580823171;other;0.2;;;;;dotscs_5_11;;;1;;35;10;2;right;;controlDotsCheat;;1;instructions;right;;lettersGrid;;;cheat;;;;1-7;;22;0.2;female;;accuracy_first
;;;0.458668121899791;other;2;;;;;dotscs_5_11;;;1;;36;10;0.2;left;;controlDotsCheat;;1;instructions;left;;lettersGrid;;;cheat;;;;1-7;;22;0.2;female;;accuracy_first
;;;0.5500838033112814;self;0.2;;;;;dotscs_5_11;;;1;;37;10;2;right;;controlDotsCheat;;1;instructions;right;;lettersGrid;;;cheat;;;;1-7;;22;0.2;female;;accuracy_first
;;;0.6668007944326746;self;0.2;;;;;dotscs_5_11;;;1;;38;12;2;right;;controlDotsCheat;;1;instructions;right;;lettersGrid;;;cheat;;;;1-7;;22;0.2;female;;accuracy_first
;;;0.9334106956803225;self;0.2;;;;;dotscs_5_11;;;1;;39;12;2;right;;controlDotsCheat;;1;instructions;right;;lettersGrid;;;cheat;;;;1-7;;22;0.2;female;;accuracy_first
;;;0.5666586685465518;self;2;;;;;dotscs_5_11;;;1;;40;14;0.2;left;;controlDotsCheat;;1;instructions;left;;lettersGrid;;;cheat;;;;1-7;;22;0.2;female;;accuracy_first
;;;0.7833309268189623;self;0.2;;;;;dotscs_5_11;;;1;;41;14;2;right;;controlDotsCheat;;1;instructions;right;;lettersGrid;;;cheat;;;;1-7;;22;0.2;female;;accuracy_first
;;;0.50913378236055;self;2;;;;;dotscs_5_11;;;1;;42;12;0.2;left;;controlDotsCheat;;1;instructions;left;;lettersGrid;;;cheat;;;;1-7;;22;0.2;female;;accuracy_first
;;9.983;;qStress;self;0.5;;;[];;dotscs_5_11;[];;2;;1;10;;;cheat;['T', 'R'];;instructions;right;[0, 1];lettersGrid;[];['2x2+3=9 ?', '3x2-5=1 ?'];5;[];;4;1-7;;22;;female;;accuracy_first
;;1.098;;qSatisfied;self;5;;;[];;dotscs_5_11;[];;2;;1;10;;;accuracy;['Z', 'H'];;instructions;right;[1, 1];lettersGrid;[];['1+4/2=3 ?', '2x2-2=2 ?'];0.5;[];;4;1-7;;22;;female;;accuracy_first
;;6.579;;qFrustration;self;0.5;;;[];;dotscs_5_11;[];;2;;1;10;;;cheat;['I', 'P'];;instructions;right;[1, 1];lettersGrid;[];['8/4+2=4 ?', '8/2-4=0 ?'];5;[];;6;1-7;;22;;female;;accuracy_first
;;3.667;;qDifficulty;self;0.5;;;[];;dotscs_5_11;[];;2;;1;12;;;cheat;['J', 'S'];;instructions;right;[1, 0];lettersGrid;[];['6/2+4=7 ?', '3x3-9=1 ?'];5;[];;7;1-7;;22;;female;;accuracy_first
;;3.783;;qEffort;self;0.5;;;[];;dotscs_5_11;[];;2;;1;10;;;cheat;['R', 'A'];;instructions;right;[1, 0];lettersGrid;[];['2x3-1=5 ?', '6/2-2=3 ?'];5;[];;6;1-7;;22;;female;;accuracy_first
;;20.482;;qAttitude;self;0.5;;;[];;dotscs_5_11;[];;2;;1;14;;;cheat;['T', 'J'];;instructions;right;[0, 1];lettersGrid;[];['6+4/2=9 ?', '9/3-3=0 ?'];5;[];;2;1-7;;22;;female;;accuracy_first
;;110.92925061153801;;qBirthweight;self;0.5;;;[];;dotscs_5_11;[];;1;;1;12;;;cheat;[];;instructions;right;[];lettersGrid;[];[];5;[];;3000;1-7;;22;;female;;accuracy_first
;;5.7812301816493346;;qFriends;self;5;;;[];;dotscs_5_11;[];;1;;1;14;;;cheat;[];;instructions;left;[];lettersGrid;[];[];0.5;[];;400;1-7;;22;;female;;accuracy_first
;;19.26035225702708;;qAbout;self;5;;;[];;dotscs_5_11;[];;1;;1;12;;;accuracy;[];;instructions;right;[];lettersGrid;[];[];0.5;[];;i think it ii;1-7;;22;;female;;accuracy_first
;;8.176858607393115;;qFeedback;self;5;;;[];;dotscs_5_11;[];;1;;1;14;;;accuracy;[];;instructions;right;[];lettersGrid;[];[];0.5;[];;"
 ";1-7;;22;;female;;accuracy_first
