equationScore;equationProportion;recallRT;dotsRT;dotsReceiver;dotsMoneyRight;recallIntersection;recallLocation;equationScores;utc_start;id;recallRTs;equationRateCumulative;span;recallProportion;no;dotsN;dotsMoneyLeft;dotsAns;pauseRT;condition;encode;dotsCorrect;start_at;dotsSide;equationCorrect;stimType;equationAnss;equationText;dotsIncentive;equationRTs;recallLocationRateCumulative;recallAns;level;recallSum;age;moneyEarned;gender;moneyEarnedCumulative;order
;;;6.345380788477996;self;0.5;;;;;dotscs_8_2;;;1;;1;14;5;right;;practiceDots;;0;instructions;left;;faces;;;accuracy;;;;1-7;;20;0.5;female;;cheat_first
;;;1.8621254169702297;self;0.5;;;;;dotscs_8_2;;;1;;2;14;5;left;;practiceDots;;1;instructions;left;;faces;;;accuracy;;;;1-7;;20;5;female;;cheat_first
;;;1.6941309574631305;self;5;;;;;dotscs_8_2;;;1;;3;10;0.5;left;;practiceDots;;1;instructions;left;;faces;;;cheat;;;;1-7;;20;0.5;female;;cheat_first
;;;2.0454669959253806;self;5;;;;;dotscs_8_2;;;1;;4;12;0.5;right;;practiceDots;;1;instructions;right;;faces;;;accuracy;;;;1-7;;20;5;female;;cheat_first
;;;2.0861196811310947;self;0.5;;;;;dotscs_8_2;;;1;;5;14;5;right;;practiceDots;;1;instructions;right;;faces;;;cheat;;;;1-7;;20;0.5;female;;cheat_first
;;;1.4775124551342742;self;5;;;;;dotscs_8_2;;;1;;6;10;0.5;right;;practiceDots;;1;instructions;right;;faces;;;accuracy;;;;1-7;;20;5;female;;cheat_first
2;1.0;19.98013583688771;;self;0.5;2;2;1, 1;1461843763.774;dotscs_8_2;;1.0;2;1.0;1;10;5;;6.660176335984943;practiceCS;faces\\Noah.bmp, faces\\Thomas.bmp;;instructions;left;1, 1;faces;1, 1;6/3+3=5 ?, 8/2+1=5 ?;accuracy;3.5006295691546256, 1.8233430369782582;1.0;faces\\Noah.bmp, faces\\Thomas.bmp;1-7;4;20;;female;;cheat_first
3;1.0;19.78355808845845;;self;0.5;3;3;1, 1, 1;1461843800.232;dotscs_8_2;;1.0;3;1.0;2;14;5;;7.636225458658373;practiceCS;faces\\Sonya.bmp, faces\\Olivia.bmp, faces\\Jonah.bmp;;instructions;right;1, 1, 1;faces;1, 1, 1;3x3-1=8 ?, 2x2+3=7 ?, 3x3-3=6 ?;cheat;2.1141452404353913, 1.4208459229485015, 2.722777238686831;1.0;faces\\Sonya.bmp, faces\\Olivia.bmp, faces\\Jonah.bmp;1-7;6;20;;female;;cheat_first
2;1.0;6.064475100700292;;self;5;1;1;1, 1;1461843840.387;dotscs_8_2;;1.0;2;0.5;3;14;0.5;;2.515766832215377;practiceCS;faces\\Joan.bmp, faces\\Will.bmp;;instructions;right;0, 0;faces;0, 0;8/2-3=0 ?, 9/3-2=0 ?;accuracy;2.3488120996189537, 2.421554055536035;0.8571428571428571;faces\\Joan.bmp, faces\\Eddie.bmp;1-7;2;20;;female;;cheat_first
5;1.0;24.166836533555397;;self;5;4;4;1, 1, 1, 1, 1;1461843858.124;dotscs_8_2;;1.0;5;0.8;4;12;0.5;;10.964399439155386;practiceCS;faces\\Nicole.bmp, faces\\Olga.bmp, faces\\Peter.bmp, faces\\Mark.bmp, faces\\Simon.bmp;;instructions;left;1, 1, 1, 1, 0;faces;1, 1, 1, 1, 0;4+6/3=6 ?, 3x3-5=4 ?, 3x3-2=7 ?, 2x4-6=2 ?, 4x2-4=2 ?;cheat;2.798639437003658, 1.7900254163323552, 1.4454044282883842, 1.258707978293387, 2.6475056816943834;0.8333333333333334;faces\\Nicole.bmp, faces\\Olga.bmp, faces\\Peter.bmp, faces\\Polly.bmp, faces\\Simon.bmp;1-7;8;20;;female;;cheat_first
7;1.0;56.33479277301376;;self;5;6;4;1, 1, 1, 1, 1, 1, 1;1461843913.692;dotscs_8_2;;1.0;7;0.5714285714285714;5;14;0.5;;4.11979296057325;practiceCS;faces\\Britt.bmp, faces\\Lena.bmp, faces\\Paul.bmp, faces\\James.bmp, faces\\Eric.bmp, faces\\Amanda.bmp, faces\\Leslie.bmp;;instructions;left;1, 0, 1, 0, 0, 1, 0;faces;1, 0, 1, 0, 0, 1, 0;4/2+7=9 ?, 3x3-1=9 ?, 4x2-6=2 ?, 9/3-1=1 ?, 2x2+4=6 ?, 2x4-6=2 ?, 3+4/2=6 ?;cheat;2.3120369800199114, 1.4826902102176973, 3.8785911806535296, 3.0425944760718266, 1.6399957957946754, 3.245309373609416, 3.9065831204698043;0.7368421052631579;faces\\Britt.bmp, faces\\Lena.bmp, faces\\Paul.bmp, faces\\James.bmp, faces\\Leslie.bmp, faces\\Sofia.bmp, faces\\Eric.bmp;1-7;10;20;;female;;cheat_first
3;0.75;13.52980845384991;;self;0.5;3;2;1, 1, 0, 1;1461844008.198;dotscs_8_2;;0.9565217391304348;4;0.5;6;14;5;;3.420752496158457;practiceCS;faces\\Casper.bmp, faces\\Benny.bmp, faces\\Adam.bmp, faces\\Amber.bmp;;instructions;right;1, 1, 1, 1;faces;1, 1, 0, 1;4x2+1=9 ?, 4/2+2=4 ?, 6/3+4=6 ?, 3x3-7=2 ?;cheat;1.4927049249363336, 3.702636687992708, 1.7209143651489285, 3.0346432901515072;0.6956521739130435;faces\\Casper.bmp, faces\\Benny.bmp, faces\\Amber.bmp, faces\\Emily.bmp;1-7;5;20;;female;;cheat_first
2;1.0;11.076901925229322;4.186811817922717;self;5;2;2;1, 1;1461844097.743;dotscs_8_2;;0.96;2;1.0;1;14;0.5;left;3.7679140558466315;practiceExp;faces\\Andrea.bmp, faces\\Maria.bmp;0;instructions;right;1, 0;faces;1, 0;3x3-3=6 ?, 8/4+6=6 ?;accuracy;3.0327598910298548, 2.646107818760356;0.72;faces\\Andrea.bmp, faces\\Maria.bmp;1-7;4;20;0.5;female;;cheat_first
6;1.0;38.96461106498646;2.6090563115812984;self;5;5;4;1, 1, 1, 1, 1, 1;1461844134.278;dotscs_8_2;;0.967741935483871;6;0.6666666666666666;2;14;0.5;right;5.236587416686234;practiceExp;faces\\James.bmp, faces\\Justin.bmp, faces\\Anders.bmp, faces\\Mike.bmp, faces\\Diana.bmp, faces\\Noah.bmp;1;instructions;right;0, 1, 0, 1, 1, 1;faces;0, 1, 0, 1, 1, 1;3x2-4=1 ?, 9/3+5=8 ?, 2x2-4=2 ?, 6/3-1=1 ?, 3x3-6=3 ?, 2+4/2=4 ?;accuracy;3.619952564671621, 2.322101947029296, 2.0920172471505794, 2.815288515370412, 3.645936890205121, 2.578665001972695;0.7096774193548387;faces\\James.bmp, faces\\Justin.bmp, faces\\Anders.bmp, faces\\Mike.bmp, faces\\Sofia.bmp, faces\\Diana.bmp;1-7;9;20;5;female;;cheat_first
4;1.0;21.942330545392906;1.7142899104019307;self;0.5;3;3;1, 1, 1, 1;1461844218.784;dotscs_8_2;;0.9714285714285714;4;0.75;3;12;5;left;2.4874047241391963;practiceExp;faces\\Alex.bmp, faces\\Britt.bmp, faces\\Leah.bmp, faces\\Timmy.bmp;1;instructions;left;0, 0, 1, 0;faces;0, 0, 1, 0;8/2-1=1 ?, 4x2-3=6 ?, 5+6/3=7 ?, 3x3-8=0 ?;accuracy;2.2121612659611856, 2.9780900025543815, 1.7461760486276034, 2.1793560770947806;0.7142857142857143;faces\\Alex.bmp, faces\\Britt.bmp, faces\\Leah.bmp, faces\\Eddie.bmp;1-7;6;20;5;female;;cheat_first
6;1.0;43.24584374652659;1.6228558728998905;self;5;2;0;1, 1, 1, 1, 1, 1;1461844278.204;dotscs_8_2;;0.975609756097561;6;0.0;1;10;0.5;left;15.5690201016223;experiment;faces\\Tina.bmp, faces\\Lana.bmp, faces\\Mona.bmp, faces\\Steve.bmp, faces\\Eric.bmp, faces\\Bobby.bmp;1;instructions;left;1, 1, 1, 1, 1, 1;faces;1, 1, 1, 1, 1, 1;2+2x2=6 ?, 8/2-3=1 ?, 2x4-1=7 ?, 9/3-2=1 ?, 4/2-2=0 ?, 3x3-2=7 ?;cheat;2.5773226996661833, 4.857295889009038, 2.262148844445619, 3.433956815590136, 1.8713718379094644, 1.883291185111375;0.6097560975609756;faces\\Mona.bmp, faces\\Jane.bmp, faces\\Kelly.bmp, faces\\Chris.bmp, faces\\Bobby.bmp, faces\\Andre.bmp;1-7;2;20;0.297441998810232;female;0.297441998810232;cheat_first
6;1.0;58.515053745175464;1.8629326385780587;self;5;5;3;1, 1, 1, 1, 1, 1;1461844369.793;dotscs_8_2;;0.9787234042553191;6;0.5;2;12;0.5;left;10.91900286721284;experiment;faces\\Kurt.bmp, faces\\Polly.bmp, faces\\Jason.bmp, faces\\George.bmp, faces\\Jane.bmp, faces\\Hanna.bmp;1;instructions;left;1, 1, 0, 0, 1, 1;faces;1, 1, 0, 0, 1, 1;2x4-3=5 ?, 2+4/2=4 ?, 2x3-6=2 ?, 4x2-5=2 ?, 2x2+5=9 ?, 2x4-6=2 ?;cheat;1.8609211315106222, 2.089563378398452, 1.612827002605627, 3.1474876333359134, 3.084167981365681, 4.1833716595501755;0.5957446808510638;faces\\Kurt.bmp, faces\\Polly.bmp, faces\\Jason.bmp, faces\\Jane.bmp, faces\\Hanna.bmp, faces\\Adam.bmp;1-7;8;20;0.2915346310547759;female;0.5889766298650079;cheat_first
2;0.5;33.23123767137986;2.832108522292401;self;5;2;2;0, 1, 0, 1;1461844471.037;dotscs_8_2;;0.9411764705882353;4;0.5;3;10;0.5;right;15.362061009107492;experiment;faces\\Anders.bmp, faces\\Amber.bmp, faces\\Angie.bmp, faces\\Kate.bmp;0;instructions;left;0, 0, 1, 1;faces;1, 0, 0, 1;2x2-2=0 ?, 3x3-6=5 ?, 9/3-3=0 ?, 3+9/3=6 ?;cheat;1.7596680800998001, 2.3600650731732458, 3.8005918445487623, 2.559321763981643;0.5882352941176471;faces\\Karen.bmp, faces\\Amber.bmp, faces\\Angie.bmp, faces\\Fiona.bmp;1-7;4;20;2.768166089965398;female;3.357142719830406;cheat_first
4;1.0;16.673986513984346;1.8256157143860037;self;0.5;4;4;1, 1, 1, 1;1461844544.155;dotscs_8_2;;0.9454545454545454;4;1.0;4;14;5;right;7.603963489942544;experiment;faces\\Matt.bmp, faces\\Lisa.bmp, faces\\Julian.bmp, faces\\Angie.bmp;0;instructions;left;0, 0, 0, 0;faces;0, 0, 0, 0;6/3+1=1 ?, 2x3+3=8 ?, 2+4/2=3 ?, 4+8/4=8 ?;accuracy;2.99948438321735, 3.7100283748477523, 3.3367158077417116, 4.194000018402221;0.6181818181818182;faces\\Matt.bmp, faces\\Lisa.bmp, faces\\Julian.bmp, faces\\Angie.bmp;1-7;8;20;0.29223140495867767;female;3.649374124789084;cheat_first
4;1.0;14.935411654707423;1.9396264768693072;self;0.5;4;4;1, 1, 1, 1;1461844594.403;dotscs_8_2;;0.9491525423728814;4;1.0;5;14;5;left;6.766440460594822;experiment;faces\\Benny.bmp, faces\\Megan.bmp, faces\\Brian.bmp, faces\\Britt.bmp;0;instructions;right;0, 0, 0, 0;faces;0, 0, 0, 0;4+9/3=8 ?, 2x2-4=2 ?, 4+2x2=9 ?, 3x3-4=7 ?;cheat;2.895839039800194, 1.5626876055921457, 2.747325481237567, 3.196803529834142;0.6440677966101694;faces\\Benny.bmp, faces\\Megan.bmp, faces\\Brian.bmp, faces\\Britt.bmp;1-7;8;20;3.056592933065211;female;6.705967057854295;cheat_first
6;0.8571428571428571;50.84750058568716;2.3067091758548486;self;5;7;4;1, 1, 1, 1, 1, 1, 0;1461844638.473;dotscs_8_2;;0.9393939393939394;7;0.5714285714285714;6;10;0.5;left;8.021784366725115;experiment;faces\\Matt.bmp, faces\\Adam.bmp, faces\\Alex.bmp, faces\\Victor.bmp, faces\\Damon.bmp, faces\\Amber.bmp, faces\\Donna.bmp;1;instructions;left;0, 1, 1, 1, 0, 1, 1;faces;0, 1, 1, 1, 0, 1, 0;9/3-3=2 ?, 8/4+1=3 ?, 8/2-3=1 ?, 4x2-2=6 ?, 6+9/3=7 ?, 8/2-1=3 ?, 8/4+5=7 ?;cheat;2.4594488810362236, 5.727956763214024, 5.52995248681691, 3.2113048537339637, 3.906013004727356, 5.348591980442507, 2.605358167873419;0.6363636363636364;faces\\Matt.bmp, faces\\Adam.bmp, faces\\Alex.bmp, faces\\Victor.bmp, faces\\Amber.bmp, faces\\Donna.bmp, faces\\Damon.bmp;1-7;11;20;0.2988980716253444;female;7.004865129479639;cheat_first
7;1.0;30.103010465923944;1.5492734297749848;other;0.5;6;1;1, 1, 1, 1, 1, 1, 1;1461844744.585;dotscs_8_2;;0.9452054794520548;7;0.14285714285714285;7;10;5;left;11.329632358509116;experiment;faces\\Scott.bmp, faces\\Joshua.bmp, faces\\Jenny.bmp, faces\\Lana.bmp, faces\\Erin.bmp, faces\\Kenny.bmp, faces\\Oliver.bmp;1;instructions;left;1, 1, 1, 0, 1, 1, 0;faces;1, 1, 1, 0, 1, 1, 0;6/2+5=8 ?, 3x3-4=5 ?, 2x2+3=7 ?, 8/2-2=0 ?, 6/2-1=2 ?, 9/3-2=1 ?, 2x2-4=1 ?;accuracy;2.2906606477172318, 2.790072129726468, 1.3414228899873706, 4.614633607738142, 3.4047280324957683, 1.6273509754264524, 1.8734028088911145;0.589041095890411;faces\\Scott.bmp, faces\\Jenny.bmp, faces\\Lana.bmp, faces\\Erin.bmp, faces\\Kurt.bmp, faces\\Oliver.bmp, faces\\Joshua.bmp;1-7;7;20;2.7838243572902988;female;7.004865129479639;cheat_first
4;1.0;18.195843074137883;2.1594713884005614;other;0.5;4;4;1, 1, 1, 1;1461844822.586;dotscs_8_2;;0.948051948051948;4;1.0;8;12;5;right;4.11199819374815;experiment;faces\\Joshua.bmp, faces\\Kevin.bmp, faces\\Jake.bmp, faces\\Vicky.bmp;1;instructions;right;0, 0, 1, 1;faces;0, 0, 1, 1;8/4-1=2 ?, 1+9/3=2 ?, 5+2x2=9 ?, 4/2+2=4 ?;cheat;5.373352556602185, 3.4774126583397447, 2.0014803191515966, 2.5442138737362257;0.6103896103896104;faces\\Joshua.bmp, faces\\Kevin.bmp, faces\\Jake.bmp, faces\\Vicky.bmp;1-7;8;20;0.28934052960026985;female;7.004865129479639;cheat_first
1;1.0;4.912717438464824;2.5416828571032966;other;5;1;1;1;1461844870.369;dotscs_8_2;;0.9487179487179487;1;1.0;9;14;0.5;right;2.7751889592182124;experiment;faces\\Tina.bmp;1;instructions;right;1;faces;1;2x4+1=9 ?;accuracy;2.6491841788811143;0.6153846153846154;faces\\Tina.bmp;1-7;2;20;2.9191321499013805;female;7.004865129479639;cheat_first
7;1.0;78.52745155077719;1.6247385642418521;other;5;7;3;1, 1, 1, 1, 1, 1, 1;1461844887.045;dotscs_8_2;;0.9529411764705882;7;0.42857142857142855;10;10;0.5;left;3.3374218169956293;experiment;faces\\Simon.bmp, faces\\Kristen.bmp, faces\\Ricky.bmp, faces\\Lena.bmp, faces\\Linda.bmp, faces\\Wendy.bmp, faces\\Fiona.bmp;1;instructions;left;0, 1, 1, 0, 1, 0, 0;faces;0, 1, 1, 0, 1, 0, 0;3x3-5=3 ?, 9/3+6=9 ?, 6+6/2=9 ?, 5+6/3=9 ?, 5+2x2=9 ?, 2x2+1=4 ?, 2x4-6=1 ?;cheat;1.4514637217416748, 2.744099779809403, 2.569332939807282, 2.361365262646359, 1.673984036759066, 1.6140507519794483, 2.4287925083026494;0.6;faces\\Simon.bmp, faces\\Kristen.bmp, faces\\Fiona.bmp, faces\\Lena.bmp, faces\\Ricky.bmp, faces\\Linda.bmp, faces\\Wendy.bmp;1-7;10;20;0.2858823529411764;female;7.004865129479639;cheat_first
3;1.0;7.84302317762922;1.6914215805973072;other;0.5;2;2;1, 1, 1;1461845001.363;dotscs_8_2;;0.9545454545454546;3;0.6666666666666666;11;10;5;left;3.028602398944713;experiment;faces\\Scott.bmp, faces\\Nana.bmp, faces\\Mary.bmp;1;instructions;left;1, 1, 0;faces;1, 1, 0;4/2-1=1 ?, 2x4-3=5 ?, 2+2x3=7 ?;accuracy;2.6441964623791137, 2.6174498591881274, 2.2394652448820125;0.6022727272727273;faces\\Scott.bmp, faces\\Nana.bmp, faces\\Angie.bmp;1-7;4;20;2.8744834710743805;female;7.004865129479639;cheat_first
2;1.0;3.2432812337428913;1.6014958195064537;other;5;2;2;1, 1;1461845029.365;dotscs_8_2;;0.9555555555555556;2;1.0;12;12;0.5;left;1.6134031344681716;experiment;faces\\Micha.bmp, faces\\Erin.bmp;1;instructions;left;1, 0;faces;1, 0;5+6/2=8 ?, 4+9/3=5 ?;cheat;2.2853703558212146, 2.552680676437376;0.6111111111111112;faces\\Micha.bmp, faces\\Erin.bmp;1-7;4;20;0.29197530864197535;female;7.004865129479639;cheat_first
3;1.0;9.788130338863994;1.6948305967071065;self;5;3;3;1, 1, 1;1461845046.135;dotscs_8_2;;0.956989247311828;3;1.0;13;14;0.5;right;2.122602488125267;experiment;faces\\Leah.bmp, faces\\Jonah.bmp, faces\\Erica.bmp;0;instructions;left;1, 0, 1;faces;1, 0, 1;9/3+1=4 ?, 8/4+7=7 ?, 3+8/4=5 ?;cheat;3.1633613401354523, 2.0754201905201626, 3.3832876462183776;0.6236559139784946;faces\\Leah.bmp, faces\\Jonah.bmp, faces\\Erica.bmp;1-7;6;20;2.9841600184992485;female;9.989025147978888;cheat_first
2;1.0;15.03019879380372;2.4120294775675575;self;0.5;2;2;1, 1;1461845076.368;dotscs_8_2;;0.9578947368421052;2;1.0;14;12;5;right;2.4747008042486414;experiment;faces\\Susan.bmp, faces\\Kiki.bmp;1;instructions;right;1, 0;faces;1, 0;2x2-3=1 ?, 4x2-2=8 ?;cheat;2.6066438478810596, 4.3573015512374695;0.631578947368421;faces\\Susan.bmp, faces\\Kiki.bmp;1-7;4;20;0.30249307479224374;female;10.291518222771131;cheat_first
6;1.0;19.47257251369774;1.9146850632496353;self;0.5;6;6;1, 1, 1, 1, 1, 1;1461845108.91;dotscs_8_2;;0.9603960396039604;6;1.0;15;14;5;right;4.619151359183888;experiment;faces\\Sarah.bmp, faces\\Leah.bmp, faces\\Susan.bmp, faces\\Victor.bmp, faces\\Billy.bmp, faces\\Andrea.bmp;1;instructions;right;0, 0, 0, 0, 1, 0;faces;0, 0, 0, 0, 1, 0;2x2-1=1 ?, 1+2x2=3 ?, 9/3-2=2 ?, 9/3+3=4 ?, 3+4/2=5 ?, 8/2+4=9 ?;cheat;4.753443520321525, 3.642025351218763, 3.5993622206133296, 1.806192143514636, 3.1247608592730103, 2.630838201081133;0.6534653465346535;faces\\Sarah.bmp, faces\\Leah.bmp, faces\\Susan.bmp, faces\\Victor.bmp, faces\\Billy.bmp, faces\\Andrea.bmp;1-7;12;20;0.3137927654151554;female;10.605310988186286;cheat_first
4;1.0;37.052160105204166;1.579502658063575;self;5;4;2;1, 1, 1, 1;1461845168.222;dotscs_8_2;;0.9619047619047619;4;0.5;16;10;0.5;left;4.161283301871663;experiment;faces\\Ricky.bmp, faces\\Andrea.bmp, faces\\Fiona.bmp, faces\\Casper.bmp;1;instructions;left;0, 0, 1, 0;faces;0, 0, 1, 0;2+2x2=5 ?, 3x3-5=3 ?, 4x2-4=4 ?, 4/2-1=2 ?;cheat;4.113247777044307, 3.3792610931923264, 4.019227870059694, 3.9212670512752084;0.6476190476190476;faces\\Ricky.bmp, faces\\Fiona.bmp, faces\\Andrea.bmp, faces\\Casper.bmp;1-7;6;20;0.31147392290249437;female;10.916784911088781;cheat_first
7;1.0;40.000651156404274;1.7574017727019964;self;0.5;6;4;1, 1, 1, 1, 1, 1, 1;1461845236.628;dotscs_8_2;;0.9642857142857143;7;0.5714285714285714;17;10;5;right;4.677872572938213;experiment;faces\\Mike.bmp, faces\\Cindy.bmp, faces\\Kelly.bmp, faces\\Andrea.bmp, faces\\Bobby.bmp, faces\\Carl.bmp, faces\\Julian.bmp;1;instructions;right;1, 0, 0, 0, 0, 0, 0;faces;1, 0, 0, 0, 0, 0, 0;4x2-3=5 ?, 6/2+3=7 ?, 3+9/3=5 ?, 3x3-1=9 ?, 2x4-8=2 ?, 2x2-3=0 ?, 3+4/2=3 ?;cheat;2.4414390981200995, 1.8548919186541752, 4.723335322190906, 2.6054735358011385, 2.5080842483148444, 1.7986758876068052, 2.333439500138411;0.6428571428571429;faces\\Mike.bmp, faces\\Cindy.bmp, faces\\Andrea.bmp, faces\\Kelly.bmp, faces\\Billy.bmp, faces\\Carl.bmp, faces\\Julian.bmp;1-7;10;20;0.30994897959183676;female;11.226733890680618;cheat_first
4;0.8;39.826054537179516;1.000138016845085;self;0.5;4;2;1, 1, 1, 0, 1;1461845317.188;dotscs_8_2;;0.9572649572649573;5;0.4;18;12;5;left;6.855324017549719;experiment;faces\\Mike.bmp, faces\\Kristen.bmp, faces\\Joseph.bmp, faces\\Noah.bmp, faces\\Ella.bmp;1;instructions;left;1, 0, 1, 1, 1;faces;1, 0, 1, 0, 1;2+6/2=5 ?, 9/3+3=8 ?, 4/2+2=4 ?, 9/3-3=0 ?, 3+4/2=5 ?;accuracy;3.8552344835443364, 1.5400255932781874, 6.701099038766188, 1.2160455554676446, 2.2866298480203113;0.6324786324786325;faces\\Keith.bmp, faces\\Kristen.bmp, faces\\Joseph.bmp, faces\\Ella.bmp, faces\\Noah.bmp;1-7;6;20;3.0272481554532837;female;14.253982046133903;cheat_first
6;1.0;27.425514077363914;0.9435295225102891;other;5;5;4;1, 1, 1, 1, 1, 1;1461845392.365;dotscs_8_2;;0.959349593495935;6;0.6666666666666666;19;12;0.5;right;2.5353613316437986;experiment;faces\\Shane.bmp, faces\\James.bmp, faces\\Sofia.bmp, faces\\Nina.bmp, faces\\Karen.bmp, faces\\Mary.bmp;1;instructions;right;1, 0, 0, 0, 1, 1;faces;1, 0, 0, 0, 1, 1;5+2x2=9 ?, 2x4-4=2 ?, 6+9/3=8 ?, 3+9/3=5 ?, 2x3-3=3 ?, 9/3+2=5 ?;accuracy;1.3809123409009771, 1.7568426275302045, 1.621428991040375, 2.6912902876483713, 2.446707448874804, 1.8834203547248762;0.6341463414634146;faces\\Shane.bmp, faces\\James.bmp, faces\\Sofia.bmp, faces\\Nina.bmp, faces\\Rachel.bmp, faces\\Karen.bmp;1-7;9;20;3.041840174499306;female;14.253982046133903;cheat_first
2;1.0;8.76169905108145;1.0655272137373686;other;5;2;2;1, 1;1461845449.462;dotscs_8_2;;0.96;2;1.0;20;10;0.5;left;3.681486490982934;experiment;faces\\Justin.bmp, faces\\John.bmp;1;instructions;left;0, 1;faces;0, 1;2x2-1=4 ?, 1+6/3=3 ?;cheat;2.152673881762894, 1.9373707861504954;0.64;faces\\Justin.bmp, faces\\John.bmp;1-7;4;20;0.3072;female;14.253982046133903;cheat_first
1;1.0;6.909957101534019;2.494588324057986;other;5;1;1;1;1461845472.956;dotscs_8_2;;0.9603174603174603;1;1.0;21;12;0.5;right;2.8843648853999184;experiment;faces\\Tony.bmp;1;instructions;right;0;faces;0;6/2-3=1 ?;accuracy;1.8102484232458664;0.6428571428571429;faces\\Tony.bmp;1-7;2;20;3.0867346938775513;female;14.253982046133903;cheat_first
7;1.0;77.53333036066215;2.099406810670189;other;0.5;5;3;1, 1, 1, 1, 1, 1, 1;1461845490.631;dotscs_8_2;;0.9624060150375939;7;0.42857142857142855;22;14;5;right;4.273292820080314;experiment;faces\\Mona.bmp, faces\\Sarah.bmp, faces\\Leslie.bmp, faces\\Karen.bmp, faces\\Regina.bmp, faces\\Megan.bmp, faces\\Jacob.bmp;1;instructions;right;1, 1, 0, 1, 1, 1, 1;faces;1, 1, 0, 1, 1, 1, 1;2x3-5=1 ?, 4/2-2=0 ?, 2x3-2=5 ?, 6/3-2=0 ?, 6+6/2=9 ?, 3x2+1=7 ?, 4x2-3=5 ?;cheat;1.7562165972685762, 2.0048479302076885, 3.195477506438692, 3.00276989194208, 1.8494639638010995, 1.5661224556242814, 2.4299808687410405;0.631578947368421;faces\\Mona.bmp, faces\\Sarah.bmp, faces\\Leslie.bmp, faces\\Sofia.bmp, faces\\Megan.bmp, faces\\Lucas.bmp, faces\\Karen.bmp;1-7;8;20;0.30391768895924015;female;14.253982046133903;cheat_first
4;1.0;23.24366343424117;0.9001855087972217;other;5;3;2;1, 1, 1, 1;1461845607.554;dotscs_8_2;;0.9635036496350365;4;0.5;23;10;0.5;right;4.560104213334853;experiment;faces\\Bobby.bmp, faces\\Chris.bmp, faces\\Mike.bmp, faces\\Jenny.bmp;1;instructions;right;0, 0, 0, 0;faces;0, 0, 0, 0;3x3-8=0 ?, 3x3-5=5 ?, 4/2-1=3 ?, 5+8/2=7 ?;accuracy;2.512748156059388, 1.4194282422104152, 3.769286792638013, 1.833439500138411;0.6277372262773723;faces\\Bobby.bmp, faces\\John.bmp, faces\\Chris.bmp, faces\\Jenny.bmp;1-7;5;20;3.024135542650115;female;14.253982046133903;cheat_first
5;1.0;18.13816548007526;2.174026857370336;other;0.5;5;5;1, 1, 1, 1, 1;1461845655.868;dotscs_8_2;;0.9647887323943662;5;1.0;24;12;5;right;2.050708097200186;experiment;faces\\Leslie.bmp, faces\\Liam.bmp, faces\\Erin.bmp, faces\\Vicky.bmp, faces\\Robert.bmp;1;instructions;right;1, 0, 1, 1, 1;faces;1, 0, 1, 1, 1;3x3-3=6 ?, 1+9/3=5 ?, 7+4/2=9 ?, 2+8/4=4 ?, 3x2-6=0 ?;cheat;1.810109344731245, 2.0166979150963016, 2.1907293730291713, 2.3179982461242616, 1.7760867764991417;0.6408450704225352;faces\\Leslie.bmp, faces\\Liam.bmp, faces\\Erin.bmp, faces\\Vicky.bmp, faces\\Robert.bmp;1-7;10;20;0.3091400515770681;female;14.253982046133903;cheat_first
3;1.0;8.77978492020884;1.9269483909010887;self;5;3;3;1, 1, 1;1461845700.298;dotscs_8_2;;0.9655172413793104;3;1.0;25;10;0.5;left;2.1701701712318027;experiment;faces\\Victor.bmp, faces\\Gary.bmp, faces\\Linda.bmp;1;instructions;left;0, 0, 1;faces;0, 0, 1;3x3-1=6 ?, 9/3-2=3 ?, 6+4/2=8 ?;cheat;1.314096969928869, 2.2524607695959276, 2.216804648123798;0.6482758620689655;faces\\Victor.bmp, faces\\Gary.bmp, faces\\Linda.bmp;1-7;6;20;0.3129607609988109;female;14.566942807132714;cheat_first
1;1.0;2.138763553077297;2.0160467586920277;self;5;1;1;1;1461845726.631;dotscs_8_2;;0.9657534246575342;1;1.0;26;14;0.5;left;2.097368054126491;experiment;faces\\Carl.bmp;1;instructions;left;0;faces;0;9/3-2=3 ?;cheat;3.3860663853956794;0.6506849315068494;faces\\Carl.bmp;1-7;2;20;0.31420060048789644;female;14.88114340762061;cheat_first
1;1.0;1.780569139007639;0.9238147007035877;self;5;1;1;1;1461845739.938;dotscs_8_2;;0.9659863945578231;1;1.0;27;10;0.5;left;3.2084755083797063;experiment;faces\\Paul.bmp;1;instructions;left;1;faces;1;3x2-6=0 ?;cheat;2.760181927436861;0.6530612244897959;faces\\Paul.bmp;1-7;2;20;0.31542412883520754;female;15.196567536455818;cheat_first
3;1.0;13.932602834936915;1.350040095663644;self;0.5;3;3;1, 1, 1;1461845752.449;dotscs_8_2;;0.9666666666666667;3;1.0;28;14;5;right;3.501914187494549;experiment;faces\\Thomas.bmp, faces\\Rachel.bmp, faces\\Daniel.bmp;1;instructions;right;1, 0, 0;faces;1, 0, 0;2x2-4=0 ?, 1+2x4=7 ?, 3+6/3=3 ?;cheat;1.8447809460303688, 1.7460698818213132, 1.819346210659205;0.66;faces\\Thomas.bmp, faces\\Rachel.bmp, faces\\Daniel.bmp;1-7;6;20;0.319;female;15.51556753645582;cheat_first
5;0.8333333333333334;30.859012606246324;1.45138586608482;self;0.5;6;4;1, 1, 0, 1, 1, 1;1461845784.258;dotscs_8_2;;0.9615384615384616;6;0.6666666666666666;29;10;5;right;2.1426460731381667;experiment;faces\\Lucas.bmp, faces\\Fiona.bmp, faces\\Greg.bmp, faces\\Julia.bmp, faces\\Haley.bmp, faces\\Maria.bmp;1;instructions;right;0, 1, 1, 0, 1, 1;faces;0, 1, 0, 0, 1, 1;8/4+4=4 ?, 2x2-3=1 ?, 6/3+3=5 ?, 8/2-3=3 ?, 4x2-4=4 ?, 5+8/2=9 ?;cheat;3.553951846983182, 2.1626882425916847, 2.8274025017144595, 2.233385425846791, 2.2073398774555244, 3.5980135483005142;0.6602564102564102;faces\\Lucas.bmp, faces\\Fiona.bmp, faces\\Julia.bmp, faces\\Greg.bmp, faces\\Haley.bmp, faces\\Maria.bmp;1-7;10;20;0.31743096646942803;female;15.832998502925248;cheat_first
5;1.0;23.581554154625337;1.3160561013719416;self;0.5;5;5;1, 1, 1, 1, 1;1461845848.873;dotscs_8_2;;0.9627329192546584;5;1.0;30;10;5;left;6.045219627269034;experiment;faces\\Joshua.bmp, faces\\Mark.bmp, faces\\Scott.bmp, faces\\Regina.bmp, faces\\Nicole.bmp;1;instructions;left;1, 0, 0, 0, 0;faces;1, 0, 0, 0, 0;9/3+5=8 ?, 3x2+2=6 ?, 4/2+4=8 ?, 9/3+2=7 ?, 7+8/4=8 ?;accuracy;1.6894705886115844, 1.3807304417750856, 2.0039971802088985, 2.698611196634374, 3.086032978240837;0.6708074534161491;faces\\Joshua.bmp, faces\\Mark.bmp, faces\\Scott.bmp, faces\\Regina.bmp, faces\\Nicole.bmp;1-7;10;20;3.2290420894255627;female;19.06204059235081;cheat_first
4;1.0;20.776406338582092;1.6582462234691775;other;0.5;3;3;1, 1, 1, 1;1461845902.616;dotscs_8_2;;0.9636363636363636;4;0.75;31;14;5;left;8.447708247957053;experiment;faces\\Will.bmp, faces\\Tanya.bmp, faces\\Donald.bmp, faces\\Shane.bmp;0;instructions;right;0, 0, 0, 1;faces;0, 0, 0, 1;4/2-1=0 ?, 3x2-1=4 ?, 2x4-6=3 ?, 9/3+4=7 ?;cheat;2.199559620092259, 2.558123494643951, 1.6068282242322312, 1.8460103576344409;0.6727272727272727;faces\\Will.bmp, faces\\Emily.bmp, faces\\Donald.bmp, faces\\Shane.bmp;1-7;6;20;3.2413223140495866;female;19.06204059235081;cheat_first
6;1.0;6.887715863655103;0.9485296251386899;other;5;3;0;1, 1, 1, 1, 1, 1;1461845951.35;dotscs_8_2;;0.9649122807017544;6;0.0;32;10;0.5;right;7.833833378985219;experiment;faces\\Chris.bmp, faces\\Kate.bmp, faces\\Ethan.bmp, faces\\Paul.bmp, faces\\Julian.bmp, faces\\Anders.bmp;1;instructions;right;0, 1, 0, 1, 0, 0;faces;0, 1, 0, 1, 0, 0;9/3+6=8 ?, 6/2+3=6 ?, 9/3-1=0 ?, 2x2-3=1 ?, 1+8/4=2 ?, 8/4+3=6 ?;accuracy;3.1213578592796694, 2.0754686733616836, 2.575333487628086, 5.655107932712781, 3.6199313313099992, 4.097922244847723;0.6491228070175439;faces\\Matt.bmp, faces\\Julian.bmp, faces\\Paul.bmp, faces\\Milla.bmp, faces\\Anders.bmp, faces\\Fiona.bmp;1-7;3;20;3.131732840874115;female;19.06204059235081;cheat_first
7;1.0;25.830079674648005;1.0585010945796967;other;5;5;2;1, 1, 1, 1, 1, 1, 1;1461846001.895;dotscs_8_2;;0.9662921348314607;7;0.2857142857142857;33;14;0.5;left;3.3641160445640708;experiment;faces\\Greg.bmp, faces\\Julia.bmp, faces\\Rachel.bmp, faces\\Tony.bmp, faces\\Jason.bmp, faces\\Joseph.bmp, faces\\Ethan.bmp;0;instructions;right;1, 1, 1, 1, 1, 1, 0;faces;1, 1, 1, 1, 1, 1, 0;2x2-3=1 ?, 3x2+1=7 ?, 3x3-2=7 ?, 4x2-7=1 ?, 6/3+1=3 ?, 2x3-4=2 ?, 6/3+2=3 ?;accuracy;1.4327107711887948, 3.8139193174738466, 2.956665187408362, 1.493466494817767, 4.416640655799711, 3.0867435880572884, 1.994121897894729;0.6348314606741573;faces\\Greg.bmp, faces\\Jason.bmp, faces\\Billy.bmp, faces\\Rachel.bmp, faces\\Julia.bmp, faces\\Molly.bmp, faces\\Ethan.bmp;1-7;7;20;0.306716323696503;female;19.06204059235081;cheat_first
5;1.0;14.583334925835516;1.392025528160957;other;5;3;0;1, 1, 1, 1, 1;1461846067.165;dotscs_8_2;;0.9672131147540983;5;0.0;34;10;0.5;left;4.939958778968503;experiment;faces\\Thomas.bmp, faces\\Tony.bmp, faces\\Jonah.bmp, faces\\Rachel.bmp, faces\\Carl.bmp;1;instructions;left;0, 0, 0, 1, 1;faces;0, 0, 0, 1, 1;9/3-3=2 ?, 8/2+5=7 ?, 3x2+1=9 ?, 2x2-3=1 ?, 4x2+1=9 ?;cheat;2.721427150816453, 1.9634485384722211, 2.5640504334787693, 1.6600595524996606, 1.6407393173194578;0.6174863387978142;faces\\Eric.bmp, faces\\Carl.bmp, faces\\Rachel.bmp, faces\\Kevin.bmp, faces\\Thomas.bmp;1-7;3;20;0.29862044253336917;female;19.06204059235081;cheat_first
4;0.8;8.944121933282076;2.328407901359242;other;5;4;2;1, 0, 1, 1, 1;1461846110.705;dotscs_8_2;;0.9627659574468085;5;0.4;35;14;0.5;left;2.609571574475922;experiment;faces\\Eddie.bmp, faces\\Timmy.bmp, faces\\Matt.bmp, faces\\Justin.bmp, faces\\Jenny.bmp;1;instructions;left;0, 0, 1, 1, 0;faces;0, 1, 1, 1, 0;2x4-3=7 ?, 6/3+1=1 ?, 6/2+3=6 ?, 2x3-4=2 ?, 3x3-3=7 ?;cheat;2.7300716059708066, 2.7953068609949696, 3.186671677740378, 2.306059788897983, 2.460709788791064;0.6117021276595744;faces\\Eddie.bmp, faces\\Justin.bmp, faces\\Timmy.bmp, faces\\Lana.bmp, faces\\Jenny.bmp;1-7;6;20;0.29446299230421;female;19.06204059235081;cheat_first
7;1.0;5.21393425160386;1.342965493664451;other;5;4;1;1, 1, 1, 1, 1, 1, 1;1461846150.08;dotscs_8_2;;0.9641025641025641;7;0.14285714285714285;36;12;0.5;right;3.4512163530853286;experiment;faces\\Nicole.bmp, faces\\Ella.bmp, faces\\Chris.bmp, faces\\Robert.bmp, faces\\Peter.bmp, faces\\Nina.bmp, faces\\Kevin.bmp;0;instructions;left;1, 1, 0, 0, 0, 1, 0;faces;1, 1, 0, 0, 0, 1, 0;9/3+2=5 ?, 4/2+5=7 ?, 3x2-3=5 ?, 9/3-2=3 ?, 8/2-2=3 ?, 6/2-1=2 ?, 3x3-7=4 ?;cheat;3.2808448188116017, 2.428195850859993, 1.8342368128451199, 7.870983621292908, 2.49939626476953, 1.9260335869312257, 1.3200476193505892;0.5948717948717949;faces\\Kevin.bmp, faces\\Ella.bmp, faces\\Justin.bmp, faces\\Nina.bmp, faces\\Chris.bmp, faces\\Sonya.bmp, faces\\Rachel.bmp;1-7;5;20;2.8675871137409596;female;19.06204059235081;cheat_first
5;1.0;30.84140731885782;1.3001508984179964;self;5;4;4;1, 1, 1, 1, 1;1461846197.676;dotscs_8_2;;0.965;5;0.8;37;10;0.5;left;5.686003888535197;experiment;faces\\Britt.bmp, faces\\Diana.bmp, faces\\Nathan.bmp, faces\\Nana.bmp, faces\\Jacob.bmp;1;instructions;left;1, 1, 1, 0, 0;faces;1, 1, 1, 0, 0;2x3-3=3 ?, 2x2-4=0 ?, 4+9/3=7 ?, 4/2+2=6 ?, 4+9/3=6 ?;cheat;1.6167084610005986, 2.774596548446425, 2.1026682549218094, 1.4094096347071172, 2.4560094304433733;0.6;faces\\Britt.bmp, faces\\Diana.bmp, faces\\Nathan.bmp, faces\\Julia.bmp, faces\\Jacob.bmp;1-7;8;20;0.2895;female;19.351540592350812;cheat_first
3;0.75;28.947982866093298;1.3621763770352118;self;5;4;4;0, 1, 1, 1;1461846270.045;dotscs_8_2;;0.9607843137254902;4;1.0;38;12;0.5;right;4.821402307783501;experiment;faces\\George.bmp, faces\\Karen.bmp, faces\\Kristen.bmp, faces\\Emma.bmp;1;instructions;right;0, 0, 1, 0;faces;1, 0, 1, 0;2+6/3=5 ?, 4/2+5=8 ?, 9/3-3=0 ?, 1+2x3=5 ?;accuracy;1.5274968486155558, 2.8975065664162685, 3.020144797366811, 1.578162479094317;0.6078431372549019;faces\\George.bmp, faces\\Karen.bmp, faces\\Kristen.bmp, faces\\Emma.bmp;1-7;8;20;2.9200307574009994;female;22.27157134975181;cheat_first
6;1.0;16.990804539125747;1.109747457481717;self;5;6;6;1, 1, 1, 1, 1, 1;1461846323.803;dotscs_8_2;;0.9619047619047619;6;1.0;39;14;0.5;left;4.875277714667391;experiment;faces\\Mark.bmp, faces\\Thomas.bmp, faces\\Paul.bmp, faces\\Chloe.bmp, faces\\Lily.bmp, faces\\Anna.bmp;0;instructions;right;1, 0, 0, 0, 1, 0;faces;1, 0, 0, 0, 1, 0;2x2-4=0 ?, 2+9/3=7 ?, 3x3-5=3 ?, 4+6/3=7 ?, 1+9/3=4 ?, 4+6/2=6 ?;accuracy;1.7894531772544724, 1.6447750714669382, 2.985936791115819, 6.489125334159326, 3.460634056471463, 2.9533209330511454;0.6190476190476191;faces\\Mark.bmp, faces\\Thomas.bmp, faces\\Paul.bmp, faces\\Chloe.bmp, faces\\Lily.bmp, faces\\Anna.bmp;1-7;12;20;0.2977324263038549;female;22.569303776055666;cheat_first
6;1.0;47.401778010873386;0.8154548433649325;self;0.5;6;2;1, 1, 1, 1, 1, 1;1461846379.854;dotscs_8_2;;0.9629629629629629;6;0.3333333333333333;40;10;5;right;2.0569563675653626;experiment;faces\\Benny.bmp, faces\\Damon.bmp, faces\\Joan.bmp, faces\\Kevin.bmp, faces\\Cindy.bmp, faces\\Oliver.bmp;1;instructions;right;0, 0, 1, 0, 0, 1;faces;0, 0, 1, 0, 0, 1;8/2-4=1 ?, 4/2-1=0 ?, 2+4/2=4 ?, 2x2-2=3 ?, 2x4-3=4 ?, 4x2-8=0 ?;cheat;3.376064764583134, 2.0801205488678534, 1.6115855587668193, 2.3542188211104076, 4.074701087360154, 3.0627636918015924;0.6111111111111112;faces\\Benny.bmp, faces\\Damon.bmp, faces\\Kevin.bmp, faces\\Cindy.bmp, faces\\Oliver.bmp, faces\\Joan.bmp;1-7;8;20;0.294238683127572;female;22.863542459183236;cheat_first
1;1.0;2.4346058486589754;0.7761763105045247;self;0.5;1;1;1;1461846460.538;dotscs_8_2;;0.9631336405529954;1;1.0;41;12;5;right;5.21235201232048;experiment;faces\\Kelly.bmp;1;instructions;right;0;faces;0;4x2-2=7 ?;cheat;3.0266195569165575;0.6129032258064516;faces\\Kelly.bmp;1-7;2;20;0.2951538575888212;female;23.15869631677206;cheat_first
3;0.75;27.675997667161937;1.0320238011827314;self;5;4;2;1, 1, 1, 0;1461846475.56;dotscs_8_2;;0.9592760180995475;4;0.5;42;10;0.5;left;1.9121682021923334;experiment;faces\\Milla.bmp, faces\\Jason.bmp, faces\\Maria.bmp, faces\\Eric.bmp;1;instructions;left;1, 0, 1, 1;faces;1, 0, 1, 0;2x2-3=1 ?, 3+8/2=5 ?, 2x2+5=9 ?, 6/3+4=6 ?;cheat;1.7613855051167775, 2.1140419047460455, 1.6841010255011497, 1.831412068051577;0.6108597285067874;faces\\Milla.bmp, faces\\Jason.bmp, faces\\Eric.bmp, faces\\Maria.bmp;1-7;6;20;0.29299154398968086;female;23.45168786076174;cheat_first
5;1.0;22.555573367986653;0.8158140410560009;other;5;5;5;1, 1, 1, 1, 1;1461846523.219;dotscs_8_2;;0.9601769911504425;5;1.0;43;14;0.5;right;4.971976564031138;experiment;faces\\Wendy.bmp, faces\\Linda.bmp, faces\\Brian.bmp, faces\\Lulu.bmp, faces\\Molly.bmp;0;instructions;left;0, 0, 0, 0, 0;faces;0, 0, 0, 0, 0;3x3-3=7 ?, 4/2+1=1 ?, 3x2-1=6 ?, 1+8/4=1 ?, 5+9/3=7 ?;cheat;2.7513308009001776, 1.3120659989490377, 2.338914522273626, 3.427963699446991, 1.9300063487735315;0.6194690265486725;faces\\Wendy.bmp, faces\\Linda.bmp, faces\\Brian.bmp, faces\\Lulu.bmp, faces\\Molly.bmp;1-7;10;20;2.97399953011199;female;23.45168786076174;cheat_first
1;1.0;3.2560467303810583;1.672836019706665;other;5;1;1;1;1461846575.183;dotscs_8_2;;0.960352422907489;1;1.0;44;14;0.5;left;1.1073997555322421;experiment;faces\\Ella.bmp;1;instructions;left;1;faces;1;6/3-1=1 ?;cheat;2.477429998918524;0.6211453744493393;faces\\Ella.bmp;1-7;2;20;0.29825923266510124;female;23.45168786076174;cheat_first
5;1.0;43.98988194959202;1.921373571967706;other;0.5;3;0;1, 1, 1, 1, 1;1461846587.335;dotscs_8_2;;0.9612068965517241;5;0.0;45;14;5;right;1.9340686446248583;experiment;faces\\Sonya.bmp, faces\\Amanda.bmp, faces\\Kelly.bmp, faces\\Simon.bmp, faces\\Chloe.bmp;0;instructions;left;0, 0, 0, 0, 1;faces;0, 0, 0, 0, 1;9/3+3=7 ?, 2x2-3=2 ?, 3x3-2=6 ?, 2x2+2=7 ?, 8/2+5=9 ?;accuracy;7.291682326269438, 1.2875103247206425, 2.1552268395353167, 1.4114094634242065, 2.553979096463081;0.6077586206896551;faces\\Oliver.bmp, faces\\Kelly.bmp, faces\\Brian.bmp, faces\\Chloe.bmp, faces\\Simon.bmp;1-7;3;20;0.2920908888228299;female;23.45168786076174;cheat_first
2;1.0;4.80903245943955;0.7169784077941586;other;0.5;2;2;1, 1;1461846661.498;dotscs_8_2;;0.9615384615384616;2;1.0;46;10;5;left;0.685342115450112;experiment;faces\\Lulu.bmp, faces\\Joan.bmp;1;instructions;left;0, 0;faces;0, 0;3x3-5=5 ?, 2x2-1=4 ?;accuracy;1.3401587972293783, 1.0294290844667557;0.6111111111111112;faces\\Lulu.bmp, faces\\Joan.bmp;1-7;4;20;2.9380341880341883;female;23.45168786076174;cheat_first
7;1.0;31.395214778984155;1.376708489309749;other;0.5;6;4;1, 1, 1, 1, 1, 1, 1;1461846676.459;dotscs_8_2;;0.9626556016597511;7;0.5714285714285714;47;14;5;right;1.5948635791937704;experiment;faces\\Niclas.bmp, faces\\Tanya.bmp, faces\\Mary.bmp, faces\\Sonya.bmp, faces\\Vicky.bmp, faces\\Micha.bmp, faces\\Milla.bmp;1;instructions;right;0, 1, 0, 0, 0, 0, 1;faces;0, 1, 0, 0, 0, 0, 1;3+3x2=8 ?, 4x2-5=3 ?, 2x2-2=0 ?, 3x3-7=3 ?, 3x3-4=6 ?, 3+9/3=8 ?, 4x2-7=1 ?;cheat;2.3320671172386938, 1.797483280497545, 1.9801322979947145, 2.5154554095879575, 1.485466472169719, 2.2167770447540533, 2.078823544399711;0.6099585062240664;faces\\Niclas.bmp, faces\\Tanya.bmp, faces\\Mary.bmp, faces\\Sonya.bmp, faces\\Peter.bmp, faces\\Milla.bmp, faces\\Micha.bmp;1-7;10;20;0.29358998639830586;female;23.45168786076174;cheat_first
1;1.0;4.817885355421822;1.5668235104258201;other;0.5;1;1;1;1461846741.043;dotscs_8_2;;0.9628099173553719;1;1.0;48;12;5;right;1.6936489601666835;experiment;faces\\Sonya.bmp;1;instructions;right;0;faces;0;5+9/3=9 ?;cheat;2.175332355182036;0.6115702479338843;faces\\Sonya.bmp;1-7;2;20;0.2944129499351137;female;23.45168786076174;cheat_first
6;0.8571428571428571;30.826792750365712;1.0152416604196333;self;5;7;7;1, 1, 1, 1, 1, 1, 0;1461846755.036;dotscs_8_2;;0.9598393574297188;7;1.0;49;14;0.5;right;5.1978797073479655;experiment;faces\\Lucas.bmp, faces\\Shane.bmp, faces\\Billy.bmp, faces\\Keith.bmp, faces\\David.bmp, faces\\Zach.bmp, faces\\Gary.bmp;0;instructions;left;0, 0, 1, 1, 0, 0, 1;faces;0, 0, 1, 1, 0, 0, 0;4+4/2=7 ?, 4x2-2=7 ?, 2x2-4=0 ?, 4x2-3=5 ?, 2x2-4=2 ?, 3x3-7=4 ?, 4/2-2=0 ?;cheat;3.241373416256465, 4.062633460520374, 1.5073955796397058, 2.1180865061287477, 1.2640665708331653, 2.3567512532990804, 1.8297303858598752;0.6224899598393574;faces\\Lucas.bmp, faces\\Shane.bmp, faces\\Billy.bmp, faces\\Keith.bmp, faces\\David.bmp, faces\\Zach.bmp, faces\\Gary.bmp;1-7;14;20;2.9874518152933014;female;26.439139676055042;cheat_first
5;1.0;25.388193614278862;1.7853940664081165;self;0.5;5;5;1, 1, 1, 1, 1;1461846824.113;dotscs_8_2;;0.9606299212598425;5;1.0;50;12;5;right;1.4904103063909133;experiment;faces\\Peter.bmp, faces\\Lucia.bmp, faces\\Will.bmp, faces\\Tanya.bmp, faces\\John.bmp;1;instructions;right;0, 1, 1, 1, 0;faces;0, 1, 1, 1, 0;2x2-1=2 ?, 3+2x3=9 ?, 2x2-2=2 ?, 9/3-3=0 ?, 1+6/3=2 ?;cheat;1.8515427098445798, 3.592082008901343, 1.5274734919184993, 1.8573762218911725, 5.045947931552291;0.6299212598425197;faces\\Peter.bmp, faces\\Lucia.bmp, faces\\Will.bmp, faces\\Tanya.bmp, faces\\John.bmp;1-7;10;20;0.30256060512121025;female;26.741700281176254;cheat_first
3;1.0;6.903804735180529;0.96615756144638;self;0.5;3;3;1, 1, 1;1461846878.511;dotscs_8_2;;0.9610894941634242;3;1.0;51;14;5;left;2.6174484436305647;experiment;faces\\Nathan.bmp, faces\\Lily.bmp, faces\\Julia.bmp;1;instructions;left;0, 0, 1;faces;0, 0, 1;2x3+2=6 ?, 3+2x2=5 ?, 2x4-7=1 ?;accuracy;1.5489315726626955, 1.9334794188580418, 1.614767377912358;0.6342412451361867;faces\\Nathan.bmp, faces\\Lily.bmp, faces\\Julia.bmp;1-7;6;20;3.04781298732759;female;29.789513268503843;cheat_first
2;0.6666666666666666;40.768023407656074;1.3432893024200894;self;0.5;3;3;1, 0, 1;1461846901.693;dotscs_8_2;;0.9576923076923077;3;1.0;52;14;5;left;5.33659973203612;experiment;faces\\Diana.bmp, faces\\Nicole.bmp, faces\\Polly.bmp;0;instructions;right;0, 0, 0;faces;0, 1, 0;3x3-7=1 ?, 4/2-2=2 ?, 2x4-3=3 ?;cheat;1.3967874632562598, 2.011681533558658, 1.6579981470367784;0.6384615384615384;faces\\Diana.bmp, faces\\Nicole.bmp, faces\\Polly.bmp;1-7;6;20;3.057248520710059;female;32.8467617892139;cheat_first
6;1.0;56.96779819247604;0.8517016061614413;self;5;4;0;1, 1, 1, 1, 1, 1;1461846962.034;dotscs_8_2;;0.9586466165413534;6;0.0;53;14;0.5;left;2.1440828638988023;experiment;faces\\Bruce.bmp, faces\\Keith.bmp, faces\\Lisa.bmp, faces\\Kenny.bmp, faces\\Kurt.bmp, faces\\Jonah.bmp;1;instructions;left;0, 0, 0, 1, 0, 0;faces;0, 0, 0, 1, 0, 0;3x2-3=1 ?, 3+4/2=7 ?, 8/2-4=2 ?, 3x2-6=0 ?, 6+9/3=7 ?, 2+9/3=6 ?;cheat;1.4555203553609317, 1.5482521051108051, 6.092609657924186, 2.7601932518973626, 3.8328304565675353, 1.6461630254980264;0.6240601503759399;faces\\Eddie.bmp, faces\\Bruce.bmp, faces\\Kenny.bmp, faces\\Kurt.bmp, faces\\Lisa.bmp, faces\\Olga.bmp;1-7;4;20;0.2991265758380915;female;33.145888365051995;cheat_first
1;1.0;4.9172489915927144;0.7573391342866671;self;0.5;1;1;1;1461847055.822;dotscs_8_2;;0.9588014981273408;1;1.0;54;10;5;right;2.0068116622114758;experiment;faces\\Wendy.bmp;1;instructions;right;1;faces;1;3+8/2=7 ?;cheat;1.9454737905998627;0.6254681647940075;faces\\Wendy.bmp;1-7;2;20;0.29984990671772643;female;33.44573827176972;cheat_first
2;1.0;5.936535961174741;0.7683259830519091;other;0.5;2;2;1, 1;1461847068.941;dotscs_8_2;;0.9591078066914498;2;1.0;55;14;5;left;1.3128930383591069;experiment;faces\\Olivia.bmp, faces\\Keith.bmp;1;instructions;left;0, 1;faces;0, 1;4/2+6=9 ?, 3x2+3=9 ?;accuracy;2.0640709590625193, 1.732134073103225;0.6282527881040892;faces\\Olivia.bmp, faces\\Keith.bmp;1-7;4;20;3.012810768231506;female;33.44573827176972;cheat_first
2;1.0;2.9300180271238787;1.0250298859555187;other;0.5;2;2;1, 1;1461847086.804;dotscs_8_2;;0.959409594095941;2;1.0;56;14;5;right;2.130693814226106;experiment;faces\\Sofia.bmp, faces\\Leslie.bmp;1;instructions;right;1, 0;faces;1, 0;3x3-9=0 ?, 2x2-2=4 ?;cheat;1.500036096713302, 2.3193348861987033;0.6309963099630996;faces\\Sofia.bmp, faces\\Leslie.bmp;1-7;4;20;0.30269195680886696;female;33.44573827176972;cheat_first
6;1.0;21.246391567241517;0.8834960870462965;other;0.5;5;3;1, 1, 1, 1, 1, 1;1461847102.17;dotscs_8_2;;0.9602888086642599;6;0.5;57;14;5;right;1.2995581337581825;experiment;faces\\Kate.bmp, faces\\Polly.bmp, faces\\Bruce.bmp, faces\\Susan.bmp, faces\\Jane.bmp, faces\\Erica.bmp;1;instructions;right;0, 1, 1, 0, 0, 0;faces;0, 1, 1, 0, 0, 0;2x2+2=4 ?, 4/2+2=4 ?, 4x2+1=9 ?, 4x2-7=2 ?, 2x3+3=8 ?, 3x3-8=2 ?;cheat;3.824053292904864, 3.3820529262739, 1.1741715981152083, 1.2942657185267308, 1.6254958874505974, 1.3435094215965364;0.628158844765343;faces\\Kate.bmp, faces\\Keith.bmp, faces\\Bruce.bmp, faces\\Polly.bmp, faces\\Susan.bmp, faces\\Erica.bmp;1-7;8;20;0.3016069543458145;female;33.44573827176972;cheat_first
2;1.0;7.014447532717895;1.2243902663431072;other;0.5;2;2;1, 1;1461847152.527;dotscs_8_2;;0.9605734767025089;2;1.0;58;12;5;right;1.1002221717335487;experiment;faces\\Zach.bmp, faces\\Jane.bmp;1;instructions;right;1, 0;faces;1, 0;2x4-5=3 ?, 6+9/3=7 ?;cheat;1.8482278283008782, 2.132792024181981;0.6308243727598566;faces\\Zach.bmp, faces\\Jane.bmp;1-7;4;20;0.30297658046530745;female;33.44573827176972;cheat_first
2;0.6666666666666666;16.064637182022125;0.7171440280108072;other;5;2;1;0, 1, 1;1461847171.512;dotscs_8_2;;0.9574468085106383;3;0.3333333333333333;59;12;0.5;right;1.4968723259244143;experiment;faces\\Jeff.bmp, faces\\Steve.bmp, faces\\Noah.bmp;1;instructions;right;0, 1, 1;faces;1, 1, 1;6/3+2=5 ?, 3x3-9=0 ?, 4x2-7=1 ?;accuracy;1.2941857395344414, 1.1688915690119757, 1.6808431201425265;0.6276595744680851;faces\\Jeff.bmp, faces\\Zach.bmp, faces\\Steve.bmp;1-7;3;20;3.004753282028067;female;33.44573827176972;cheat_first
4;1.0;14.306258674712808;0.6912640998361894;other;5;4;4;1, 1, 1, 1;1461847201.917;dotscs_8_2;;0.958041958041958;4;1.0;60;12;0.5;left;1.2973197836181498;experiment;faces\\Olga.bmp, faces\\Lana.bmp, faces\\Lucia.bmp, faces\\Mona.bmp;1;instructions;left;1, 0, 1, 1;faces;1, 0, 1, 1;6/3+4=6 ?, 5+4/2=6 ?, 9/3-3=0 ?, 2x3-6=0 ?;cheat;2.789366474362396, 2.79676877790007, 2.076125845884235, 3.24795292705312;0.6328671328671329;faces\\Olga.bmp, faces\\Lana.bmp, faces\\Lucia.bmp, faces\\Mona.bmp;1-7;8;20;0.30315663357621403;female;33.44573827176972;cheat_first
7;1.0;36.67617213461199;0.9153995658489293;self;5;6;1;1, 1, 1, 1, 1, 1, 1;1461847238.923;dotscs_8_2;;0.9590443686006825;7;0.14285714285714285;61;12;0.5;left;2.256793083019147;experiment;faces\\Molly.bmp, faces\\Casper.bmp, faces\\Olga.bmp, faces\\John.bmp, faces\\Andre.bmp, faces\\Sofia.bmp, faces\\Will.bmp;1;instructions;left;1, 1, 0, 1, 1, 0, 1;faces;1, 1, 0, 1, 1, 0, 1;3x3-2=7 ?, 1+9/3=4 ?, 4/2+7=8 ?, 3x2-2=4 ?, 4/2+1=3 ?, 7+4/2=7 ?, 6/2+2=5 ?;cheat;1.285373894716031, 1.6647039963299903, 2.0773892308643553, 2.00144705355342, 1.520059510034116, 4.449906962490786, 1.7353845467841893;0.621160409556314;faces\\Molly.bmp, faces\\Olga.bmp, faces\\John.bmp, faces\\Sofia.bmp, faces\\Donald.bmp, faces\\Will.bmp, faces\\Casper.bmp;1-7;7;20;0.29786019639133826;female;33.74359846816106;cheat_first
2;1.0;11.362731275537953;1.4746827558919904;self;5;1;1;1, 1;1461847309.158;dotscs_8_2;;0.9593220338983051;2;0.5;62;14;0.5;left;12.722343724233724;experiment;faces\\Nina.bmp, faces\\Billy.bmp;1;instructions;left;1, 0;faces;1, 0;6/3+3=5 ?, 3x3-1=6 ?;cheat;2.010208292194875, 3.0886128316033137;0.6203389830508474;faces\\Nina.bmp, faces\\Rachel.bmp;1-7;2;20;0.29755242746337257;female;34.04115089562443;cheat_first
3;1.0;7.9581578926863585;0.7994781547640741;self;0.5;3;3;1, 1, 1;1461847346.164;dotscs_8_2;;0.959731543624161;3;1.0;63;12;5;right;1.7715612394895288;experiment;faces\\Jacob.bmp, faces\\Simon.bmp, faces\\Damon.bmp;1;instructions;right;1, 0, 0;faces;1, 0, 0;4x2-4=4 ?, 9/3-2=3 ?, 6/3+7=7 ?;cheat;2.4480069305700454, 2.2447636762299226, 1.4821353117167746;0.6241610738255033;faces\\Jacob.bmp, faces\\Simon.bmp, faces\\Damon.bmp;1-7;6;20;0.29951353542633213;female;34.34066443105077;cheat_first
3;1.0;20.392917683213454;0.8337548155486729;self;0.5;0;0;1, 1, 1;1461847371.157;dotscs_8_2;;0.9601328903654485;3;0.0;64;10;5;right;1.904096340005708;experiment;faces\\Kurt.bmp, faces\\David.bmp, faces\\Robert.bmp;1;instructions;right;0, 0, 1;faces;0, 0, 1;6/2+5=9 ?, 1+4/2=1 ?, 2+3x2=8 ?;cheat;3.015290851040845, 1.6133390804970986, 1.2114672889456415;0.6179401993355482;faces\\Ricky.bmp, faces\\Eddie.bmp, faces\\Niclas.bmp;1-7;0;20;0.29665235483052066;female;34.63731678588129;cheat_first
2;1.0;4.486531679112886;0.7334919465392886;self;5;2;2;1, 1;1461847407.819;dotscs_8_2;;0.9603960396039604;2;1.0;65;10;0.5;left;3.0230604917232995;experiment;faces\\Eddie.bmp, faces\\Regina.bmp;1;instructions;left;0, 1;faces;0, 1;9/3+5=9 ?, 3x2+3=9 ?;cheat;4.51939207471878, 3.9612742423050804;0.6204620462046204;faces\\Eddie.bmp, faces\\Regina.bmp;1-7;4;20;0.29794464594974346;female;34.93526143183103;cheat_first
1;1.0;6.8332264587497775;0.8160518546992535;self;0.5;1;1;1;1461847430.721;dotscs_8_2;;0.9605263157894737;1;1.0;66;12;5;right;4.668019939541409;experiment;faces\\Hanna.bmp;1;instructions;right;1;faces;1;8/4+6=8 ?;cheat;1.8942695405312406;0.6217105263157895;faces\\Hanna.bmp;1-7;2;20;0.2985846606648199;female;35.23384609249585;cheat_first
3;1.0;18.09711785435502;0.7352281276907888;other;5;2;2;1, 1, 1;1461847448.663;dotscs_8_2;;0.9609120521172638;3;0.6666666666666666;67;12;0.5;left;3.3480820258901076;experiment;faces\\Donna.bmp, faces\\Ethan.bmp, faces\\Molly.bmp;1;instructions;left;1, 1, 0;faces;1, 1, 0;6+4/2=8 ?, 2x4-3=5 ?, 8/2+3=6 ?;cheat;2.000714502597475, 3.2313795810077863, 1.948775224347628;0.6221498371335505;faces\\Donna.bmp, faces\\Vicky.bmp, faces\\Molly.bmp;1-7;4;20;0.29891563836221074;female;35.23384609249585;cheat_first
4;1.0;21.765674290150855;0.8488393490988528;other;0.5;3;3;1, 1, 1, 1;1461847485.965;dotscs_8_2;;0.9614147909967846;4;0.75;68;12;5;right;3.0462512147259986;experiment;faces\\Oliver.bmp, faces\\Andre.bmp, faces\\Greg.bmp, faces\\Haley.bmp;1;instructions;right;1, 0, 1, 0;faces;1, 0, 1, 0;4+4/2=6 ?, 4/2+3=4 ?, 3+4/2=5 ?, 4+2x2=6 ?;cheat;1.9288339133581758, 3.0501560298143886, 1.4947291720200155, 3.8499084488266817;0.6237942122186495;faces\\Oliver.bmp, faces\\Andre.bmp, faces\\David.bmp, faces\\Haley.bmp;1-7;6;20;0.29986249108259844;female;35.23384609249585;cheat_first
2;1.0;9.991654935234692;0.9167896432154521;other;0.5;2;2;1, 1;1461847531.612;dotscs_8_2;;0.9616613418530351;2;1.0;69;14;5;right;1.1891857076825545;experiment;faces\\Adam.bmp, faces\\Cindy.bmp;1;instructions;right;1, 1;faces;1, 1;9/3-2=1 ?, 6/3+1=3 ?;cheat;2.3021294937752828, 2.9207949628817005;0.6261980830670927;faces\\Adam.bmp, faces\\Cindy.bmp;1-7;4;20;0.30109524441404933;female;35.23384609249585;cheat_first
1;1.0;1.9968185347424878;0.7320926680495177;other;5;1;1;1;1461847554.575;dotscs_8_2;;0.9617834394904459;1;1.0;70;10;0.5;left;1.7607000214466098;experiment;faces\\Chloe.bmp;1;instructions;left;0;faces;0;9/3-1=1 ?;cheat;2.093429265658415;0.6273885350318471;faces\\Chloe.bmp;1-7;2;20;0.301705951559901;female;35.23384609249585;cheat_first
5;1.0;37.80752878358908;0.8658939846591238;other;0.5;4;3;1, 1, 1, 1, 1;1461847564.638;dotscs_8_2;;0.9623824451410659;5;0.6;71;14;5;left;1.8594701851761783;experiment;faces\\David.bmp, faces\\Donald.bmp, faces\\Casper.bmp, faces\\Adam.bmp, faces\\Emma.bmp;0;instructions;right;1, 0, 1, 0, 0;faces;1, 0, 1, 0, 0;3x2+2=8 ?, 4/2-2=1 ?, 2x2+2=6 ?, 2x4-2=5 ?, 3x3-8=2 ?;cheat;2.4106776202497713, 2.1214746427667706, 1.3875470584353025, 3.1713443760963855, 1.5955041189190524;0.6269592476489029;faces\\David.bmp, faces\\Casper.bmp, faces\\Kevin.bmp, faces\\Adam.bmp, faces\\Emma.bmp;1-7;7;20;3.016872868780771;female;35.23384609249585;cheat_first
3;0.75;4.114596803246968;0.7750297090096865;other;0.5;2;0;0, 1, 1, 1;1461847627.851;dotscs_8_2;;0.9597523219814241;4;0.0;72;14;5;left;3.537284720259777;experiment;faces\\Lucas.bmp, faces\\Sarah.bmp, faces\\Mark.bmp, faces\\Anna.bmp;0;instructions;right;0, 0, 0, 1;faces;1, 0, 0, 1;3x2-5=0 ?, 4+9/3=6 ?, 1+9/3=2 ?, 2x4-7=1 ?;cheat;3.521490638564501, 3.323422662082521, 4.485348627014901, 1.976903765453244;0.6191950464396285;faces\\Daniel.bmp, faces\\Billy.bmp, faces\\Lucas.bmp, faces\\Sarah.bmp;1-7;2;20;2.971369417899146;female;35.23384609249585;cheat_first
3;1.0;4.968488984486612;1.0585056951404113;self;5;3;3;1, 1, 1;1461847659.785;dotscs_8_2;;0.9601226993865031;3;1.0;73;10;0.5;left;0.9593710253793688;experiment;faces\\Liam.bmp, faces\\Alex.bmp, faces\\James.bmp;1;instructions;left;0, 0, 1;faces;0, 0, 1;4/2+6=6 ?, 2x4-4=6 ?, 2+2x3=8 ?;cheat;1.6495094031943154, 2.5020943171730323, 1.1609379058663762;0.6226993865030674;faces\\Liam.bmp, faces\\Alex.bmp, faces\\James.bmp;1-7;6;20;0.29893390793782226;female;35.532780000433675;cheat_first
5;1.0;50.85740842582163;0.9834701823456271;self;0.5;4;2;1, 1, 1, 1, 1;1461847680.502;dotscs_8_2;;0.9607250755287009;5;0.4;74;10;5;right;5.583335987505052;experiment;faces\\Donna.bmp, faces\\Lily.bmp, faces\\Olga.bmp, faces\\Jake.bmp, faces\\Gary.bmp;1;instructions;right;1, 1, 1, 1, 0;faces;1, 1, 1, 1, 0;1+9/3=4 ?, 4/2+3=5 ?, 9/3+3=6 ?, 9/3+2=5 ?, 3x3-1=7 ?;cheat;4.451892635632248, 2.984715165079251, 3.6639279169867223, 2.172678538947366, 1.2607361181599117;0.6193353474320241;faces\\Donna.bmp, faces\\Olga.bmp, faces\\Lily.bmp, faces\\Vicky.bmp, faces\\Gary.bmp;1-7;6;20;0.2975054992196128;female;35.830285499653286;cheat_first
6;1.0;22.77171022690709;1.0596689294361568;self;5;5;5;1, 1, 1, 1, 1, 1;1461847764.12;dotscs_8_2;;0.9614243323442137;6;0.8333333333333334;75;12;0.5;left;7.347185270275077;experiment;faces\\Kiki.bmp, faces\\Erica.bmp, faces\\Ricky.bmp, faces\\Jeff.bmp, faces\\Zach.bmp, faces\\Milla.bmp;1;instructions;left;0, 1, 0, 1, 1, 1;faces;0, 1, 0, 1, 1, 1;3x2-6=1 ?, 2x2+4=8 ?, 2+8/2=4 ?, 2x2-2=2 ?, 8/2-1=3 ?, 4/2+1=3 ?;cheat;2.514134340644887, 0.9560784388650063, 2.300602107339728, 1.8473477054885734, 3.6046227858023485, 3.71526346000428;0.6231454005934718;faces\\Kiki.bmp, faces\\Erica.bmp, faces\\Ricky.bmp, faces\\Jeff.bmp, faces\\Zach.bmp, faces\\Gary.bmp;1-7;10;20;0.2995535753594731;female;36.12983907501276;cheat_first
4;0.8;24.454869552846503;1.8649409606405243;self;5;5;5;1, 1, 1, 1, 0;1461847823.994;dotscs_8_2;;0.9590643274853801;5;1.0;76;12;0.5;left;9.715258859443566;experiment;faces\\Emily.bmp, faces\\Amber.bmp, faces\\Lena.bmp, faces\\Anna.bmp, faces\\Olivia.bmp;1;instructions;left;0, 0, 0, 0, 1;faces;0, 0, 0, 0, 0;4x2-6=0 ?, 3x3-6=1 ?, 3x3-5=2 ?, 3x3-1=9 ?, 3x3-6=3 ?;cheat;1.4715936557549867, 1.6914828034532547, 0.9508596326195402, 1.4722104848915478, 1.0520893273351248;0.6286549707602339;faces\\Emily.bmp, faces\\Amber.bmp, faces\\Lena.bmp, faces\\Anna.bmp, faces\\Olivia.bmp;1-7;10;20;0.3014602783762525;female;36.431299353389015;cheat_first
6;0.8571428571428571;34.74181117738408;1.2836631935952028;self;0.5;6;3;1, 1, 0, 1, 1, 1, 1;1461847878.361;dotscs_8_2;;0.9570200573065902;7;0.42857142857142855;77;12;5;right;9.252336908322832;experiment;faces\\Donald.bmp, faces\\Tina.bmp, faces\\Eric.bmp, faces\\Emily.bmp, faces\\Lulu.bmp, faces\\Amanda.bmp, faces\\Angie.bmp;1;instructions;right;0, 0, 1, 1, 0, 0, 0;faces;0, 0, 0, 1, 0, 0, 0;6/3+5=9 ?, 2x3-5=3 ?, 6/3+1=3 ?, 4x2-2=6 ?, 3x3-8=2 ?, 2x2-2=1 ?, 6/3-1=3 ?;cheat;2.187973990548926, 1.4594510043734772, 1.5601410178278456, 1.928774106057972, 1.042070012053955, 2.0073757618356467, 2.509972601887057;0.6246418338108882;faces\\Donald.bmp, faces\\Tina.bmp, faces\\Emily.bmp, faces\\Angie.bmp, faces\\Lulu.bmp, faces\\Keith.bmp, faces\\Eric.bmp;1-7;9;20;0.29889738179489495;female;36.73019673518391;cheat_first
7;1.0;31.748265411350076;0.7685609655800363;self;0.5;6;2;1, 1, 1, 1, 1, 1, 1;1461847952.415;dotscs_8_2;;0.9578651685393258;7;0.2857142857142857;78;12;5;left;1.710196472289681;experiment;faces\\Jake.bmp, faces\\Benny.bmp, faces\\Brian.bmp, faces\\Britt.bmp, faces\\Leah.bmp, faces\\Daniel.bmp, faces\\Kiki.bmp;1;instructions;left;1, 1, 1, 1, 1, 0, 1;faces;1, 1, 1, 1, 1, 0, 1;9/3+5=8 ?, 3x3-9=0 ?, 4/2+5=7 ?, 4/2-2=0 ?, 2x4-1=7 ?, 2+3x2=7 ?, 3x3-5=4 ?;accuracy;1.558045638987096, 1.6627381409907684, 1.6593899938488903, 1.240059425099389, 1.7893877077258367, 1.4447231912890857, 2.1540335246445466;0.6179775280898876;faces\\Benny.bmp, faces\\Britt.bmp, faces\\Brian.bmp, faces\\Kiki.bmp, faces\\Leah.bmp, faces\\Paul.bmp, faces\\Daniel.bmp;1-7;8;20;2.959695745486681;female;39.68989248067059;cheat_first
1;1.0;1.9753455906447925;0.9834588578869443;other;0.5;1;1;1;1461848013.895;dotscs_8_2;;0.957983193277311;1;1.0;79;14;5;right;1.3814637005070836;experiment;faces\\Kenny.bmp;1;instructions;right;0;faces;0;6/3-2=2 ?;cheat;1.7813983017567807;0.6190476190476191;faces\\Kenny.bmp;1-7;2;20;0.2965186074429772;female;39.68989248067059;cheat_first
2;1.0;7.139532200746544;0.7669744796239684;other;0.5;2;2;1, 1;1461848025.58;dotscs_8_2;;0.958217270194986;2;1.0;80;10;5;left;0.9880895000333112;experiment;faces\\Amanda.bmp, faces\\Timmy.bmp;0;instructions;right;1, 0;faces;1, 0;6+9/3=9 ?, 4/2-1=0 ?;cheat;1.516021632549382, 2.110704020395133;0.6211699164345403;faces\\Amanda.bmp, faces\\Timmy.bmp;1-7;4;20;2.976078708265764;female;39.68989248067059;cheat_first
3;1.0;7.025168256692268;0.6851750796795386;other;0.5;3;3;1, 1, 1;1461848043.614;dotscs_8_2;;0.9585635359116023;3;1.0;81;12;5;left;1.8294890333218063;experiment;faces\\Emily.bmp, faces\\Niclas.bmp, faces\\Joseph.bmp;0;instructions;right;0, 1, 0;faces;0, 1, 0;3x3-3=7 ?, 2x4-4=4 ?, 4x2-4=5 ?;cheat;1.3501636030468944, 1.8154219316566014, 1.6293755763981608;0.6243093922651933;faces\\Emily.bmp, faces\\Niclas.bmp, faces\\Joseph.bmp;1-7;6;20;2.9922010927627363;female;39.68989248067059;cheat_first
1;1.0;1.7609208483991097;0.7502330361367058;other;0.5;1;1;1;1461848065.625;dotscs_8_2;;0.9586776859504132;1;1.0;82;10;5;left;1.0301205842570198;experiment;faces\\Peter.bmp;1;instructions;left;0;faces;0;6/3+5=8 ?;accuracy;3.1313792978980928;0.6253443526170799;faces\\Peter.bmp;1-7;2;20;2.997518384445507;female;39.68989248067059;cheat_first
2;1.0;7.3071090708217525;2.0588875417506642;other;5;2;2;1, 1;1461848076.171;dotscs_8_2;;0.958904109589041;2;1.0;83;12;0.5;right;2.660216679370933;experiment;faces\\Bruce.bmp, faces\\Lena.bmp;1;instructions;right;0, 1;faces;0, 1;6/3+2=5 ?, 8/2-1=3 ?;accuracy;2.520746763151692, 1.738786485107994;0.6273972602739726;faces\\Bruce.bmp, faces\\Lena.bmp;1-7;4;20;3.0080690561080874;female;39.68989248067059;cheat_first
6;1.0;50.258872890730345;1.1095499872244545;other;5;5;2;1, 1, 1, 1, 1, 1;1461848098.292;dotscs_8_2;;0.9595687331536388;6;0.3333333333333333;84;12;0.5;left;2.400931507547284;experiment;faces\\Micha.bmp, faces\\Daniel.bmp, faces\\Andre.bmp, faces\\Niclas.bmp, faces\\Megan.bmp, faces\\Alex.bmp;1;instructions;left;1, 1, 1, 0, 1, 1;faces;1, 1, 1, 0, 1, 1;4+2x2=8 ?, 2x2-2=2 ?, 2x4-7=1 ?, 8/2-3=2 ?, 3+2x3=9 ?, 2x2+3=7 ?;cheat;1.0073984107530123, 3.4139896706783475, 2.4999911527665972, 2.6786422822751774, 1.85074787436497, 1.1513878478635888;0.6226415094339622;faces\\Micha.bmp, faces\\Alex.bmp, faces\\Niclas.bmp, faces\\Andre.bmp, faces\\Megan.bmp, faces\\Julia.bmp;1-7;7;20;0.2987336622082083;female;39.68989248067059;cheat_first
;;;0.8424541235544893;self;2;;;;;dotscs_8_2;;;1;;1;12;0.2;left;;controlDotsCheat;;1;instructions;left;;faces;;;cheat;;;;1-7;;20;0.2;female;;cheat_first
;;;2.3107764261567354;self;0.2;;;;;dotscs_8_2;;;1;;2;14;2;left;;controlDotsCheat;;0;instructions;right;;faces;;;cheat;;;;1-7;;20;2;female;;cheat_first
;;;1.3079251396629843;self;2;;;;;dotscs_8_2;;;1;;3;12;0.2;left;;controlDotsCheat;;1;instructions;left;;faces;;;cheat;;;;1-7;;20;0.2;female;;cheat_first
;;;0.883321619596245;self;2;;;;;dotscs_8_2;;;1;;4;12;0.2;left;;controlDotsCheat;;1;instructions;left;;faces;;;cheat;;;;1-7;;20;0.2;female;;cheat_first
;;;1.1000247014762863;self;0.2;;;;;dotscs_8_2;;;1;;5;14;2;right;;controlDotsCheat;;1;instructions;right;;faces;;;cheat;;;;1-7;;20;0.2;female;;cheat_first
;;;1.9688255332584959;self;2;;;;;dotscs_8_2;;;1;;6;14;0.2;right;;controlDotsCheat;;0;instructions;left;;faces;;;cheat;;;;1-7;;20;2;female;;cheat_first
;;;1.1999927806573396;other;2;;;;;dotscs_8_2;;;1;;7;10;0.2;left;;controlDotsCheat;;1;instructions;left;;faces;;;cheat;;;;1-7;;20;0.2;female;;cheat_first
;;;0.9834769062435953;other;0.2;;;;;dotscs_8_2;;;1;;8;10;2;right;;controlDotsCheat;;1;instructions;right;;faces;;;cheat;;;;1-7;;20;0.2;female;;cheat_first
;;;0.5921050117103732;other;2;;;;;dotscs_8_2;;;1;;9;10;0.2;left;;controlDotsCheat;;1;instructions;left;;faces;;;cheat;;;;1-7;;20;0.2;female;;cheat_first
;;;0.9252146869748685;other;0.2;;;;;dotscs_8_2;;;1;;10;10;2;right;;controlDotsCheat;;1;instructions;right;;faces;;;cheat;;;;1-7;;20;0.2;female;;cheat_first
;;;0.9430567263407283;other;0.2;;;;;dotscs_8_2;;;1;;11;14;2;left;;controlDotsCheat;;0;instructions;right;;faces;;;cheat;;;;1-7;;20;2;female;;cheat_first
;;;1.2874968769265251;other;2;;;;;dotscs_8_2;;;1;;12;12;0.2;left;;controlDotsCheat;;1;instructions;left;;faces;;;cheat;;;;1-7;;20;0.2;female;;cheat_first
;;;0.6666822377992503;self;2;;;;;dotscs_8_2;;;1;;13;14;0.2;left;;controlDotsCheat;;1;instructions;left;;faces;;;cheat;;;;1-7;;20;0.2;female;;cheat_first
;;;1.918818844749694;self;0.2;;;;;dotscs_8_2;;;1;;14;14;2;right;;controlDotsCheat;;1;instructions;right;;faces;;;cheat;;;;1-7;;20;0.2;female;;cheat_first
;;;1.193195274019672;self;0.2;;;;;dotscs_8_2;;;1;;15;14;2;right;;controlDotsCheat;;1;instructions;right;;faces;;;cheat;;;;1-7;;20;0.2;female;;cheat_first
;;;0.6168110889102536;self;0.2;;;;;dotscs_8_2;;;1;;16;10;2;right;;controlDotsCheat;;1;instructions;right;;faces;;;cheat;;;;1-7;;20;0.2;female;;cheat_first
;;;1.5773623352743016;self;0.2;;;;;dotscs_8_2;;;1;;17;12;2;right;;controlDotsCheat;;1;instructions;right;;faces;;;cheat;;;;1-7;;20;0.2;female;;cheat_first
;;;0.7163385758503864;self;0.2;;;;;dotscs_8_2;;;1;;18;14;2;right;;controlDotsCheat;;1;instructions;right;;faces;;;cheat;;;;1-7;;20;0.2;female;;cheat_first
;;;0.699908554992362;other;0.2;;;;;dotscs_8_2;;;1;;19;14;2;left;;controlDotsCheat;;0;instructions;right;;faces;;;cheat;;;;1-7;;20;2;female;;cheat_first
;;;0.7087883465665072;other;0.2;;;;;dotscs_8_2;;;1;;20;10;2;right;;controlDotsCheat;;1;instructions;right;;faces;;;cheat;;;;1-7;;20;0.2;female;;cheat_first
;;;0.8832281928080192;other;0.2;;;;;dotscs_8_2;;;1;;21;14;2;left;;controlDotsCheat;;0;instructions;right;;faces;;;cheat;;;;1-7;;20;2;female;;cheat_first
;;;1.9272683068738843;other;2;;;;;dotscs_8_2;;;1;;22;12;0.2;left;;controlDotsCheat;;1;instructions;left;;faces;;;cheat;;;;1-7;;20;0.2;female;;cheat_first
;;;1.2769223092564062;other;0.2;;;;;dotscs_8_2;;;1;;23;12;2;left;;controlDotsCheat;;0;instructions;right;;faces;;;cheat;;;;1-7;;20;2;female;;cheat_first
;;;0.7501056359724316;other;0.2;;;;;dotscs_8_2;;;1;;24;12;2;right;;controlDotsCheat;;1;instructions;right;;faces;;;cheat;;;;1-7;;20;0.2;female;;cheat_first
;;;1.585385714619406;self;0.2;;;;;dotscs_8_2;;;1;;25;12;2;right;;controlDotsCheat;;1;instructions;right;;faces;;;cheat;;;;1-7;;20;0.2;female;;cheat_first
;;;0.6932791457966232;self;0.2;;;;;dotscs_8_2;;;1;;26;14;2;right;;controlDotsCheat;;1;instructions;right;;faces;;;cheat;;;;1-7;;20;0.2;female;;cheat_first
;;;0.9499511986578;self;0.2;;;;;dotscs_8_2;;;1;;27;12;2;left;;controlDotsCheat;;0;instructions;right;;faces;;;cheat;;;;1-7;;20;2;female;;cheat_first
;;;0.9086462953800947;self;0.2;;;;;dotscs_8_2;;;1;;28;10;2;right;;controlDotsCheat;;1;instructions;right;;faces;;;cheat;;;;1-7;;20;0.2;female;;cheat_first
;;;0.6090474643460766;self;0.2;;;;;dotscs_8_2;;;1;;29;10;2;right;;controlDotsCheat;;1;instructions;right;;faces;;;cheat;;;;1-7;;20;0.2;female;;cheat_first
;;;0.5755560840298131;self;2;;;;;dotscs_8_2;;;1;;30;10;0.2;left;;controlDotsCheat;;1;instructions;left;;faces;;;cheat;;;;1-7;;20;0.2;female;;cheat_first
;;;0.8593802972809499;other;2;;;;;dotscs_8_2;;;1;;31;12;0.2;left;;controlDotsCheat;;1;instructions;left;;faces;;;cheat;;;;1-7;;20;0.2;female;;cheat_first
;;;0.9334688021772308;other;2;;;;;dotscs_8_2;;;1;;32;10;0.2;left;;controlDotsCheat;;1;instructions;left;;faces;;;cheat;;;;1-7;;20;0.2;female;;cheat_first
;;;0.6834342979655048;other;0.2;;;;;dotscs_8_2;;;1;;33;10;2;right;;controlDotsCheat;;1;instructions;right;;faces;;;cheat;;;;1-7;;20;0.2;female;;cheat_first
;;;0.7259587039425242;other;2;;;;;dotscs_8_2;;;1;;34;12;0.2;left;;controlDotsCheat;;1;instructions;left;;faces;;;cheat;;;;1-7;;20;0.2;female;;cheat_first
;;;0.7253733709585504;other;2;;;;;dotscs_8_2;;;1;;35;10;0.2;left;;controlDotsCheat;;1;instructions;left;;faces;;;cheat;;;;1-7;;20;0.2;female;;cheat_first
;;;0.7667356043129985;other;2;;;;;dotscs_8_2;;;1;;36;10;0.2;left;;controlDotsCheat;;1;instructions;left;;faces;;;cheat;;;;1-7;;20;0.2;female;;cheat_first
;;;1.293383118487327;self;2;;;;;dotscs_8_2;;;1;;37;10;0.2;left;;controlDotsCheat;;1;instructions;left;;faces;;;cheat;;;;1-7;;20;0.2;female;;cheat_first
;;;1.9966578689782182;self;2;;;;;dotscs_8_2;;;1;;38;14;0.2;right;;controlDotsCheat;;0;instructions;left;;faces;;;cheat;;;;1-7;;20;2;female;;cheat_first
;;;1.9514442578274611;self;2;;;;;dotscs_8_2;;;1;;39;14;0.2;left;;controlDotsCheat;;1;instructions;left;;faces;;;cheat;;;;1-7;;20;0.2;female;;cheat_first
;;;0.8166032143071789;self;2;;;;;dotscs_8_2;;;1;;40;12;0.2;left;;controlDotsCheat;;1;instructions;left;;faces;;;cheat;;;;1-7;;20;0.2;female;;cheat_first
;;;0.7092402632642916;self;2;;;;;dotscs_8_2;;;1;;41;12;0.2;left;;controlDotsCheat;;1;instructions;left;;faces;;;cheat;;;;1-7;;20;0.2;female;;cheat_first
;;;1.4600243051208963;self;2;;;;;dotscs_8_2;;;1;;42;14;0.2;left;;controlDotsCheat;;1;instructions;left;;faces;;;cheat;;;;1-7;;20;0.2;female;;cheat_first
;;;1.614282903394269;self;0.2;;;;;dotscs_8_2;;;1;;1;14;2;left;;controlDotsAccuracy;;1;instructions;left;;faces;;;accuracy;;;;1-7;;20;2;female;;cheat_first
;;;0.9165985429663124;self;0.2;;;;;dotscs_8_2;;;1;;2;14;2;left;;controlDotsAccuracy;;1;instructions;left;;faces;;;accuracy;;;;1-7;;20;2;female;;cheat_first
;;;1.3340082003232965;self;0.2;;;;;dotscs_8_2;;;1;;3;14;2;left;;controlDotsAccuracy;;1;instructions;left;;faces;;;accuracy;;;;1-7;;20;2;female;;cheat_first
;;;0.9167765493093611;self;0.2;;;;;dotscs_8_2;;;1;;4;10;2;left;;controlDotsAccuracy;;1;instructions;left;;faces;;;accuracy;;;;1-7;;20;2;female;;cheat_first
;;;1.2264966157563322;self;2;;;;;dotscs_8_2;;;1;;5;14;0.2;left;;controlDotsAccuracy;;0;instructions;right;;faces;;;accuracy;;;;1-7;;20;0.2;female;;cheat_first
;;;0.7666460703057965;self;0.2;;;;;dotscs_8_2;;;1;;6;14;2;left;;controlDotsAccuracy;;1;instructions;left;;faces;;;accuracy;;;;1-7;;20;2;female;;cheat_first
;;;1.3746856577854487;other;2;;;;;dotscs_8_2;;;1;;7;14;0.2;left;;controlDotsAccuracy;;0;instructions;right;;faces;;;accuracy;;;;1-7;;20;0.2;female;;cheat_first
;;;0.6587781191628892;other;0.2;;;;;dotscs_8_2;;;1;;8;10;2;left;;controlDotsAccuracy;;1;instructions;left;;faces;;;accuracy;;;;1-7;;20;2;female;;cheat_first
;;;0.8333386416743451;other;2;;;;;dotscs_8_2;;;1;;9;10;0.2;right;;controlDotsAccuracy;;1;instructions;right;;faces;;;accuracy;;;;1-7;;20;2;female;;cheat_first
;;;0.7432394747993385;other;2;;;;;dotscs_8_2;;;1;;10;14;0.2;left;;controlDotsAccuracy;;0;instructions;right;;faces;;;accuracy;;;;1-7;;20;0.2;female;;cheat_first
;;;0.5672612715534342;other;0.2;;;;;dotscs_8_2;;;1;;11;12;2;left;;controlDotsAccuracy;;1;instructions;left;;faces;;;accuracy;;;;1-7;;20;2;female;;cheat_first
;;;0.6500055560627516;other;2;;;;;dotscs_8_2;;;1;;12;14;0.2;left;;controlDotsAccuracy;;0;instructions;right;;faces;;;accuracy;;;;1-7;;20;0.2;female;;cheat_first
;;;0.9097355668000091;self;2;;;;;dotscs_8_2;;;1;;13;14;0.2;left;;controlDotsAccuracy;;0;instructions;right;;faces;;;accuracy;;;;1-7;;20;0.2;female;;cheat_first
;;;0.6501464040247811;self;2;;;;;dotscs_8_2;;;1;;14;10;0.2;right;;controlDotsAccuracy;;1;instructions;right;;faces;;;accuracy;;;;1-7;;20;2;female;;cheat_first
;;;0.575871399441894;self;0.2;;;;;dotscs_8_2;;;1;;15;12;2;left;;controlDotsAccuracy;;1;instructions;left;;faces;;;accuracy;;;;1-7;;20;2;female;;cheat_first
;;;0.8759539972161292;self;2;;;;;dotscs_8_2;;;1;;16;12;0.2;right;;controlDotsAccuracy;;1;instructions;right;;faces;;;accuracy;;;;1-7;;20;2;female;;cheat_first
;;;0.783464661670223;self;0.2;;;;;dotscs_8_2;;;1;;17;12;2;right;;controlDotsAccuracy;;0;instructions;left;;faces;;;accuracy;;;;1-7;;20;0.2;female;;cheat_first
;;;0.7087359709403245;self;0.2;;;;;dotscs_8_2;;;1;;18;10;2;left;;controlDotsAccuracy;;1;instructions;left;;faces;;;accuracy;;;;1-7;;20;2;female;;cheat_first
;;;0.5586292025254807;other;2;;;;;dotscs_8_2;;;1;;19;10;0.2;right;;controlDotsAccuracy;;1;instructions;right;;faces;;;accuracy;;;;1-7;;20;2;female;;cheat_first
;;;0.5423506463066587;other;2;;;;;dotscs_8_2;;;1;;20;10;0.2;right;;controlDotsAccuracy;;1;instructions;right;;faces;;;accuracy;;;;1-7;;20;2;female;;cheat_first
;;;0.5666695685595187;other;0.2;;;;;dotscs_8_2;;;1;;21;14;2;left;;controlDotsAccuracy;;1;instructions;left;;faces;;;accuracy;;;;1-7;;20;2;female;;cheat_first
;;;0.5420820442905097;other;2;;;;;dotscs_8_2;;;1;;22;10;0.2;right;;controlDotsAccuracy;;1;instructions;right;;faces;;;accuracy;;;;1-7;;20;2;female;;cheat_first
;;;0.6764233960493584;other;2;;;;;dotscs_8_2;;;1;;23;14;0.2;right;;controlDotsAccuracy;;1;instructions;right;;faces;;;accuracy;;;;1-7;;20;2;female;;cheat_first
;;;0.46687312571339135;other;2;;;;;dotscs_8_2;;;1;;24;10;0.2;right;;controlDotsAccuracy;;1;instructions;right;;faces;;;accuracy;;;;1-7;;20;2;female;;cheat_first
;;;0.5264641994926933;self;0.2;;;;;dotscs_8_2;;;1;;25;14;2;left;;controlDotsAccuracy;;1;instructions;left;;faces;;;accuracy;;;;1-7;;20;2;female;;cheat_first
;;;0.46703131425419997;self;2;;;;;dotscs_8_2;;;1;;26;10;0.2;right;;controlDotsAccuracy;;1;instructions;right;;faces;;;accuracy;;;;1-7;;20;2;female;;cheat_first
;;;0.533430157458497;self;0.2;;;;;dotscs_8_2;;;1;;27;10;2;left;;controlDotsAccuracy;;1;instructions;left;;faces;;;accuracy;;;;1-7;;20;2;female;;cheat_first
;;;0.47607637215332943;self;0.2;;;;;dotscs_8_2;;;1;;28;12;2;left;;controlDotsAccuracy;;1;instructions;left;;faces;;;accuracy;;;;1-7;;20;2;female;;cheat_first
;;;0.6425207963075081;self;0.2;;;;;dotscs_8_2;;;1;;29;12;2;left;;controlDotsAccuracy;;1;instructions;left;;faces;;;accuracy;;;;1-7;;20;2;female;;cheat_first
;;;0.4833342888359766;self;0.2;;;;;dotscs_8_2;;;1;;30;12;2;left;;controlDotsAccuracy;;1;instructions;left;;faces;;;accuracy;;;;1-7;;20;2;female;;cheat_first
;;;1.0833621753154148;other;0.2;;;;;dotscs_8_2;;;1;;31;12;2;right;;controlDotsAccuracy;;0;instructions;left;;faces;;;accuracy;;;;1-7;;20;0.2;female;;cheat_first
;;;1.2735012609082332;other;0.2;;;;;dotscs_8_2;;;1;;32;14;2;left;;controlDotsAccuracy;;1;instructions;left;;faces;;;accuracy;;;;1-7;;20;2;female;;cheat_first
;;;0.5260604117429466;other;2;;;;;dotscs_8_2;;;1;;33;12;0.2;right;;controlDotsAccuracy;;1;instructions;right;;faces;;;accuracy;;;;1-7;;20;2;female;;cheat_first
;;;0.7092296465852996;other;2;;;;;dotscs_8_2;;;1;;34;12;0.2;right;;controlDotsAccuracy;;1;instructions;right;;faces;;;accuracy;;;;1-7;;20;2;female;;cheat_first
;;;1.2091631153871276;other;0.2;;;;;dotscs_8_2;;;1;;35;12;2;left;;controlDotsAccuracy;;1;instructions;left;;faces;;;accuracy;;;;1-7;;20;2;female;;cheat_first
;;;0.5594148368818423;other;2;;;;;dotscs_8_2;;;1;;36;12;0.2;right;;controlDotsAccuracy;;1;instructions;right;;faces;;;accuracy;;;;1-7;;20;2;female;;cheat_first
;;;0.8754228093002894;self;2;;;;;dotscs_8_2;;;1;;37;10;0.2;right;;controlDotsAccuracy;;1;instructions;right;;faces;;;accuracy;;;;1-7;;20;2;female;;cheat_first
;;;0.9430188601800182;self;0.2;;;;;dotscs_8_2;;;1;;38;14;2;left;;controlDotsAccuracy;;1;instructions;left;;faces;;;accuracy;;;;1-7;;20;2;female;;cheat_first
;;;0.7260613318539981;self;2;;;;;dotscs_8_2;;;1;;39;12;0.2;right;;controlDotsAccuracy;;1;instructions;right;;faces;;;accuracy;;;;1-7;;20;2;female;;cheat_first
;;;0.6254512973937381;self;2;;;;;dotscs_8_2;;;1;;40;10;0.2;right;;controlDotsAccuracy;;1;instructions;right;;faces;;;accuracy;;;;1-7;;20;2;female;;cheat_first
;;;-0.26598288166496786;self;2;;;;;dotscs_8_2;;;1;;41;10;0.2;right;;controlDotsAccuracy;;1;instructions;right;;faces;;;accuracy;;;;1-7;;20;2;female;;cheat_first
;;;0.759174404456644;self;0.2;;;;;dotscs_8_2;;;1;;42;12;2;left;;controlDotsAccuracy;;1;instructions;left;;faces;;;accuracy;;;;1-7;;20;2;female;;cheat_first
;;3.555;;qStress;self;5;;;[];;dotscs_8_2;[];;2;;1;12;;;cheat;['faces\\Erin.bmp', 'faces\\Olivia.bmp'];;instructions;left;[0, 1];faces;[];['2x2-1=4 ?', '2x4-4=4 ?'];0.5;[];;7;1-7;;20;;female;;cheat_first
;;4.615;;qSatisfied;self;5;;;[];;dotscs_8_2;[];;2;;1;14;;;cheat;['faces\\Diana.bmp', 'faces\\Joan.bmp'];;instructions;left;[0, 1];faces;[];['6/3+2=6 ?', '9/3+1=4 ?'];0.5;[];;2;1-7;;20;;female;;cheat_first
;;3.794;;qFrustration;self;0.5;;;[];;dotscs_8_2;[];;2;;1;12;;;cheat;['faces\\Julia.bmp', 'faces\\Mike.bmp'];;instructions;right;[1, 1];faces;[];['3x3-8=1 ?', '9/3+2=5 ?'];5;[];;4;1-7;;20;;female;;cheat_first
;;2.799;;qDifficulty;self;5;;;[];;dotscs_8_2;[];;2;;1;10;;;cheat;['faces\\Kelly.bmp', 'faces\\Paul.bmp'];;instructions;left;[0, 0];faces;[];['2x3-3=2 ?', '2x2+2=5 ?'];0.5;[];;5;1-7;;20;;female;;cheat_first
;;2.616;;qEffort;self;0.5;;;[];;dotscs_8_2;[];;2;;1;10;;;accuracy;['faces\\Mike.bmp', 'faces\\Megan.bmp'];;instructions;left;[0, 1];faces;[];['2x2-4=2 ?', '8/2+2=6 ?'];5;[];;7;1-7;;20;;female;;cheat_first
;;3.265;;qAttitude;self;5;;;[];;dotscs_8_2;[];;2;;1;12;;;accuracy;['faces\\Emma.bmp', 'faces\\Andre.bmp'];;instructions;right;[0, 0];faces;[];['3x2-3=5 ?', '9/3+6=7 ?'];0.5;[];;4;1-7;;20;;female;;cheat_first
;;60.29313185704814;;qBirthweight;self;5;;;[];;dotscs_8_2;[];;1;;1;10;;;accuracy;[];;instructions;right;[];faces;[];[];0.5;[];;8;1-7;;20;;female;;cheat_first
;;5.714344409361729;;qFriends;self;0.5;;;[];;dotscs_8_2;[];;1;;1;12;;;accuracy;[];;instructions;left;[];faces;[];[];5;[];;250;1-7;;20;;female;;cheat_first
;;41.35418732495782;;qAbout;self;0.5;;;[];;dotscs_8_2;[];;1;;1;10;;;cheat;[];;instructions;right;[];faces;[];[];5;[];;how people make decision if there are a money factor interfering;1-7;;20;;female;;cheat_first
;;23.557370418106075;;qFeedback;self;5;;;[];;dotscs_8_2;[];;1;;1;10;;;cheat;[];;instructions;left;[];faces;[];[];0.5;[];;maybe less times....feel so tired to do it again and again;1-7;;20;;female;;cheat_first
