equationScore;equationProportion;recallRT;dotsRT;dotsReceiver;dotsMoneyRight;recallIntersection;recallLocation;equationScores;id;recallRTs;equationRateCumulative;span;recallProportion;no;dotsN;dotsMoneyLeft;dotsAns;pauseRT;condition;encode;dotsCorrect;start_at;dotsSide;equationCorrect;stimType;equationAnss;equationText;dotsIncentive;equationRTs;recallLocationRateCumulative;recallAns;level;recallSum;age;moneyEarned;gender;moneyEarnedCumulative;order;
;;;6.0352201298;self;5;;;;dotscs_1_13;;;1;;1;14;0.5;left;;practiceDots;;1;instructions;left;;lettersGrid;;;cheat;;;;1-7;;26;0.5;male;;cheat_first;
;;;1.4854954911;self;0.5;;;;dotscs_1_13;;;1;;2;12;5;right;;practiceDots;;1;instructions;right;;lettersGrid;;;cheat;;;;1-7;;26;0.5;male;;cheat_first;
;;;1.7409091134;self;0.5;;;;dotscs_1_13;;;1;;3;10;5;right;;practiceDots;;0;instructions;left;;lettersGrid;;;accuracy;;;;1-7;;26;0.5;male;;cheat_first;
;;;1.9941940913;self;5;;;;dotscs_1_13;;;1;;4;12;0.5;right;;practiceDots;;1;instructions;right;;lettersGrid;;;accuracy;;;;1-7;;26;5;male;;cheat_first;
;;;2.1161156963;self;0.5;;;;dotscs_1_13;;;1;;5;14;5;left;;practiceDots;;1;instructions;left;;lettersGrid;;;accuracy;;;;1-7;;26;5;male;;cheat_first;
;;;3.3067389026;self;0.5;;;;dotscs_1_13;;;1;;6;14;5;right;;practiceDots;;1;instructions;right;;lettersGrid;;;cheat;;;;1-7;;26;0.5;male;;cheat_first;
2;1;18.2008629946;;self;5;1;1;1, 1;1461230144.182;dotscs_1_13;;1;2;0.5;1;10;0.5;;10.2702468944;practiceCS;S, U;;instructions;left;1, 0;lettersGrid;1, 0;4/2-1=1 ?, 2x3+2=9 ?;cheat;3.876723706552184, 2.7446840511272512;0.5;S, M;1-7;2;26;;male;;cheat_first
3;1;6.7921321196;;self;5;3;3;1, 1, 1;1461230181.205;dotscs_1_13;;1;3;1;2;12;0.5;;15.6302199564;practiceCS;G, I, M;;instructions;left;1, 1, 0;lettersGrid;1, 1, 0;9/3+2=5 ?, 5+8/2=9 ?, 2+2x3=6 ?;cheat;3.484640140536385, 3.5766446476711735, 5.968742369260781;0.8;G, I, M;1-7;6;26;;male;;cheat_first
2;1;4.0677411455;;self;5;2;2;1, 1;1461230219.398;dotscs_1_13;;1;2;1;3;12;0.5;;3.8143676953;practiceCS;T, Y;;instructions;right;0, 1;lettersGrid;0, 1;1+4/2=1 ?, 2+2x3=8 ?;accuracy;6.62925525401829, 2.219395825945867;0.8571428571;T, Y;1-7;4;26;;male;;cheat_first
5;1;16.9216814557;;self;5;5;3;1, 1, 1, 1, 1;1461230237.977;dotscs_1_13;;1;5;0.6;4;10;0.5;;27.8567696555;practiceCS;E, D, F, R, P;;instructions;left;1, 0, 1, 0, 0;lettersGrid;1, 0, 1, 0, 0;3x2-4=2 ?, 2x3-2=2 ?, 8/2+2=6 ?, 3x2-3=2 ?, 4x2-8=1 ?;cheat;3.734174952985768, 3.8559719889501594, 2.9332985813991854, 4.679226907481279, 4.987229902800664;0.75;E, D, R, F, P;1-7;8;26;;male;;cheat_first
6;0.8571428571;28.4316027436;;self;0.5;7;7;1, 1, 1, 1, 0, 1, 1;1461230307.32;dotscs_1_13;;0.9473684211;7;1;5;10;5;;18.3898653876;practiceCS;Z, C, B, K, A, J, W;;instructions;right;1, 0, 0, 1, 1, 0, 1;lettersGrid;1, 0, 0, 1, 0, 0, 1;3x3-6=3 ?, 6/3+4=8 ?, 4/2+3=6 ?, 5+4/2=7 ?, 2+4/2=4 ?, 5+9/3=9 ?, 6/2-2=1 ?;cheat;3.800164700103778, 5.191281440414514, 7.198463270885895, 4.670141506195705, 8.425742335994983, 6.295952709058383, 9.179198950223054;0.8421052632;Z, C, B, K, A, J, W;1-7;14;26;;male;;cheat_first
4;1;6.3202210251;;self;5;4;4;1, 1, 1, 1;1461230404.988;dotscs_1_13;;0.9565217391;4;1;6;10;0.5;;21.2231445758;practiceCS;O, Q, L, V;;instructions;right;0, 0, 1, 1;lettersGrid;0, 0, 1, 1;8/2+2=5 ?, 9/3+5=7 ?, 2x2-2=2 ?, 8/4+3=5 ?;accuracy;3.982779036444299, 7.981046748075187, 2.014749046445104, 8.653103503434068;0.8695652174;O, Q, L, V;1-7;8;26;;male;;cheat_first
2;1;6.4245104472;2.6583184169;self;5;2;2;1, 1;1461230515.068;dotscs_1_13;;0.96;2;1;1;10;0.5;right;7.6144803737;practiceExp;B, Q;0;instructions;left;0, 0;lettersGrid;0, 0;4/2+7=8 ?, 9/3-1=1 ?;cheat;4.35330897159065, 5.394531418650331;0.88;B, Q;1-7;4;26;5;male;;cheat_first
6;1;8.3606504062;2.832199118;self;5;5;5;1, 1, 1, 1, 1, 1;1461230556.736;dotscs_1_13;;0.9677419355;6;0.8333333333;2;12;0.5;right;12.3117124635;practiceExp;R, N, S, V, G, T;1;instructions;right;0, 0, 1, 1, 1, 0;lettersGrid;0, 0, 1, 1, 1, 0;9/3+1=6 ?, 3x3-5=5 ?, 4x2-7=1 ?, 4+9/3=7 ?, 6/2+1=4 ?, 9/3+6=8 ?;accuracy;3.345282053351184, 5.979920318273798, 12.235609266521806, 5.113910257907264, 5.196794328710894, 4.668166449732325;0.8709677419;B, N, S, V, G, T;1-7;10;26;5;male;;cheat_first
4;1;20.0740874432;2.005788922;self;0.5;4;4;1, 1, 1, 1;1461230626.849;dotscs_1_13;;0.9714285714;4;1;3;12;5;left;8.7818788835;practiceExp;W, M, K, O;1;instructions;left;1, 1, 0, 1;lettersGrid;1, 1, 0, 1;2x4-7=1 ?, 2x3-4=2 ?, 8/4-1=2 ?, 9/3+4=7 ?;accuracy;3.1379634092568267, 3.643980589876719, 5.361052778349858, 3.6659383623841677;0.8857142857;W, M, K, O;1-7;8;26;5;male;;cheat_first
2;1;3.266311291;2.2249472882;self;5;2;2;1, 1;1461230703.447;dotscs_1_13;;0.972972973;2;1;1;14;0.5;right;25.6842843402;experiment;E, J;1;instructions;right;1, 1;lettersGrid;1, 1;8/2-4=0 ?, 2x4-4=4 ?;accuracy;3.48663678424964, 7.82507780257356;0.8918918919;E, J;1-7;4;26;4.3389335281;male;4.3389335281;cheat_first
2;1;3.3340531443;1.8096464575;self;0.5;2;2;1, 1;1461230751.134;dotscs_1_13;;0.9743589744;2;1;2;14;5;right;7.6933209047;experiment;K, P;1;instructions;right;0, 0;lettersGrid;0, 0;4+8/4=4 ?, 2x4-4=3 ?;cheat;7.607016139477764, 2.686075728074229;0.8974358974;K, P;1-7;4;26;0.4372123603;male;4.7761458884;cheat_first
5;1;7.7793280491;1.2253468293;self;0.5;5;5;1, 1, 1, 1, 1;1461230778.13;dotscs_1_13;;0.9772727273;5;1;3;10;5;right;26.0802369785;experiment;F, C, W, M, Y;0;instructions;left;1, 0, 0, 0, 1;lettersGrid;1, 0, 0, 0, 1;3x2-6=0 ?, 2x4-2=4 ?, 2x4-3=6 ?, 5+4/2=5 ?, 9/3-3=0 ?;accuracy;3.010654900553618, 2.257452024990471, 3.0705489036154177, 6.050501779709521, 5.567980374712079;0.9090909091;F, C, W, M, Y;1-7;10;26;0.444214876;male;5.2203607644;cheat_first
1;1;2.5108835131;4.6699461593;self;0.5;1;1;1;1461230838.863;dotscs_1_13;;0.9777777778;1;1;4;12;5;left;9.3500839779;experiment;J;0;instructions;right;0;lettersGrid;0;6/3-2=1 ?;cheat;13.2835124367;0.9111111111;J;1-7;2;26;4.4543209877;male;9.6746817521;cheat_first
3;1;4.708790116;1.5086380851;self;5;2;2;1, 1, 1;1461230871.586;dotscs_1_13;;0.9791666667;3;0.6666666667;5;14;0.5;left;8.6137623322;experiment;F, M, C;1;instructions;left;0, 0, 1;lettersGrid;0, 0, 1;3+4/2=3 ?, 6/3+1=1 ?, 2x2-3=1 ?;cheat;8.363012617570803, 5.434576829732123, 3.497878433346159;0.8958333333;J, M, C;1-7;4;26;0.4385850694;male;10.1132668215;cheat_first
7;1;13.2436623726;1.4835908586;self;5;7;7;1, 1, 1, 1, 1, 1, 1;1461230907.898;dotscs_1_13;;0.9818181818;7;1;6;14;0.5;left;12.0235513363;experiment;H, B, V, Q, R, B, Q;1;instructions;left;0, 0, 0, 1, 0, 0, 1;lettersGrid;0, 0, 0, 1, 0, 0, 1;6/3+6=9 ?, 4/2-1=0 ?, 2x2-3=3 ?, 3+4/2=5 ?, 3x3-8=3 ?, 3x3-3=7 ?, 2x4+1=9 ?;cheat;2.4380828115236, 4.108058697503111, 2.7669270584506194, 3.5833795158932844, 13.230423725874516, 11.581193187488225, 8.23567155104729;0.9090909091;H, B, V, Q, R, B, Q;1-7;14;26;0.4462809917;male;10.5595478133;cheat_first
3;1;4.7632685503;0.9154346009;other;0.5;3;3;1, 1, 1;1461230989.472;dotscs_1_13;;0.9827586207;3;1;7;14;5;left;12.079512567;experiment;W, J, Z;1;instructions;left;0, 0, 1;lettersGrid;0, 0, 1;1+3x2=6 ?, 2+8/2=8 ?, 6+9/3=9 ?;accuracy;2.731945803969211, 1.998086166394387, 1.61337730054629;0.9137931034;W, J, Z;1-7;6;26;4.4901902497;male;10.5595478133;cheat_first
4;1;17.4646135422;0.9835759953;other;0.5;4;4;1, 1, 1, 1;1461231021.674;dotscs_1_13;;0.9838709677;4;1;8;14;5;left;5.2445601899;experiment;Y, U, X, C;0;instructions;right;0, 1, 1, 1;lettersGrid;0, 1, 1, 1;2x3-1=6 ?, 2x4-4=4 ?, 3+3x2=9 ?, 8/2+2=6 ?;cheat;11.176294934215548, 3.3126545169375277, 2.1635991537796144, 1.572060718919147;0.9193548387;Y, U, X, C;1-7;8;26;4.5226326743;male;10.5595478133;cheat_first
3;0.75;7.917282965;0.9601697536;other;0.5;4;4;1, 1, 0, 1;1461231068.979;dotscs_1_13;;0.9696969697;4;1;9;14;5;left;9.2622822607;experiment;D, Z, J, I;0;instructions;right;0, 1, 0, 1;lettersGrid;0, 1, 1, 1;1+4/2=4 ?, 4+2x2=8 ?, 8/4-1=3 ?, 3x2-6=0 ?;cheat;2.2100092648229293, 2.320714346886689, 4.619345290546789, 8.025068459894555;0.9242424242;D, Z, J, I;1-7;8;26;4.4811753903;male;10.5595478133;cheat_first
5;1;19.1698920142;1.0662052657;other;5;5;5;1, 1, 1, 1, 1;1461231109.154;dotscs_1_13;;0.9718309859;5;1;10;14;0.5;right;9.4491004487;experiment;S, Y, O, V, M;0;instructions;left;1, 0, 1, 0, 1;lettersGrid;1, 0, 1, 0, 1;3x3-4=5 ?, 1+9/3=5 ?, 2x4-8=0 ?, 4/2+2=2 ?, 2x4-3=5 ?;cheat;3.160860404099367, 3.577385338081058, 3.3919660747510534, 1.7448333924330655, 1.9940327177778272;0.9295774648;S, Y, O, V, M;1-7;10;26;4.5169609205;male;10.5595478133;cheat_first
3;0.75;5.7853823881;1.2262389843;other;0.5;4;4;1, 0, 1, 1;1461231158.877;dotscs_1_13;;0.96;4;1;11;12;5;right;6.8935766252;experiment;J, X, W, O;1;instructions;right;0, 0, 1, 0;lettersGrid;0, 1, 1, 0;6+9/3=7 ?, 9/3-2=0 ?, 4+9/3=7 ?, 2+9/3=7 ?;cheat;2.3775280970453423, 3.1614545843181077, 5.736685444035629, 3.3239503111039994;0.9333333333;J, X, W, O;1-7;8;26;0.448;male;10.5595478133;cheat_first
4;1;17.9154622043;1.0927381198;other;5;3;1;1, 1, 1, 1;1461231192.578;dotscs_1_13;;0.9620253165;4;0.25;12;12;0.5;right;8.8269268744;experiment;Y, K, Q, V;1;instructions;right;0, 1, 0, 0;lettersGrid;0, 1, 0, 0;6/3-2=1 ?, 6/2-1=2 ?, 8/4-1=2 ?, 9/3+2=4 ?;accuracy;4.041911469624665, 7.3672207158329, 3.647950520606628, 3.811926920433507;0.8987341772;W, V, Q, K;1-7;4;26;4.3230251562;male;10.5595478133;cheat_first
2;1;3.1695052131;1.2595141382;self;5;2;2;1, 1;1461231244.781;dotscs_1_13;;0.962962963;2;1;13;12;0.5;left;4.8238423749;experiment;Q, S;0;instructions;right;0, 1;lettersGrid;0, 1;2x4-1=8 ?, 2x3-5=1 ?;accuracy;4.848605428237988, 3.725976752300994;0.9012345679;Q, S;1-7;4;26;0.4339277549;male;10.9934755682;cheat_first
7;1;15.426154971;2.3116271762;self;0.5;7;7;1, 1, 1, 1, 1, 1, 1;1461231267.294;dotscs_1_13;;0.9659090909;7;1;14;12;5;right;6.8958744287;experiment;U, J, R, Z, M, F, N;1;instructions;right;0, 0, 0, 1, 1, 0, 1;lettersGrid;0, 0, 0, 1, 1, 0, 1;3x3-7=3 ?, 2x3-5=3 ?, 2+2x3=6 ?, 3x3-3=6 ?, 1+2x2=5 ?, 8/2+2=8 ?, 9/3+2=5 ?;cheat;5.281871805706487, 1.9500725827056158, 2.1113243884260555, 4.410056190551131, 2.9046618551874417, 1.7080603961717316, 9.550732515565869;0.9090909091;U, J, R, Z, M, F, N;1-7;14;26;0.4390495868;male;11.432525155;cheat_first
4;1;9.7985414097;0.9333467104;self;0.5;4;4;1, 1, 1, 1;1461231329.979;dotscs_1_13;;0.9673913043;4;1;15;10;5;left;5.1630799981;experiment;G, O, K, Y;0;instructions;right;1, 0, 1, 1;lettersGrid;1, 0, 1, 1;8/2-1=3 ?, 9/3+1=5 ?, 2x4-4=4 ?, 6/3+1=3 ?;cheat;3.2239917869360397, 1.5981756296223466, 3.38143928214231, 5.109417986497192;0.9130434783;G, O, K, Y;1-7;8;26;4.4163516068;male;15.8488767618;cheat_first
3;1;3.915482376;0.9418524409;self;0.5;3;3;1, 1, 1;1461231364.348;dotscs_1_13;;0.9684210526;3;1;16;10;5;left;7.9376811471;experiment;W, L, M;1;instructions;left;0, 0, 0;lettersGrid;0, 0, 0;2x2-2=0 ?, 1+8/2=4 ?, 6/3-2=2 ?;accuracy;1.7394765693402405, 2.5087180641403393, 3.0393220612500045;0.9157894737;W, L, M;1-7;6;26;4.4343490305;male;20.2832257922;cheat_first
5;1;6.1433793319;0.7667348965;self;0.5;5;5;1, 1, 1, 1, 1;1461231388.514;dotscs_1_13;;0.97;5;1;17;10;5;left;8.8043352861;experiment;H, A, G, Q, S;0;instructions;right;1, 0, 0, 0, 0;lettersGrid;1, 0, 0, 0, 0;3x2-4=2 ?, 2x2-1=1 ?, 2x3+2=9 ?, 2x2-4=1 ?, 3x2+3=7 ?;cheat;3.5739264235730843, 3.0061350257738013, 3.589270711905101, 2.9246410323380587, 4.5025933011575034;0.92;H, A, G, Q, S;1-7;10;26;4.462;male;24.7452257922;cheat_first
1;1;1.6684669018;0.6765185923;self;0.5;1;1;1;1461231428.719;dotscs_1_13;;0.9702970297;1;1;18;14;5;left;4.3419197506;experiment;P;0;instructions;right;0;lettersGrid;0;2+2x2=4 ?;cheat;2.4962682368;0.9207920792;P;1-7;2;26;4.4672090971;male;29.2124348894;cheat_first
6;1;26.7988114272;0.8080146737;other;0.5;6;3;1, 1, 1, 1, 1, 1;1461231440.856;dotscs_1_13;;0.9719626168;6;0.5;19;12;5;left;10.0538693908;experiment;C, G, Y, E, B, M;0;instructions;right;0, 1, 1, 0, 0, 1;lettersGrid;0, 1, 1, 0, 0, 1;3x2+1=8 ?, 3x3-5=4 ?, 3x3-4=5 ?, 2x2-2=0 ?, 3x3-1=9 ?, 4+6/3=6 ?;cheat;1.8741449148578795, 1.6780286381417682, 2.043945979498403, 1.784880572961356, 1.4247394135772993, 7.022598666120302;0.8971962617;C, G, Y, B, M, E;1-7;9;26;4.3602061315;male;29.2124348894;cheat_first
5;1;27.5289120521;0.8326390024;other;0.5;4;4;1, 1, 1, 1, 1;1461231504.588;dotscs_1_13;;0.9732142857;5;0.8;20;14;5;left;3.3948124068;experiment;F, Q, T, I, K;1;instructions;left;0, 0, 1, 1, 0;lettersGrid;0, 0, 1, 1, 0;4/2-2=2 ?, 2x2+4=7 ?, 6/3+3=5 ?, 4x2-8=0 ?, 9/3-2=2 ?;accuracy;4.9025565674428435, 3.362085781362566, 4.313235957139568, 3.237298380390257, 11.474974006827324;0.8928571429;F, Q, E, I, K;1-7;8;26;4.3447066327;male;29.2124348894;cheat_first
2;1;3.2108794787;0.6650101106;other;0.5;1;1;1, 1;1461231569.427;dotscs_1_13;;0.9736842105;2;0.5;21;12;5;left;4.2080625195;experiment;A, K;0;instructions;right;0, 1;lettersGrid;0, 1;2x4-6=1 ?, 9/3+2=5 ?;cheat;5.11384514226711, 3.8446362052873155;0.8859649123;F, K;1-7;2;26;4.3132502308;male;29.2124348894;cheat_first
7;1;24.3677373943;1.0154447929;other;5;7;5;1, 1, 1, 1, 1, 1, 1;1461231589.708;dotscs_1_13;;0.9752066116;7;0.7142857143;22;10;0.5;right;6.0792570589;experiment;Q, T, R, M, C, A, K;0;instructions;left;0, 0, 1, 1, 0, 0, 0;lettersGrid;0, 0, 1, 1, 0, 0, 0;5+4/2=5 ?, 3x2-6=2 ?, 2+6/2=5 ?, 9/3+5=8 ?, 4x2-6=0 ?, 2x2-1=2 ?, 2+4/2=2 ?;cheat;13.346624001766486, 3.716724669131054, 3.2879831208933865, 2.940091133585611, 7.197034619579426, 5.228474857223318, 4.314549594407254;0.8760330579;Q, T, R, M, C, K, A;1-7;12;26;4.2715661499;male;29.2124348894;cheat_first
3;1;3.3981807256;0.7927008198;other;5;3;3;1, 1, 1;1461231668.994;dotscs_1_13;;0.9758064516;3;1;23;12;0.5;right;2.1072167947;experiment;B, D, I;1;instructions;right;0, 0, 0;lettersGrid;0, 0, 0;2x3-6=1 ?, 3x3-8=0 ?, 3x3-3=7 ?;accuracy;7.961738545132448, 1.961444109193053, 5.619339628317448;0.8790322581;B, D, I;1-7;6;26;4.288826743;male;29.2124348894;cheat_first
6;1;8.0764443463;0.8836387045;other;5;6;6;1, 1, 1, 1, 1, 1;1461231695.126;dotscs_1_13;;0.9769230769;6;1;24;10;0.5;right;2.5967207905;experiment;X, S, A, Z, F, G;1;instructions;right;0, 1, 0, 1, 1, 0;lettersGrid;0, 1, 0, 1, 1, 0;4x2-2=5 ?, 8/4-1=1 ?, 9/3-2=3 ?, 8/2-1=3 ?, 3x3-9=0 ?, 3x2-5=2 ?;accuracy;3.768025884882263, 5.328707291748742, 11.59428992455787, 3.99390602539097, 6.873123236303854, 4.4132231463454445;0.8846153846;X, S, A, Z, F, G;1-7;12;26;4.3210059172;male;29.2124348894;cheat_first
6;1;6.9173618823;0.8262527152;self;5;6;6;1, 1, 1, 1, 1, 1;1461231749.931;dotscs_1_13;;0.9779411765;6;1;25;12;0.5;right;3.1746114826;experiment;W, L, P, J, D, K;1;instructions;right;0, 0, 1, 1, 1, 1;lettersGrid;0, 0, 1, 1, 1, 1;3x2-3=5 ?, 9/3+3=4 ?, 3x2-2=4 ?, 4+6/2=7 ?, 9/3-2=1 ?, 2x2-2=2 ?;accuracy;5.3701477346480715, 5.6425165496357295, 5.943252781039519, 6.217295492652738, 3.6560659111833047, 5.4447458402078155;0.8897058824;W, L, P, J, D, K;1-7;12;26;4.3504000865;male;33.5628349759;cheat_first
2;1;3.6942626043;0.8161845632;self;0.5;2;2;1, 1;1461231800.712;dotscs_1_13;;0.9782608696;2;1;26;14;5;left;1.4454688361;experiment;N, U;0;instructions;right;0, 0;lettersGrid;0, 0;4/2+2=6 ?, 9/3-1=0 ?;cheat;2.954049237333038, 5.8122004769011255;0.8913043478;N, U;1-7;4;26;4.3596408318;male;37.9224758077;cheat_first
1;1;1.9995767483;0.715273015;self;5;1;1;1;1461231819.573;dotscs_1_13;;0.9784172662;1;1;27;10;0.5;right;7.3946641272;experiment;Z;1;instructions;right;1;lettersGrid;1;6/2+6=9 ?;accuracy;8.5264493361;0.8920863309;Z;1-7;2;26;4.3641633456;male;42.2866391532;cheat_first
5;1;7.8812042996;0.6668390108;self;0.5;5;5;1, 1, 1, 1, 1;1461231847.389;dotscs_1_13;;0.9791666667;5;1;28;14;5;left;9.9212019356;experiment;U, W, N, P, H;0;instructions;right;1, 0, 1, 0, 1;lettersGrid;1, 0, 1, 0, 1;2+8/4=4 ?, 3x3-2=5 ?, 2x2-2=2 ?, 3x3-8=2 ?, 2+6/3=4 ?;cheat;3.9512248464293407, 2.5851213592750355, 2.409308068464725, 2.183960531428511, 4.7838949911210875;0.8958333333;U, W, N, P, H;1-7;10;26;4.3858506944;male;46.6724898477;cheat_first
7;1;10.2398343515;0.6594579406;self;0.5;7;7;1, 1, 1, 1, 1, 1, 1;1461231887.952;dotscs_1_13;;0.9801324503;7;1;29;12;5;left;2.9322567312;experiment;W, L, T, C, D, P, E;1;instructions;left;1, 1, 1, 1, 1, 1, 1;lettersGrid;1, 1, 1, 1, 1, 1, 1;4+4/2=6 ?, 6+6/2=9 ?, 6/3+5=7 ?, 1+2x2=5 ?, 5+8/2=9 ?, 3x2-6=0 ?, 2x2+4=8 ?;accuracy;3.4506522534611577, 4.4299051364209845, 4.18138846363172, 1.7173591927357847, 5.495870111284148, 7.635162021160795, 4.24124778553778;0.9006622517;W, L, T, C, D, P, E;1-7;14;26;4.4138414982;male;51.0863313459;cheat_first
2;1;2.855549799;0.6148268313;self;0.5;2;2;1, 1;1461231941.15;dotscs_1_13;;0.9803921569;2;1;30;10;5;left;6.106665789;experiment;I, N;0;instructions;right;0, 0;lettersGrid;0, 0;3x3-3=7 ?, 2x2-3=2 ?;cheat;3.4452929531430527, 3.338651582487273;0.9019607843;I, N;1-7;4;26;4.4213763937;male;55.5077077396;cheat_first
7;1;16.1724931009;0.6246741564;other;0.5;7;7;1, 1, 1, 1, 1, 1, 1;1461231960.76;dotscs_1_13;;0.98125;7;1;31;12;5;left;2.2729240674;experiment;G, X, N, O, I, F, O;0;instructions;right;0, 1, 1, 0, 1, 0, 0;lettersGrid;0, 1, 1, 0, 1, 0, 0;2x2-4=1 ?, 2x3-2=4 ?, 4x2-2=6 ?, 2x2-3=2 ?, 3x3-1=8 ?, 4/2+4=5 ?, 9/3-3=1 ?;cheat;4.270587335999153, 4.482558563379371, 2.0707545133277563, 3.091291066204576, 1.4308698387890217, 7.796401440753925, 4.828033132536348;0.90625;G, X, N, O, I, F, O;1-7;14;26;4.4462890625;male;55.5077077396;cheat_first
5;0.8333333333;8.3747635134;0.6265526011;other;0.5;6;6;1, 1, 1, 1, 1, 0;1461232015.332;dotscs_1_13;;0.9759036145;6;1;32;14;5;left;5.3947352589;experiment;O, Q, Z, A, I, F;0;instructions;right;0, 1, 1, 0, 0, 0;lettersGrid;0, 1, 1, 0, 0, 1;6/2+6=7 ?, 6/2+3=6 ?, 2x2-3=1 ?, 3+4/2=7 ?, 4x2-7=2 ?, 4/2-1=3 ?;cheat;5.875694242432473, 11.511673040214191, 4.002550126657297, 2.161239773482521, 8.03310457925727, 5.263151766863302;0.9096385542;O, Q, Z, A, I, F;1-7;12;26;4.4385977646;male;55.5077077396;cheat_first
1;1;2.625682741;0.6153502337;other;0.5;1;1;1;1461232073.397;dotscs_1_13;;0.9760479042;1;1;33;12;5;left;2.4781706893;experiment;B;1;instructions;left;1;lettersGrid;1;4/2+2=4 ?;accuracy;1.3090037944;0.9101796407;B;1-7;2;26;4.4418946538;male;55.5077077396;cheat_first
3;1;3.8735932014;0.6168068422;other;0.5;3;3;1, 1, 1;1461232082.851;dotscs_1_13;;0.9764705882;3;1;34;14;5;left;11.4659360267;experiment;X, T, P;0;instructions;right;1, 0, 1;lettersGrid;1, 0, 1;2x4-1=7 ?, 4/2+4=7 ?, 4/2+1=3 ?;cheat;1.828322260135792, 3.594148014928578, 2.673507701694234;0.9117647059;X, T, P;1-7;6;26;4.4515570934;male;55.5077077396;cheat_first
6;1;8.9073892804;0.600118836;other;0.5;6;6;1, 1, 1, 1, 1, 1;1461232110.901;dotscs_1_13;;0.9772727273;6;1;35;14;5;left;2.6755340721;experiment;V, R, W, Z, E, P;0;instructions;right;1, 0, 0, 0, 1, 0;lettersGrid;1, 0, 0, 0, 1, 0;2+6/3=4 ?, 4x2-7=2 ?, 3x3-2=5 ?, 2x4-8=2 ?, 3+6/3=5 ?, 4/2-2=1 ?;cheat;4.265358620850748, 2.7580023229297694, 4.198678435610873, 3.5820138568910806, 9.69370805968856, 3.3853200327557715;0.9147727273;V, R, W, Z, E, P;1-7;12;26;4.4699121901;male;55.5077077396;cheat_first
3;1;6.0593886491;0.7018846731;other;5;3;3;1, 1, 1;1461232157.89;dotscs_1_13;;0.9776536313;3;1;36;10;0.5;right;2.158871546;experiment;Y, V, I;0;instructions;left;0, 0, 0;lettersGrid;0, 0, 0;4/2+4=7 ?, 2x3-6=2 ?, 4/2-2=1 ?;cheat;1.9540407439885712, 3.676855494946267, 1.7124033262766716;0.9162011173;Y, V, I;1-7;6;26;4.4786367467;male;55.5077077396;cheat_first
1;0.5;3.7443145906;0.6238655192;self;5;2;2;1, 0;1461232178.717;dotscs_1_13;;0.9723756906;2;1;37;10;0.5;right;1.9419784255;experiment;G, E;0;instructions;left;1, 1;lettersGrid;1, 0;1+3x2=7 ?, 6/2+2=5 ?;cheat;1.4360610416661075, 1.8981166716566804;0.9171270718;G, E;1-7;4;26;4.4589603492;male;59.9666680888;cheat_first
6;1;9.9806079253;0.6184230549;self;0.5;6;6;1, 1, 1, 1, 1, 1;1461232193.678;dotscs_1_13;;0.9732620321;6;1;38;10;5;left;3.528618324;experiment;T, P, K, H, E, V;0;instructions;right;0, 1, 0, 1, 0, 0;lettersGrid;0, 1, 0, 1, 0, 0;4/2-1=0 ?, 4+8/2=8 ?, 3x2-3=1 ?, 3x3-6=3 ?, 1+2x4=7 ?, 1+4/2=2 ?;cheat;2.390053656703458, 1.9980068951799694, 2.6613367391646534, 4.193930302199988, 5.1851488918659925, 5.7771587073411865;0.9197860963;T, P, K, H, E, V;1-7;12;26;4.4759644256;male;64.4426325144;cheat_first
7;1;28.0510067798;0.7335099949;self;5;6;4;1, 1, 1, 1, 1, 1, 1;1461232237.983;dotscs_1_13;;0.9742268041;7;0.5714285714;39;10;0.5;right;5.3173400119;experiment;Q, L, Z, H, E, J, D;0;instructions;left;0, 1, 0, 0, 1, 1, 1;lettersGrid;0, 1, 0, 0, 1, 1, 1;3+6/2=7 ?, 4/2+3=5 ?, 3x3-5=6 ?, 2x2-3=0 ?, 2x2-1=3 ?, 2x4+1=9 ?, 3x3-4=5 ?;cheat;3.9019482316502945, 8.48117131712661, 8.404835614858257, 2.6928420924487, 3.5440744413326684, 6.91340186046682, 4.555928319004124;0.9072164948;Q, L, Z, H, D, E, G;1-7;10;26;4.4191731321;male;68.8618056465;cheat_first
2;1;3.0660856511;0.7017286079;self;0.5;2;2;1, 1;1461232318.061;dotscs_1_13;;0.9744897959;2;1;40;10;5;left;0.7016479211;experiment;T, M;0;instructions;right;1, 1;lettersGrid;1, 1;3x3-4=5 ?, 4+2x2=8 ?;cheat;2.467981153268738, 3.520560263463267;0.9081632653;T, M;1-7;4;26;4.4249791753;male;73.2867848218;cheat_first
4;1;5.6693863063;1.732786999;self;5;4;4;1, 1, 1, 1;1461232336.501;dotscs_1_13;;0.975;4;1;41;12;0.5;left;1.0643360222;experiment;R, C, A, F;1;instructions;left;0, 0, 0, 1;lettersGrid;0, 0, 0, 1;5+2x2=8 ?, 2x4-4=6 ?, 3x3-2=8 ?, 8/2-2=2 ?;cheat;2.2448001268339794, 2.531314606923843, 2.661293210774602, 4.058050593437656;0.91;R, C, A, F;1-7;8;26;0.443625;male;73.7304098218;cheat_first
4;1;10.2071378066;1.0585407302;self;5;3;3;1, 1, 1, 1;1461232364.394;dotscs_1_13;;0.9754901961;4;0.75;42;10;0.5;right;2.5331233354;experiment;G, D, U, M;0;instructions;left;1, 0, 1, 0;lettersGrid;1, 0, 1, 0;3x2+1=7 ?, 4x2-3=3 ?, 7+4/2=9 ?, 3+9/3=8 ?;cheat;4.172055339800863, 8.019722607371477, 4.346705396317702, 2.5396826744972714;0.9068627451;I, D, U, M;1-7;6;26;4.4231785852;male;78.153588407;cheat_first
5;1;9.6450365957;1.2478495914;other;0.5;5;5;1, 1, 1, 1, 1;1461232402.741;dotscs_1_13;;0.976076555;5;1;43;12;5;left;1.5295494068;experiment;Z, D, U, J, B;0;instructions;right;0, 0, 0, 1, 0;lettersGrid;0, 0, 0, 1, 0;3x3-7=4 ?, 6/3+3=7 ?, 1+4x2=8 ?, 2x4-6=2 ?, 2x4+1=8 ?;cheat;2.973323466898364, 2.4133194042487958, 1.7401740852492367, 3.5812869681667507, 3.6199405324332474;0.9090909091;Z, D, U, J, B;1-7;10;26;4.4367116137;male;78.153588407;cheat_first
7;1;8.7310915151;0.7987640061;other;5;7;7;1, 1, 1, 1, 1, 1, 1;1461232436.017;dotscs_1_13;;0.9768518519;7;1;44;14;0.5;right;12.5848697439;experiment;W, K, D, J, S, N, C;0;instructions;left;0, 0, 0, 1, 0, 0, 0;lettersGrid;0, 0, 0, 1, 0, 0, 0;4/2+4=4 ?, 6/3+3=7 ?, 6/3+6=7 ?, 2x2-4=0 ?, 3+9/3=7 ?, 2x3+3=7 ?, 8/2-3=0 ?;cheat;2.5387105404524846, 2.004707082245659, 3.4599609589267857, 4.224289407879041, 4.950380820328974, 3.279948417088235, 9.691540841308779;0.912037037;W, K, D, J, S, N, C;1-7;14;26;4.4546253429;male;78.153588407;cheat_first
4;1;11.3117570535;0.6599579863;other;0.5;4;4;1, 1, 1, 1;1461232495.829;dotscs_1_13;;0.9772727273;4;1;45;14;5;left;2.13680973;experiment;L, E, V, Q;1;instructions;left;0, 0, 1, 1;lettersGrid;0, 0, 1, 1;9/3-2=2 ?, 4+2x2=7 ?, 8/4+4=6 ?, 5+2x2=9 ?;accuracy;4.9233903873746385, 3.4132808303093043, 4.066619670160435, 5.231203698001991;0.9136363636;L, E, V, Q;1-7;8;26;4.4643595041;male;78.153588407;cheat_first
3;0.75;5.0194207398;0.8086152239;other;5;4;4;1, 1, 0, 1;1461232533.458;dotscs_1_13;;0.9732142857;4;1;46;10;0.5;right;6.1118700858;experiment;U, V, T, Z;0;instructions;left;1, 0, 1, 1;lettersGrid;1, 0, 0, 1;9/3+2=5 ?, 4x2-2=8 ?, 4/2-2=0 ?, 3x3-6=3 ?;cheat;7.31844556226315, 5.185226039744521, 1.8974184479684482, 2.5086876296563787;0.9151785714;U, V, T, Z;1-7;8;26;4.4533242985;male;78.153588407;cheat_first
1;1;4.0776695112;0.6249986729;other;5;1;1;1;1461232567.046;dotscs_1_13;;0.9733333333;1;1;47;14;0.5;right;1.4869036168;experiment;C;0;instructions;left;1;lettersGrid;1;5+6/3=7 ?;cheat;2.8375877911;0.9155555556;C;1-7;2;26;4.4557037037;male;78.153588407;cheat_first
3;1;7.7713878337;1.0320262784;other;0.5;3;3;1, 1, 1;1461232578.637;dotscs_1_13;;0.9736842105;3;1;48;10;5;left;1.7209992986;experiment;C, F, H;0;instructions;right;0, 0, 1;lettersGrid;0, 0, 1;1+6/2=2 ?, 4/2+2=3 ?, 4/2-2=0 ?;cheat;1.7669663401684375, 1.711653788633157, 5.010115927073457;0.9166666667;C, F, H;1-7;6;26;4.4627192982;male;78.153588407;cheat_first
5;1;13.3607809913;0.6501329562;self;0.5;5;3;1, 1, 1, 1, 1;1461232601.601;dotscs_1_13;;0.974248927;5;0.6;49;10;5;left;4.9119272035;experiment;R, S, N, B, W;0;instructions;right;1, 1, 1, 0, 1;lettersGrid;1, 1, 1, 0, 1;8/2+4=8 ?, 2x2-3=1 ?, 9/3+4=7 ?, 2x2-2=0 ?, 2x3+1=7 ?;cheat;1.5061336102162386, 3.6608851763530765, 2.0799995187107925, 2.0213466055993194, 10.506917121238075;0.9098712446;R, S, B, N, W;1-7;8;26;4.4322054191;male;82.5857938261;cheat_first
6;1;6.9681687146;0.6140949881;self;5;6;6;1, 1, 1, 1, 1, 1;1461232646.453;dotscs_1_13;;0.9748953975;6;1;50;10;0.5;right;15.3735723219;experiment;B, M, W, I, C, Q;0;instructions;left;0, 0, 0, 0, 0, 0;lettersGrid;0, 0, 0, 0, 0, 0;4x2-1=9 ?, 8/4-2=1 ?, 8/4+2=3 ?, 2x4-7=0 ?, 2x4-5=2 ?, 3x3-9=2 ?;cheat;3.6219587633977426, 3.4440996382545563, 4.75332779850396, 3.9545836102524845, 5.971166511309093, 2.138688174645722;0.9121338912;B, M, W, I, C, Q;1-7;12;26;4.4461756622;male;87.0319694883;cheat_first
6;0.8571428571;9.3251768916;0.6926332977;self;5;7;4;1, 0, 1, 1, 1, 1, 1;1461232702.147;dotscs_1_13;;0.9715447154;7;0.5714285714;51;12;0.5;right;5.0940719287;experiment;X, S, Y, G, K, A, I;0;instructions;left;0, 1, 0, 1, 0, 0, 1;lettersGrid;0, 0, 0, 1, 0, 0, 1;7+4/2=7 ?, 4/2-2=0 ?, 2+8/2=5 ?, 2x4-8=0 ?, 2x4-7=3 ?, 9/3-3=2 ?, 3+8/4=5 ?;cheat;2.3332731721438904, 2.2567644179835042, 5.029230906430712, 6.235241575486725, 6.889339861883855, 17.131922518049578, 17.413831836027384;0.9024390244;X, S, Y, G, I, K, A;1-7;11;26;4.3837993258;male;91.4157688141;cheat_first
5;0.8333333333;23.7703141334;0.7335124721;self;5;6;6;0, 1, 1, 1, 1, 1;1461232782.49;dotscs_1_13;;0.9682539683;6;1;52;14;0.5;right;3.4819944638;experiment;B, O, G, L, U, F;0;instructions;left;1, 0, 0, 0, 0, 1;lettersGrid;0, 0, 0, 0, 0, 1;6+8/4=8 ?, 8/4+3=4 ?, 3x3-8=3 ?, 2x4+1=8 ?, 2x2+5=7 ?, 4+8/4=6 ?;cheat;6.565903752005397, 3.2786436270544073, 5.522646795071523, 5.292706128160717, 4.352047709946419, 10.704932368205846;0.9047619048;B, O, G, L, U, F;1-7;12;26;4.3801965231;male;95.7959653372;cheat_first
7;1;12.6250138902;0.658685754;self;5;7;3;1, 1, 1, 1, 1, 1, 1;1461232852.973;dotscs_1_13;;0.9691119691;7;0.4285714286;53;10;0.5;right;4.8301182486;experiment;B, Y, V, U, P, S, W;1;instructions;right;0, 0, 1, 0, 1, 1, 1;lettersGrid;0, 0, 1, 0, 1, 1, 1;9/3+1=6 ?, 8/2+1=3 ?, 2x4-1=7 ?, 6/3+2=3 ?, 5+4/2=7 ?, 9/3-1=2 ?, 2x2-2=2 ?;accuracy;1.4414691787142146, 4.286713365905598, 7.522530719365022, 7.533044064179194, 5.519192835015019, 5.657773427297798, 3.3506215358656846;0.8918918919;B, Y, V, W, U, P, S;1-7;10;26;4.3217155379;male;100.1176808751;cheat_first
4;1;4.7681224967;0.8003285509;self;0.5;4;4;1, 1, 1, 1;1461232915.422;dotscs_1_13;;0.969581749;4;1;54;10;5;left;1.8690450154;experiment;L, E, B, N;1;instructions;left;1, 1, 0, 0;lettersGrid;1, 1, 0, 0;5+4/2=7 ?, 4/2+1=3 ?, 2x4-5=5 ?, 2x3-3=5 ?;accuracy;2.3206980679769913, 8.324327557151264, 3.1587611324739555, 4.863197347811365;0.8935361217;L, E, B, N;1-7;8;26;4.3317815785;male;104.4494624536;cheat_first
6;1;7.1745994503;0.7835375629;other;5;6;6;1, 1, 1, 1, 1, 1;1461232946.841;dotscs_1_13;;0.970260223;6;1;55;12;0.5;right;4.3173789398;experiment;N, H, T, X, R, S;0;instructions;left;0, 0, 0, 0, 0, 1;lettersGrid;0, 0, 0, 0, 0, 1;4/2+3=3 ?, 5+8/4=5 ?, 8/2-2=0 ?, 3x3-2=8 ?, 8/2-3=2 ?, 3x3-8=1 ?;cheat;5.051233268995929, 2.3126891980937216, 2.61930530105019, 2.7540079738355416, 5.171219807045418, 5.443876687963893;0.8959107807;N, H, T, X, R, S;1-7;12;26;4.3463329694;male;104.4494624536;cheat_first
6;1;10.3016977488;0.7178581767;other;5;6;6;1, 1, 1, 1, 1, 1;1461232989.321;dotscs_1_13;;0.9709090909;6;1;56;10;0.5;right;4.167285973;experiment;G, Z, L, N, R, Y;0;instructions;left;1, 1, 0, 1, 1, 0;lettersGrid;1, 1, 0, 1, 1, 0;2x2-4=0 ?, 7+4/2=9 ?, 5+8/4=6 ?, 1+2x2=5 ?, 4/2+6=8 ?, 5+2x2=8 ?;cheat;8.859109571928457, 5.0480118142422725, 2.6053164089289567, 1.2527594522080108, 7.20137153356518, 3.4246668662599404;0.8981818182;G, Z, L, N, R, Y;1-7;12;26;4.3602644628;male;104.4494624536;cheat_first
1;0.5;4.1894698808;1.0002098564;other;0.5;2;2;0, 1;1461233041.52;dotscs_1_13;;0.9675090253;2;1;57;10;5;left;1.5766619882;experiment;Y, O;1;instructions;left;0, 1;lettersGrid;1, 1;5+8/2=7 ?, 2x2-4=0 ?;accuracy;1.726159713094603, 2.3520077204493646;0.8989169675;Y, O;1-7;4;26;4.3485513952;male;104.4494624536;cheat_first
7;1;35.9091346627;0.7585604064;other;5;6;6;1, 1, 1, 1, 1, 1, 1;1461233055.452;dotscs_1_13;;0.9683098592;7;0.8571428571;58;10;0.5;right;2.7260549618;experiment;S, D, H, I, K, Y, J;0;instructions;left;1, 0, 1, 0, 1, 0, 1;lettersGrid;1, 0, 1, 0, 1, 0, 1;4/2-1=1 ?, 8/2-1=5 ?, 3x3-9=0 ?, 3x3-7=4 ?, 2x2-3=1 ?, 8/4+3=3 ?, 9/3+2=5 ?;cheat;4.44582980328687, 3.6433956107812264, 2.0889451337025093, 1.452203704371641, 2.249389717815575, 9.230431157550811, 2.868700681095106;0.8978873239;S, D, H, I, Q, Y, J;1-7;12;26;4.3471657409;male;104.4494624536;cheat_first
4;0.8;23.1924613075;0.6927051373;other;0.5;4;4;1, 1, 1, 0, 1;1461233128.29;dotscs_1_13;;0.9653979239;5;0.8;59;12;5;left;1.8235649256;experiment;O, X, V, N, L;0;instructions;right;0, 1, 1, 0, 1;lettersGrid;0, 1, 1, 1, 1;9/3-2=2 ?, 1+9/3=4 ?, 1+9/3=4 ?, 4/2-2=2 ?, 6+6/2=9 ?;cheat;9.32031763692521, 5.906503495364632, 3.037465911608706, 5.139196359752532, 7.293107084794428;0.8961937716;O, X, V, K, L;1-7;8;26;4.3259180326;male;104.4494624536;cheat_first
3;1;5.376805455;1.6041945797;other;5;3;3;1, 1, 1;1461233190.193;dotscs_1_13;;0.9657534247;3;1;60;12;0.5;left;6.5271967504;experiment;R, A, N;1;instructions;left;1, 0, 0;lettersGrid;1, 0, 0;3x3-6=3 ?, 4+2x2=9 ?, 9/3+4=8 ?;cheat;2.2016900339804124, 1.9135869445972276, 2.7639858840620946;0.897260274;R, A, N;1-7;6;26;0.4332660912;male;104.4494624536;cheat_first
3;1;4.9221861019;0.9986173543;self;5;3;3;1, 1, 1;1461233220.099;dotscs_1_13;;0.9661016949;3;1;61;12;0.5;right;3.810626731;experiment;T, L, H;0;instructions;left;0, 0, 1;lettersGrid;0, 0, 1;2x2+3=6 ?, 3+4/2=7 ?, 3+4/2=5 ?;cheat;3.885573417530395, 2.599348772817393, 1.4320925264937614;0.8983050847;T, L, H;1-7;6;26;4.3392703246;male;108.7887327782;cheat_first
4;0.8;5.5359512652;0.7990382703;self;5;5;5;0, 1, 1, 1, 1;1461233243.5;dotscs_1_13;;0.9633333333;5;1;62;12;0.5;right;3.9127376102;experiment;I, P, E, T, K;0;instructions;left;1, 0, 0, 0, 0;lettersGrid;0, 0, 0, 0, 0;3x3-2=7 ?, 4+9/3=6 ?, 2+3x2=9 ?, 2x4-4=3 ?, 3x3-6=5 ?;cheat;2.873130667980149, 5.1498519680844765, 2.287331610599722, 6.363116307150449, 1.5801474444588166;0.9;I, P, E, T, K;1-7;10;26;4.335;male;113.1237327782;cheat_first
3;0.6;16.1387129469;0.9933872236;self;0.5;4;4;0, 0, 1, 1, 1;1461233279.038;dotscs_1_13;;0.9573770492;5;0.8;63;14;5;left;2.403590986;experiment;J, L, A, C, E;0;instructions;right;0, 1, 1, 0, 0;lettersGrid;1, 0, 1, 0, 0;4/2-2=2 ?, 1+6/3=3 ?, 3x2-5=1 ?, 3x3-5=6 ?, 3x2-3=2 ?;cheat;3.371349188992099, 3.3299628911627224, 10.724926408709507, 2.2700908292399617, 2.4833668466544623;0.8983606557;J, L, M, C, E;1-7;8;26;4.3003493684;male;117.4240821466;cheat_first
2;1;4.8547715963;0.7425957501;self;0.5;2;2;1, 1;1461233327.478;dotscs_1_13;;0.9576547231;2;1;64;12;5;left;6.5939763786;experiment;L, D;0;instructions;right;0, 0;lettersGrid;0, 0;4x2-8=1 ?, 2+6/2=4 ?;cheat;4.912570928273453, 4.851178911591887;0.8990228013;L, D;1-7;4;26;4.3047671593;male;121.728849306;cheat_first
7;1;10.8055993789;0.7874887375;self;0.5;7;7;1, 1, 1, 1, 1, 1, 1;1461233352.688;dotscs_1_13;;0.9585987261;7;1;65;14;5;left;1.8988308204;experiment;L, H, M, V, F, Y, A;0;instructions;right;0, 1, 0, 0, 1, 1, 0;lettersGrid;0, 1, 0, 0, 1, 1, 0;2+2x3=6 ?, 6/2+2=5 ?, 4x2-3=6 ?, 2x2-2=1 ?, 3+2x3=9 ?, 8/2+2=6 ?, 3x2-4=0 ?;cheat;2.7980183611944085, 2.5013419484157566, 6.920455229103936, 4.619354845559428, 7.601085307858739, 4.193165193425557, 11.351485379768746;0.9012738854;L, H, M, V, F, Y, A;1-7;14;26;4.3197999919;male;126.0486492979;cheat_first
1;1;8.2257838826;0.6850037972;self;0.5;1;1;1;1461233413.78;dotscs_1_13;;0.9587301587;1;1;66;10;5;left;2.4227342765;experiment;S;0;instructions;right;0;lettersGrid;0;9/3-1=1 ?;cheat;4.0047838762;0.9015873016;S;1-7;2;26;4.3218946838;male;130.3705439817;cheat_first
5;1;8.095136074;1.1334753845;other;5;5;5;1, 1, 1, 1, 1;1461233434.809;dotscs_1_13;;0.959375;5;1;67;12;0.5;right;3.2895986258;experiment;R, B, X, R, D;1;instructions;right;1, 0, 1, 1, 0;lettersGrid;1, 0, 1, 1, 0;4+2x2=8 ?, 4x2-2=4 ?, 6/3+3=5 ?, 8/4+4=6 ?, 3x2+3=8 ?;accuracy;2.3090168883072693, 1.9274034926047534, 3.1453883617114116, 2.6907976736729324, 8.317678684041311;0.903125;R, B, X, R, D;1-7;10;26;4.3321777344;male;130.3705439817;cheat_first
1;1;3.0850042219;0.8169627659;other;0.5;1;1;1;1461233472.205;dotscs_1_13;;0.9595015576;1;1;68;10;5;left;1.3414235978;experiment;U;0;instructions;right;1;lettersGrid;1;8/2+1=5 ?;cheat;3.3852651799;0.9034267913;U;1-7;2;26;4.3341970672;male;130.3705439817;cheat_first
6;1;10.1263569002;1.7769637143;other;0.5;6;6;1, 1, 1, 1, 1, 1;1461233483.126;dotscs_1_13;;0.9602446483;6;1;69;14;5;right;5.333183992;experiment;T, N, X, M, A, C;0;instructions;left;0, 1, 1, 0, 0, 1;lettersGrid;0, 1, 1, 0, 0, 1;2+8/4=3 ?, 8/2+2=6 ?, 4/2-2=0 ?, 2x4-8=2 ?, 1+4x2=7 ?, 8/2-3=1 ?;accuracy;3.5528395727560564, 5.169975885980421, 3.042630218895283, 4.791872010962834, 2.8313097940299485, 9.876939225166097;0.9051987768;T, N, X, M, A, C;1-7;12;26;0.4346061405;male;130.3705439817;cheat_first
2;1;4.3616402347;1.2550222207;other;5;2;2;1, 1;1461233536.731;dotscs_1_13;;0.9604863222;2;1;70;14;0.5;right;2.5100550581;experiment;B, Z;0;instructions;left;1, 1;lettersGrid;1, 1;6+4/2=8 ?, 3x2+2=8 ?;cheat;5.5130033102814195, 3.1166298975631435;0.905775076;B, Z;1-7;4;26;4.3499228573;male;130.3705439817;cheat_first
1;1;1.84614342;1.8595537031;other;5;1;1;1;1461233558.073;dotscs_1_13;;0.9606060606;1;1;71;12;0.5;left;1.3855620931;experiment;X;1;instructions;left;1;lettersGrid;1;9/3+4=7 ?;cheat;3.1052958833;0.9060606061;X;1-7;2;26;0.4351836547;male;130.3705439817;cheat_first
3;1;4.1874898699;3.2161188106;other;0.5;3;3;1, 1, 1;1461233568.697;dotscs_1_13;;0.960960961;3;1;72;14;5;right;1.6094551449;experiment;Q, E, S;1;instructions;right;0, 1, 1;lettersGrid;0, 1, 1;3x3-6=4 ?, 3x2-6=0 ?, 3x3-5=4 ?;cheat;2.3049393752153264, 9.802950163178139, 3.8180424822930945;0.9069069069;Q, E, S;1-7;6;26;0.4357510664;male;130.3705439817;cheat_first
6;1;7.0358546534;0.7956274847;self;0.5;6;6;1, 1, 1, 1, 1, 1;1461233599.54;dotscs_1_13;;0.9616519174;6;1;73;12;5;left;5.4962098451;experiment;U, D, J, O, U, V;0;instructions;right;0, 0, 0, 0, 0, 1;lettersGrid;0, 0, 0, 0, 0, 1;4+4/2=4 ?, 4x2-8=1 ?, 3+4/2=7 ?, 2x2-1=1 ?, 5+8/2=8 ?, 3+6/3=5 ?;cheat;4.140618994940269, 2.09380686559507, 1.897354747886311, 4.1725642326864545, 5.1652780048571, 3.5100140069407644;0.9085545723;U, D, J, O, U, V;1-7;12;26;4.3685662325;male;134.7391102141;cheat_first
1;1;2.1989173109;1.0001387246;self;0.5;1;1;1;1461233640.665;dotscs_1_13;;0.9617647059;1;1;74;14;5;left;1.9807625749;experiment;Q;1;instructions;left;0;lettersGrid;0;2+2x2=5 ?;accuracy;2.0534450774;0.9088235294;Q;1-7;2;26;4.3703719723;male;139.1094821864;cheat_first
4;1;4.9187533752;0.7326245637;self;5;4;4;1, 1, 1, 1;1461233650.228;dotscs_1_13;;0.9622093023;4;1;75;12;0.5;right;2.1123658848;experiment;H, S, I, P;0;instructions;left;0, 0, 0, 1;lettersGrid;0, 0, 0, 1;4+9/3=5 ?, 4x2-4=2 ?, 1+4x2=7 ?, 3+2x2=7 ?;cheat;3.6419379405488144, 5.519151429961312, 5.001432897978702, 2.576020386858545;0.9098837209;H, S, I, P;1-7;8;26;4.3774929016;male;143.486975088;cheat_first
1;1;1.4462863205;0.6661588354;self;5;1;1;1;1461233679.683;dotscs_1_13;;0.9623188406;1;1;76;12;0.5;right;3.1113679168;experiment;W;0;instructions;left;1;lettersGrid;1;4/2+1=3 ?;cheat;4.3246276553;0.9101449275;W;1-7;2;26;4.3792480571;male;147.8662231451;cheat_first
3;1;3.4729971809;1.6869781459;self;5;3;3;1, 1, 1;1461233691.649;dotscs_1_13;;0.9626436782;3;1;77;12;0.5;right;2.0430495778;experiment;D, A, O;0;instructions;left;0, 0, 1;lettersGrid;0, 0, 1;9/3-2=2 ?, 8/2-2=0 ?, 4/2+7=9 ?;cheat;4.9419745327068085, 7.87159620375769, 6.45912790339662;0.9109195402;D, A, O;1-7;6;26;4.3844546836;male;152.2506778287;cheat_first
2;1;4.3647105787;0.6253465461;self;5;2;2;1, 1;1461233724.926;dotscs_1_13;;0.9628571429;2;1;78;12;0.5;right;5.1399929647;experiment;V, R;0;instructions;left;1, 0;lettersGrid;1, 0;2x2-1=3 ?, 3x3-9=1 ?;cheat;1.9114441445826742, 1.986033402908106;0.9114285714;V, R;1-7;4;26;4.387877551;male;156.6385553797;cheat_first
5;1;9.4188821909;1.8429283353;other;0.5;4;4;1, 1, 1, 1, 1;1461233742.617;dotscs_1_13;;0.9633802817;5;0.8;79;10;5;left;2.7202639165;experiment;M, P, F, A, O;0;instructions;right;0, 0, 0, 0, 0;lettersGrid;0, 0, 0, 0, 0;9/3-1=1 ?, 2x2-4=2 ?, 4/2+5=9 ?, 3x3-5=3 ?, 6+9/3=7 ?;cheat;10.324299953782429, 8.326322785307639, 4.79259713024021, 3.9762108501063267, 2.9120071825382183;0.9098591549;Y, P, F, A, O;1-7;8;26;4.3827018449;male;156.6385553797;cheat_first
7;1;36.6703237592;2.9289089379;other;0.5;7;3;1, 1, 1, 1, 1, 1, 1;1461233800.698;dotscs_1_13;;0.9640883978;7;0.4285714286;80;14;5;right;3.258616321;experiment;Z, G, O, E, T, X, I;0;instructions;left;0, 0, 1, 0, 1, 0, 1;lettersGrid;0, 0, 1, 0, 1, 0, 1;3x3-5=2 ?, 9/3+3=7 ?, 2x2+5=9 ?, 3x3-2=5 ?, 2x4-6=2 ?, 6/2+3=4 ?, 3x2-6=0 ?;accuracy;3.6674314215524646, 2.79212681129502, 3.175321738503044, 3.8474655506406634, 4.244586023776719, 9.417641808770895, 14.960041645698766;0.9005524862;Z, G, O, X, I, T, E;1-7;10;26;0.4341061018;male;156.6385553797;cheat_first
1;1;1.9722738311;1.2253163948;other;5;1;1;1;1461233893.569;dotscs_1_13;;0.9641873278;1;1;81;14;0.5;right;1.3867798263;experiment;H;0;instructions;left;0;lettersGrid;0;3x3-7=4 ?;cheat;2.7274312375;0.9008264463;H;1-7;2;26;4.3428272204;male;156.6385553797;cheat_first
3;1;4.0456166911;0.7754094323;other;5;3;3;1, 1, 1;1461233903.491;dotscs_1_13;;0.9644808743;3;1;82;10;0.5;right;2.4715299557;experiment;G, R, X;0;instructions;left;0, 1, 1;lettersGrid;0, 1, 1;3x2-6=2 ?, 3x3-8=1 ?, 8/2+3=7 ?;cheat;8.59901045459901, 2.85482892634991, 2.651348566147135;0.9016393443;G, R, X;1-7;6;26;4.3480695154;male;156.6385553797;cheat_first
1;1;2.0596264627;0.9089877986;other;5;1;1;1;1461233930.028;dotscs_1_13;;0.9645776567;1;1;83;10;0.5;right;1.0388658979;experiment;F;0;instructions;left;0;lettersGrid;0;6/2-2=3 ?;cheat;2.9460078096;0.9019073569;F;1-7;2;26;4.3497984245;male;156.6385553797;cheat_first
4;1;6.4277527814;2.5273669712;other;0.5;4;4;1, 1, 1, 1;1461233939.248;dotscs_1_13;;0.9649595687;4;1;84;14;5;left;3.890110279;experiment;K, H, G, T;0;instructions;right;0, 0, 0, 0;lettersGrid;0, 0, 0, 0;4x2-3=7 ?, 3+9/3=5 ?, 3x3-6=1 ?, 2x3-1=7 ?;cheat;7.251075646679965, 5.928524614066191, 2.594700790094066, 6.20180221690498;0.9029649596;K, H, G, T;1-7;8;26;4.3566233898;male;156.6385553797;cheat_first
;;;3.0621005032;self;0.2;;;;dotscs_1_13;;;1;;1;10;2;left;;controlDotsCheat;;0;instructions;right;;lettersGrid;;;cheat;;;;1-7;;26;2;male;;cheat_first;
;;;5.7581017658;self;2;;;;dotscs_1_13;;;1;;2;14;0.2;left;;controlDotsCheat;;1;instructions;left;;lettersGrid;;;cheat;;;;1-7;;26;0.2;male;;cheat_first;
;;;2.7151912666;self;0.2;;;;dotscs_1_13;;;1;;3;10;2;left;;controlDotsCheat;;0;instructions;right;;lettersGrid;;;cheat;;;;1-7;;26;2;male;;cheat_first;
;;;1.7927025893;self;0.2;;;;dotscs_1_13;;;1;;4;10;2;right;;controlDotsCheat;;1;instructions;right;;lettersGrid;;;cheat;;;;1-7;;26;0.2;male;;cheat_first;
;;;1.59636407;self;2;;;;dotscs_1_13;;;1;;5;14;0.2;right;;controlDotsCheat;;0;instructions;left;;lettersGrid;;;cheat;;;;1-7;;26;2;male;;cheat_first;
;;;1.9427017753;self;2;;;;dotscs_1_13;;;1;;6;10;0.2;right;;controlDotsCheat;;0;instructions;left;;lettersGrid;;;cheat;;;;1-7;;26;2;male;;cheat_first;
;;;1.851426988;other;0.2;;;;dotscs_1_13;;;1;;7;12;2;right;;controlDotsCheat;;1;instructions;right;;lettersGrid;;;cheat;;;;1-7;;26;0.2;male;;cheat_first;
;;;1.8607045512;other;2;;;;dotscs_1_13;;;1;;8;12;0.2;left;;controlDotsCheat;;1;instructions;left;;lettersGrid;;;cheat;;;;1-7;;26;0.2;male;;cheat_first;
;;;1.6774266724;other;0.2;;;;dotscs_1_13;;;1;;9;14;2;right;;controlDotsCheat;;1;instructions;right;;lettersGrid;;;cheat;;;;1-7;;26;0.2;male;;cheat_first;
;;;1.6127339297;other;2;;;;dotscs_1_13;;;1;;10;12;0.2;left;;controlDotsCheat;;1;instructions;left;;lettersGrid;;;cheat;;;;1-7;;26;0.2;male;;cheat_first;
;;;1.8627103961;other;0.2;;;;dotscs_1_13;;;1;;11;12;2;left;;controlDotsCheat;;0;instructions;right;;lettersGrid;;;cheat;;;;1-7;;26;2;male;;cheat_first;
;;;2.0533261706;other;2;;;;dotscs_1_13;;;1;;12;14;0.2;left;;controlDotsCheat;;1;instructions;left;;lettersGrid;;;cheat;;;;1-7;;26;0.2;male;;cheat_first;
;;;2.0633847676;self;0.2;;;;dotscs_1_13;;;1;;13;12;2;left;;controlDotsCheat;;0;instructions;right;;lettersGrid;;;cheat;;;;1-7;;26;2;male;;cheat_first;
;;;1.9196189886;self;2;;;;dotscs_1_13;;;1;;14;14;0.2;right;;controlDotsCheat;;0;instructions;left;;lettersGrid;;;cheat;;;;1-7;;26;2;male;;cheat_first;
;;;2.7334190453;self;0.2;;;;dotscs_1_13;;;1;;15;12;2;right;;controlDotsCheat;;1;instructions;right;;lettersGrid;;;cheat;;;;1-7;;26;0.2;male;;cheat_first;
;;;1.6270130111;self;2;;;;dotscs_1_13;;;1;;16;14;0.2;right;;controlDotsCheat;;0;instructions;left;;lettersGrid;;;cheat;;;;1-7;;26;2;male;;cheat_first;
;;;1.8928830021;self;0.2;;;;dotscs_1_13;;;1;;17;10;2;right;;controlDotsCheat;;1;instructions;right;;lettersGrid;;;cheat;;;;1-7;;26;0.2;male;;cheat_first;
;;;2.5964238773;self;0.2;;;;dotscs_1_13;;;1;;18;14;2;left;;controlDotsCheat;;0;instructions;right;;lettersGrid;;;cheat;;;;1-7;;26;2;male;;cheat_first;
;;;1.2911684789;other;2;;;;dotscs_1_13;;;1;;19;12;0.2;right;;controlDotsCheat;;0;instructions;left;;lettersGrid;;;cheat;;;;1-7;;26;2;male;;cheat_first;
;;;3.3895373321;other;0.2;;;;dotscs_1_13;;;1;;20;14;2;left;;controlDotsCheat;;0;instructions;right;;lettersGrid;;;cheat;;;;1-7;;26;2;male;;cheat_first;
;;;1.496766513;other;2;;;;dotscs_1_13;;;1;;21;14;0.2;left;;controlDotsCheat;;1;instructions;left;;lettersGrid;;;cheat;;;;1-7;;26;0.2;male;;cheat_first;
;;;1.5993958401;other;2;;;;dotscs_1_13;;;1;;22;12;0.2;right;;controlDotsCheat;;0;instructions;left;;lettersGrid;;;cheat;;;;1-7;;26;2;male;;cheat_first;
;;;1.6500359905;other;2;;;;dotscs_1_13;;;1;;23;10;0.2;left;;controlDotsCheat;;1;instructions;left;;lettersGrid;;;cheat;;;;1-7;;26;0.2;male;;cheat_first;
;;;1.3991482591;other;2;;;;dotscs_1_13;;;1;;24;14;0.2;right;;controlDotsCheat;;0;instructions;left;;lettersGrid;;;cheat;;;;1-7;;26;2;male;;cheat_first;
;;;1.6613558492;self;0.2;;;;dotscs_1_13;;;1;;25;12;2;right;;controlDotsCheat;;1;instructions;right;;lettersGrid;;;cheat;;;;1-7;;26;0.2;male;;cheat_first;
;;;1.6937098291;self;2;;;;dotscs_1_13;;;1;;26;10;0.2;left;;controlDotsCheat;;1;instructions;left;;lettersGrid;;;cheat;;;;1-7;;26;0.2;male;;cheat_first;
;;;1.6766958908;self;0.2;;;;dotscs_1_13;;;1;;27;10;2;right;;controlDotsCheat;;1;instructions;right;;lettersGrid;;;cheat;;;;1-7;;26;0.2;male;;cheat_first;
;;;1.9087602478;self;2;;;;dotscs_1_13;;;1;;28;14;0.2;right;;controlDotsCheat;;0;instructions;left;;lettersGrid;;;cheat;;;;1-7;;26;2;male;;cheat_first;
;;;1.0320570668;self;0.2;;;;dotscs_1_13;;;1;;29;12;2;left;;controlDotsCheat;;0;instructions;right;;lettersGrid;;;cheat;;;;1-7;;26;2;male;;cheat_first;
;;;1.4927657939;self;0.2;;;;dotscs_1_13;;;1;;30;10;2;right;;controlDotsCheat;;1;instructions;right;;lettersGrid;;;cheat;;;;1-7;;26;0.2;male;;cheat_first;
;;;4.5879259324;other;0.2;;;;dotscs_1_13;;;1;;31;12;2;left;;controlDotsCheat;;0;instructions;right;;lettersGrid;;;cheat;;;;1-7;;26;2;male;;cheat_first;
;;;1.9035039292;other;2;;;;dotscs_1_13;;;1;;32;10;0.2;left;;controlDotsCheat;;1;instructions;left;;lettersGrid;;;cheat;;;;1-7;;26;0.2;male;;cheat_first;
;;;1.9660499791;other;2;;;;dotscs_1_13;;;1;;33;10;0.2;right;;controlDotsCheat;;0;instructions;left;;lettersGrid;;;cheat;;;;1-7;;26;2;male;;cheat_first;
;;;2.234200433;other;0.2;;;;dotscs_1_13;;;1;;34;10;2;left;;controlDotsCheat;;0;instructions;right;;lettersGrid;;;cheat;;;;1-7;;26;2;male;;cheat_first;
;;;2.8499395911;other;2;;;;dotscs_1_13;;;1;;35;12;0.2;right;;controlDotsCheat;;0;instructions;left;;lettersGrid;;;cheat;;;;1-7;;26;2;male;;cheat_first;
;;;1.1086337677;other;2;;;;dotscs_1_13;;;1;;36;12;0.2;right;;controlDotsCheat;;0;instructions;left;;lettersGrid;;;cheat;;;;1-7;;26;2;male;;cheat_first;
;;;2.27411172;self;0.2;;;;dotscs_1_13;;;1;;37;12;2;left;;controlDotsCheat;;0;instructions;right;;lettersGrid;;;cheat;;;;1-7;;26;2;male;;cheat_first;
;;;3.1446211296;self;0.2;;;;dotscs_1_13;;;1;;38;14;2;right;;controlDotsCheat;;1;instructions;right;;lettersGrid;;;cheat;;;;1-7;;26;0.2;male;;cheat_first;
;;;1.5747446158;self;0.2;;;;dotscs_1_13;;;1;;39;10;2;right;;controlDotsCheat;;1;instructions;right;;lettersGrid;;;cheat;;;;1-7;;26;0.2;male;;cheat_first;
;;;0.9421458152;self;0.2;;;;dotscs_1_13;;;1;;40;10;2;right;;controlDotsCheat;;1;instructions;right;;lettersGrid;;;cheat;;;;1-7;;26;0.2;male;;cheat_first;
;;;0.799880527;self;2;;;;dotscs_1_13;;;1;;41;14;0.2;left;;controlDotsCheat;;1;instructions;left;;lettersGrid;;;cheat;;;;1-7;;26;0.2;male;;cheat_first;
;;;1.7060602136;self;2;;;;dotscs_1_13;;;1;;42;14;0.2;right;;controlDotsCheat;;0;instructions;left;;lettersGrid;;;cheat;;;;1-7;;26;2;male;;cheat_first;
;;;2.1316036637;self;0.2;;;;dotscs_1_13;;;1;;1;12;2;left;;controlDotsAccuracy;;1;instructions;left;;lettersGrid;;;accuracy;;;;1-7;;26;2;male;;cheat_first;
;;;1.4407589228;self;2;;;;dotscs_1_13;;;1;;2;12;0.2;right;;controlDotsAccuracy;;1;instructions;right;;lettersGrid;;;accuracy;;;;1-7;;26;2;male;;cheat_first;
;;;1.2900972559;self;0.2;;;;dotscs_1_13;;;1;;3;14;2;right;;controlDotsAccuracy;;0;instructions;left;;lettersGrid;;;accuracy;;;;1-7;;26;0.2;male;;cheat_first;
;;;1.249945678;self;0.2;;;;dotscs_1_13;;;1;;4;12;2;left;;controlDotsAccuracy;;1;instructions;left;;lettersGrid;;;accuracy;;;;1-7;;26;2;male;;cheat_first;
;;;0.9421617402;self;0.2;;;;dotscs_1_13;;;1;;5;10;2;left;;controlDotsAccuracy;;1;instructions;left;;lettersGrid;;;accuracy;;;;1-7;;26;2;male;;cheat_first;
;;;0.9599082294;self;0.2;;;;dotscs_1_13;;;1;;6;14;2;left;;controlDotsAccuracy;;1;instructions;left;;lettersGrid;;;accuracy;;;;1-7;;26;2;male;;cheat_first;
;;;0.9000535081;other;2;;;;dotscs_1_13;;;1;;7;12;0.2;right;;controlDotsAccuracy;;1;instructions;right;;lettersGrid;;;accuracy;;;;1-7;;26;2;male;;cheat_first;
;;;1.0500572947;other;0.2;;;;dotscs_1_13;;;1;;8;10;2;left;;controlDotsAccuracy;;1;instructions;left;;lettersGrid;;;accuracy;;;;1-7;;26;2;male;;cheat_first;
;;;0.9421213968;other;0.2;;;;dotscs_1_13;;;1;;9;10;2;left;;controlDotsAccuracy;;1;instructions;left;;lettersGrid;;;accuracy;;;;1-7;;26;2;male;;cheat_first;
;;;1.233145135;other;2;;;;dotscs_1_13;;;1;;10;14;0.2;right;;controlDotsAccuracy;;1;instructions;right;;lettersGrid;;;accuracy;;;;1-7;;26;2;male;;cheat_first;
;;;1.1004737871;other;2;;;;dotscs_1_13;;;1;;11;14;0.2;right;;controlDotsAccuracy;;1;instructions;right;;lettersGrid;;;accuracy;;;;1-7;;26;2;male;;cheat_first;
;;;1.7186915861;other;2;;;;dotscs_1_13;;;1;;12;10;0.2;right;;controlDotsAccuracy;;1;instructions;right;;lettersGrid;;;accuracy;;;;1-7;;26;2;male;;cheat_first;
;;;0.8763620316;self;2;;;;dotscs_1_13;;;1;;13;14;0.2;right;;controlDotsAccuracy;;1;instructions;right;;lettersGrid;;;accuracy;;;;1-7;;26;2;male;;cheat_first;
;;;0.6599873591;self;2;;;;dotscs_1_13;;;1;;14;14;0.2;left;;controlDotsAccuracy;;0;instructions;right;;lettersGrid;;;accuracy;;;;1-7;;26;0.2;male;;cheat_first;
;;;0.9926705977;self;0.2;;;;dotscs_1_13;;;1;;15;12;2;left;;controlDotsAccuracy;;1;instructions;left;;lettersGrid;;;accuracy;;;;1-7;;26;2;male;;cheat_first;
;;;0.8999137218;self;2;;;;dotscs_1_13;;;1;;16;12;0.2;right;;controlDotsAccuracy;;1;instructions;right;;lettersGrid;;;accuracy;;;;1-7;;26;2;male;;cheat_first;
;;;0.8922077812;self;2;;;;dotscs_1_13;;;1;;17;10;0.2;right;;controlDotsAccuracy;;1;instructions;right;;lettersGrid;;;accuracy;;;;1-7;;26;2;male;;cheat_first;
;;;0.9097161029;self;0.2;;;;dotscs_1_13;;;1;;18;14;2;left;;controlDotsAccuracy;;1;instructions;left;;lettersGrid;;;accuracy;;;;1-7;;26;2;male;;cheat_first;
;;;1.0263799738;other;2;;;;dotscs_1_13;;;1;;19;14;0.2;left;;controlDotsAccuracy;;0;instructions;right;;lettersGrid;;;accuracy;;;;1-7;;26;0.2;male;;cheat_first;
;;;1.1923091351;other;0.2;;;;dotscs_1_13;;;1;;20;12;2;left;;controlDotsAccuracy;;1;instructions;left;;lettersGrid;;;accuracy;;;;1-7;;26;2;male;;cheat_first;
;;;0.9167843349;other;0.2;;;;dotscs_1_13;;;1;;21;10;2;left;;controlDotsAccuracy;;1;instructions;left;;lettersGrid;;;accuracy;;;;1-7;;26;2;male;;cheat_first;
;;;0.8757367092;other;0.2;;;;dotscs_1_13;;;1;;22;12;2;left;;controlDotsAccuracy;;1;instructions;left;;lettersGrid;;;accuracy;;;;1-7;;26;2;male;;cheat_first;
;;;1.2914183248;other;2;;;;dotscs_1_13;;;1;;23;10;0.2;right;;controlDotsAccuracy;;1;instructions;right;;lettersGrid;;;accuracy;;;;1-7;;26;2;male;;cheat_first;
;;;1.1999336811;other;2;;;;dotscs_1_13;;;1;;24;14;0.2;right;;controlDotsAccuracy;;1;instructions;right;;lettersGrid;;;accuracy;;;;1-7;;26;2;male;;cheat_first;
;;;1.1097977098;self;0.2;;;;dotscs_1_13;;;1;;25;14;2;left;;controlDotsAccuracy;;1;instructions;left;;lettersGrid;;;accuracy;;;;1-7;;26;2;male;;cheat_first;
;;;1.1753896853;self;0.2;;;;dotscs_1_13;;;1;;26;10;2;left;;controlDotsAccuracy;;1;instructions;left;;lettersGrid;;;accuracy;;;;1-7;;26;2;male;;cheat_first;
;;;0.9833926806;self;0.2;;;;dotscs_1_13;;;1;;27;10;2;left;;controlDotsAccuracy;;1;instructions;left;;lettersGrid;;;accuracy;;;;1-7;;26;2;male;;cheat_first;
;;;1.282088386;self;0.2;;;;dotscs_1_13;;;1;;28;10;2;left;;controlDotsAccuracy;;1;instructions;left;;lettersGrid;;;accuracy;;;;1-7;;26;2;male;;cheat_first;
;;;1.0764178046;self;0.2;;;;dotscs_1_13;;;1;;29;14;2;right;;controlDotsAccuracy;;0;instructions;left;;lettersGrid;;;accuracy;;;;1-7;;26;0.2;male;;cheat_first;
;;;1.3447112298;self;2;;;;dotscs_1_13;;;1;;30;12;0.2;right;;controlDotsAccuracy;;1;instructions;right;;lettersGrid;;;accuracy;;;;1-7;;26;2;male;;cheat_first;
;;;0.8169153447;other;2;;;;dotscs_1_13;;;1;;31;12;0.2;right;;controlDotsAccuracy;;1;instructions;right;;lettersGrid;;;accuracy;;;;1-7;;26;2;male;;cheat_first;
;;;0.9167606243;other;0.2;;;;dotscs_1_13;;;1;;32;10;2;left;;controlDotsAccuracy;;1;instructions;left;;lettersGrid;;;accuracy;;;;1-7;;26;2;male;;cheat_first;
;;;0.850454854;other;0.2;;;;dotscs_1_13;;;1;;33;10;2;left;;controlDotsAccuracy;;1;instructions;left;;lettersGrid;;;accuracy;;;;1-7;;26;2;male;;cheat_first;
;;;1.0332878939;other;2;;;;dotscs_1_13;;;1;;34;12;0.2;right;;controlDotsAccuracy;;1;instructions;right;;lettersGrid;;;accuracy;;;;1-7;;26;2;male;;cheat_first;
;;;1.1999871184;other;2;;;;dotscs_1_13;;;1;;35;12;0.2;left;;controlDotsAccuracy;;0;instructions;right;;lettersGrid;;;accuracy;;;;1-7;;26;0.2;male;;cheat_first;
;;;1.0167432129;other;2;;;;dotscs_1_13;;;1;;36;12;0.2;right;;controlDotsAccuracy;;1;instructions;right;;lettersGrid;;;accuracy;;;;1-7;;26;2;male;;cheat_first;
;;;0.6834123568;self;0.2;;;;dotscs_1_13;;;1;;37;10;2;left;;controlDotsAccuracy;;1;instructions;left;;lettersGrid;;;accuracy;;;;1-7;;26;2;male;;cheat_first;
;;;1.1332556192;self;2;;;;dotscs_1_13;;;1;;38;14;0.2;right;;controlDotsAccuracy;;1;instructions;right;;lettersGrid;;;accuracy;;;;1-7;;26;2;male;;cheat_first;
;;;0.9666275265;self;2;;;;dotscs_1_13;;;1;;39;14;0.2;left;;controlDotsAccuracy;;0;instructions;right;;lettersGrid;;;accuracy;;;;1-7;;26;0.2;male;;cheat_first;
;;;0.9500920466;self;2;;;;dotscs_1_13;;;1;;40;12;0.2;right;;controlDotsAccuracy;;1;instructions;right;;lettersGrid;;;accuracy;;;;1-7;;26;2;male;;cheat_first;
;;;1.1432176044;self;0.2;;;;dotscs_1_13;;;1;;41;14;2;left;;controlDotsAccuracy;;1;instructions;left;;lettersGrid;;;accuracy;;;;1-7;;26;2;male;;cheat_first;
;;;1.2252318152;self;2;;;;dotscs_1_13;;;1;;42;10;0.2;right;;controlDotsAccuracy;;1;instructions;right;;lettersGrid;;;accuracy;;;;1-7;;26;2;male;;cheat_first;
;;8.395;;qStress;self;0.5;;;[];dotscs_1_13;[];;2;;1;12;;;accuracy;['T', 'P'];;instructions;left;[0, 1];lettersGrid;[];['4+2x2=6 ?', '2x3+1=7 ?'];5;[];;2;1-7;;26;;male;;cheat_first;
;;5.015;;qSatisfied;self;5;;;[];dotscs_1_13;[];;2;;1;10;;;cheat;['J', 'D'];;instructions;left;[0, 0];lettersGrid;[];['6/2+2=6 ?', '8/4+7=7 ?'];0.5;[];;6;1-7;;26;;male;;cheat_first;
;;3.562;;qFrustration;self;0.5;;;[];dotscs_1_13;[];;2;;1;14;;;accuracy;['B', 'V'];;instructions;left;[1, 0];lettersGrid;[];['2+2x2=6 ?', '1+2x2=7 ?'];5;[];;2;1-7;;26;;male;;cheat_first;
;;5.649;;qDifficulty;self;0.5;;;[];dotscs_1_13;[];;2;;1;10;;;cheat;['P', 'W'];;instructions;right;[1, 1];lettersGrid;[];['5+9/3=8 ?', '6/3+1=3 ?'];5;[];;2;1-7;;26;;male;;cheat_first;
;;4.933;;qEffort;self;0.5;;;[];dotscs_1_13;[];;2;;1;10;;;cheat;['K', 'D'];;instructions;right;[0, 1];lettersGrid;[];['6/2+1=2 ?', '4x2-7=1 ?'];5;[];;5;1-7;;26;;male;;cheat_first;
;;6.849;;qAttitude;self;5;;;[];dotscs_1_13;[];;2;;1;14;;;cheat;['K', 'G'];;instructions;left;[0, 1];lettersGrid;[];['3x3-8=0 ?', '9/3+1=4 ?'];0.5;[];;4;1-7;;26;;male;;cheat_first;
