equationScore;equationProportion;recallRT;dotsRT;dotsReceiver;dotsMoneyRight;recallIntersection;recallLocation;equationScores;utc_start;id;recallRTs;equationRateCumulative;span;recallProportion;no;dotsN;dotsMoneyLeft;dotsAns;pauseRT;condition;encode;dotsCorrect;start_at;dotsSide;equationCorrect;stimType;equationAnss;equationText;dotsIncentive;equationRTs;recallLocationRateCumulative;recallAns;level;recallSum;age;moneyEarned;gender;moneyEarnedCumulative;order
;;;1.8911287097616878;self;0.5;;;;;dotscs_9_12;;;1;;1;12;5;left;;practiceDots;;0;instructions;right;;faces;;;cheat;;;;1-7;;20;5;female;;accuracy_first
;;;1.9298257224181725;self;5;;;;;dotscs_9_12;;;1;;2;12;0.5;right;;practiceDots;;1;instructions;right;;faces;;;accuracy;;;;1-7;;20;5;female;;accuracy_first
;;;2.326417106851295;self;5;;;;;dotscs_9_12;;;1;;3;12;0.5;right;;practiceDots;;0;instructions;left;;faces;;;cheat;;;;1-7;;20;5;female;;accuracy_first
;;;2.8458036565534712;self;5;;;;;dotscs_9_12;;;1;;4;12;0.5;right;;practiceDots;;1;instructions;right;;faces;;;accuracy;;;;1-7;;20;5;female;;accuracy_first
;;;1.6545428035715304;self;5;;;;;dotscs_9_12;;;1;;5;10;0.5;left;;practiceDots;;1;instructions;left;;faces;;;cheat;;;;1-7;;20;0.5;female;;accuracy_first
;;;1.7750935867006774;self;0.5;;;;;dotscs_9_12;;;1;;6;12;5;left;;practiceDots;;1;instructions;left;;faces;;;accuracy;;;;1-7;;20;5;female;;accuracy_first
1;0.5;9.005670409191225;;self;0.5;2;2;1, 0;1461852398.399;dotscs_9_12;;0.5;2;1.0;1;14;5;;6.196987530973274;practiceCS;faces\\Angie.bmp, faces\\Matt.bmp;;instructions;right;0, 1;faces;0, 0;1+6/3=2 ?, 1+8/2=5 ?;cheat;3.5684717038711824, 2.00847960273677;1.0;faces\\Angie.bmp, faces\\Matt.bmp;1-7;4;20;;female;;accuracy_first
3;1.0;9.442403392829874;;self;5;2;1;1, 1, 1;1461852423.704;dotscs_9_12;;0.8;3;0.3333333333333333;2;14;0.5;;6.214170042207115;practiceCS;faces\\Kevin.bmp, faces\\Karen.bmp, faces\\Erin.bmp;;instructions;left;1, 0, 0;faces;1, 0, 0;4x2-5=3 ?, 1+4x2=8 ?, 6/2+3=7 ?;cheat;5.196355834013957, 1.7871634223047295, 1.8184159659031138;0.6;faces\\Erin.bmp, faces\\Karen.bmp, faces\\Paul.bmp;1-7;3;20;;female;;accuracy_first
2;1.0;3.5082980562146986;;self;0.5;2;0;1, 1;1461852454.64;dotscs_9_12;;0.8571428571428571;2;0.0;3;14;5;;9.85218184945552;practiceCS;faces\\Chloe.bmp, faces\\Megan.bmp;;instructions;left;0, 1;faces;0, 1;4/2+2=5 ?, 2x3+3=9 ?;accuracy;2.047170599231322, 1.6277496512375365;0.42857142857142855;faces\\Megan.bmp, faces\\Chloe.bmp;1-7;2;20;;female;;accuracy_first
5;1.0;26.55359727531686;;self;5;5;1;1, 1, 1, 1, 1;1461852476.122;dotscs_9_12;;0.9166666666666666;5;0.2;4;14;0.5;;6.636097960094048;practiceCS;faces\\Donna.bmp, faces\\Mary.bmp, faces\\Kate.bmp, faces\\Lena.bmp, faces\\Leslie.bmp;;instructions;left;0, 1, 0, 1, 0;faces;0, 1, 0, 1, 0;4x2-4=6 ?, 2x4-4=4 ?, 8/2+5=7 ?, 4+4/2=6 ?, 1+8/4=2 ?;cheat;2.067812757235515, 2.439725139272923, 3.765127284281334, 1.9971104730066145, 2.635802106506162;0.3333333333333333;faces\\Mary.bmp, faces\\Kate.bmp, faces\\Lena.bmp, faces\\Donna.bmp, faces\\Leslie.bmp;1-7;6;20;;female;;accuracy_first
7;1.0;122.80522287754866;;self;0.5;5;0;1, 1, 1, 1, 1, 1, 1;1461852532.753;dotscs_9_12;;0.9473684210526315;7;0.0;5;10;5;;4.91162223318679;practiceCS;faces\\Justin.bmp, faces\\Britt.bmp, faces\\Tony.bmp, faces\\Rachel.bmp, faces\\Daniel.bmp, faces\\Ella.bmp, faces\\Gary.bmp;;instructions;right;1, 0, 1, 0, 1, 1, 0;faces;1, 0, 1, 0, 1, 1, 0;2x2+5=9 ?, 2x3-4=3 ?, 9/3+1=4 ?, 9/3-2=3 ?, 9/3+4=7 ?, 4+6/3=6 ?, 2+2x2=7 ?;cheat;2.210401093951077, 1.4811538431604276, 2.3404857236491807, 3.1897295629205473, 2.269085564679699, 1.4332375937883626, 1.5424942722602282;0.21052631578947367;faces\\Tony.bmp, faces\\David.bmp, faces\\Ella.bmp, faces\\Gary.bmp, faces\\Rachel.bmp, faces\\Lana.bmp, faces\\Justin.bmp;1-7;5;20;;female;;accuracy_first
4;1.0;46.61499149597876;;self;5;3;3;1, 1, 1, 1;1461852689.541;dotscs_9_12;;0.9565217391304348;4;0.75;6;14;0.5;;4.468763735429093;practiceCS;faces\\David.bmp, faces\\Milla.bmp, faces\\Brian.bmp, faces\\Jenny.bmp;;instructions;right;0, 1, 0, 0;faces;0, 1, 0, 0;4/2+6=6 ?, 3x3-1=8 ?, 2x2+3=6 ?, 3x3-8=2 ?;accuracy;1.9951605288842984, 2.0504954132084094, 2.303132438362809, 1.833751515543554;0.30434782608695654;faces\\David.bmp, faces\\Milla.bmp, faces\\Brian.bmp, faces\\Sofia.bmp;1-7;6;20;;female;;accuracy_first
0;0.0;13.119799116830109;5.031740206573886;self;5;2;2;0, 0;1461852804.8;dotscs_9_12;;0.88;2;1.0;1;10;0.5;right;4.855642557900865;practiceExp;faces\\Peter.bmp, faces\\Diana.bmp;1;instructions;right;1, 1;faces;0, 0;8/2-3=1 ?, 2+4/2=4 ?;accuracy;3.4070556126898737, 1.5097674151948013;0.36;faces\\Peter.bmp, faces\\Diana.bmp;1-7;4;20;5;female;;accuracy_first
5;0.8333333333333334;46.84741634173406;1.7718848492513644;self;5;5;1;0, 1, 1, 1, 1, 1;1461852846.859;dotscs_9_12;;0.8709677419354839;6;0.16666666666666666;2;10;0.5;left;3.910620011451101;practiceExp;faces\\Eric.bmp, faces\\Megan.bmp, faces\\Lily.bmp, faces\\Hanna.bmp, faces\\Tony.bmp, faces\\Ricky.bmp;1;instructions;left;1, 1, 1, 0, 1, 1;faces;0, 1, 1, 0, 1, 1;3+8/4=5 ?, 4/2+5=7 ?, 2+9/3=5 ?, 3x3-4=4 ?, 4/2+1=3 ?, 6/2-3=0 ?;cheat;1.6612635637902713, 2.2338021928553644, 1.5351648180549091, 2.7125262145382294, 1.5224303735485591, 3.1803716006033937;0.3225806451612903;faces\\Eric.bmp, faces\\Hanna.bmp, faces\\Tony.bmp, faces\\Lily.bmp, faces\\Megan.bmp, faces\\Keith.bmp;1-7;6;20;0.5;female;;accuracy_first
3;0.75;43.71170483154128;1.4820215859872405;self;0.5;4;2;1, 0, 1, 1;1461852930.979;dotscs_9_12;;0.8571428571428571;4;0.5;3;10;5;left;3.192931930319901;practiceExp;faces\\Oliver.bmp, faces\\George.bmp, faces\\Joan.bmp, faces\\Britt.bmp;1;instructions;left;0, 1, 0, 0;faces;0, 0, 0, 0;7+8/4=7 ?, 6/3+1=3 ?, 2x2+2=8 ?, 3x3-9=2 ?;accuracy;4.448968086737295, 1.6218736308801454, 1.9237341819170979, 2.829668311322166;0.34285714285714286;faces\\George.bmp, faces\\Oliver.bmp, faces\\Joan.bmp, faces\\Britt.bmp;1-7;6;20;5;female;;accuracy_first
2;0.6666666666666666;7.461737212648586;2.193000231447513;self;5;3;3;0, 1, 1;1461853011.23;dotscs_9_12;;0.8421052631578947;3;1.0;1;10;0.5;right;6.986931481584179;experiment;faces\\Leah.bmp, faces\\Noah.bmp, faces\\Robert.bmp;1;instructions;right;1, 0, 0;faces;0, 0, 0;6+6/3=8 ?, 2x2-1=2 ?, 1+2x2=3 ?;accuracy;1.4590812542774074, 2.1278448481498344, 2.1777297979060677;0.39473684210526316;faces\\Leah.bmp, faces\\Noah.bmp, faces\\Robert.bmp;1-7;6;20;1.6620498614958448;female;1.6620498614958448;accuracy_first
4;0.8;86.85662213055548;2.4365408203666448;self;0.5;4;2;1, 1, 1, 1, 0;1461853044.163;dotscs_9_12;;0.8372093023255814;5;0.4;2;12;5;left;8.18852668450927;experiment;faces\\Damon.bmp, faces\\Bruce.bmp, faces\\Thomas.bmp, faces\\Greg.bmp, faces\\Mona.bmp;0;instructions;right;1, 1, 1, 0, 1;faces;1, 1, 1, 0, 0;6/2+5=8 ?, 4/2+2=4 ?, 9/3-1=2 ?, 3x3-7=1 ?, 6/3+6=8 ?;cheat;2.47575168399635, 1.7837798622786067, 3.3030843090709823, 1.9377737795875873, 2.1389913799030182;0.3953488372093023;faces\\Damon.bmp, faces\\Bruce.bmp, faces\\Mona.bmp, faces\\Anders.bmp, faces\\Greg.bmp;1-7;6;20;1.6549486208761492;female;3.316998482371994;accuracy_first
3;1.0;28.310134896495583;1.8683830185727857;self;0.5;2;2;1, 1, 1;1461853167.674;dotscs_9_12;;0.8478260869565217;3;0.6666666666666666;3;10;5;right;3.5062412367515208;experiment;faces\\Jason.bmp, faces\\Billy.bmp, faces\\Julia.bmp;1;instructions;right;1, 1, 0;faces;1, 1, 0;2x4-4=4 ?, 2x4+1=9 ?, 3+8/2=9 ?;cheat;1.8804206500135479, 1.2918631061365886, 2.399126311789587;0.41304347826086957;faces\\Jason.bmp, faces\\Robert.bmp, faces\\Julia.bmp;1-7;4;20;0.1750945179584121;female;3.492093000330406;accuracy_first
5;0.7142857142857143;40.245549986870174;1.959203346970753;self;5;6;2;1, 1, 0, 1, 1, 1, 0;1461853218.705;dotscs_9_12;;0.8301886792452831;7;0.2857142857142857;4;12;0.5;left;9.074802829156397;experiment;faces\\Nathan.bmp, faces\\Diana.bmp, faces\\Sonya.bmp, faces\\Maria.bmp, faces\\Greg.bmp, faces\\Leah.bmp, faces\\Tony.bmp;1;instructions;left;1, 0, 0, 1, 0, 0, 1;faces;1, 0, 1, 1, 0, 0, 0;6+4/2=8 ?, 9/3-3=2 ?, 8/2+2=8 ?, 3+8/2=7 ?, 4+9/3=5 ?, 3x3-7=1 ?, 6/3+4=6 ?;cheat;1.9044916662023752, 3.5950893258414, 2.8746557516969915, 3.2223053081652324, 3.164330036710453, 2.4846520641440293, 3.1756973969822866;0.39622641509433965;faces\\Diana.bmp, faces\\Sonya.bmp, faces\\Billy.bmp, faces\\Greg.bmp, faces\\Maria.bmp, faces\\Leah.bmp, faces\\Tony.bmp;1-7;8;20;0.16447134211463155;female;3.6565643424450376;accuracy_first
7;1.0;115.33537694083134;2.7176031470880844;self;5;6;0;1, 1, 1, 1, 1, 1, 1;1461853306.865;dotscs_9_12;;0.85;7;0.0;5;12;0.5;right;7.2101208116000635;experiment;faces\\Paul.bmp, faces\\Joan.bmp, faces\\Niclas.bmp, faces\\David.bmp, faces\\Erin.bmp, faces\\Noah.bmp, faces\\Casper.bmp;0;instructions;left;1, 0, 0, 1, 0, 1, 0;faces;1, 0, 0, 1, 0, 1, 0;9/3+4=7 ?, 6/3-2=2 ?, 2x3-1=3 ?, 3x2-5=1 ?, 3x3-9=2 ?, 2x2+5=9 ?, 6/2+1=6 ?;cheat;3.441660573826084, 2.2875240381035837, 4.650266020507843, 2.9750262056913925, 1.8230753060634015, 1.317156464792788, 2.567042688559013;0.35;faces\\Joan.bmp, faces\\Noah.bmp, faces\\David.bmp, faces\\Erin.bmp, faces\\Niclas.bmp, faces\\Paul.bmp, faces\\Nathan.bmp;1-7;6;20;1.4874999999999998;female;5.144064342445038;accuracy_first
7;1.0;29.64307316855775;1.6438991521463322;self;5;6;2;1, 1, 1, 1, 1, 1, 1;1461853468.177;dotscs_9_12;;0.8656716417910447;7;0.2857142857142857;6;10;0.5;left;10.518764053929772;experiment;faces\\Lucas.bmp, faces\\Sarah.bmp, faces\\Lily.bmp, faces\\Nina.bmp, faces\\Eddie.bmp, faces\\Polly.bmp, faces\\Kelly.bmp;1;instructions;left;0, 0, 0, 1, 0, 0, 1;faces;0, 0, 0, 1, 0, 0, 1;4x2-3=4 ?, 2x2-4=2 ?, 1+6/3=1 ?, 8/2-1=3 ?, 2x4-1=5 ?, 3x2-5=0 ?, 8/2+4=8 ?;cheat;3.262402317002852, 2.498380590870511, 2.6770648351121054, 2.7771606690257613, 4.017019013193931, 2.0230794112103467, 2.6052099251101026;0.34328358208955223;faces\\Lucas.bmp, faces\\Sarah.bmp, faces\\Eddie.bmp, faces\\Lily.bmp, faces\\Kelly.bmp, faces\\Joan.bmp, faces\\Nina.bmp;1-7;8;20;0.14858543105368677;female;5.292649773498725;accuracy_first
3;1.0;15.287053008047224;1.148765165151417;other;0.5;2;0;1, 1, 1;1461853546.197;dotscs_9_12;;0.8714285714285714;3;0.0;7;12;5;right;6.207619150081882;experiment;faces\\Jenny.bmp, faces\\Regina.bmp, faces\\Alex.bmp;1;instructions;right;1, 1, 1;faces;1, 1, 1;9/3-2=1 ?, 2x3+1=7 ?, 2x3-5=1 ?;cheat;6.078244427444588, 4.386353293069988, 1.521756209560408;0.32857142857142857;faces\\Regina.bmp, faces\\Alex.bmp, faces\\Molly.bmp;1-7;2;20;0.14316326530612244;female;5.292649773498725;accuracy_first
1;0.5;26.971141534799244;2.8423850612343813;other;5;1;1;0, 1;1461853589.239;dotscs_9_12;;0.8611111111111112;2;0.5;8;12;0.5;right;7.034941158399306;experiment;faces\\Donna.bmp, faces\\Joseph.bmp;0;instructions;left;1, 0;faces;0, 0;6/3+7=9 ?, 8/2-2=4 ?;cheat;2.5437212153192377, 7.888924317394412;0.3333333333333333;faces\\Donna.bmp, faces\\Alex.bmp;1-7;2;20;1.4351851851851851;female;5.292649773498725;accuracy_first
6;1.0;52.85865028477565;3.262345340412139;other;0.5;5;2;1, 1, 1, 1, 1, 1;1461853643.234;dotscs_9_12;;0.8717948717948718;6;0.3333333333333333;9;12;5;right;4.877620303766889;experiment;faces\\Lily.bmp, faces\\Olga.bmp, faces\\Lulu.bmp, faces\\Kevin.bmp, faces\\Steve.bmp, faces\\Timmy.bmp;0;instructions;left;0, 0, 1, 0, 0, 0;faces;0, 0, 1, 0, 0, 0;1+6/3=1 ?, 2x4-5=4 ?, 2x4-3=5 ?, 2+8/4=6 ?, 2x3-1=7 ?, 8/2-2=4 ?;accuracy;2.9196693800731737, 2.4576968293404207, 1.806487333149562, 2.285083245980786, 2.5044689463429677, 2.89912737346458;0.3333333333333333;faces\\Lily.bmp, faces\\Steve.bmp, faces\\Lulu.bmp, faces\\Timmy.bmp, faces\\Oliver.bmp, faces\\Kevin.bmp;1-7;7;20;0.14529914529914528;female;5.292649773498725;accuracy_first
2;0.6666666666666666;25.44807309424141;3.538936951332289;other;5;2;2;1, 0, 1;1461853734.373;dotscs_9_12;;0.8641975308641975;3;0.6666666666666666;10;14;0.5;right;4.154975967205246;experiment;faces\\Amber.bmp, faces\\Milla.bmp, faces\\Kelly.bmp;0;instructions;left;1, 0, 1;faces;1, 1, 1;2x3+2=8 ?, 4/2+5=6 ?, 6/3-2=0 ?;cheat;1.8357740074898174, 6.984974459624937, 2.6564987638557795;0.345679012345679;faces\\Amber.bmp, faces\\Nicole.bmp, faces\\Kelly.bmp;1-7;4;20;1.4936747447035512;female;5.292649773498725;accuracy_first
2;1.0;35.10754738081232;3.0016102079389384;other;5;1;0;1, 1;1461853788.727;dotscs_9_12;;0.8674698795180723;2;0.0;11;10;0.5;left;5.909158084199589;experiment;faces\\Molly.bmp, faces\\Andre.bmp;1;instructions;left;1, 1;faces;1, 1;3x3-2=7 ?, 2x3-5=1 ?;cheat;2.215051940707781, 2.8297433363914024;0.3373493975903614;faces\\Emily.bmp, faces\\Molly.bmp;1-7;1;20;0.14632022064160255;female;5.292649773498725;accuracy_first
5;0.8333333333333334;49.180128830790636;3.0449502817318717;other;0.5;5;2;1, 1, 1, 1, 0, 1;1461853844.25;dotscs_9_12;;0.8651685393258427;6;0.3333333333333333;12;14;5;left;4.89031794352195;experiment;faces\\Hanna.bmp, faces\\Andrea.bmp, faces\\Lisa.bmp, faces\\Gary.bmp, faces\\Micha.bmp, faces\\Susan.bmp;1;instructions;left;0, 1, 1, 0, 1, 0;faces;0, 1, 1, 0, 0, 0;3x3-1=7 ?, 6/2+3=6 ?, 9/3-2=1 ?, 3x3-5=2 ?, 6/3+7=9 ?, 4/2+7=7 ?;accuracy;1.6958547231479315, 4.082308167613519, 2.2064693554457335, 1.8773067555848684, 2.2252804769923387, 1.7830051930104673;0.33707865168539325;faces\\Hanna.bmp, faces\\Susan.bmp, faces\\Jenny.bmp, faces\\Andrea.bmp, faces\\Micha.bmp, faces\\Gary.bmp;1-7;7;20;1.4581492235828808;female;5.292649773498725;accuracy_first
2;1.0;5.612251665235817;4.600871564860427;self;0.5;2;2;1, 1;1461853929.477;dotscs_9_12;;0.8681318681318682;2;1.0;13;12;5;left;4.064038146712846;experiment;faces\\Micha.bmp, faces\\Tina.bmp;0;instructions;right;0, 0;faces;0, 0;9/3+2=6 ?, 3x3-6=2 ?;cheat;2.007841889611882, 2.6624519326396694;0.3516483516483517;faces\\Micha.bmp, faces\\Tina.bmp;1-7;4;20;1.5263857022098781;female;6.819035475708603;accuracy_first
6;1.0;22.765440124683664;2.737713405636896;self;0.5;4;2;1, 1, 1, 1, 1, 1;1461853954.735;dotscs_9_12;;0.8762886597938144;6;0.3333333333333333;14;14;5;left;3.0036213753519405;experiment;faces\\Nicole.bmp, faces\\Amber.bmp, faces\\Erica.bmp, faces\\Lana.bmp, faces\\Benny.bmp, faces\\Matt.bmp;0;instructions;right;0, 1, 1, 1, 1, 0;faces;0, 1, 1, 1, 1, 0;3x2-5=0 ?, 7+4/2=9 ?, 5+6/2=8 ?, 2x3-4=2 ?, 2x3-6=0 ?, 5+6/3=6 ?;cheat;1.5870899543551786, 2.3784604430293257, 4.138418428989098, 1.4197628075198736, 2.17773333682635, 2.105206740081485;0.35051546391752575;faces\\Nicole.bmp, faces\\Erica.bmp, faces\\Lana.bmp, faces\\Eric.bmp, faces\\Benny.bmp, faces\\Carl.bmp;1-7;6;20;1.5357636305664788;female;8.354799106275081;accuracy_first
6;1.0;33.33093559805275;1.9383428376859229;self;0.5;4;1;1, 1, 1, 1, 1, 1;1461854012.77;dotscs_9_12;;0.883495145631068;6;0.16666666666666666;15;12;5;right;7.2835986696482;experiment;faces\\Ella.bmp, faces\\Scott.bmp, faces\\Benny.bmp, faces\\Tina.bmp, faces\\Ricky.bmp, faces\\Megan.bmp;1;instructions;right;0, 0, 1, 1, 1, 1;faces;0, 0, 1, 1, 1, 1;4x2-6=3 ?, 4+8/2=7 ?, 3x3-9=0 ?, 8/4-1=1 ?, 3x3-4=5 ?, 2x3-3=3 ?;cheat;2.4830542424206214, 2.990519944993139, 2.0298486546125787, 3.8430008330615237, 1.6565185817999009, 3.997102333491057;0.33980582524271846;faces\\James.bmp, faces\\Joshua.bmp, faces\\Benny.bmp, faces\\Megan.bmp, faces\\Tina.bmp, faces\\Ricky.bmp;1-7;5;20;0.1501083985295504;female;8.504907504804631;accuracy_first
4;0.6666666666666666;28.851919615586667;2.635644624631823;self;5;4;3;1, 1, 1, 0, 1, 0;1461854087.872;dotscs_9_12;;0.8715596330275229;6;0.5;16;10;0.5;right;4.424343583690643;experiment;faces\\Adam.bmp, faces\\Polly.bmp, faces\\Peter.bmp, faces\\Brian.bmp, faces\\Sofia.bmp, faces\\Donna.bmp;1;instructions;right;1, 1, 1, 1, 1, 1;faces;1, 1, 1, 0, 1, 0;2x2+1=5 ?, 2x3-4=2 ?, 3x3-7=2 ?, 6/2-2=1 ?, 4/2+3=5 ?, 1+6/3=3 ?;accuracy;1.3084885915886844, 2.543105443495733, 1.3765837545251998, 3.1443815067432297, 3.393659390414541, 1.6732134300546022;0.3486238532110092;faces\\Adam.bmp, faces\\Polly.bmp, faces\\Peter.bmp, faces\\Donna.bmp, faces\\Eric.bmp, faces\\Micha.bmp;1-7;7;20;1.519232387846141;female;10.024139892650773;accuracy_first
7;1.0;35.202857889064035;1.008750683897233;self;0.5;6;2;1, 1, 1, 1, 1, 1, 1;1461854151.508;dotscs_9_12;;0.8793103448275862;7;0.2857142857142857;17;10;5;right;4.857555697271891;experiment;faces\\Eric.bmp, faces\\Joshua.bmp, faces\\Bobby.bmp, faces\\Joseph.bmp, faces\\Chris.bmp, faces\\Fiona.bmp, faces\\Anna.bmp;1;instructions;right;1, 1, 1, 1, 1, 1, 1;faces;1, 1, 1, 1, 1, 1, 1;6/2+5=8 ?, 9/3+5=8 ?, 5+8/4=7 ?, 4x2-1=7 ?, 2x3-5=1 ?, 5+6/3=7 ?, 4/2-1=1 ?;cheat;2.182399047040235, 2.1337573193704884, 2.1351640394932474, 2.304406802933954, 3.8269808565746644, 3.6090319571412692, 1.8878672424252727;0.3448275862068966;faces\\Bobby.bmp, faces\\Joshua.bmp, faces\\Chris.bmp, faces\\Eric.bmp, faces\\Fiona.bmp, faces\\Gary.bmp, faces\\Anna.bmp;1-7;8;20;0.1516052318668252;female;10.175745124517597;accuracy_first
6;0.8571428571428571;74.36584349062105;1.7476528122715536;self;0.5;5;2;1, 1, 1, 1, 1, 0, 1;1461854227.515;dotscs_9_12;;0.8780487804878049;7;0.2857142857142857;18;14;5;left;5.261590489084483;experiment;faces\\Jacob.bmp, faces\\James.bmp, faces\\Britt.bmp, faces\\Daniel.bmp, faces\\George.bmp, faces\\Nana.bmp, faces\\Lucia.bmp;0;instructions;right;1, 1, 0, 0, 1, 1, 0;faces;1, 1, 0, 0, 1, 0, 0;3x2-4=2 ?, 9/3+3=6 ?, 4/2+4=4 ?, 9/3+4=6 ?, 2x4-8=0 ?, 4x2-4=4 ?, 2x4-4=5 ?;cheat;2.372508335920429, 1.3884490406344412, 1.563758218253497, 2.2037875629648624, 1.194439863513253, 2.0573846259467246, 4.78170853325355;0.34146341463414637;faces\\Jacob.bmp, faces\\James.bmp, faces\\Nana.bmp, faces\\Britt.bmp, faces\\Jonah.bmp, faces\\Joseph.bmp, faces\\George.bmp;1-7;7;20;1.4991076740035694;female;11.674852798521167;accuracy_first
6;1.0;37.28813520933909;1.0588076250969607;other;5;5;3;1, 1, 1, 1, 1, 1;1461854340.574;dotscs_9_12;;0.8837209302325582;6;0.5;19;10;0.5;left;7.683508851896477;experiment;faces\\Kenny.bmp, faces\\Cindy.bmp, faces\\Maria.bmp, faces\\Rachel.bmp, faces\\Eric.bmp, faces\\Susan.bmp;1;instructions;left;1, 0, 1, 0, 0, 1;faces;1, 0, 1, 0, 0, 1;3+8/2=7 ?, 9/3+6=8 ?, 2x4+1=9 ?, 3x2-4=1 ?, 9/3-1=3 ?, 4+2x2=8 ?;cheat;3.781753831408423, 1.685233720796532, 1.05654944116759, 3.4850696565335966, 8.240208697105118, 1.4457621804249357;0.3488372093023256;faces\\Kenny.bmp, faces\\Cindy.bmp, faces\\Maria.bmp, faces\\Eric.bmp, faces\\Susan.bmp, faces\\Emily.bmp;1-7;8;20;0.15413737155219037;female;11.674852798521167;accuracy_first
6;0.8571428571428571;72.20191547505601;1.1667506570011028;other;5;5;2;1, 1, 0, 1, 1, 1, 1;1461854420.902;dotscs_9_12;;0.8823529411764706;7;0.2857142857142857;20;14;0.5;right;5.456350978616683;experiment;faces\\Oliver.bmp, faces\\Brian.bmp, faces\\Mark.bmp, faces\\Andre.bmp, faces\\Megan.bmp, faces\\Kenny.bmp, faces\\Damon.bmp;0;instructions;left;0, 0, 0, 0, 1, 1, 0;faces;0, 0, 1, 0, 1, 1, 0;9/3+5=7 ?, 3x2-1=6 ?, 2+6/2=6 ?, 2x2+3=8 ?, 3x3-2=7 ?, 6/2-1=2 ?, 4+9/3=8 ?;cheat;2.7123595314769773, 2.834459653142403, 1.3837989016610663, 1.4391868697603059, 2.404497328469006, 4.698914118231187, 4.061601247398357;0.34558823529411764;faces\\Oliver.bmp, faces\\Olga.bmp, faces\\Mark.bmp, faces\\Megan.bmp, faces\\Kenny.bmp, faces\\Andre.bmp, faces\\Steve.bmp;1-7;7;20;1.5246539792387543;female;11.674852798521167;accuracy_first
4;1.0;54.81859892799184;1.1088953548860445;other;0.5;3;3;1, 1, 1, 1;1461854535.911;dotscs_9_12;;0.8857142857142857;4;0.75;21;10;5;right;9.415433648460748;experiment;faces\\Greg.bmp, faces\\Keith.bmp, faces\\Olga.bmp, faces\\Lisa.bmp;1;instructions;right;0, 1, 1, 0;faces;0, 1, 1, 0;7+4/2=8 ?, 3x3-5=4 ?, 2x3-3=3 ?, 3x3-1=9 ?;cheat;2.4416694211249705, 1.991200125135947, 1.8943933621194446, 1.8177817916985077;0.35714285714285715;faces\\Greg.bmp, faces\\Megan.bmp, faces\\Olga.bmp, faces\\Lisa.bmp;1-7;6;20;0.15816326530612246;female;11.674852798521167;accuracy_first
3;1.0;16.32235372057039;0.9252230049532955;other;0.5;2;2;1, 1, 1;1461854619.688;dotscs_9_12;;0.8881118881118881;3;0.6666666666666666;22;10;5;right;3.6670323549151362;experiment;faces\\Jeff.bmp, faces\\Matt.bmp, faces\\Lulu.bmp;1;instructions;right;0, 0, 1;faces;0, 0, 1;9/3+6=7 ?, 1+2x3=6 ?, 4/2+1=3 ?;cheat;3.480427303180477, 1.171775921338849, 1.4998432259089896;0.36363636363636365;faces\\Jeff.bmp, faces\\Greg.bmp, faces\\Lulu.bmp;1-7;4;20;0.16147488874761604;female;11.674852798521167;accuracy_first
7;1.0;36.177620445323555;1.3986117530330375;other;5;6;4;1, 1, 1, 1, 1, 1, 1;1461854654.711;dotscs_9_12;;0.8933333333333333;7;0.5714285714285714;23;14;0.5;right;3.696107755822595;experiment;faces\\Shane.bmp, faces\\John.bmp, faces\\Tanya.bmp, faces\\Jenny.bmp, faces\\Jason.bmp, faces\\Molly.bmp, faces\\Regina.bmp;1;instructions;right;1, 1, 1, 1, 0, 0, 1;faces;1, 1, 1, 1, 0, 0, 1;9/3-2=1 ?, 4+2x2=8 ?, 4x2-4=4 ?, 5+8/2=9 ?, 3x3-1=9 ?, 3x3-4=3 ?, 6+9/3=9 ?;accuracy;1.7738439945605933, 1.3577641395713727, 1.8465043624237296, 2.6037012841334217, 1.4905001270453795, 4.229734559874487, 1.8278482455098128;0.37333333333333335;faces\\Shane.bmp, faces\\John.bmp, faces\\Lulu.bmp, faces\\Tanya.bmp, faces\\Jason.bmp, faces\\Molly.bmp, faces\\Jenny.bmp;1-7;10;20;1.6675555555555555;female;11.674852798521167;accuracy_first
7;1.0;51.32253739044245;2.1578400139878795;other;5;6;2;1, 1, 1, 1, 1, 1, 1;1461854727.208;dotscs_9_12;;0.8980891719745223;7;0.2857142857142857;24;12;0.5;left;7.710196898351569;experiment;faces\\Olga.bmp, faces\\Kevin.bmp, faces\\Lena.bmp, faces\\Olivia.bmp, faces\\Milla.bmp, faces\\Angie.bmp, faces\\Thomas.bmp;0;instructions;right;0, 1, 0, 0, 1, 1, 1;faces;0, 1, 0, 0, 1, 1, 1;4/2+5=9 ?, 8/4-2=0 ?, 9/3+3=4 ?, 5+6/2=7 ?, 4x2-8=0 ?, 2x2-1=3 ?, 1+8/2=5 ?;accuracy;2.9275597528721846, 3.1294012645266776, 2.9390870722600084, 2.100412921015959, 2.0761529265801073, 1.0792353246361017, 1.682509461301379;0.36942675159235666;faces\\Olga.bmp, faces\\Angie.bmp, faces\\Kevin.bmp, faces\\Olivia.bmp, faces\\Thomas.bmp, faces\\Milla.bmp, faces\\Leslie.bmp;1-7;8;20;0.16588908272140857;female;11.674852798521167;accuracy_first
7;1.0;53.423468055243575;0.8420350621927355;self;5;7;0;1, 1, 1, 1, 1, 1, 1;1461854820.485;dotscs_9_12;;0.9024390243902439;7;0.0;25;10;0.5;left;4.8114662376574415;experiment;faces\\Scott.bmp, faces\\Justin.bmp, faces\\Jane.bmp, faces\\Carl.bmp, faces\\Julia.bmp, faces\\Mona.bmp, faces\\Jonah.bmp;1;instructions;left;0, 1, 1, 0, 0, 1, 1;faces;0, 1, 1, 0, 0, 1, 1;6+9/3=7 ?, 3x3-2=7 ?, 5+4/2=7 ?, 5+4/2=5 ?, 8/2+2=7 ?, 4+8/4=6 ?, 1+2x4=9 ?;cheat;2.5271183789482166, 1.9211366157032899, 1.8190752664268075, 3.3851242266573536, 4.3124206839856924, 2.243121934850933, 2.136497504001454;0.35365853658536583;faces\\Carl.bmp, faces\\Scott.bmp, faces\\Justin.bmp, faces\\Mona.bmp, faces\\Jonah.bmp, faces\\Julia.bmp, faces\\Jane.bmp;1-7;7;20;0.15957763236168945;female;11.834430430882856;accuracy_first
4;1.0;29.88919504466321;0.7582667367823888;self;5;4;1;1, 1, 1, 1;1461854913.607;dotscs_9_12;;0.9047619047619048;4;0.25;26;12;0.5;left;8.979567699865584;experiment;faces\\Damon.bmp, faces\\Kurt.bmp, faces\\Mona.bmp, faces\\Thomas.bmp;1;instructions;left;0, 1, 1, 1;faces;0, 1, 1, 1;6/3-2=2 ?, 3+4/2=5 ?, 9/3-1=2 ?, 2x3-6=0 ?;cheat;2.0737188583989337, 1.4537930482911179, 3.218422052839742, 1.6003888563718647;0.35119047619047616;faces\\Kurt.bmp, faces\\Mona.bmp, faces\\Damon.bmp, faces\\Thomas.bmp;1-7;5;20;0.1588718820861678;female;11.993302312969023;accuracy_first
5;0.8333333333333334;38.10471483040601;1.108191110095504;self;5;5;1;1, 1, 1, 0, 1, 1;1461854971.205;dotscs_9_12;;0.9022988505747126;6;0.16666666666666666;27;14;0.5;right;4.619862463470781;experiment;faces\\Rachel.bmp, faces\\Cindy.bmp, faces\\Simon.bmp, faces\\Steve.bmp, faces\\Emily.bmp, faces\\Leslie.bmp;0;instructions;left;1, 0, 1, 1, 0, 0;faces;1, 0, 1, 0, 0, 0;2x3+3=9 ?, 2x3-2=3 ?, 2x4-8=0 ?, 6/3+5=7 ?, 8/2-1=1 ?, 4x2-1=8 ?;cheat;1.4157967415048915, 1.6857716364174848, 1.5532009164380725, 2.5378059129689063, 1.88307448503474, 2.1904734435993305;0.3448275862068966;faces\\Simon.bmp, faces\\Cindy.bmp, faces\\Steve.bmp, faces\\Leslie.bmp, faces\\Ella.bmp, faces\\Emily.bmp;1-7;6;20;1.5556876734046772;female;13.5489899863737;accuracy_first
1;1.0;8.074727096296556;1.443913803268515;self;5;1;1;1;1461855040.27;dotscs_9_12;;0.9028571428571428;1;1.0;28;12;0.5;right;4.8849720531579806;experiment;faces\\Sarah.bmp;1;instructions;right;1;faces;1;4/2+5=7 ?;accuracy;1.9138390117623203;0.3485714285714286;faces\\Sarah.bmp;1-7;2;20;1.5735510204081633;female;15.122541006781862;accuracy_first
5;1.0;22.00891701306682;1.8365585857354745;self;5;5;5;1, 1, 1, 1, 1;1461855061.299;dotscs_9_12;;0.9055555555555556;5;1.0;29;14;0.5;right;6.724986746747163;experiment;faces\\Fiona.bmp, faces\\Joshua.bmp, faces\\Sarah.bmp, faces\\Haley.bmp, faces\\Julia.bmp;1;instructions;right;1, 1, 0, 0, 0;faces;1, 1, 0, 0, 0;2x3+2=8 ?, 3x3-6=3 ?, 2+3x2=9 ?, 4+6/3=5 ?, 1+4/2=4 ?;accuracy;2.049826203710836, 1.5664187772163132, 2.190489014843479, 2.470001649136975, 3.0977852739924856;0.36666666666666664;faces\\Fiona.bmp, faces\\Joshua.bmp, faces\\Sarah.bmp, faces\\Haley.bmp, faces\\Julia.bmp;1-7;10;20;1.6601851851851852;female;16.782726191967047;accuracy_first
1;1.0;3.4909233817052154;0.7772381713439245;self;0.5;1;1;1;1461855115.497;dotscs_9_12;;0.9060773480662984;1;1.0;30;10;5;right;4.348158099062857;experiment;faces\\Chloe.bmp;1;instructions;right;0;faces;0;8/2+4=6 ?;cheat;4.701601926870353;0.3701657458563536;faces\\Chloe.bmp;1-7;2;20;0.1676993986752541;female;16.9504255906423;accuracy_first
3;1.0;19.46083054171686;0.9598240732811973;other;0.5;2;2;1, 1, 1;1461855134.358;dotscs_9_12;;0.907608695652174;3;0.6666666666666666;31;14;5;right;4.400313265068689;experiment;faces\\Britt.bmp, faces\\Kristen.bmp, faces\\Amanda.bmp;1;instructions;right;1, 1, 1;faces;1, 1, 1;2x4-4=4 ?, 7+8/4=9 ?, 4/2-1=1 ?;cheat;1.777752022313507, 2.2337374306443962, 1.6790869731703424;0.375;faces\\Amber.bmp, faces\\Kristen.bmp, faces\\Amanda.bmp;1-7;4;20;0.17017663043478262;female;16.9504255906423;accuracy_first
3;1.0;8.942684382964217;1.8790121604324668;other;5;3;3;1, 1, 1;1461855172.533;dotscs_9_12;;0.9090909090909091;3;1.0;32;10;0.5;left;3.0711807460174896;experiment;faces\\Angie.bmp, faces\\Hanna.bmp, faces\\Oliver.bmp;1;instructions;left;0, 1, 0;faces;0, 1, 0;9/3-1=4 ?, 9/3-1=2 ?, 4x2-3=3 ?;cheat;2.901768114483275, 3.7683126648698817, 2.7604491878555564;0.3850267379679144;faces\\Angie.bmp, faces\\Hanna.bmp, faces\\Oliver.bmp;1-7;6;20;0.17501215362177927;female;16.9504255906423;accuracy_first
1;1.0;3.6976117962076387;1.0491329295655305;other;0.5;1;1;1;1461855204.031;dotscs_9_12;;0.9095744680851063;1;1.0;33;10;5;left;1.3210436129265872;experiment;faces\\George.bmp;1;instructions;left;1;faces;1;7+6/3=9 ?;accuracy;2.4283584867844183;0.3882978723404255;faces\\George.bmp;1-7;2;20;1.7659291534631052;female;16.9504255906423;accuracy_first
5;0.8333333333333334;82.50812783422953;1.2236663762414537;other;5;4;2;1, 1, 1, 1, 1, 0;1461855216.387;dotscs_9_12;;0.9072164948453608;6;0.3333333333333333;34;10;0.5;left;2.1284984864068974;experiment;faces\\Matt.bmp, faces\\Linda.bmp, faces\\Kristen.bmp, faces\\Kelly.bmp, faces\\Carl.bmp, faces\\George.bmp;1;instructions;left;1, 1, 0, 1, 0, 1;faces;1, 1, 0, 1, 0, 0;3x2-3=3 ?, 8/4-2=0 ?, 4x2-4=3 ?, 9/3+5=8 ?, 2x4-1=6 ?, 3x3-3=6 ?;cheat;2.740450405242882, 2.853694737132173, 2.14650167284708, 2.2837940179524594, 1.3270534044058877, 1.2092523609862837;0.3865979381443299;faces\\Matt.bmp, faces\\Nathan.bmp, faces\\Casper.bmp, faces\\Kristen.bmp, faces\\Carl.bmp, faces\\Kelly.bmp;1-7;6;20;0.1753640131788713;female;16.9504255906423;accuracy_first
2;1.0;2.731597092708398;1.0486831330199493;other;0.5;2;2;1, 1;1461855328.869;dotscs_9_12;;0.9081632653061225;2;1.0;35;12;5;left;1.8343917059064552;experiment;faces\\Olivia.bmp, faces\\Bruce.bmp;1;instructions;left;1, 1;faces;1, 1;2x2-2=2 ?, 2+9/3=5 ?;accuracy;2.0211549473024206, 1.7550112856115447;0.39285714285714285;faces\\Olivia.bmp, faces\\Bruce.bmp;1-7;4;20;1.7838921282798834;female;16.9504255906423;accuracy_first
2;0.6666666666666666;18.735750721411023;1.7050697131562629;other;5;2;2;1, 0, 1;1461855343.892;dotscs_9_12;;0.9045226130653267;3;0.6666666666666666;36;12;0.5;right;1.3204862332531775;experiment;faces\\David.bmp, faces\\Jacob.bmp, faces\\Polly.bmp;0;instructions;left;0, 1, 1;faces;0, 0, 1;5+9/3=6 ?, 6/2+6=9 ?, 2x2+2=6 ?;cheat;1.5384248698210286, 2.10775405365348, 1.2705060865882842;0.3969849246231156;faces\\Fiona.bmp, faces\\Jacob.bmp, faces\\Polly.bmp;1-7;4;20;1.7954092068382113;female;16.9504255906423;accuracy_first
0;0.0;3.0627022049557127;2.075059400747705;self;0.5;1;1;0;1461855378.462;dotscs_9_12;;0.9;1;1.0;37;12;5;right;4.251101842288335;experiment;faces\\Lucia.bmp;1;instructions;right;1;faces;0;6+6/3=8 ?;cheat;1.6898268831828318;0.4;faces\\Lucia.bmp;1-7;2;20;0.18000000000000002;female;17.1304255906423;accuracy_first
2;1.0;5.980338830217079;1.1753498751822917;self;5;2;2;1, 1;1461855393.514;dotscs_9_12;;0.900990099009901;2;1.0;38;10;0.5;left;2.6738755617116112;experiment;faces\\Erica.bmp, faces\\Joshua.bmp;1;instructions;left;0, 0;faces;0, 0;9/3+4=9 ?, 1+2x2=4 ?;cheat;2.3924841155640024, 1.1117986836652562;0.40594059405940597;faces\\Erica.bmp, faces\\Joshua.bmp;1-7;4;20;0.1828742280168611;female;17.31329981865916;accuracy_first
5;1.0;15.487315454243799;1.7531445060776605;self;5;5;3;1, 1, 1, 1, 1;1461855413.76;dotscs_9_12;;0.9033816425120773;5;0.6;39;10;0.5;left;3.9871990238243598;experiment;faces\\Chloe.bmp, faces\\Joan.bmp, faces\\Sonya.bmp, faces\\Anna.bmp, faces\\Regina.bmp;1;instructions;left;1, 0, 1, 0, 1;faces;1, 0, 1, 0, 1;2x4-1=7 ?, 1+8/2=3 ?, 8/2-2=2 ?, 2+9/3=4 ?, 2+6/3=4 ?;cheat;1.3877741688665992, 2.675092595804017, 2.6155432133782597, 1.5492415743647143, 4.861619437437184;0.4106280193236715;faces\\Chloe.bmp, faces\\Joan.bmp, faces\\Anna.bmp, faces\\Sonya.bmp, faces\\Regina.bmp;1-7;8;20;0.1854769072790497;female;17.49877672593821;accuracy_first
5;1.0;25.70053883573928;1.8241957276768517;self;0.5;3;3;1, 1, 1, 1, 1;1461855460.227;dotscs_9_12;;0.9056603773584906;5;0.6;40;10;5;left;1.7764553625602275;experiment;faces\\Oliver.bmp, faces\\Nicole.bmp, faces\\Billy.bmp, faces\\Noah.bmp, faces\\Mike.bmp;1;instructions;left;0, 0, 1, 1, 0;faces;0, 0, 1, 1, 0;2x2-3=0 ?, 4x2-1=9 ?, 2x2-1=3 ?, 3x3-7=2 ?, 2x3-5=0 ?;accuracy;1.1345514526910847, 2.0638233343524917, 1.547741072899953, 2.0445004851862905, 1.5777712740309653;0.41509433962264153;faces\\Oliver.bmp, faces\\Nicole.bmp, faces\\Simon.bmp, faces\\Jane.bmp, faces\\Mike.bmp;1-7;6;20;1.879672481310075;female;19.378449207248284;accuracy_first
2;1.0;3.484096100040915;1.8493252343978384;self;0.5;1;1;1, 1;1461855509.891;dotscs_9_12;;0.9065420560747663;2;0.5;41;14;5;right;2.694898861249385;experiment;faces\\Benny.bmp, faces\\Julian.bmp;1;instructions;right;0, 0;faces;0, 0;1+4/2=1 ?, 2x4-6=0 ?;cheat;1.5084339506829565, 2.5110559354361612;0.4158878504672897;faces\\Joshua.bmp, faces\\Julian.bmp;1-7;2;20;0.1885099135295659;female;19.56695912077785;accuracy_first
1;1.0;2.3934463475197845;1.8533663254929706;self;5;1;1;1;1461855529.232;dotscs_9_12;;0.9069767441860465;1;1.0;42;12;0.5;left;1.8478721544452128;experiment;faces\\Emily.bmp;1;instructions;left;0;faces;0;6/2-3=1 ?;cheat;2.3743956411854015;0.4186046511627907;faces\\Emily.bmp;1-7;2;20;0.18983234180638184;female;19.756791462584232;accuracy_first
2;1.0;4.341585265639878;1.787231015649013;other;5;2;2;1, 1;1461855541.586;dotscs_9_12;;0.9078341013824884;2;1.0;43;12;0.5;left;0.8378074700922298;experiment;faces\\Karen.bmp, faces\\Anna.bmp;1;instructions;left;0, 1;faces;0, 1;3x3-6=2 ?, 4/2+5=7 ?;cheat;3.1922294549876824, 2.07982526235719;0.423963133640553;faces\\Karen.bmp, faces\\Anna.bmp;1-7;4;20;0.19244409522393763;female;19.756791462584232;accuracy_first
1;1.0;1.8753992784841103;1.9238474273115571;other;0.5;1;1;1;1461855559.82;dotscs_9_12;;0.908256880733945;1;1.0;44;14;5;left;1.4069278577298974;experiment;faces\\Nina.bmp;0;instructions;right;1;faces;1;3+9/3=6 ?;cheat;2.147145756021928;0.42660550458715596;faces\\Nina.bmp;1-7;2;20;1.9373369245013046;female;19.756791462584232;accuracy_first
5;1.0;17.24954294866984;0.8577662629249971;other;5;5;5;1, 1, 1, 1, 1;1461855570.754;dotscs_9_12;;0.9103139013452914;5;1.0;45;12;0.5;right;5.702362440468278;experiment;faces\\Jacob.bmp, faces\\Amanda.bmp, faces\\Erin.bmp, faces\\Jenny.bmp, faces\\Micha.bmp;1;instructions;right;1, 1, 0, 0, 1;faces;1, 1, 0, 0, 1;8/2-1=3 ?, 3x2-3=3 ?, 9/3+4=8 ?, 2x4-2=7 ?, 9/3+4=7 ?;accuracy;1.953124192685209, 3.761656666862109, 2.3224804138553736, 1.4764354030594404, 1.2964934271658421;0.43946188340807174;faces\\Jacob.bmp, faces\\Amanda.bmp, faces\\Erin.bmp, faces\\Jenny.bmp, faces\\Micha.bmp;1-7;10;20;2.0002413078887566;female;19.756791462584232;accuracy_first
4;1.0;31.099036989486194;0.7907281749576214;other;0.5;3;1;1, 1, 1, 1;1461855617.252;dotscs_9_12;;0.9118942731277533;4;0.25;46;10;5;right;13.546635160855658;experiment;faces\\Shane.bmp, faces\\Leslie.bmp, faces\\Jonah.bmp, faces\\Cindy.bmp;1;instructions;right;0, 1, 0, 1;faces;0, 1, 0, 1;8/2+1=3 ?, 4x2-8=0 ?, 2x3-3=5 ?, 9/3+2=5 ?;cheat;2.1925143379303336, 1.9598431834419898, 1.6244995084452967, 1.862367918711243;0.43612334801762115;faces\\Paul.bmp, faces\\Jonah.bmp, faces\\Leslie.bmp, faces\\Cindy.bmp;1-7;4;20;0.1988491917172854;female;19.756791462584232;accuracy_first
1;1.0;1.1823116357518302;1.0753336669331475;other;5;1;1;1;1461855680.113;dotscs_9_12;;0.9122807017543859;1;1.0;47;10;0.5;left;1.1382722716552962;experiment;faces\\Kate.bmp;1;instructions;left;1;faces;1;5+2x2=9 ?;cheat;1.0597914444515482;0.43859649122807015;faces\\Kate.bmp;1-7;2;20;0.2000615574022776;female;19.756791462584232;accuracy_first
2;1.0;3.045571008045954;1.9109880589821842;other;0.5;2;2;1, 1;1461855688.334;dotscs_9_12;;0.9130434782608695;2;1.0;48;10;5;right;1.3350453441635182;experiment;faces\\Nicole.bmp, faces\\Ethan.bmp;1;instructions;right;0, 0;faces;0, 0;4/2+6=7 ?, 7+6/3=7 ?;cheat;2.431775312645186, 2.4771520340655115;0.4434782608695652;faces\\Nicole.bmp, faces\\Ethan.bmp;1-7;4;20;0.20245746691871455;female;19.756791462584232;accuracy_first
4;0.8;63.855626986660354;1.8490166407027573;self;5;4;2;1, 1, 0, 1, 1;1461855705.213;dotscs_9_12;;0.9106382978723404;5;0.4;49;14;0.5;left;2.395756199653988;experiment;faces\\Kurt.bmp, faces\\Jeff.bmp, faces\\Diana.bmp, faces\\Tony.bmp, faces\\Mary.bmp;1;instructions;left;1, 1, 1, 1, 1;faces;1, 1, 0, 1, 1;8/2-1=3 ?, 4/2-2=0 ?, 4/2-1=1 ?, 2x2-1=3 ?, 4x2-1=7 ?;cheat;2.230397753210127, 1.9957348953648761, 1.5145145205351582, 1.1005381987342844, 2.0711145682435017;0.4425531914893617;faces\\Hanna.bmp, faces\\Diana.bmp, faces\\Jeff.bmp, faces\\Tony.bmp, faces\\Mary.bmp;1-7;6;20;0.2015029425079221;female;19.958294405092154;accuracy_first
2;1.0;4.076349690447387;2.1709322431561304;self;5;2;2;1, 1;1461855794.164;dotscs_9_12;;0.9113924050632911;2;1.0;50;14;0.5;right;2.1729954326729057;experiment;faces\\Nathan.bmp, faces\\Paul.bmp;1;instructions;right;0, 1;faces;0, 1;3x3-5=5 ?, 2x2+5=9 ?;accuracy;2.4224622945912415, 0.9645361433285871;0.4472573839662447;faces\\Nathan.bmp, faces\\Paul.bmp;1-7;4;20;2.038134914276558;female;21.996429319368712;accuracy_first
5;1.0;20.256889389685966;1.9531942632711434;self;0.5;4;4;1, 1, 1, 1, 1;1461855812.899;dotscs_9_12;;0.9132231404958677;5;0.8;51;14;5;left;1.924539993673534;experiment;faces\\Alex.bmp, faces\\Tanya.bmp, faces\\Karen.bmp, faces\\Lana.bmp, faces\\Molly.bmp;0;instructions;right;0, 0, 1, 0, 1;faces;0, 0, 1, 0, 1;2x2-4=1 ?, 4+4/2=5 ?, 4/2+6=8 ?, 2x3-5=0 ?, 3x2-6=0 ?;cheat;2.597182242272538, 2.580484208992857, 2.915756397836958, 1.3018474570380931, 1.552505165051116;0.45454545454545453;faces\\Alex.bmp, faces\\Amber.bmp, faces\\Karen.bmp, faces\\Lana.bmp, faces\\Molly.bmp;1-7;8;20;2.0755071374906082;female;24.07193645685932;accuracy_first
5;1.0;81.29872754644748;1.899665289081895;self;0.5;3;2;1, 1, 1, 1, 1;1461855862.928;dotscs_9_12;;0.9149797570850202;5;0.4;52;10;5;right;2.959053650713031;experiment;faces\\Donald.bmp, faces\\Jane.bmp, faces\\Andrea.bmp, faces\\David.bmp, faces\\James.bmp;1;instructions;right;1, 0, 1, 0, 1;faces;1, 0, 1, 0, 1;6/2-2=1 ?, 2x2-3=2 ?, 3+2x2=7 ?, 2x2-3=2 ?, 2x2-4=0 ?;cheat;2.485749128896714, 1.4650464553815254, 1.1011044256993046, 1.9517160569921543, 2.0404459462042723;0.4534412955465587;faces\\Jane.bmp, faces\\Erica.bmp, faces\\Andrea.bmp, faces\\Micha.bmp, faces\\James.bmp;1-7;5;20;0.20744480322575357;female;24.279381260085074;accuracy_first
4;1.0;23.356875517125445;1.7776830134025658;self;5;4;4;1, 1, 1, 1;1461855970.646;dotscs_9_12;;0.9163346613545816;4;1.0;53;14;0.5;left;3.587058104090829;experiment;faces\\Justin.bmp, faces\\Liam.bmp, faces\\Daniel.bmp, faces\\Susan.bmp;1;instructions;left;1, 0, 1, 1;faces;1, 0, 1, 1;4x2-2=6 ?, 4+2x2=6 ?, 4x2-4=4 ?, 3x3-4=5 ?;cheat;1.8104243800335098, 1.8571604000680964, 2.4617000540019944, 2.3463996104364924;0.46215139442231074;faces\\Justin.bmp, faces\\Liam.bmp, faces\\Daniel.bmp, faces\\Susan.bmp;1-7;8;20;0.2117426707512579;female;24.49112393083633;accuracy_first
2;1.0;4.512933685622556;1.967737095157645;self;0.5;2;2;1, 1;1461856017.775;dotscs_9_12;;0.9169960474308301;2;1.0;54;14;5;left;2.0985153528890805;experiment;faces\\Scott.bmp, faces\\Tony.bmp;0;instructions;right;0, 0;faces;0, 0;2+4/2=6 ?, 4/2+4=7 ?;cheat;2.110366129436443, 2.761167942211614;0.466403162055336;faces\\Scott.bmp, faces\\Tony.bmp;1-7;4;20;2.1384492805699202;female;26.62957321140625;accuracy_first
5;1.0;35.993495821599936;1.8076948121597525;other;0.5;4;0;1, 1, 1, 1, 1;1461856037.337;dotscs_9_12;;0.9186046511627907;5;0.0;55;14;5;left;9.112847619122476;experiment;faces\\Olivia.bmp, faces\\Jake.bmp, faces\\Julian.bmp, faces\\Lena.bmp, faces\\Anders.bmp;0;instructions;right;1, 1, 1, 1, 0;faces;1, 1, 1, 1, 0;2x2-4=0 ?, 4/2+3=5 ?, 2x2-3=1 ?, 6/2+1=4 ?, 3x3-3=7 ?;cheat;1.8845385356362385, 1.7998578770311724, 3.014361285360792, 2.700459563962795, 2.111160262757039;0.4573643410852713;faces\\Kurt.bmp, faces\\Julian.bmp, faces\\Anders.bmp, faces\\Olivia.bmp, faces\\Lena.bmp;1-7;4;20;2.1006850549846763;female;26.62957321140625;accuracy_first
3;1.0;12.605950266868604;1.7283412876422517;other;0.5;3;3;1, 1, 1;1461856108.194;dotscs_9_12;;0.9195402298850575;3;1.0;56;14;5;left;3.153158024746517;experiment;faces\\Diana.bmp, faces\\Andrea.bmp, faces\\Erin.bmp;1;instructions;left;1, 1, 0;faces;1, 1, 0;6/2-2=1 ?, 2x4-5=3 ?, 4+9/3=9 ?;accuracy;2.538457427872345, 1.699748949118657, 2.8784646897329367;0.46360153256704983;faces\\Diana.bmp, faces\\Andrea.bmp, faces\\Erin.bmp;1-7;6;20;2.13150129915885;female;26.62957321140625;accuracy_first
4;1.0;27.300028099012707;1.819897711098747;other;5;3;3;1, 1, 1, 1;1461856140.394;dotscs_9_12;;0.9207547169811321;4;0.75;57;14;0.5;right;4.637967570764886;experiment;faces\\Gary.bmp, faces\\Leah.bmp, faces\\Liam.bmp, faces\\Jason.bmp;1;instructions;right;0, 1, 1, 0;faces;0, 1, 1, 0;2x3+2=7 ?, 3+3x2=9 ?, 2+2x2=6 ?, 6/3+1=4 ?;accuracy;1.9557366223598365, 1.8125165886813193, 1.059113033767062, 1.6718590859272808;0.4679245283018868;faces\\Gary.bmp, faces\\Leah.bmp, faces\\Rachel.bmp, faces\\Jason.bmp;1-7;6;20;2.1542185831256675;female;26.62957321140625;accuracy_first
7;1.0;36.79609352937041;1.6872530277214537;other;5;6;4;1, 1, 1, 1, 1, 1, 1;1461856190.19;dotscs_9_12;;0.9227941176470589;7;0.5714285714285714;58;14;0.5;left;2.0677603812400775;experiment;faces\\Liam.bmp, faces\\Kurt.bmp, faces\\Kiki.bmp, faces\\Haley.bmp, faces\\Ricky.bmp, faces\\Timmy.bmp, faces\\Lulu.bmp;1;instructions;left;0, 1, 1, 1, 1, 1, 1;faces;0, 1, 1, 1, 1, 1, 1;4/2-1=2 ?, 8/2+3=7 ?, 9/3+2=5 ?, 6/2-1=2 ?, 7+6/3=9 ?, 9/3+3=6 ?, 2x4-7=1 ?;cheat;2.1318424105411395, 3.1570469423386385, 1.9578444022445183, 2.574575984475814, 2.5263812222146953, 1.8244434519765491, 2.3423811684260727;0.47058823529411764;faces\\Kiki.bmp, faces\\Andrea.bmp, faces\\Liam.bmp, faces\\Haley.bmp, faces\\Ricky.bmp, faces\\Timmy.bmp, faces\\Lulu.bmp;1-7;10;20;0.2171280276816609;female;26.62957321140625;accuracy_first
0;0.0;1.7660003354903893;2.108049907245004;other;0.5;1;1;0;1461856264.479;dotscs_9_12;;0.9194139194139194;1;1.0;59;10;5;left;6.884451478243136;experiment;faces\\Joan.bmp;0;instructions;right;1;faces;0;6/3-2=0 ?;cheat;1.9983812986574776;0.4725274725274725;faces\\Joan.bmp;1-7;2;20;2.1722416777361833;female;26.62957321140625;accuracy_first
4;1.0;24.73203450303845;1.744515914870135;other;5;3;3;1, 1, 1, 1;1461856282.03;dotscs_9_12;;0.9205776173285198;4;0.75;60;12;0.5;left;1.0298741348233307;experiment;faces\\Sonya.bmp, faces\\Kevin.bmp, faces\\Donald.bmp, faces\\Maria.bmp;1;instructions;left;1, 0, 0, 1;faces;1, 0, 0, 1;6/3+2=4 ?, 4+2x2=9 ?, 2+2x3=9 ?, 5+8/2=9 ?;cheat;2.283807111954957, 1.7271649511167197, 3.1051632113849337, 2.2518092721074936;0.47653429602888087;faces\\Sonya.bmp, faces\\Kevin.bmp, faces\\Timmy.bmp, faces\\Maria.bmp;1-7;6;20;0.21934340340679534;female;26.62957321140625;accuracy_first
3;1.0;11.683864159316727;1.5343600679734664;self;0.5;3;3;1, 1, 1;1461856328.598;dotscs_9_12;;0.9214285714285714;3;1.0;61;12;5;left;5.052262749130023;experiment;faces\\John.bmp, faces\\Lucas.bmp, faces\\Steve.bmp;1;instructions;left;1, 0, 1;faces;1, 0, 1;6/2+3=6 ?, 5+4/2=8 ?, 8/2+3=7 ?;accuracy;3.100450433550577, 4.1590520935897075, 1.3677845874408376;0.48214285714285715;faces\\John.bmp, faces\\Lucas.bmp, faces\\Steve.bmp;1-7;6;20;2.221301020408163;female;28.850874231814412;accuracy_first
5;0.8333333333333334;25.532811791108543;1.8825404622257338;self;5;5;1;1, 1, 0, 1, 1, 1;1461856363.2;dotscs_9_12;;0.9195804195804196;6;0.16666666666666666;62;12;0.5;left;4.292999098994187;experiment;faces\\Lisa.bmp, faces\\Emma.bmp, faces\\Emily.bmp, faces\\Simon.bmp, faces\\Paul.bmp, faces\\Andre.bmp;1;instructions;left;1, 1, 0, 1, 1, 1;faces;1, 1, 1, 1, 1, 1;2x2-3=1 ?, 6/3+7=9 ?, 8/4-2=2 ?, 5+9/3=8 ?, 3x3-5=4 ?, 5+9/3=8 ?;cheat;1.3058446655377338, 1.908501614805573, 2.7031144606589805, 5.449667377044534, 2.390379874595965, 2.2297954292771465;0.4755244755244755;faces\\Emily.bmp, faces\\Emma.bmp, faces\\Simon.bmp, faces\\Lisa.bmp, faces\\Andre.bmp, faces\\Mike.bmp;1-7;6;20;0.21864149836177807;female;29.06951573017619;accuracy_first
1;1.0;2.844941575996927;0.9153030623674567;self;0.5;1;1;1;1461856425.65;dotscs_9_12;;0.9198606271777003;1;1.0;63;14;5;left;2.537187663896475;experiment;faces\\Haley.bmp;1;instructions;left;0;faces;0;3x3-7=3 ?;accuracy;3.0510131569899386;0.47735191637630664;faces\\Haley.bmp;1-7;2;20;2.195486165911933;female;31.265001896088123;accuracy_first
4;1.0;10.029412659845548;1.6942922906091553;self;5;3;3;1, 1, 1, 1;1461856438.63;dotscs_9_12;;0.9209621993127147;4;0.75;64;14;0.5;right;1.5296182710117137;experiment;faces\\Kenny.bmp, faces\\Fiona.bmp, faces\\Nana.bmp, faces\\Jake.bmp;0;instructions;left;0, 1, 1, 1;faces;0, 1, 1, 1;3x3-6=1 ?, 4x2-6=2 ?, 8/2+4=8 ?, 6+9/3=9 ?;cheat;2.6404798490439134, 1.5018423609944875, 1.416617416714871, 2.9344029596686596;0.48109965635738833;faces\\Kenny.bmp, faces\\Fiona.bmp, faces\\Nana.bmp, faces\\Anna.bmp;1-7;6;20;2.215372988037458;female;33.48037488412558;accuracy_first
6;1.0;31.534635041945876;2.1117877130163833;self;0.5;5;4;1, 1, 1, 1, 1, 1;1461856470.611;dotscs_9_12;;0.9225589225589226;6;0.6666666666666666;65;14;5;left;2.0897986426134594;experiment;faces\\Kate.bmp, faces\\Sofia.bmp, faces\\Adam.bmp, faces\\Chloe.bmp, faces\\Alex.bmp, faces\\Linda.bmp;0;instructions;right;1, 0, 0, 1, 0, 0;faces;1, 0, 0, 1, 0, 0;4/2+2=4 ?, 2x2+1=7 ?, 6+9/3=8 ?, 2x2+5=9 ?, 9/3+1=6 ?, 2x4-2=7 ?;cheat;1.353785687337222, 1.090536153238645, 2.141811544093798, 0.8871230078511871, 2.266477735600347, 1.5264254586945754;0.48484848484848486;faces\\Kate.bmp, faces\\Sofia.bmp, faces\\Alex.bmp, faces\\Chloe.bmp, faces\\Erica.bmp, faces\\Linda.bmp;1-7;9;20;2.2365064789307216;female;35.7168813630563;accuracy_first
4;0.8;21.171400442082813;1.7756962645289605;self;5;5;3;1, 1, 1, 1, 0;1461856530.362;dotscs_9_12;;0.9205298013245033;5;0.6;66;12;0.5;left;2.2977072762259922;experiment;faces\\Shane.bmp, faces\\Niclas.bmp, faces\\Hanna.bmp, faces\\Chris.bmp, faces\\Britt.bmp;1;instructions;left;1, 0, 0, 1, 1;faces;1, 0, 0, 1, 0;2x3-4=2 ?, 6/2+5=7 ?, 4/2-1=3 ?, 5+2x2=9 ?, 3x3-7=2 ?;cheat;1.7084483186954458, 2.3831792370256153, 1.7105175243705162, 1.0651518443810346, 3.461088528878463;0.4867549668874172;faces\\Shane.bmp, faces\\Niclas.bmp, faces\\Chris.bmp, faces\\Hanna.bmp, faces\\Britt.bmp;1-7;8;20;0.22403622648129468;female;35.9409175895376;accuracy_first
3;1.0;17.30503849989327;1.566156897246401;other;5;2;2;1, 1, 1;1461856577.741;dotscs_9_12;;0.921311475409836;3;0.6666666666666666;67;12;0.5;left;0.819185326796287;experiment;faces\\Bobby.bmp, faces\\Simon.bmp, faces\\Ella.bmp;1;instructions;left;1, 0, 1;faces;1, 0, 1;2x4-1=7 ?, 9/3-3=1 ?, 4/2+1=3 ?;cheat;2.2957994452408457, 4.267080059536966, 1.58318794276056;0.4885245901639344;faces\\Joshua.bmp, faces\\Simon.bmp, faces\\Ella.bmp;1-7;4;20;0.22504165546895993;female;35.9409175895376;accuracy_first
4;1.0;20.186167995296273;1.7410067232376605;other;5;2;0;1, 1, 1, 1;1461856613.467;dotscs_9_12;;0.9223300970873787;4;0.0;68;12;0.5;left;1.312822351243085;experiment;faces\\Ricky.bmp, faces\\Mary.bmp, faces\\Gary.bmp, faces\\Kiki.bmp;0;instructions;right;1, 1, 0, 1;faces;1, 1, 0, 1;2+2x3=8 ?, 1+6/3=3 ?, 6/3+3=7 ?, 3x3-1=8 ?;accuracy;2.3378095934422163, 2.0110775228422426, 1.953819590180501, 1.2665216181922005;0.48220064724919093;faces\\Gary.bmp, faces\\Nina.bmp, faces\\Mary.bmp, faces\\Nathan.bmp;1-7;2;20;0.22237408489647156;female;35.9409175895376;accuracy_first
6;1.0;18.26631459145574;0.8502386292784649;other;0.5;2;1;1, 1, 1, 1, 1, 1;1461856653.811;dotscs_9_12;;0.9238095238095239;6;0.16666666666666666;69;10;5;right;2.4287375049643742;experiment;faces\\Kiki.bmp, faces\\Justin.bmp, faces\\Lucas.bmp, faces\\Jonah.bmp, faces\\Nathan.bmp, faces\\Joseph.bmp;1;instructions;right;1, 0, 1, 1, 1, 1;faces;1, 0, 1, 1, 1, 1;3+9/3=6 ?, 2+8/2=8 ?, 5+9/3=8 ?, 3x2+1=7 ?, 4/2+1=3 ?, 3x2-1=5 ?;cheat;2.2944097119252547, 1.9938536062654748, 2.12912982947455, 1.1064524394132604, 1.6372417385719018, 2.1464068298300845;0.47619047619047616;faces\\Julian.bmp, faces\\Jeff.bmp, faces\\Lucas.bmp, faces\\Kevin.bmp, faces\\Kiki.bmp, faces\\Maria.bmp;1-7;3;20;0.2199546485260771;female;35.9409175895376;accuracy_first
6;0.8571428571428571;32.24700554406809;0.7094126740012143;other;5;6;3;1, 0, 1, 1, 1, 1, 1;1461856700.816;dotscs_9_12;;0.922360248447205;7;0.42857142857142855;70;12;0.5;left;5.3214551891505835;experiment;faces\\Julian.bmp, faces\\Ethan.bmp, faces\\Robert.bmp, faces\\Peter.bmp, faces\\Keith.bmp, faces\\Amanda.bmp, faces\\Donna.bmp;1;instructions;left;0, 0, 1, 1, 1, 0, 1;faces;0, 1, 1, 1, 1, 0, 1;3x3-1=7 ?, 2x3+3=7 ?, 2x2-1=3 ?, 9/3-3=0 ?, 6/3+7=9 ?, 4x2-8=1 ?, 4+9/3=7 ?;cheat;1.7760420168706332, 1.7278695498025627, 2.057835484170937, 2.1266065805502876, 2.6406380387015815, 1.6778614456743526, 1.7378029402752873;0.4751552795031056;faces\\Linda.bmp, faces\\Ethan.bmp, faces\\Keith.bmp, faces\\Julian.bmp, faces\\Peter.bmp, faces\\Amanda.bmp, faces\\Donna.bmp;1-7;9;20;0.2191321708267428;female;35.9409175895376;accuracy_first
2;0.6666666666666666;10.292861435060331;2.607155976420472;other;5;3;3;0, 1, 1;1461856768.96;dotscs_9_12;;0.92;3;1.0;71;14;0.5;left;3.6170270819311554;experiment;faces\\Lana.bmp, faces\\Brian.bmp, faces\\Peter.bmp;1;instructions;left;0, 1, 0;faces;1, 1, 0;4+8/2=6 ?, 2x4-2=6 ?, 2x2+3=5 ?;cheat;1.6918476056744112, 1.6230942038891953, 1.2772109216675744;0.48;faces\\Lana.bmp, faces\\Brian.bmp, faces\\Peter.bmp;1-7;6;20;0.2208;female;35.9409175895376;accuracy_first
5;1.0;23.50750923126907;0.6741455812007189;other;5;5;5;1, 1, 1, 1, 1;1461856798.118;dotscs_9_12;;0.9212121212121213;5;1.0;72;10;0.5;left;1.7950106202952156;experiment;faces\\Daniel.bmp, faces\\Nina.bmp, faces\\Lucia.bmp, faces\\John.bmp, faces\\Angie.bmp;1;instructions;left;0, 1, 0, 0, 1;faces;0, 1, 0, 0, 1;2x3-2=3 ?, 4/2+6=8 ?, 4/2+5=8 ?, 9/3-1=3 ?, 6+9/3=9 ?;cheat;1.7024080925148155, 1.6811798896014807, 2.9010751942332718, 2.007710241839959, 1.9744557320191234;0.48787878787878786;faces\\Daniel.bmp, faces\\Nina.bmp, faces\\Lucia.bmp, faces\\John.bmp, faces\\Angie.bmp;1-7;10;20;0.22471992653810835;female;35.9409175895376;accuracy_first
4;1.0;42.27388716936912;0.8071816689698608;self;5;4;4;1, 1, 1, 1;1461856846.2;dotscs_9_12;;0.9221556886227545;4;1.0;73;10;0.5;right;1.9331193939106015;experiment;faces\\Mike.bmp, faces\\Chris.bmp, faces\\Lily.bmp, faces\\Anders.bmp;1;instructions;right;0, 0, 1, 1;faces;0, 0, 1, 1;2x4-4=6 ?, 6+8/4=6 ?, 4x2-3=5 ?, 6+4/2=8 ?;accuracy;3.6703320425731363, 2.48236804611588, 1.269841123790684, 2.3537283568584826;0.4940119760479042;faces\\Mike.bmp, faces\\Chris.bmp, faces\\Lily.bmp, faces\\Anders.bmp;1-7;8;20;2.277779769801714;female;38.21869735933931;accuracy_first
5;0.8333333333333334;19.007033600617433;0.7079288054519566;self;5;5;2;1, 1, 1, 1, 0, 1;1461856910.928;dotscs_9_12;;0.9205882352941176;6;0.3333333333333333;74;12;0.5;left;4.890949286589603;experiment;faces\\Eddie.bmp, faces\\Keith.bmp, faces\\Nana.bmp, faces\\Ethan.bmp, faces\\Erica.bmp, faces\\Bobby.bmp;1;instructions;left;0, 1, 1, 0, 1, 0;faces;0, 1, 1, 0, 0, 0;8/2-1=4 ?, 2x3-1=5 ?, 2x4-8=0 ?, 6/2-3=1 ?, 6/3-2=0 ?, 6+4/2=9 ?;cheat;2.0984013997149304, 1.2931431329743646, 1.4645092475475394, 2.7414735065940476, 1.3104059776596841, 1.9212176569380972;0.49117647058823527;faces\\Eddie.bmp, faces\\Keith.bmp, faces\\Erica.bmp, faces\\Nana.bmp, faces\\Ethan.bmp, faces\\Alex.bmp;1-7;7;20;0.2260856401384083;female;38.44478299947772;accuracy_first
4;1.0;25.1474982323125;1.7832253137421503;self;0.5;4;2;1, 1, 1, 1;1461856960.101;dotscs_9_12;;0.9215116279069767;4;0.5;75;12;5;right;1.877221467642812;experiment;faces\\Carl.bmp, faces\\Eric.bmp, faces\\Adam.bmp, faces\\Sofia.bmp;1;instructions;right;1, 0, 0, 1;faces;1, 0, 0, 1;3x2-1=5 ?, 6/3+1=5 ?, 4x2-3=7 ?, 4x2-7=1 ?;cheat;2.3826692788607033, 2.5577399333706126, 2.2064870500362304, 1.7091221287882945;0.49127906976744184;faces\\Eric.bmp, faces\\Carl.bmp, faces\\Adam.bmp, faces\\Sofia.bmp;1-7;6;20;0.22635968766901027;female;38.67114268714673;accuracy_first
2;1.0;7.4716228277211485;0.8002917484482168;self;5;2;2;1, 1;1461857007.496;dotscs_9_12;;0.9219653179190751;2;1.0;76;10;0.5;right;1.162142277265957;experiment;faces\\Emma.bmp, faces\\Niclas.bmp;1;instructions;right;0, 0;faces;0, 0;4/2+3=4 ?, 3x2-6=2 ?;accuracy;1.5478691817515937, 2.324441682514589;0.49421965317919075;faces\\Emma.bmp, faces\\Niclas.bmp;1-7;4;20;2.2782668983260383;female;40.949409585472765;accuracy_first
1;1.0;3.7123443141281314;1.7090099450688285;self;5;1;1;1;1461857026.639;dotscs_9_12;;0.9221902017291066;1;1.0;77;12;0.5;left;2.8171246145248006;experiment;faces\\James.bmp;1;instructions;left;0;faces;0;4/2+5=5 ?;cheat;1.6664056124391209;0.4956772334293948;faces\\James.bmp;1-7;2;20;0.22855434394438953;female;41.17796392941715;accuracy_first
7;1.0;39.30928767939622;0.7319991138538171;self;5;6;3;1, 1, 1, 1, 1, 1, 1;1461857040.336;dotscs_9_12;;0.923728813559322;7;0.42857142857142855;78;10;0.5;right;2.3750482177638332;experiment;faces\\Jeff.bmp, faces\\Donald.bmp, faces\\Karen.bmp, faces\\Mike.bmp, faces\\Mary.bmp, faces\\Bruce.bmp, faces\\Billy.bmp;1;instructions;right;0, 0, 0, 0, 1, 0, 1;faces;0, 0, 0, 0, 1, 0, 1;3+9/3=5 ?, 2x3-3=2 ?, 2x3-1=6 ?, 3x2-5=0 ?, 3x2+3=9 ?, 2x4-6=3 ?, 8/2+5=9 ?;accuracy;1.9638414536202617, 2.2677804115191975, 1.543753773370554, 1.433128241209488, 1.974381414729578, 2.366478372605343, 2.6624445009110786;0.4943502824858757;faces\\Jeff.bmp, faces\\James.bmp, faces\\Mike.bmp, faces\\Karen.bmp, faces\\Mary.bmp, faces\\Donald.bmp, faces\\Billy.bmp;1-7;9;20;2.2832279996169684;female;43.46119192903412;accuracy_first
3;0.75;13.522391091551981;0.6668815969860589;other;0.5;3;3;1, 1, 0, 1;1461857112.724;dotscs_9_12;;0.9217877094972067;4;0.75;79;10;5;right;1.4031507699619397;experiment;faces\\Lena.bmp, faces\\Timmy.bmp, faces\\Casper.bmp, faces\\Mark.bmp;1;instructions;right;1, 0, 1, 0;faces;1, 0, 0, 0;8/2+2=6 ?, 2+9/3=4 ?, 4+8/4=6 ?, 8/4-2=2 ?;cheat;1.601724444230058, 4.624502339578612, 3.5584402853492065, 4.847030599612481;0.4972067039106145;faces\\Lena.bmp, faces\\Timmy.bmp, faces\\Mary.bmp, faces\\Mark.bmp;1-7;6;20;0.22915951437221058;female;43.46119192903412;accuracy_first
1;1.0;2.627626850768138;0.8486514243086276;other;5;1;1;1;1461857153.068;dotscs_9_12;;0.9220055710306406;1;1.0;80;14;0.5;left;1.9097798721886647;experiment;faces\\Jane.bmp;1;instructions;left;1;faces;1;6/2+5=8 ?;cheat;1.9557008792799024;0.4986072423398329;faces\\Jane.bmp;1-7;2;20;0.22985932759677533;female;43.46119192903412;accuracy_first
2;1.0;3.59090597022805;1.49811481809229;other;0.5;2;2;1, 1;1461857164.066;dotscs_9_12;;0.9224376731301939;2;1.0;81;14;5;left;0.7645118663458561;experiment;faces\\Megan.bmp, faces\\Rachel.bmp;0;instructions;right;0, 0;faces;0, 0;6/2+6=8 ?, 2x3-5=3 ?;cheat;3.909649993878702, 2.5284061914098857;0.5013850415512465;faces\\Megan.bmp, faces\\Rachel.bmp;1-7;4;20;2.3124822553540874;female;43.46119192903412;accuracy_first
4;1.0;9.598048923424358;1.1333273407653905;other;5;4;4;1, 1, 1, 1;1461857182.007;dotscs_9_12;;0.9232876712328767;4;1.0;82;14;0.5;left;0.835850094241323;experiment;faces\\Tanya.bmp, faces\\Eddie.bmp, faces\\Milla.bmp, faces\\Mark.bmp;1;instructions;left;0, 0, 1, 1;faces;0, 0, 1, 1;2x2-2=0 ?, 5+2x2=8 ?, 2+8/4=4 ?, 6/3+1=3 ?;cheat;1.2224429720954504, 1.1324433189111005, 2.3177729444032593, 3.719754101784929;0.5068493150684932;faces\\Tanya.bmp, faces\\Eddie.bmp, faces\\Milla.bmp, faces\\Mark.bmp;1-7;8;20;0.23398386188778383;female;43.46119192903412;accuracy_first
5;1.0;22.3056337459966;1.0420409367943648;other;0.5;4;4;1, 1, 1, 1, 1;1461857212.694;dotscs_9_12;;0.9243243243243243;5;0.8;83;12;5;right;1.0177487381988612;experiment;faces\\Kate.bmp, faces\\Leslie.bmp, faces\\Amber.bmp, faces\\Casper.bmp, faces\\Robert.bmp;1;instructions;right;0, 1, 0, 1, 1;faces;0, 1, 0, 1, 1;9/3+1=5 ?, 2x4+1=9 ?, 1+2x2=4 ?, 3x3-7=2 ?, 3+3x2=9 ?;cheat;1.7631490288113127, 1.2680199963069754, 1.039797970217478, 1.4051445966724714, 1.996012700474239;0.5108108108108108;faces\\Kate.bmp, faces\\Leslie.bmp, faces\\Amber.bmp, faces\\Ethan.bmp, faces\\Robert.bmp;1-7;8;20;0.2360774287801315;female;43.46119192903412;accuracy_first
1;1.0;2.1284669900269364;1.2167980431186152;other;0.5;1;1;1;1461857256.08;dotscs_9_12;;0.9245283018867925;1;1.0;84;14;5;left;0.9742656920971058;experiment;faces\\Linda.bmp;0;instructions;right;0;faces;0;1+4/2=4 ?;cheat;2.800362526813842;0.5121293800539084;faces\\Linda.bmp;1-7;2;20;2.3673905304378784;female;43.46119192903412;accuracy_first
;;;2.1023377388155495;self;0.2;;;;;dotscs_9_12;;;1;;1;12;2;left;;controlDotsAccuracy;;1;instructions;left;;faces;;;accuracy;;;;1-7;;20;2;female;;accuracy_first
;;;1.2987714290356962;self;0.2;;;;;dotscs_9_12;;;1;;2;10;2;left;;controlDotsAccuracy;;1;instructions;left;;faces;;;accuracy;;;;1-7;;20;2;female;;accuracy_first
;;;1.2851565015917004;self;2;;;;;dotscs_9_12;;;1;;3;14;0.2;right;;controlDotsAccuracy;;1;instructions;right;;faces;;;accuracy;;;;1-7;;20;2;female;;accuracy_first
;;;1.0931036386427877;self;2;;;;;dotscs_9_12;;;1;;4;14;0.2;left;;controlDotsAccuracy;;0;instructions;right;;faces;;;accuracy;;;;1-7;;20;0.2;female;;accuracy_first
;;;0.7588552589368192;self;0.2;;;;;dotscs_9_12;;;1;;5;10;2;left;;controlDotsAccuracy;;1;instructions;left;;faces;;;accuracy;;;;1-7;;20;2;female;;accuracy_first
;;;1.399091630388284;self;0.2;;;;;dotscs_9_12;;;1;;6;14;2;left;;controlDotsAccuracy;;1;instructions;left;;faces;;;accuracy;;;;1-7;;20;2;female;;accuracy_first
;;;0.7418606642822851;other;2;;;;;dotscs_9_12;;;1;;7;10;0.2;right;;controlDotsAccuracy;;1;instructions;right;;faces;;;accuracy;;;;1-7;;20;2;female;;accuracy_first
;;;0.7587264423054876;other;2;;;;;dotscs_9_12;;;1;;8;10;0.2;right;;controlDotsAccuracy;;1;instructions;right;;faces;;;accuracy;;;;1-7;;20;2;female;;accuracy_first
;;;0.8333526794194768;other;0.2;;;;;dotscs_9_12;;;1;;9;12;2;left;;controlDotsAccuracy;;1;instructions;left;;faces;;;accuracy;;;;1-7;;20;2;female;;accuracy_first
;;;0.7832787514125812;other;0.2;;;;;dotscs_9_12;;;1;;10;12;2;left;;controlDotsAccuracy;;1;instructions;left;;faces;;;accuracy;;;;1-7;;20;2;female;;accuracy_first
;;;1.375110148841486;other;0.2;;;;;dotscs_9_12;;;1;;11;12;2;left;;controlDotsAccuracy;;1;instructions;left;;faces;;;accuracy;;;;1-7;;20;2;female;;accuracy_first
;;;0.708722230992862;other;2;;;;;dotscs_9_12;;;1;;12;10;0.2;right;;controlDotsAccuracy;;1;instructions;right;;faces;;;accuracy;;;;1-7;;20;2;female;;accuracy_first
;;;1.3771556437604886;self;2;;;;;dotscs_9_12;;;1;;13;14;0.2;right;;controlDotsAccuracy;;1;instructions;right;;faces;;;accuracy;;;;1-7;;20;2;female;;accuracy_first
;;;1.0763978197428514;self;2;;;;;dotscs_9_12;;;1;;14;14;0.2;left;;controlDotsAccuracy;;0;instructions;right;;faces;;;accuracy;;;;1-7;;20;0.2;female;;accuracy_first
;;;0.6754804612792213;self;2;;;;;dotscs_9_12;;;1;;15;10;0.2;right;;controlDotsAccuracy;;1;instructions;right;;faces;;;accuracy;;;;1-7;;20;2;female;;accuracy_first
;;;0.6254348446163931;self;2;;;;;dotscs_9_12;;;1;;16;10;0.2;right;;controlDotsAccuracy;;1;instructions;right;;faces;;;accuracy;;;;1-7;;20;2;female;;accuracy_first
;;;0.5587032269977499;self;2;;;;;dotscs_9_12;;;1;;17;10;0.2;right;;controlDotsAccuracy;;1;instructions;right;;faces;;;accuracy;;;;1-7;;20;2;female;;accuracy_first
;;;1.0333758947272145;self;0.2;;;;;dotscs_9_12;;;1;;18;14;2;right;;controlDotsAccuracy;;0;instructions;left;;faces;;;accuracy;;;;1-7;;20;0.2;female;;accuracy_first
;;;0.8430284366259002;other;2;;;;;dotscs_9_12;;;1;;19;14;0.2;right;;controlDotsAccuracy;;1;instructions;right;;faces;;;accuracy;;;;1-7;;20;2;female;;accuracy_first
;;;1.0260623656540702;other;2;;;;;dotscs_9_12;;;1;;20;12;0.2;right;;controlDotsAccuracy;;1;instructions;right;;faces;;;accuracy;;;;1-7;;20;2;female;;accuracy_first
;;;0.6834568297963415;other;0.2;;;;;dotscs_9_12;;;1;;21;10;2;left;;controlDotsAccuracy;;1;instructions;left;;faces;;;accuracy;;;;1-7;;20;2;female;;accuracy_first
;;;0.7334801512661215;other;2;;;;;dotscs_9_12;;;1;;22;12;0.2;right;;controlDotsAccuracy;;1;instructions;right;;faces;;;accuracy;;;;1-7;;20;2;female;;accuracy_first
;;;0.9667196560767479;other;0.2;;;;;dotscs_9_12;;;1;;23;12;2;left;;controlDotsAccuracy;;1;instructions;left;;faces;;;accuracy;;;;1-7;;20;2;female;;accuracy_first
;;;0.9255570788627665;other;0.2;;;;;dotscs_9_12;;;1;;24;10;2;left;;controlDotsAccuracy;;1;instructions;left;;faces;;;accuracy;;;;1-7;;20;2;female;;accuracy_first
;;;0.8763590331946034;self;0.2;;;;;dotscs_9_12;;;1;;25;14;2;left;;controlDotsAccuracy;;1;instructions;left;;faces;;;accuracy;;;;1-7;;20;2;female;;accuracy_first
;;;0.8086786315143399;self;0.2;;;;;dotscs_9_12;;;1;;26;10;2;left;;controlDotsAccuracy;;1;instructions;left;;faces;;;accuracy;;;;1-7;;20;2;female;;accuracy_first
;;;0.5585836115533311;self;2;;;;;dotscs_9_12;;;1;;27;10;0.2;right;;controlDotsAccuracy;;1;instructions;right;;faces;;;accuracy;;;;1-7;;20;2;female;;accuracy_first
;;;0.9666679878646391;self;0.2;;;;;dotscs_9_12;;;1;;28;14;2;left;;controlDotsAccuracy;;1;instructions;left;;faces;;;accuracy;;;;1-7;;20;2;female;;accuracy_first
;;;0.6600175105668313;self;0.2;;;;;dotscs_9_12;;;1;;29;14;2;right;;controlDotsAccuracy;;0;instructions;left;;faces;;;accuracy;;;;1-7;;20;0.2;female;;accuracy_first
;;;0.6918794559423986;self;0.2;;;;;dotscs_9_12;;;1;;30;10;2;left;;controlDotsAccuracy;;1;instructions;left;;faces;;;accuracy;;;;1-7;;20;2;female;;accuracy_first
;;;0.816665970676695;other;2;;;;;dotscs_9_12;;;1;;31;12;0.2;right;;controlDotsAccuracy;;1;instructions;right;;faces;;;accuracy;;;;1-7;;20;2;female;;accuracy_first
;;;0.6925812234876503;other;2;;;;;dotscs_9_12;;;1;;32;12;0.2;right;;controlDotsAccuracy;;1;instructions;right;;faces;;;accuracy;;;;1-7;;20;2;female;;accuracy_first
;;;0.6500204195617698;other;2;;;;;dotscs_9_12;;;1;;33;12;0.2;right;;controlDotsAccuracy;;1;instructions;right;;faces;;;accuracy;;;;1-7;;20;2;female;;accuracy_first
;;;0.6425847977989179;other;2;;;;;dotscs_9_12;;;1;;34;12;0.2;right;;controlDotsAccuracy;;1;instructions;right;;faces;;;accuracy;;;;1-7;;20;2;female;;accuracy_first
;;;1.284455795721442;other;0.2;;;;;dotscs_9_12;;;1;;35;12;2;right;;controlDotsAccuracy;;0;instructions;left;;faces;;;accuracy;;;;1-7;;20;0.2;female;;accuracy_first
;;;1.2168422796021332;other;0.2;;;;;dotscs_9_12;;;1;;36;10;2;left;;controlDotsAccuracy;;1;instructions;left;;faces;;;accuracy;;;;1-7;;20;2;female;;accuracy_first
;;;0.6764012878848007;self;2;;;;;dotscs_9_12;;;1;;37;14;0.2;right;;controlDotsAccuracy;;1;instructions;right;;faces;;;accuracy;;;;1-7;;20;2;female;;accuracy_first
;;;0.709449832644168;self;2;;;;;dotscs_9_12;;;1;;38;12;0.2;right;;controlDotsAccuracy;;1;instructions;right;;faces;;;accuracy;;;;1-7;;20;2;female;;accuracy_first
;;;0.6430629056922044;self;2;;;;;dotscs_9_12;;;1;;39;14;0.2;right;;controlDotsAccuracy;;1;instructions;right;;faces;;;accuracy;;;;1-7;;20;2;female;;accuracy_first
;;;0.7430306307542196;self;0.2;;;;;dotscs_9_12;;;1;;40;14;2;right;;controlDotsAccuracy;;0;instructions;left;;faces;;;accuracy;;;;1-7;;20;0.2;female;;accuracy_first
;;;0.7259511020529317;self;0.2;;;;;dotscs_9_12;;;1;;41;12;2;left;;controlDotsAccuracy;;1;instructions;left;;faces;;;accuracy;;;;1-7;;20;2;female;;accuracy_first
;;;0.6667085438712093;self;0.2;;;;;dotscs_9_12;;;1;;42;14;2;right;;controlDotsAccuracy;;0;instructions;left;;faces;;;accuracy;;;;1-7;;20;0.2;female;;accuracy_first
;;;2.2224015667488857;self;0.2;;;;;dotscs_9_12;;;1;;1;12;2;left;;controlDotsCheat;;0;instructions;right;;faces;;;cheat;;;;1-7;;20;2;female;;accuracy_first
;;;0.6986674556101207;self;0.2;;;;;dotscs_9_12;;;1;;2;10;2;right;;controlDotsCheat;;1;instructions;right;;faces;;;cheat;;;;1-7;;20;0.2;female;;accuracy_first
;;;1.1930444679273933;self;2;;;;;dotscs_9_12;;;1;;3;14;0.2;right;;controlDotsCheat;;0;instructions;left;;faces;;;cheat;;;;1-7;;20;2;female;;accuracy_first
;;;0.6758527555066394;self;2;;;;;dotscs_9_12;;;1;;4;12;0.2;left;;controlDotsCheat;;1;instructions;left;;faces;;;cheat;;;;1-7;;20;0.2;female;;accuracy_first
;;;0.9000499695321196;self;0.2;;;;;dotscs_9_12;;;1;;5;14;2;left;;controlDotsCheat;;0;instructions;right;;faces;;;cheat;;;;1-7;;20;2;female;;accuracy_first
;;;0.975366649658099;self;2;;;;;dotscs_9_12;;;1;;6;10;0.2;left;;controlDotsCheat;;1;instructions;left;;faces;;;cheat;;;;1-7;;20;0.2;female;;accuracy_first
;;;1.3565913419661229;other;0.2;;;;;dotscs_9_12;;;1;;7;12;2;left;;controlDotsCheat;;0;instructions;right;;faces;;;cheat;;;;1-7;;20;2;female;;accuracy_first
;;;1.5691366666615068;other;0.2;;;;;dotscs_9_12;;;1;;8;14;2;right;;controlDotsCheat;;1;instructions;right;;faces;;;cheat;;;;1-7;;20;0.2;female;;accuracy_first
;;;0.7504255549574737;other;2;;;;;dotscs_9_12;;;1;;9;12;0.2;left;;controlDotsCheat;;1;instructions;left;;faces;;;cheat;;;;1-7;;20;0.2;female;;accuracy_first
;;;0.8597512423366425;other;0.2;;;;;dotscs_9_12;;;1;;10;14;2;right;;controlDotsCheat;;1;instructions;right;;faces;;;cheat;;;;1-7;;20;0.2;female;;accuracy_first
;;;0.6755349606210075;other;0.2;;;;;dotscs_9_12;;;1;;11;10;2;right;;controlDotsCheat;;1;instructions;right;;faces;;;cheat;;;;1-7;;20;0.2;female;;accuracy_first
;;;0.7501799540077627;other;2;;;;;dotscs_9_12;;;1;;12;10;0.2;left;;controlDotsCheat;;1;instructions;left;;faces;;;cheat;;;;1-7;;20;0.2;female;;accuracy_first
;;;0.6334596963170043;self;0.2;;;;;dotscs_9_12;;;1;;13;10;2;right;;controlDotsCheat;;1;instructions;right;;faces;;;cheat;;;;1-7;;20;0.2;female;;accuracy_first
;;;0.809697840053559;self;0.2;;;;;dotscs_9_12;;;1;;14;14;2;right;;controlDotsCheat;;1;instructions;right;;faces;;;cheat;;;;1-7;;20;0.2;female;;accuracy_first
;;;0.6001768751484633;self;0.2;;;;;dotscs_9_12;;;1;;15;10;2;right;;controlDotsCheat;;1;instructions;right;;faces;;;cheat;;;;1-7;;20;0.2;female;;accuracy_first
;;;0.6098887293228472;self;0.2;;;;;dotscs_9_12;;;1;;16;14;2;right;;controlDotsCheat;;1;instructions;right;;faces;;;cheat;;;;1-7;;20;0.2;female;;accuracy_first
;;;0.7166816126991762;self;2;;;;;dotscs_9_12;;;1;;17;14;0.2;left;;controlDotsCheat;;1;instructions;left;;faces;;;cheat;;;;1-7;;20;0.2;female;;accuracy_first
;;;0.666694742089021;self;0.2;;;;;dotscs_9_12;;;1;;18;14;2;left;;controlDotsCheat;;0;instructions;right;;faces;;;cheat;;;;1-7;;20;2;female;;accuracy_first
;;;0.666732962406968;other;0.2;;;;;dotscs_9_12;;;1;;19;10;2;right;;controlDotsCheat;;1;instructions;right;;faces;;;cheat;;;;1-7;;20;0.2;female;;accuracy_first
;;;0.7253983229747973;other;2;;;;;dotscs_9_12;;;1;;20;10;0.2;left;;controlDotsCheat;;1;instructions;left;;faces;;;cheat;;;;1-7;;20;0.2;female;;accuracy_first
;;;1.2258063602857874;other;2;;;;;dotscs_9_12;;;1;;21;12;0.2;left;;controlDotsCheat;;1;instructions;left;;faces;;;cheat;;;;1-7;;20;0.2;female;;accuracy_first
;;;0.6597039623848104;other;2;;;;;dotscs_9_12;;;1;;22;14;0.2;left;;controlDotsCheat;;1;instructions;left;;faces;;;cheat;;;;1-7;;20;0.2;female;;accuracy_first
;;;0.7500649391549814;other;2;;;;;dotscs_9_12;;;1;;23;10;0.2;left;;controlDotsCheat;;1;instructions;left;;faces;;;cheat;;;;1-7;;20;0.2;female;;accuracy_first
;;;1.1763789926953905;other;2;;;;;dotscs_9_12;;;1;;24;14;0.2;left;;controlDotsCheat;;1;instructions;left;;faces;;;cheat;;;;1-7;;20;0.2;female;;accuracy_first
;;;0.5668423857678135;self;0.2;;;;;dotscs_9_12;;;1;;25;10;2;right;;controlDotsCheat;;1;instructions;right;;faces;;;cheat;;;;1-7;;20;0.2;female;;accuracy_first
;;;1.076363492233213;self;0.2;;;;;dotscs_9_12;;;1;;26;14;2;right;;controlDotsCheat;;1;instructions;right;;faces;;;cheat;;;;1-7;;20;0.2;female;;accuracy_first
;;;0.5002640033235366;self;2;;;;;dotscs_9_12;;;1;;27;12;0.2;left;;controlDotsCheat;;1;instructions;left;;faces;;;cheat;;;;1-7;;20;0.2;female;;accuracy_first
;;;0.6501425122478395;self;0.2;;;;;dotscs_9_12;;;1;;28;12;2;right;;controlDotsCheat;;1;instructions;right;;faces;;;cheat;;;;1-7;;20;0.2;female;;accuracy_first
;;;0.9264113738026936;self;2;;;;;dotscs_9_12;;;1;;29;14;0.2;left;;controlDotsCheat;;1;instructions;left;;faces;;;cheat;;;;1-7;;20;0.2;female;;accuracy_first
;;;0.5096764649897523;self;2;;;;;dotscs_9_12;;;1;;30;12;0.2;left;;controlDotsCheat;;1;instructions;left;;faces;;;cheat;;;;1-7;;20;0.2;female;;accuracy_first
;;;0.5089428471728752;other;2;;;;;dotscs_9_12;;;1;;31;10;0.2;left;;controlDotsCheat;;1;instructions;left;;faces;;;cheat;;;;1-7;;20;0.2;female;;accuracy_first
;;;0.5754649608134059;other;0.2;;;;;dotscs_9_12;;;1;;32;10;2;right;;controlDotsCheat;;1;instructions;right;;faces;;;cheat;;;;1-7;;20;0.2;female;;accuracy_first
;;;0.6591692317924753;other;0.2;;;;;dotscs_9_12;;;1;;33;12;2;left;;controlDotsCheat;;0;instructions;right;;faces;;;cheat;;;;1-7;;20;2;female;;accuracy_first
;;;0.6590029026228876;other;2;;;;;dotscs_9_12;;;1;;34;12;0.2;left;;controlDotsCheat;;1;instructions;left;;faces;;;cheat;;;;1-7;;20;0.2;female;;accuracy_first
;;;0.6167425528765307;other;0.2;;;;;dotscs_9_12;;;1;;35;12;2;right;;controlDotsCheat;;1;instructions;right;;faces;;;cheat;;;;1-7;;20;0.2;female;;accuracy_first
;;;0.5759345753031084;other;2;;;;;dotscs_9_12;;;1;;36;12;0.2;left;;controlDotsCheat;;1;instructions;left;;faces;;;cheat;;;;1-7;;20;0.2;female;;accuracy_first
;;;1.1930614547381992;self;2;;;;;dotscs_9_12;;;1;;37;14;0.2;left;;controlDotsCheat;;1;instructions;left;;faces;;;cheat;;;;1-7;;20;0.2;female;;accuracy_first
;;;0.7271200068498729;self;2;;;;;dotscs_9_12;;;1;;38;12;0.2;left;;controlDotsCheat;;1;instructions;left;;faces;;;cheat;;;;1-7;;20;0.2;female;;accuracy_first
;;;0.6500094489092589;self;2;;;;;dotscs_9_12;;;1;;39;10;0.2;left;;controlDotsCheat;;1;instructions;left;;faces;;;cheat;;;;1-7;;20;0.2;female;;accuracy_first
;;;1.6317542914694059;self;0.2;;;;;dotscs_9_12;;;1;;40;14;2;left;;controlDotsCheat;;0;instructions;right;;faces;;;cheat;;;;1-7;;20;2;female;;accuracy_first
;;;1.3991811650266754;self;2;;;;;dotscs_9_12;;;1;;41;10;0.2;left;;controlDotsCheat;;1;instructions;left;;faces;;;cheat;;;;1-7;;20;0.2;female;;accuracy_first
;;;0.5092578109251917;self;0.2;;;;;dotscs_9_12;;;1;;42;12;2;right;;controlDotsCheat;;1;instructions;right;;faces;;;cheat;;;;1-7;;20;0.2;female;;accuracy_first
;;6.652;;qStress;self;0.5;;;[];;dotscs_9_12;[];;2;;1;12;;;accuracy;['faces\\Jake.bmp', 'faces\\Andrea.bmp'];;instructions;left;[0, 0];faces;[];['3x2-4=0 ?', '9/3-3=1 ?'];5;[];;6;1-7;;20;;female;;accuracy_first
;;3.797;;qSatisfied;self;5;;;[];;dotscs_9_12;[];;2;;1;10;;;cheat;['faces\\Emma.bmp', 'faces\\Lulu.bmp'];;instructions;left;[0, 0];faces;[];['2x4-4=5 ?', '3+8/4=7 ?'];0.5;[];;1;1-7;;20;;female;;accuracy_first
;;2.878;;qFrustration;self;0.5;;;[];;dotscs_9_12;[];;2;;1;14;;;cheat;['faces\\Nathan.bmp', 'faces\\Benny.bmp'];;instructions;right;[0, 1];faces;[];['8/4-2=2 ?', '6/2-1=2 ?'];5;[];;5;1-7;;20;;female;;accuracy_first
;;2.15;;qDifficulty;self;0.5;;;[];;dotscs_9_12;[];;2;;1;14;;;accuracy;['faces\\Thomas.bmp', 'faces\\Damon.bmp'];;instructions;left;[0, 0];faces;[];['2x3-1=6 ?', '2+6/3=6 ?'];5;[];;6;1-7;;20;;female;;accuracy_first
;;2.565;;qEffort;self;5;;;[];;dotscs_9_12;[];;2;;1;12;;;cheat;['faces\\Lucia.bmp', 'faces\\David.bmp'];;instructions;left;[0, 1];faces;[];['6/2-3=2 ?', '9/3+6=9 ?'];0.5;[];;3;1-7;;20;;female;;accuracy_first
;;7.098;;qAttitude;self;5;;;[];;dotscs_9_12;[];;2;;1;12;;;cheat;['faces\\Mary.bmp', 'faces\\Mike.bmp'];;instructions;left;[1, 0];faces;[];['4x2-2=6 ?', '9/3+5=9 ?'];0.5;[];;3;1-7;;20;;female;;accuracy_first
;;12.126141920543887;;qBirthweight;self;0.5;;;[];;dotscs_9_12;[];;1;;1;12;;;accuracy;[];;instructions;left;[];faces;[];[];5;[];;0;1-7;;20;;female;;accuracy_first
;;8.06291312450412;;qFriends;self;0.5;;;[];;dotscs_9_12;[];;1;;1;14;;;cheat;[];;instructions;right;[];faces;[];[];5;[];;500;1-7;;20;;female;;accuracy_first
;;14.5727608731504;;qAbout;self;0.5;;;[];;dotscs_9_12;[];;1;;1;12;;;accuracy;[];;instructions;left;[];faces;[];[];5;[];;no idea.;1-7;;20;;female;;accuracy_first
;;10.994098499428219;;qFeedback;self;5;;;[];;dotscs_9_12;[];;1;;1;10;;;accuracy;[];;instructions;right;[];faces;[];[];0.5;[];;"
shorten the experiment";1-7;;20;;female;;accuracy_first
