equationScore;equationProportion;recallRT;dotsRT;dotsReceiver;dotsMoneyRight;recallIntersection;recallLocation;equationScores;utc_start;id;recallRTs;equationRateCumulative;span;recallProportion;no;dotsN;dotsMoneyLeft;dotsAns;pauseRT;condition;encode;dotsCorrect;start_at;dotsSide;equationCorrect;stimType;equationAnss;equationText;dotsIncentive;equationRTs;recallLocationRateCumulative;recallAns;level;recallSum;age;moneyEarned;gender;moneyEarnedCumulative;order
;;;8.5152046634621;self;5;;;;;dotscs_5_9;;;1;;1;14;0.5;right;;practiceDots;;1;instructions;right;;lettersGrid;;;accuracy;;;;1-7;;26;5;male;;accuracy_first
;;;2.311335691676959;self;0.5;;;;;dotscs_5_9;;;1;;2;12;5;left;;practiceDots;;1;instructions;left;;lettersGrid;;;accuracy;;;;1-7;;26;5;male;;accuracy_first
;;;2.3010678370619644;self;5;;;;;dotscs_5_9;;;1;;3;14;0.5;left;;practiceDots;;1;instructions;left;;lettersGrid;;;cheat;;;;1-7;;26;0.5;male;;accuracy_first
;;;1.9860056509651258;self;5;;;;;dotscs_5_9;;;1;;4;14;0.5;right;;practiceDots;;1;instructions;right;;lettersGrid;;;accuracy;;;;1-7;;26;5;male;;accuracy_first
;;;1.303000801214239;self;5;;;;;dotscs_5_9;;;1;;5;10;0.5;right;;practiceDots;;1;instructions;right;;lettersGrid;;;accuracy;;;;1-7;;26;5;male;;accuracy_first
;;;1.8756433776688937;self;0.5;;;;;dotscs_5_9;;;1;;6;10;5;left;;practiceDots;;1;instructions;left;;lettersGrid;;;accuracy;;;;1-7;;26;5;male;;accuracy_first
2;1.0;8.23990095239742;;self;5;2;2;1, 1;1461325450.149;dotscs_5_9;;1.0;2;1.0;1;14;0.5;;4.709952748192336;practiceCS;L, B;;instructions;left;1, 0;lettersGrid;1, 0;9/3-1=2 ?, 6+9/3=8 ?;cheat;3.1250191102276403, 6.121102575209534;1.0;L, B;1-7;4;26;;male;;accuracy_first
3;1.0;7.9120529622268805;;self;5;3;3;1, 1, 1;1461325474.333;dotscs_5_9;;1.0;3;1.0;2;14;0.5;;4.539660800534421;practiceCS;U, J, P;;instructions;left;1, 0, 0;lettersGrid;1, 0, 0;4x2-2=6 ?, 2x2+4=7 ?, 9/3-3=1 ?;cheat;2.6988578453851915, 3.4458766498496516, 3.4388723974698223;1.0;U, J, P;1-7;6;26;;male;;accuracy_first
1;0.5;6.957177518444951;;self;5;2;2;0, 1;1461325499.109;dotscs_5_9;;0.8571428571428571;2;1.0;3;10;0.5;;5.255572754760578;practiceCS;R, X;;instructions;right;1, 1;lettersGrid;0, 1;6/3-1=1 ?, 3x3-6=3 ?;accuracy;1.9485304942613766, 2.7114794430572147;1.0;R, X;1-7;4;26;;male;;accuracy_first
5;1.0;10.827536564236198;;self;5;4;4;1, 1, 1, 1, 1;1461325517.801;dotscs_5_9;;0.9166666666666666;5;0.8;4;10;0.5;;4.916410801950406;practiceCS;Z, S, K, N, Y;;instructions;right;1, 0, 0, 0, 0;lettersGrid;1, 0, 0, 0, 0;4x2-5=3 ?, 3+4/2=6 ?, 4+6/2=9 ?, 2x3+2=7 ?, 8/2+5=7 ?;accuracy;3.8044715809678564, 6.409855639923535, 5.75759985447894, 2.253760114265333, 2.993205252339976;0.9166666666666666;A, S, K, N, Y;1-7;8;26;;male;;accuracy_first
7;1.0;20.176685734427338;;self;5;7;7;1, 1, 1, 1, 1, 1, 1;1461325559.128;dotscs_5_9;;0.9473684210526315;7;1.0;5;12;0.5;;5.702614420719328;practiceCS;Q, G, I, D, W, E, M;;instructions;right;0, 1, 0, 1, 1, 1, 1;lettersGrid;0, 1, 0, 1, 1, 1, 1;3x2-2=6 ?, 6+9/3=9 ?, 3x3-3=5 ?, 3+8/4=5 ?, 6/2+5=8 ?, 5+2x2=9 ?, 9/3-1=2 ?;accuracy;3.2664340881165117, 2.4645915790424624, 3.4608548217229327, 4.053594987741235, 3.972803314704379, 3.872874871890417, 6.977057817640343;0.9473684210526315;Q, G, I, D, W, E, M;1-7;14;26;;male;;accuracy_first
4;1.0;6.523712607654488;;self;5;4;4;1, 1, 1, 1;1461325619.02;dotscs_5_9;;0.9565217391304348;4;1.0;6;12;0.5;;2.2257593838298817;practiceCS;O, C, V, T;;instructions;left;1, 1, 0, 0;lettersGrid;1, 1, 0, 0;9/3+5=8 ?, 4/2-1=1 ?, 4/2-2=1 ?, 3+6/2=7 ?;cheat;3.2768038639464976, 2.1860568239085296, 2.7963596431623046, 3.9988958535050187;0.9565217391304348;O, C, V, T;1-7;8;26;;male;;accuracy_first
2;1.0;4.596750836603405;2.6998512233381007;self;0.5;2;2;1, 1;1461325658.568;dotscs_5_9;;0.96;2;1.0;1;14;5;right;6.216008213151326;practiceExp;V, Q;0;instructions;left;1, 1;lettersGrid;1, 1;1+9/3=4 ?, 2x4+1=9 ?;accuracy;3.2508486356714457, 2.706890865028072;0.96;V, Q;1-7;4;26;0.5;male;;accuracy_first
6;1.0;10.446729178344867;2.250390697990497;self;0.5;6;6;1, 1, 1, 1, 1, 1;1461325685.106;dotscs_5_9;;0.967741935483871;6;1.0;2;10;5;right;3.0477830012400773;practiceExp;H, M, S, L, J, Z;1;instructions;right;0, 1, 1, 1, 0, 1;lettersGrid;0, 1, 1, 1, 0, 1;6+9/3=8 ?, 2x2+1=5 ?, 8/2+3=7 ?, 3x3-8=1 ?, 3+6/2=5 ?, 2x2-4=0 ?;cheat;1.858405952199064, 1.9767315281956144, 3.2965833036064396, 2.4789918434717038, 3.771091321408221, 3.32830168113378;0.967741935483871;H, M, S, L, J, Z;1-7;12;26;0.5;male;;accuracy_first
4;1.0;6.559606923847696;2.102880619114785;self;0.5;4;4;1, 1, 1, 1;1461325725.06;dotscs_5_9;;0.9714285714285714;4;1.0;3;14;5;left;1.978053672844453;practiceExp;D, U, N, R;0;instructions;right;0, 0, 0, 1;lettersGrid;0, 0, 0, 1;9/3-2=3 ?, 6+4/2=7 ?, 3x3-6=4 ?, 9/3+3=6 ?;cheat;3.9320472150029673, 3.180992613543367, 2.977969092391504, 1.828480397153271;0.9714285714285714;D, U, N, R;1-7;8;26;5;male;;accuracy_first
1;1.0;2.099467673987874;1.8243115363488869;self;0.5;1;1;1;1461325764.624;dotscs_5_9;;0.9722222222222222;1;1.0;1;10;5;right;4.106103877536043;experiment;X;1;instructions;right;1;lettersGrid;1;4x2-4=4 ?;cheat;3.309938875582702;0.9722222222222222;X;1-7;2;26;0.472608024691358;male;0.472608024691358;accuracy_first
1;1.0;2.0882712038592217;1.7605350439112044;self;5;1;1;1;1461325778.587;dotscs_5_9;;0.972972972972973;1;1.0;2;14;0.5;right;3.0352693409663516;experiment;Z;0;instructions;left;1;lettersGrid;1;2x2-3=1 ?;cheat;3.1031233897861057;0.972972972972973;Z;1-7;2;26;4.733382030679328;male;5.205990055370686;accuracy_first
7;1.0;45.93823538987726;2.0730920207010968;self;5;7;4;1, 1, 1, 1, 1, 1, 1;1461325792.597;dotscs_5_9;;0.9772727272727273;7;0.5714285714285714;3;12;0.5;right;10.618243472795712;experiment;S, E, V, O, I, X, L;1;instructions;right;1, 1, 1, 0, 0, 1, 0;lettersGrid;1, 1, 1, 0, 0, 1, 0;2+2x3=8 ?, 2x3-4=2 ?, 3x2-2=4 ?, 9/3-3=2 ?, 8/2+5=8 ?, 9/3-1=2 ?, 5+9/3=6 ?;accuracy;2.4142067556776965, 2.468399822770607, 2.621397368167891, 3.197832617053791, 5.413001749647265, 6.231080874484178, 7.160595984304109;0.9090909090909091;S, I, V, O, X, E, L;1-7;11;26;4.4421487603305785;male;9.648138815701264;accuracy_first
1;0.5;3.0423560504395937;2.1191572247985277;self;0.5;2;2;0, 1;1461325890.365;dotscs_5_9;;0.9565217391304348;2;1.0;4;14;5;left;4.2670488004437175;experiment;N, H;0;instructions;right;1, 1;lettersGrid;0, 1;8/4-1=1 ?, 6/2+6=9 ?;cheat;2.065546311867365, 2.0353358728702915;0.9130434782608695;N, H;1-7;4;26;4.366729678638942;male;14.014868494340206;accuracy_first
5;1.0;7.181463645269105;2.9183051917534613;self;0.5;5;5;1, 1, 1, 1, 1;1461325907.292;dotscs_5_9;;0.9607843137254902;5;1.0;5;12;5;left;5.1717011500113585;experiment;F, V, D, Y, N;0;instructions;right;0, 0, 0, 1, 0;lettersGrid;0, 0, 0, 1, 0;9/3-2=2 ?, 6+6/2=7 ?, 7+6/3=7 ?, 6/2-1=2 ?, 2x3-1=6 ?;cheat;2.316499699898941, 2.4965375098386176, 5.2304697010877135, 4.051722185417475, 4.699783983647194;0.9215686274509803;F, V, D, Y, N;1-7;10;26;4.427143406382161;male;18.442011900722367;accuracy_first
6;1.0;8.01742003431309;2.200817351520527;self;5;6;6;1, 1, 1, 1, 1, 1;1461325947.104;dotscs_5_9;;0.9649122807017544;6;1.0;6;10;0.5;left;4.519328933734414;experiment;D, Z, U, G, X, K;1;instructions;left;0, 1, 1, 1, 1, 1;lettersGrid;0, 1, 1, 1, 1, 1;3x3-3=4 ?, 8/4-2=0 ?, 3x3-6=3 ?, 6/2-3=0 ?, 6+8/4=8 ?, 9/3-2=1 ?;cheat;1.848226924753817, 5.5108234667932265, 2.067295605496838, 2.6056876992420257, 3.628619264808094, 3.980555697112777;0.9298245614035088;D, Z, U, G, X, K;1-7;12;26;0.44859956909818405;male;18.890611469820552;accuracy_first
3;1.0;5.327277514481466;2.1709218773889916;other;5;3;3;1, 1, 1;1461325990.239;dotscs_5_9;;0.9666666666666667;3;1.0;7;10;0.5;left;5.780682178509323;experiment;K, P, B;1;instructions;left;1, 0, 0;lettersGrid;1, 0, 0;3x2-1=5 ?, 9/3+6=7 ?, 5+9/3=9 ?;cheat;2.926468797952566, 3.4756114565107055, 5.765149456137351;0.9333333333333333;K, P, B;1-7;6;26;0.45111111111111113;male;18.890611469820552;accuracy_first
1;1.0;1.4784627732760782;2.2055460712203967;other;5;1;1;1;1461326025.996;dotscs_5_9;;0.9672131147540983;1;1.0;8;14;0.5;right;2.5616294229557752;experiment;G;0;instructions;left;1;lettersGrid;1;4/2+7=9 ?;cheat;3.55879403138033;0.9344262295081968;G;1-7;2;26;4.518946519752754;male;18.890611469820552;accuracy_first
5;1.0;6.139943136455258;1.9495472291587248;other;5;5;5;1, 1, 1, 1, 1;1461326039.038;dotscs_5_9;;0.9696969696969697;5;1.0;9;10;0.5;right;7.083833738186968;experiment;J, L, H, R, B;1;instructions;right;1, 0, 0, 0, 0;lettersGrid;1, 0, 0, 0, 0;2x4-4=4 ?, 2x3+1=5 ?, 3x2-3=2 ?, 8/2-1=2 ?, 3x2-4=3 ?;accuracy;3.4057264151474556, 2.5308315214006143, 3.574464064278345, 3.4599283295679015, 4.215785260493703;0.9393939393939394;J, L, H, R, B;1-7;10;26;4.55463728191001;male;18.890611469820552;accuracy_first
5;0.8333333333333334;7.6689754652988995;2.7742586647186727;other;0.5;6;6;1, 1, 1, 1, 0, 1;1461326078.601;dotscs_5_9;;0.9583333333333334;6;1.0;10;12;5;right;5.1204599053266975;experiment;I, S, V, U, B, P;1;instructions;right;1, 1, 1, 1, 0, 0;lettersGrid;1, 1, 1, 1, 1, 0;8/4-1=1 ?, 3x3-8=1 ?, 4/2+3=5 ?, 9/3-1=2 ?, 3x2+2=6 ?, 8/4+5=9 ?;cheat;3.954931358892736, 2.070341209578146, 2.8248013244092363, 4.23968118477751, 5.041180417536907, 7.333081007547662;0.9444444444444444;I, S, V, U, B, P;1-7;12;26;0.4525462962962963;male;18.890611469820552;accuracy_first
5;1.0;5.284568632613627;1.9072856681787016;other;0.5;5;5;1, 1, 1, 1, 1;1461326127.321;dotscs_5_9;;0.961038961038961;5;1.0;11;14;5;left;3.4927618242763856;experiment;L, X, I, R, S;0;instructions;right;0, 0, 0, 0, 1;lettersGrid;0, 0, 0, 0, 1;1+6/2=3 ?, 3x3-1=6 ?, 7+4/2=7 ?, 7+8/4=7 ?, 1+2x4=9 ?;cheat;3.1136902840771654, 3.900476764794348, 4.9632361684421085, 2.51867670873753, 2.52142008810506;0.948051948051948;L, X, I, R, S;1-7;10;26;4.555574295834036;male;18.890611469820552;accuracy_first
3;1.0;4.315904451691949;2.054317991359312;other;5;3;3;1, 1, 1;1461326161.049;dotscs_5_9;;0.9625;3;1.0;12;14;0.5;left;2.411357916163979;experiment;X, O, Q;0;instructions;right;1, 1, 1;lettersGrid;1, 1, 1;3+9/3=6 ?, 2x4-1=7 ?, 2x4-4=4 ?;accuracy;2.4807322897731865, 2.7915569598030743, 2.7743867740236965;0.95;X, O, Q;1-7;6;26;0.45718749999999997;male;18.890611469820552;accuracy_first
4;1.0;3.5566133420529695;2.086118118194463;self;0.5;4;4;1, 1, 1, 1;1461326182.063;dotscs_5_9;;0.9642857142857143;4;1.0;13;12;5;left;3.698203850923619;experiment;N, D, O, V;0;instructions;right;0, 1, 1, 0;lettersGrid;0, 1, 1, 0;2x4-2=7 ?, 2x3-1=5 ?, 7+4/2=9 ?, 2x4-5=4 ?;cheat;2.4309600553774544, 2.4286179907931, 2.737459089956701, 3.4432957074182013;0.9523809523809523;N, D, O, V;1-7;8;26;4.591836734693877;male;23.48244820451443;accuracy_first
1;0.5;4.764368767942415;3.373425529565793;self;0.5;2;2;0, 1;1461326210.082;dotscs_5_9;;0.9534883720930233;2;1.0;14;10;5;left;3.975277381417527;experiment;F, U;0;instructions;right;1, 0;lettersGrid;0, 0;4+6/3=6 ?, 4/2+2=6 ?;cheat;2.076427109344422, 2.4675816219059925;0.9534883720930233;F, U;1-7;4;26;4.545700378583018;male;28.028148583097447;accuracy_first
3;1.0;12.827174177693905;3.1274793751094876;self;5;3;3;1, 1, 1;1461326229.988;dotscs_5_9;;0.9550561797752809;3;1.0;15;14;0.5;left;2.971066407334092;experiment;S, E, W;1;instructions;left;0, 0, 1;lettersGrid;0, 0, 1;2x2+3=6 ?, 2x3-4=4 ?, 4/2-1=1 ?;cheat;3.085706540510728, 3.810596762869409, 3.671848369543568;0.9550561797752809;S, E, W;1-7;6;26;0.4560661532634768;male;28.484214736360926;accuracy_first
3;1.0;4.426196300259562;1.990584673880221;self;0.5;3;3;1, 1, 1;1461326264.387;dotscs_5_9;;0.9565217391304348;3;1.0;16;14;5;left;2.236533305588182;experiment;F, Y, J;0;instructions;right;1, 1, 0;lettersGrid;1, 1, 0;6+9/3=9 ?, 9/3+3=6 ?, 8/2+5=7 ?;cheat;2.580258710017006, 3.8962049210958867, 1.889384339238859;0.9565217391304348;F, Y, J;1-7;6;26;4.574669187145558;male;33.058883923506485;accuracy_first
6;1.0;9.419429510155169;2.3351473894012997;self;5;6;6;1, 1, 1, 1, 1, 1;1461326285.556;dotscs_5_9;;0.9591836734693877;6;1.0;17;14;0.5;right;5.13407381927118;experiment;T, K, G, Y, H, X;0;instructions;left;0, 0, 0, 0, 1, 0;lettersGrid;0, 0, 0, 0, 1, 0;2x2-2=0 ?, 4x2-8=1 ?, 2x2-1=4 ?, 4x2-3=6 ?, 3x2+1=7 ?, 2x2+4=9 ?;cheat;3.140193692775483, 2.431837356390133, 2.2305040287187694, 3.3638505976546185, 2.7108760553091997, 3.4887037320154377;0.9591836734693877;T, K, G, Y, H, X;1-7;12;26;4.600166597251145;male;37.65905052075763;accuracy_first
4;0.6666666666666666;10.885013405471;2.344338701183915;self;5;6;6;1, 1, 0, 0, 1, 1;1461326326.289;dotscs_5_9;;0.9423076923076923;6;1.0;18;12;0.5;left;5.372890797080345;experiment;A, D, L, N, M, C;1;instructions;left;1, 1, 1, 1, 1, 0;lettersGrid;1, 1, 0, 0, 1, 0;2x2-4=0 ?, 2x2-4=0 ?, 6/3+6=8 ?, 5+6/3=7 ?, 6/2+6=9 ?, 3x3-3=5 ?;cheat;3.001423358077318, 2.8827318566081885, 1.7130808093679661, 2.8121043475061924, 6.874017946627646, 6.494069813200895;0.9615384615384616;A, D, L, N, M, C;1-7;12;26;0.4530325443786982;male;38.11208306513633;accuracy_first
7;1.0;30.33646139450866;1.881917194675225;other;5;7;4;1, 1, 1, 1, 1, 1, 1;1461326376.412;dotscs_5_9;;0.9459459459459459;7;0.5714285714285714;19;14;0.5;left;5.3149553103785365;experiment;P, Y, Q, N, N, I, E;1;instructions;left;1, 1, 0, 1, 0, 1, 0;lettersGrid;1, 1, 0, 1, 0, 1, 0;2x4-5=3 ?, 7+4/2=9 ?, 2x3-4=0 ?, 3x2+1=7 ?, 9/3+1=3 ?, 4x2-5=3 ?, 2x2-2=0 ?;cheat;2.662125156420643, 3.484666873340302, 3.2968189964158228, 2.052731842452431, 5.546236842254075, 4.493257274626558, 2.1443859105243064;0.9369369369369369;P, Y, Q, E, N, N, I;1-7;11;26;0.44314584855125394;male;38.11208306513633;accuracy_first
7;1.0;7.633966589659394;2.0292181227246147;other;0.5;7;7;1, 1, 1, 1, 1, 1, 1;1461326445.366;dotscs_5_9;;0.9491525423728814;7;1.0;20;12;5;right;4.734403222975288;experiment;C, B, A, H, M, D, J;1;instructions;right;1, 1, 1, 1, 0, 1, 1;lettersGrid;1, 1, 1, 1, 0, 1, 1;2x3-4=2 ?, 9/3-1=2 ?, 1+9/3=4 ?, 3x2+1=7 ?, 9/3+2=3 ?, 4/2+7=9 ?, 4/2+1=3 ?;cheat;2.079235605044232, 3.830739296856791, 2.38138918615914, 2.397093546688211, 4.686841404927691, 7.692259862292758, 5.378517343593103;0.940677966101695;C, B, A, H, M, D, J;1-7;14;26;0.44642344153978747;male;38.11208306513633;accuracy_first
1;1.0;3.3982104333349525;1.9154418426219308;other;5;1;1;1;1461326495.692;dotscs_5_9;;0.9495798319327731;1;1.0;21;10;0.5;left;2.4221711200575555;experiment;W;1;instructions;left;0;lettersGrid;0;3x2-6=1 ?;cheat;3.5800626532354727;0.9411764705882353;W;1-7;2;26;0.44686109738012847;male;38.11208306513633;accuracy_first
1;1.0;1.2018369175625594;2.5829192783976396;other;0.5;1;1;1;1461326509.592;dotscs_5_9;;0.95;1;1.0;22;12;5;left;4.248254245301723;experiment;O;0;instructions;right;1;lettersGrid;1;4/2-1=1 ?;cheat;2.202741822238295;0.9416666666666667;O;1-7;2;26;4.472916666666666;male;38.11208306513633;accuracy_first
1;1.0;2.1304177495794647;1.7196221695630811;other;5;1;1;1;1461326523.086;dotscs_5_9;;0.9504132231404959;1;1.0;23;10;0.5;left;1.9959847288046149;experiment;B;1;instructions;left;1;lettersGrid;1;6/2+4=7 ?;cheat;2.111905601137096;0.9421487603305785;B;1-7;2;26;0.44771531999180386;male;38.11208306513633;accuracy_first
6;0.8571428571428571;14.167150792437496;1.91685458390657;other;0.5;7;7;1, 1, 1, 1, 1, 0, 1;1461326536.861;dotscs_5_9;;0.9453125;7;1.0;24;14;5;left;6.331659772828971;experiment;L, A, W, K, S, H, J;0;instructions;right;1, 1, 0, 0, 1, 1, 0;lettersGrid;1, 1, 0, 0, 1, 0, 0;4/2-2=0 ?, 3x3-3=6 ?, 2x4-2=4 ?, 1+2x4=7 ?, 8/4-2=0 ?, 6/3+4=6 ?, 2x2-4=2 ?;cheat;5.163619293120064, 2.4073267197786663, 2.8422910756653437, 3.821932666881821, 4.105478902308732, 4.527841478537084, 5.7417309336551625;0.9453125;L, A, W, K, S, H, J;1-7;14;26;4.46807861328125;male;38.11208306513633;accuracy_first
5;1.0;6.264841215240722;1.988881386354933;self;0.5;5;5;1, 1, 1, 1, 1;1461326595.191;dotscs_5_9;;0.9473684210526315;5;1.0;25;12;5;left;2.596185669311126;experiment;K, P, O, S, C;0;instructions;right;0, 1, 1, 0, 1;lettersGrid;0, 1, 1, 0, 1;6/3+7=7 ?, 3x3-3=6 ?, 3x3-1=8 ?, 3x3-3=5 ?, 9/3-3=0 ?;cheat;3.0102745785839033, 3.3175128958646383, 2.9222847197447663, 2.693355161460204, 2.8398771707802553;0.9473684210526315;K, P, O, S, C;1-7;10;26;4.48753462603878;male;42.59961769117511;accuracy_first
3;1.0;4.306583968925224;2.223818987922641;self;0.5;3;3;1, 1, 1;1461326626.594;dotscs_5_9;;0.9485294117647058;3;1.0;26;14;5;left;2.4839074187320875;experiment;B, V, Z;0;instructions;right;1, 0, 0;lettersGrid;1, 0, 0;3x2-6=0 ?, 2x2-2=4 ?, 2x2-3=3 ?;cheat;3.1119611623548735, 2.6338052144024005, 2.851413378291909;0.9485294117647058;B, V, Z;1-7;6;26;4.498540224913494;male;47.09815791608861;accuracy_first
6;1.0;15.32325481153066;1.9975733549631514;self;5;6;6;1, 1, 1, 1, 1, 1;1461326650.572;dotscs_5_9;;0.9507042253521126;6;1.0;27;10;0.5;left;3.2352886635294453;experiment;K, M, I, W, F, E;1;instructions;left;0, 1, 1, 1, 1, 1;lettersGrid;0, 1, 1, 1, 1, 1;6/2+5=6 ?, 3x3-8=1 ?, 2x4-1=7 ?, 2x2-3=1 ?, 2x4-8=0 ?, 3x2+1=7 ?;cheat;2.8480145888893276, 1.7521431766576825, 2.4560521383637024, 2.477037999626191, 3.440650710334012, 2.9769505880290126;0.9507042253521126;K, M, I, W, F, E;1-7;12;26;0.45191926205118027;male;47.55007717813979;accuracy_first
1;0.5;1.936646055932215;2.245710107753439;self;0.5;2;2;1, 0;1461326693.816;dotscs_5_9;;0.9444444444444444;2;1.0;28;10;5;left;3.139152185360672;experiment;S, I;0;instructions;right;0, 1;lettersGrid;0, 0;2x4-6=0 ?, 3x3-5=4 ?;cheat;2.6752959961950182, 2.455377264207982;0.9513888888888888;S, I;1-7;4;26;4.492669753086419;male;52.042746931226205;accuracy_first
2;1.0;3.060098481374098;1.4109052868798244;self;5;2;2;1, 1;1461326709.635;dotscs_5_9;;0.9452054794520548;2;1.0;29;14;0.5;right;2.205469276415897;experiment;Y, V;0;instructions;left;1, 1;lettersGrid;1, 1;3x3-4=5 ?, 2x3+2=8 ?;cheat;3.1602650942486434, 1.8818864059749103;0.952054794520548;Y, V;1-7;4;26;4.49943704259711;male;56.54218397382331;accuracy_first
5;1.0;8.89867120216104;1.8257791310647917;self;0.5;5;5;1, 1, 1, 1, 1;1461326726.577;dotscs_5_9;;0.9470198675496688;5;1.0;30;10;5;right;5.783772019229218;experiment;T, X, N, Q, F;1;instructions;right;0, 1, 0, 1, 0;lettersGrid;0, 1, 0, 1, 0;8/4-2=1 ?, 2x3+1=7 ?, 2x4-2=8 ?, 9/3+6=9 ?, 9/3-1=3 ?;cheat;2.6601468939511506, 1.3612116167537351, 2.6286557157982315, 2.7798399129142126, 3.8280507709209814;0.9536423841059603;T, X, N, Q, F;1-7;10;26;0.45155914214288845;male;56.993743115966204;accuracy_first
4;0.6666666666666666;19.010278825301157;1.8117433765364694;other;0.5;5;3;1, 0, 1, 0, 1, 1;1461326764.267;dotscs_5_9;;0.9363057324840764;6;0.5;31;14;5;left;6.418891238739434;experiment;C, U, S, Y, W, M;0;instructions;right;0, 1, 0, 1, 0, 0;lettersGrid;0, 0, 0, 0, 0, 0;9/3+2=3 ?, 2+6/3=4 ?, 3x3-8=3 ?, 6/3+1=3 ?, 4+2x2=9 ?, 8/2+4=9 ?;cheat;2.6632505365018915, 2.098914185167814, 1.9849404327119373, 2.8796462626055472, 6.662588756391415, 5.125870223151196;0.9363057324840764;C, U, S, X, M, Y;1-7;8;26;4.383342123412715;male;56.993743115966204;accuracy_first
5;1.0;6.6963345875306;1.3996773202648;other;0.5;5;5;1, 1, 1, 1, 1;1461326819.648;dotscs_5_9;;0.9382716049382716;5;1.0;32;10;5;right;3.847072525437852;experiment;A, L, Y, O, D;1;instructions;right;1, 1, 0, 1, 1;lettersGrid;1, 1, 0, 1, 1;1+2x2=5 ?, 2x4-2=6 ?, 8/2+5=8 ?, 4/2-1=1 ?, 4/2+2=4 ?;cheat;1.8790757869164736, 2.2520861998673354, 2.3781507103344666, 5.763809970726015, 4.278260134083212;0.9382716049382716;A, L, Y, O, D;1-7;10;26;0.44017680231671996;male;56.993743115966204;accuracy_first
2;1.0;1.7108618995853249;2.087821051827177;other;0.5;2;2;1, 1;1461326854.125;dotscs_5_9;;0.9390243902439024;2;1.0;33;12;5;right;1.7935794589116085;experiment;J, H;1;instructions;right;0, 1;lettersGrid;0, 1;7+4/2=8 ?, 3+8/4=5 ?;cheat;5.476284561200828, 1.8401585158007947;0.9390243902439024;J, H;1-7;4;26;0.4408834027364663;male;56.993743115966204;accuracy_first
4;1.0;3.6254076848595105;1.848555691450656;other;0.5;4;4;1, 1, 1, 1;1461326870.598;dotscs_5_9;;0.9404761904761905;4;1.0;34;12;5;left;2.638441921894355;experiment;H, P, S, L;1;instructions;left;0, 1, 0, 1;lettersGrid;0, 1, 0, 1;5+8/2=7 ?, 1+2x4=9 ?, 4x2-8=2 ?, 8/2-4=0 ?;accuracy;3.0980673189624213, 1.6063565572144398, 2.0849035570504384, 3.4600412214695098;0.9404761904761905;H, P, S, L;1-7;8;26;4.422477324263038;male;56.993743115966204;accuracy_first
1;1.0;2.9100824854053826;1.6115474613125116;other;5;1;1;1;1461326893.765;dotscs_5_9;;0.9408284023668639;1;1.0;35;12;0.5;right;1.627460264882302;experiment;L;1;instructions;right;0;lettersGrid;0;1+9/3=5 ?;accuracy;1.9297366469049848;0.9408284023668639;L;1-7;2;26;4.425790413500928;male;56.993743115966204;accuracy_first
6;1.0;8.198907036527089;1.60654058163027;other;5;6;6;1, 1, 1, 1, 1, 1;1461326904.061;dotscs_5_9;;0.9428571428571428;6;1.0;36;10;0.5;left;2.8738059646557303;experiment;O, S, L, A, Y, N;1;instructions;left;0, 0, 0, 0, 1, 1;lettersGrid;0, 0, 0, 0, 1, 1;2x4-1=9 ?, 7+4/2=7 ?, 9/3+3=5 ?, 6/3-1=0 ?, 2+2x3=8 ?, 8/2-2=2 ?;cheat;2.6319900966554997, 3.1424511769068886, 1.9655152400528095, 4.749946916033878, 3.5456879540452064, 4.028409830867531;0.9428571428571428;O, S, L, A, Y, N;1-7;12;26;0.44448979591836735;male;56.993743115966204;accuracy_first
2;1.0;3.0330769731663167;1.5549815409349321;self;0.5;2;2;1, 1;1461326943.202;dotscs_5_9;;0.943502824858757;2;1.0;37;14;5;left;3.4834158612056854;experiment;A, W;1;instructions;left;0, 0;lettersGrid;0, 0;3x3-3=4 ?, 8/2-3=3 ?;accuracy;3.2083779238646457, 3.728996090188957;0.943502824858757;A, W;1-7;4;26;4.450987902582272;male;61.444731018548474;accuracy_first
4;1.0;5.510015174935688;1.1353934866674535;self;0.5;4;4;1, 1, 1, 1;1461326963.045;dotscs_5_9;;0.9447513812154696;4;1.0;38;14;5;left;2.924305803280731;experiment;J, M, H, V;1;instructions;left;0, 0, 0, 0;lettersGrid;0, 0, 0, 0;2x2+1=3 ?, 4x2-7=0 ?, 3x3-8=2 ?, 9/3-2=3 ?;accuracy;2.1021717712210375, 1.955545717327368, 1.8385189290347626, 2.5079034947648324;0.9447513812154696;J, M, H, V;1-7;8;26;4.4627758615426885;male;65.90750688009116;accuracy_first
6;1.0;7.239168747558324;1.7185980029107668;self;5;6;6;1, 1, 1, 1, 1, 1;1461326985.993;dotscs_5_9;;0.946524064171123;6;1.0;39;14;0.5;right;2.9495939430480576;experiment;D, G, O, K, B, R;0;instructions;left;0, 1, 1, 1, 0, 0;lettersGrid;0, 1, 1, 1, 0, 0;3x3-9=2 ?, 6/3-1=1 ?, 2+4/2=4 ?, 8/2-3=1 ?, 7+4/2=8 ?, 3x3-3=5 ?;cheat;1.8095725962166398, 2.4189705107946793, 3.166117070670225, 3.9267328022106085, 5.4975503519108315, 2.583365537606369;0.946524064171123;D, G, O, K, B, R;1-7;12;26;4.479539020275101;male;70.38704590036626;accuracy_first
4;1.0;5.374589130102322;1.4375647624392514;self;5;4;4;1, 1, 1, 1;1461327025.398;dotscs_5_9;;0.9476439790575916;4;1.0;40;10;0.5;left;2.138802185077111;experiment;U, X, C, A;1;instructions;left;1, 0, 0, 0;lettersGrid;1, 0, 0, 0;2x2+1=5 ?, 2x3-5=2 ?, 8/4+7=7 ?, 4/2-1=3 ?;cheat;1.7677197817756678, 2.0511085347689004, 1.633817246768558, 5.1557586194203395;0.9476439790575916;U, X, C, A;1-7;8;26;0.44901455552205255;male;70.83606045588832;accuracy_first
3;1.0;4.100083094102047;1.4249421030881422;self;0.5;3;3;1, 1, 1;1461327050.031;dotscs_5_9;;0.9484536082474226;3;1.0;41;10;5;left;3.0101132033269096;experiment;J, F, R;0;instructions;right;1, 0, 1;lettersGrid;1, 0, 1;9/3-2=1 ?, 8/4+6=9 ?, 2x3-1=5 ?;cheat;2.806238923145429, 2.7166515908211295, 2.102199020990156;0.9484536082474226;J, F, R;1-7;6;26;4.497821234987777;male;75.3338816908761;accuracy_first
3;1.0;3.3092402905886047;1.8916489012326565;self;0.5;3;3;1, 1, 1;1461327070.108;dotscs_5_9;;0.949238578680203;3;1.0;42;12;5;left;2.823643386162985;experiment;U, P, L;0;instructions;right;0, 1, 0;lettersGrid;0, 1, 0;2x3-6=1 ?, 2x2-1=3 ?, 6+9/3=7 ?;cheat;3.440101114339086, 1.6493853584515819, 2.1217590469232164;0.949238578680203;U, P, L;1-7;6;26;4.50526939627406;male;79.83915108715016;accuracy_first
2;0.6666666666666666;5.269702644855897;2.1577963359322894;other;0.5;3;3;1, 1, 0;1461327089.14;dotscs_5_9;;0.945;3;1.0;43;12;5;left;3.182509045507686;experiment;N, G, H;1;instructions;left;1, 1, 1;lettersGrid;1, 1, 0;3x3-6=3 ?, 9/3+4=7 ?, 2x4-8=0 ?;accuracy;2.932886649453394, 3.289036179199684, 1.8106470156899377;0.95;N, G, H;1-7;6;26;4.48875;male;79.83915108715016;accuracy_first
5;1.0;6.177157473938678;1.5774608311112388;other;5;5;5;1, 1, 1, 1, 1;1461327112.4;dotscs_5_9;;0.9463414634146341;5;1.0;44;10;0.5;left;4.1524978483294035;experiment;I, G, U, M, A;1;instructions;left;0, 0, 1, 1, 1;lettersGrid;0, 0, 1, 1, 1;6/2-3=2 ?, 8/2-1=5 ?, 2x2+5=9 ?, 1+9/3=4 ?, 9/3+1=4 ?;cheat;3.5136864620317283, 5.440588779039899, 1.5799833811797726, 4.199314721387054, 2.727223793507619;0.9512195121951219;I, G, U, M, A;1-7;10;26;0.450089232599643;male;79.83915108715016;accuracy_first
3;1.0;3.0023367561871055;1.36829372561715;other;5;3;3;1, 1, 1;1461327147.562;dotscs_5_9;;0.9471153846153846;3;1.0;45;12;0.5;right;1.7166041691443752;experiment;C, K, A;0;instructions;left;0, 1, 1;lettersGrid;0, 1, 1;3x2-5=3 ?, 3x3-2=7 ?, 9/3+2=5 ?;cheat;3.2324338078324217, 3.109301655654235, 1.584863567129105;0.9519230769230769;C, K, A;1-7;6;26;4.507904955621301;male;79.83915108715016;accuracy_first
5;1.0;7.1442347981674175;1.9530267061891209;other;5;5;5;1, 1, 1, 1, 1;1461327165.705;dotscs_5_9;;0.9483568075117371;5;1.0;46;12;0.5;left;3.3480478548417523;experiment;W, X, Z, Q, T;1;instructions;left;0, 1, 0, 0, 1;lettersGrid;0, 1, 0, 0, 1;3+4/2=3 ?, 7+8/4=9 ?, 6/2+1=5 ?, 3x3-6=2 ?, 4+2x2=8 ?;cheat;3.6392173016920424, 2.631599044771974, 3.0457881057945997, 4.091473228694667, 3.6100943762130555;0.9530516431924883;W, X, Z, Q, T;1-7;10;26;0.45191650686592166;male;79.83915108715016;accuracy_first
4;1.0;5.152348859332051;2.144495617388202;other;0.5;4;4;1, 1, 1, 1;1461327200.82;dotscs_5_9;;0.9493087557603687;4;1.0;47;10;5;right;1.7575241213535264;experiment;C, R, Z, W;1;instructions;right;1, 1, 1, 1;lettersGrid;1, 1, 1, 1;2x4-4=4 ?, 6/2+6=9 ?, 2+9/3=5 ?, 9/3-3=0 ?;cheat;4.285621464608084, 3.4102530618829405, 1.895921806610204, 2.860278046736312;0.9539170506912442;C, R, Z, W;1-7;8;26;0.45278090424515277;male;79.83915108715016;accuracy_first
5;0.7142857142857143;27.182083312100076;1.944459307955185;other;5;7;5;1, 1, 1, 1, 1, 0, 0;1461327229.868;dotscs_5_9;;0.9419642857142857;7;0.7142857142857143;48;10;0.5;left;4.36479372278518;experiment;N, L, Y, F, K, P, N;1;instructions;left;1, 0, 0, 1, 0, 0, 1;lettersGrid;1, 0, 0, 1, 0, 1, 0;3x2-6=0 ?, 4+6/3=4 ?, 1+8/2=4 ?, 3x3-6=3 ?, 3x3-7=4 ?, 4/2+5=9 ?, 4x2-5=3 ?;cheat;2.730066616838485, 1.9583411189814797, 2.1269301330075905, 2.2594252351264004, 2.9616503734278012, 3.4735592303813974, 6.159443708346771;0.9464285714285714;N, L, Y, F, K, N, P;1-7;12;26;0.445750956632653;male;79.83915108715016;accuracy_first
6;1.0;7.4977856908280955;1.36243502522575;self;5;6;6;1, 1, 1, 1, 1, 1;1461327292.689;dotscs_5_9;;0.9434782608695652;6;1.0;49;10;0.5;right;6.1262531354932435;experiment;C, Q, V, J, M, T;1;instructions;right;0, 1, 1, 1, 1, 0;lettersGrid;0, 1, 1, 1, 1, 0;2+4/2=3 ?, 3+2x3=9 ?, 2+8/2=6 ?, 2x3-3=3 ?, 4/2-1=1 ?, 7+4/2=7 ?;accuracy;2.994335940817109, 2.124335742637413, 2.982154940064902, 4.322792981025486, 3.8489060456267907, 2.525435713193474;0.9478260869565217;C, Q, V, J, M, T;1-7;12;26;4.471266540642722;male;84.31041762779287;accuracy_first
5;1.0;7.779379497981608;1.305641905473749;self;0.5;5;5;1, 1, 1, 1, 1;1461327335.09;dotscs_5_9;;0.9446808510638298;5;1.0;50;12;5;left;6.97159901645955;experiment;E, Z, Q, T, C;1;instructions;left;0, 0, 1, 0, 1;lettersGrid;0, 0, 1, 0, 1;8/4-2=2 ?, 9/3+6=8 ?, 2x3-2=4 ?, 4/2-1=2 ?, 3x3-8=1 ?;accuracy;4.407031219034252, 2.7972634861580445, 3.520927822792146, 3.096359430826851, 2.132611886844643;0.948936170212766;E, Z, Q, T, C;1-7;10;26;4.482209144409236;male;88.79262677220211;accuracy_first
4;1.0;7.778302955149229;1.289819344647185;self;0.5;4;4;1, 1, 1, 1;1461327373.919;dotscs_5_9;;0.9456066945606695;4;1.0;51;14;5;left;1.9192369923048318;experiment;S, Z, E, I;0;instructions;right;1, 0, 0, 1;lettersGrid;1, 0, 0, 1;6/2-2=1 ?, 4/2+2=3 ?, 4x2-2=8 ?, 4/2+7=9 ?;cheat;3.8531899216905003, 1.7330488740535657, 3.2615822136158386, 3.9912903367358012;0.9497907949790795;S, Z, E, I;1-7;8;26;4.490642670821589;male;93.2832694430237;accuracy_first
7;1.0;10.318879277152519;1.249809251615261;self;5;7;7;1, 1, 1, 1, 1, 1, 1;1461327402.841;dotscs_5_9;;0.9471544715447154;7;1.0;52;14;0.5;right;6.963039757767547;experiment;G, R, Q, D, O, C, Z;1;instructions;right;0, 1, 0, 1, 0, 0, 1;lettersGrid;0, 1, 0, 1, 0, 0, 1;4x2-5=4 ?, 3x2-4=2 ?, 9/3-3=1 ?, 2+9/3=5 ?, 3x3-8=0 ?, 2x2-2=4 ?, 3x3-9=0 ?;accuracy;1.9454813512493274, 2.089719688347941, 2.49730651955997, 2.0395213666506606, 2.9590892490105034, 4.122879472501154, 3.3509823364875047;0.9512195121951219;G, R, Q, D, O, C, Z;1-7;14;26;4.504759071980963;male;97.78802851500467;accuracy_first
6;1.0;7.303226585017001;1.4014053803075512;self;0.5;6;6;1, 1, 1, 1, 1, 1;1461327447.536;dotscs_5_9;;0.9484126984126984;6;1.0;53;14;5;left;3.0439301669812266;experiment;T, F, E, Q, H, X;1;instructions;left;1, 1, 0, 0, 0, 1;lettersGrid;1, 1, 0, 0, 0, 1;3x3-5=4 ?, 4/2+6=8 ?, 4x2-6=1 ?, 3x3-3=7 ?, 3x3-5=6 ?, 3+8/4=5 ?;accuracy;2.3666336130499985, 1.9895640461581934, 1.8154542996599048, 3.51877509102178, 4.160364892104553, 4.025559575781699;0.9523809523809523;T, F, E, Q, H, X;1-7;12;26;4.516250944822373;male;102.30427945982704;accuracy_first
1;1.0;1.3702270436615436;1.6704550923805073;self;0.5;1;1;1;1461327484.227;dotscs_5_9;;0.9486166007905138;1;1.0;54;14;5;left;3.1578458809672156;experiment;M;1;instructions;left;1;lettersGrid;1;3x3-9=0 ?;accuracy;1.5169040581631634;0.9525691699604744;M;1-7;2;26;4.518114640128732;male;106.82239409995577;accuracy_first
4;1.0;5.330725141132461;1.9910252707986729;other;5;4;4;1, 1, 1, 1;1461327497.206;dotscs_5_9;;0.9494163424124513;4;1.0;55;12;0.5;left;2.5071744749639038;experiment;B, Y, T, M;1;instructions;left;1, 1, 1, 0;lettersGrid;1, 1, 1, 0;3x3-5=4 ?, 3x3-5=4 ?, 4x2-6=2 ?, 4x2-3=3 ?;cheat;2.9700889545711107, 2.5582373575225574, 2.561867946910752, 3.1786027733896844;0.953307392996109;B, Y, T, M;1-7;8;26;0.4525428091265576;male;106.82239409995577;accuracy_first
1;1.0;1.757790602863679;2.446880644594785;other;0.5;1;1;1;1461327523.649;dotscs_5_9;;0.9496124031007752;1;1.0;56;14;5;left;1.7385957946171402;experiment;D;0;instructions;right;0;lettersGrid;0;1+2x2=7 ?;cheat;4.022848046794024;0.9534883720930233;D;1-7;2;26;4.52722192175951;male;106.82239409995577;accuracy_first
2;1.0;1.959779340570094;2.723097045983195;other;0.5;2;2;1, 1;1461327535.973;dotscs_5_9;;0.95;2;1.0;57;12;5;right;2.1962439908948;experiment;T, V;1;instructions;right;0, 0;lettersGrid;0, 0;8/4+5=8 ?, 4x2-8=1 ?;cheat;3.332941219769964, 2.627055765060504;0.9538461538461539;T, V;1-7;4;26;0.4530769230769231;male;106.82239409995577;accuracy_first
2;1.0;3.027881468457963;1.351138757240733;other;5;2;2;1, 1;1461327552.041;dotscs_5_9;;0.950381679389313;2;1.0;58;10;0.5;right;3.043338457705431;experiment;Y, C;1;instructions;right;1, 1;lettersGrid;1, 1;8/4+4=6 ?, 2x3-2=4 ?;accuracy;1.7756469873784226, 3.2118758033375343;0.9541984732824428;Y, C;1-7;4;26;4.534263737544432;male;106.82239409995577;accuracy_first
2;1.0;1.8248519311237033;1.4292082844967808;other;0.5;2;2;1, 1;1461327567.844;dotscs_5_9;;0.9507575757575758;2;1.0;59;12;5;left;2.614083459318863;experiment;T, M;1;instructions;left;1, 1;lettersGrid;1, 1;9/3-2=1 ?, 5+9/3=8 ?;accuracy;3.6767030751898346, 3.1192725939517914;0.9545454545454546;T, M;1-7;4;26;4.537706611570249;male;106.82239409995577;accuracy_first
5;1.0;6.544881077760692;1.4614886442777788;other;0.5;5;5;1, 1, 1, 1, 1;1461327583.849;dotscs_5_9;;0.9516728624535316;5;1.0;60;14;5;left;3.0020755830746566;experiment;A, U, P, B, Y;1;instructions;left;0, 0, 0, 0, 1;lettersGrid;0, 0, 0, 0, 1;2+4/2=3 ?, 4+4/2=7 ?, 3x2+3=8 ?, 4x2-1=9 ?, 3x3-9=0 ?;accuracy;3.421673546347847, 3.4776849162262806, 3.9377385239549767, 4.318846718986606, 2.75398342081553;0.9553903345724907;A, U, P, B, Y;1-7;10;26;4.546095272315197;male;106.82239409995577;accuracy_first
3;1.0;2.759889896776258;2.1935572344245884;self;0.5;3;3;1, 1, 1;1461327620.494;dotscs_5_9;;0.9522058823529411;3;1.0;61;10;5;left;2.6925068796826963;experiment;X, Z, D;0;instructions;right;0, 1, 0;lettersGrid;0, 1, 0;3x3-8=0 ?, 5+4/2=7 ?, 8/4+6=7 ?;cheat;1.9910450888128253, 2.8222759431955637, 2.9698256580995803;0.9558823529411765;X, Z, D;1-7;6;26;4.5509839965397925;male;111.37337809649557;accuracy_first
1;1.0;1.1659121665616112;1.4075815228161446;self;5;1;1;1;1461327640.79;dotscs_5_9;;0.9523809523809523;1;1.0;62;12;0.5;right;2.5148582021092807;experiment;K;0;instructions;left;1;lettersGrid;1;3x3-8=1 ?;cheat;2.81497229724755;0.9560439560439561;K;1-7;2;26;4.552590266875981;male;115.92596836337155;accuracy_first
7;1.0;8.327852236887338;1.3376515370282505;self;5;7;7;1, 1, 1, 1, 1, 1, 1;1461327652.256;dotscs_5_9;;0.9535714285714286;7;1.0;63;10;0.5;right;3.349972325559065;experiment;M, J, W, R, C, V, H;1;instructions;right;0, 0, 1, 0, 1, 1, 0;lettersGrid;0, 0, 1, 0, 1, 1, 0;4+2x2=7 ?, 2+8/2=5 ?, 3x2+3=9 ?, 2x2-3=3 ?, 2+4/2=4 ?, 2x3-3=3 ?, 2+9/3=7 ?;accuracy;2.4329914018126146, 4.50646456539107, 1.8870525375550642, 3.161396844405317, 2.644082978024926, 3.4586185711777944, 5.543381632664932;0.9571428571428572;M, J, W, R, C, V, H;1-7;14;26;4.563520408163265;male;120.48948877153482;accuracy_first
4;1.0;3.888993641248817;1.975055136546871;self;0.5;4;4;1, 1, 1, 1;1461327696.374;dotscs_5_9;;0.954225352112676;4;1.0;64;10;5;left;1.6211425651299578;experiment;M, T, D, I;0;instructions;right;1, 0, 0, 0;lettersGrid;1, 0, 0, 0;6/2-1=2 ?, 3x2-4=4 ?, 9/3-2=3 ?, 4x2-7=3 ?;cheat;3.1160875559853594, 2.4077602388351806, 2.3084981767424324, 2.733788510647173;0.9577464788732394;M, T, D, I;1-7;8;26;4.569529855187462;male;125.05901862672229;accuracy_first
7;1.0;15.688971487539675;1.4098942142727537;self;0.5;7;5;1, 1, 1, 1, 1, 1, 1;1461327719.478;dotscs_5_9;;0.9553264604810997;7;0.7142857142857143;65;14;5;left;5.193318002683554;experiment;X, F, U, Y, V, P, T;0;instructions;right;0, 1, 0, 0, 1, 1, 0;lettersGrid;0, 1, 0, 0, 1, 1, 0;5+2x2=8 ?, 4/2-1=1 ?, 4x2-2=7 ?, 3x3-8=0 ?, 4/2-2=0 ?, 4/2+1=3 ?, 2x2-1=5 ?;cheat;2.519924889727008, 1.8686288623894143, 2.6527123075529744, 2.7054650296986438, 8.335379543279487, 7.427156412260047, 7.469626770173818;0.9518900343642611;X, F, U, Y, V, T, P;1-7;12;26;4.54682868648221;male;129.6058473132045;accuracy_first
4;1.0;4.51315809962307;1.3209060229773968;self;0.5;4;4;1, 1, 1, 1;1461327788.087;dotscs_5_9;;0.9559322033898305;4;1.0;66;10;5;left;2.94439419162336;experiment;F, Q, J, G;1;instructions;left;1, 0, 0, 1;lettersGrid;1, 0, 0, 1;3x3-2=7 ?, 8/2-3=0 ?, 2x2-4=2 ?, 2x2-4=0 ?;accuracy;3.2009928825018505, 2.6144391218922465, 2.0392481611715993, 2.3677108636693447;0.9525423728813559;F, Q, J, G;1-7;8;26;4.55282964665326;male;134.15867695985776;accuracy_first
7;1.0;7.794820915932178;1.0650413064031454;other;5;7;7;1, 1, 1, 1, 1, 1, 1;1461327812.002;dotscs_5_9;;0.956953642384106;7;1.0;67;10;0.5;left;4.81706769833545;experiment;J, A, L, V, Z, I, P;1;instructions;left;1, 1, 1, 0, 0, 0, 1;lettersGrid;1, 1, 1, 0, 0, 0, 1;6/3+3=5 ?, 2x3-4=2 ?, 9/3-2=1 ?, 3+3x2=7 ?, 9/3-1=4 ?, 6/2+4=6 ?, 4+6/2=7 ?;cheat;3.2564143125700866, 1.9891071701576948, 2.3041668790019685, 3.7161989615360653, 6.817307637862541, 6.029002247929384, 4.079020438034604;0.9536423841059603;J, A, L, V, Z, I, P;1-7;14;26;0.45629577650103065;male;134.15867695985776;accuracy_first
1;1.0;1.755179579518881;1.433353788354907;other;5;1;1;1;1461327861.595;dotscs_5_9;;0.9570957095709571;1;1.0;68;10;0.5;right;2.931047820868116;experiment;Q;1;instructions;right;0;lettersGrid;0;9/3-2=2 ?;accuracy;2.87996016579109;0.9537953795379538;Q;1-7;2;26;4.564367327821891;male;134.15867695985776;accuracy_first
5;0.7142857142857143;17.275244964808735;1.6656240975726178;other;5;7;5;1, 1, 1, 1, 0, 0, 1;1461327872.89;dotscs_5_9;;0.9516129032258065;7;0.7142857142857143;69;12;0.5;left;7.579799710657426;experiment;E, U, O, B, S, I, U;1;instructions;left;1, 0, 0, 0, 1, 1, 1;lettersGrid;1, 0, 0, 0, 0, 0, 1;3x3-7=2 ?, 5+9/3=7 ?, 1+2x2=6 ?, 9/3-2=0 ?, 5+6/2=8 ?, 3x3-9=0 ?, 4x2-5=3 ?;cheat;4.715865948121973, 4.6153769386264685, 2.441924371627465, 6.01694971037432, 4.8959175598929505, 8.437400556036664, 8.253135492930596;0.9483870967741935;E, I, O, B, S, T, U;1-7;12;26;0.4512486992715921;male;134.15867695985776;accuracy_first
4;1.0;4.561350909080829;1.513848898967808;other;0.5;4;4;1, 1, 1, 1;1461327946.289;dotscs_5_9;;0.9522292993630573;4;1.0;70;12;5;right;2.5832289348663835;experiment;R, K, I, E;1;instructions;right;0, 1, 1, 1;lettersGrid;0, 1, 1, 1;4x2-6=0 ?, 2+9/3=5 ?, 2x4-7=1 ?, 8/4-2=0 ?;cheat;3.0239475926773594, 3.650423680827771, 2.509945811887519, 4.205818922806429;0.9490445859872612;R, K, I, E;1-7;8;26;0.45185403058947626;male;134.15867695985776;accuracy_first
2;1.0;3.390360376429271;1.6354136585759989;other;5;2;2;1, 1;1461327975.149;dotscs_5_9;;0.9525316455696202;2;1.0;71;10;0.5;left;2.1504130640350922;experiment;N, A;1;instructions;left;0, 1;lettersGrid;0, 1;1+6/3=2 ?, 2x4-8=0 ?;cheat;4.2772547237645995, 2.107071421291039;0.9493670886075949;N, A;1-7;4;26;0.4521510975805159;male;134.15867695985776;accuracy_first
7;1.0;9.415250032558106;1.5414065552331522;other;5;7;7;1, 1, 1, 1, 1, 1, 1;1461327994.665;dotscs_5_9;;0.9535603715170279;7;1.0;72;12;0.5;right;3.535981020005238;experiment;W, T, R, K, F, G, Z;0;instructions;left;0, 0, 0, 1, 1, 1, 0;lettersGrid;0, 0, 0, 1, 1, 1, 0;2x4-7=3 ?, 3x3-5=2 ?, 3x3-8=0 ?, 4x2-8=0 ?, 9/3-2=1 ?, 5+6/3=7 ?, 2+2x3=7 ?;cheat;1.961929948982288, 1.642527971711388, 2.476428241801841, 2.236378654300097, 3.2336441222596477, 4.282597094113044, 4.261148694559779;0.9504643962848297;W, T, R, K, F, G, Z;1-7;14;26;4.531625914175349;male;134.15867695985776;accuracy_first
4;1.0;4.782176315208744;1.3762067754960299;self;0.5;4;4;1, 1, 1, 1;1461328036.676;dotscs_5_9;;0.9541284403669725;4;1.0;73;14;5;left;2.095771968268309;experiment;C, R, W, U;0;instructions;right;1, 0, 1, 0;lettersGrid;1, 0, 1, 0;4/2-1=1 ?, 3x3-8=3 ?, 3x3-1=8 ?, 3+6/3=6 ?;cheat;2.201497180180013, 1.9682660511762151, 1.982575011183144, 3.8716624341059287;0.9510703363914373;C, R, W, U;1-7;8;26;4.53721628370227;male;138.69589324356002;accuracy_first
5;1.0;6.582294657063358;1.170913737846604;self;5;5;5;1, 1, 1, 1, 1;1461328059.796;dotscs_5_9;;0.9548192771084337;5;1.0;74;14;0.5;right;2.4229631328316827;experiment;G, D, N, W, F;0;instructions;left;0, 0, 0, 1, 1;lettersGrid;0, 0, 0, 1, 1;8/2-4=2 ?, 8/4+2=2 ?, 8/2-4=2 ?, 2+6/3=4 ?, 4/2+6=8 ?;cheat;2.944917953422191, 4.414076169121472, 2.1165334613006053, 2.515378071084342, 4.887600364085301;0.9518072289156626;G, D, N, W, F;1-7;10;26;4.544019451299172;male;143.23991269485919;accuracy_first
7;1.0;16.454658861200187;3.6164796695484256;self;0.5;7;7;1, 1, 1, 1, 1, 1, 1;1461328094.881;dotscs_5_9;;0.9557522123893806;7;1.0;75;10;5;left;3.788035369492718;experiment;Z, A, Q, G, X, T, D;0;instructions;right;0, 1, 0, 0, 0, 1, 1;lettersGrid;0, 1, 0, 0, 0, 1, 1;3x3-5=2 ?, 3+4/2=5 ?, 6/3+6=9 ?, 3x3-1=6 ?, 4x2-8=1 ?, 6/2+6=9 ?, 4x2-2=6 ?;cheat;2.8837461142538814, 1.5399587785304902, 3.0415537747658163, 2.267903098404531, 2.673991900094734, 3.8490044279096765, 5.90201301477282;0.9528023598820059;Z, A, Q, G, X, T, D;1-7;14;26;4.55321481713525;male;147.79312751199444;accuracy_first
3;1.0;2.7915714694208873;0.9011990606259133;self;5;3;3;1, 1, 1;1461328148.109;dotscs_5_9;;0.956140350877193;3;1.0;76;10;0.5;right;6.946121543879599;experiment;I, G, S;1;instructions;right;0, 0, 0;lettersGrid;0, 0, 0;3x2-6=1 ?, 6+4/2=6 ?, 5+9/3=7 ?;accuracy;2.164238959951035, 1.8948558805705034, 2.220340926463905;0.9532163742690059;I, G, S;1-7;6;26;4.5570431927772646;male;152.3501707047717;accuracy_first
2;1.0;1.8732595536985173;1.6228210801382374;self;5;2;2;1, 1;1461328170.651;dotscs_5_9;;0.9563953488372093;2;1.0;77;12;0.5;right;2.8452807646363;experiment;E, R;0;instructions;left;0, 1;lettersGrid;0, 1;9/3-2=2 ?, 6/3+5=7 ?;cheat;3.490325624125944, 1.9707500268959848;0.9534883720930233;E, R;1-7;4;26;4.559559221200649;male;156.90972992597236;accuracy_first
3;1.0;5.4781290520759285;1.1508533070600606;self;5;3;3;1, 1, 1;1461328185.877;dotscs_5_9;;0.9567723342939481;3;1.0;78;12;0.5;right;2.3370301007325907;experiment;U, E, O;0;instructions;left;0, 0, 0;lettersGrid;0, 0, 0;2x2-4=2 ?, 8/4-2=1 ?, 2x4-2=8 ?;cheat;2.0489090891078376, 2.3826320587522787, 3.292049932902046;0.9538904899135446;U, E, O;1-7;6;26;4.563280153476899;male;161.47301007944927;accuracy_first
6;1.0;7.776630456323801;1.7778651893750066;other;0.5;6;4;1, 1, 1, 1, 1, 1;1461328208.622;dotscs_5_9;;0.9575070821529745;6;0.6666666666666666;79;12;5;left;23.136057390137466;experiment;Q, R, O, E, W, J;1;instructions;left;1, 0, 0, 0, 0, 1;lettersGrid;1, 0, 0, 0, 0, 1;4x2+1=9 ?, 2x4-7=2 ?, 6+4/2=7 ?, 5+6/2=6 ?, 9/3-3=2 ?, 4x2-4=4 ?;accuracy;1.5176504187256796, 1.612884469472192, 6.495932706518033, 5.379295200643355, 5.701629890094409, 6.043208932827838;0.9490084985835694;Q, E, O, R, W, J;1-7;10;26;4.543411792085644;male;161.47301007944927;accuracy_first
4;1.0;5.017493290186394;1.1556556365258075;other;5;4;4;1, 1, 1, 1;1461328274.486;dotscs_5_9;;0.957983193277311;4;1.0;80;14;0.5;right;19.43324160423981;experiment;B, G, K, P;0;instructions;left;1, 1, 0, 1;lettersGrid;1, 1, 0, 1;8/2-3=1 ?, 2+8/4=4 ?, 9/3-2=0 ?, 6+9/3=9 ?;cheat;2.5847563375173195, 2.1056271835204825, 3.493724767421554, 5.052681235738419;0.9495798319327731;B, G, K, P;1-7;8;26;4.548407598333451;male;161.47301007944927;accuracy_first
2;1.0;3.9292100539614694;2.4111480575520545;other;0.5;2;2;1, 1;1461328318.322;dotscs_5_9;;0.958217270194986;2;1.0;81;14;5;left;2.8028907404577694;experiment;L, Q;0;instructions;right;1, 0;lettersGrid;1, 0;2x2-1=3 ?, 3x2+1=6 ?;cheat;3.2549481334262964, 1.6754255210726114;0.9498607242339833;L, Q;1-7;4;26;4.550864751204599;male;161.47301007944927;accuracy_first
5;1.0;9.78382014869203;1.6919965658216825;other;5;5;5;1, 1, 1, 1, 1;1461328339.929;dotscs_5_9;;0.9587912087912088;5;1.0;82;14;0.5;left;3.5476202104100594;experiment;H, V, O, J, E;1;instructions;left;0, 0, 1, 1, 1;lettersGrid;0, 0, 1, 1, 1;3x3-8=0 ?, 3x2+1=8 ?, 4+6/3=6 ?, 4/2+4=6 ?, 8/4-2=0 ?;cheat;1.9484526377782458, 2.4433463141322136, 4.683160916611087, 5.193285798411125, 5.17277203055346;0.9505494505494505;H, V, O, J, E;1-7;10;26;0.4556892283540635;male;161.47301007944927;accuracy_first
1;1.0;1.2659552707427792;1.91313835238725;other;0.5;1;1;1;1461328382.658;dotscs_5_9;;0.958904109589041;1;1.0;83;12;5;right;1.7857251552877642;experiment;P;1;instructions;right;0;lettersGrid;0;2x3+2=9 ?;cheat;3.352587241729452;0.9506849315068493;P;1-7;2;26;0.4558078438731469;male;161.47301007944927;accuracy_first
6;1.0;9.172521120340207;1.2601719495824;other;5;6;6;1, 1, 1, 1, 1, 1;1461328393.921;dotscs_5_9;;0.9595687331536388;6;1.0;84;12;0.5;left;4.762032365647428;experiment;B, P, R, H, F, Z;1;instructions;left;1, 0, 0, 0, 1, 1;lettersGrid;1, 0, 0, 0, 1, 1;3x3-7=2 ?, 4x2-7=0 ?, 2+2x2=5 ?, 2x4-5=4 ?, 2+4/2=4 ?, 9/3-1=2 ?;cheat;4.300383053899168, 2.008407084656028, 3.669756153493836, 3.4110036691636196, 1.8368623553988073, 3.228738456006795;0.9514824797843666;B, P, R, H, F, Z;1-7;12;26;0.4565064188722837;male;161.47301007944927;accuracy_first
;;;2.502010112849348;self;2;;;;;dotscs_5_9;;;1;;1;14;0.2;right;;controlDotsAccuracy;;1;instructions;right;;lettersGrid;;;accuracy;;;;1-7;;26;2;male;;accuracy_first
;;;2.0241574512901934;self;2;;;;;dotscs_5_9;;;1;;2;14;0.2;right;;controlDotsAccuracy;;1;instructions;right;;lettersGrid;;;accuracy;;;;1-7;;26;2;male;;accuracy_first
;;;1.6321670432089377;self;0.2;;;;;dotscs_5_9;;;1;;3;10;2;left;;controlDotsAccuracy;;1;instructions;left;;lettersGrid;;;accuracy;;;;1-7;;26;2;male;;accuracy_first
;;;1.2334317863951583;self;0.2;;;;;dotscs_5_9;;;1;;4;10;2;left;;controlDotsAccuracy;;1;instructions;left;;lettersGrid;;;accuracy;;;;1-7;;26;2;male;;accuracy_first
;;;1.57415086887886;self;0.2;;;;;dotscs_5_9;;;1;;5;14;2;left;;controlDotsAccuracy;;1;instructions;left;;lettersGrid;;;accuracy;;;;1-7;;26;2;male;;accuracy_first
;;;1.51749293629382;self;0.2;;;;;dotscs_5_9;;;1;;6;14;2;left;;controlDotsAccuracy;;1;instructions;left;;lettersGrid;;;accuracy;;;;1-7;;26;2;male;;accuracy_first
;;;1.173915813075837;other;2;;;;;dotscs_5_9;;;1;;7;10;0.2;right;;controlDotsAccuracy;;1;instructions;right;;lettersGrid;;;accuracy;;;;1-7;;26;2;male;;accuracy_first
;;;1.997174517431631;other;0.2;;;;;dotscs_5_9;;;1;;8;12;2;left;;controlDotsAccuracy;;1;instructions;left;;lettersGrid;;;accuracy;;;;1-7;;26;2;male;;accuracy_first
;;;1.4627102832846504;other;2;;;;;dotscs_5_9;;;1;;9;14;0.2;right;;controlDotsAccuracy;;1;instructions;right;;lettersGrid;;;accuracy;;;;1-7;;26;2;male;;accuracy_first
;;;1.1751378059752824;other;2;;;;;dotscs_5_9;;;1;;10;10;0.2;right;;controlDotsAccuracy;;1;instructions;right;;lettersGrid;;;accuracy;;;;1-7;;26;2;male;;accuracy_first
;;;1.2014108302619206;other;2;;;;;dotscs_5_9;;;1;;11;10;0.2;right;;controlDotsAccuracy;;1;instructions;right;;lettersGrid;;;accuracy;;;;1-7;;26;2;male;;accuracy_first
;;;1.8743081389748113;other;0.2;;;;;dotscs_5_9;;;1;;12;14;2;right;;controlDotsAccuracy;;0;instructions;left;;lettersGrid;;;accuracy;;;;1-7;;26;0.2;male;;accuracy_first
;;;1.1565439082260127;self;0.2;;;;;dotscs_5_9;;;1;;13;10;2;left;;controlDotsAccuracy;;1;instructions;left;;lettersGrid;;;accuracy;;;;1-7;;26;2;male;;accuracy_first
;;;1.1033463424437286;self;2;;;;;dotscs_5_9;;;1;;14;14;0.2;right;;controlDotsAccuracy;;1;instructions;right;;lettersGrid;;;accuracy;;;;1-7;;26;2;male;;accuracy_first
;;;1.3976767625299544;self;0.2;;;;;dotscs_5_9;;;1;;15;12;2;left;;controlDotsAccuracy;;1;instructions;left;;lettersGrid;;;accuracy;;;;1-7;;26;2;male;;accuracy_first
;;;1.6164400335210303;self;2;;;;;dotscs_5_9;;;1;;16;12;0.2;right;;controlDotsAccuracy;;1;instructions;right;;lettersGrid;;;accuracy;;;;1-7;;26;2;male;;accuracy_first
;;;0.8032297700547133;self;0.2;;;;;dotscs_5_9;;;1;;17;10;2;left;;controlDotsAccuracy;;1;instructions;left;;lettersGrid;;;accuracy;;;;1-7;;26;2;male;;accuracy_first
;;;1.8911226621821697;self;2;;;;;dotscs_5_9;;;1;;18;12;0.2;right;;controlDotsAccuracy;;1;instructions;right;;lettersGrid;;;accuracy;;;;1-7;;26;2;male;;accuracy_first
;;;1.8332675092151476;other;2;;;;;dotscs_5_9;;;1;;19;12;0.2;right;;controlDotsAccuracy;;1;instructions;right;;lettersGrid;;;accuracy;;;;1-7;;26;2;male;;accuracy_first
;;;2.102576624935864;other;2;;;;;dotscs_5_9;;;1;;20;14;0.2;right;;controlDotsAccuracy;;1;instructions;right;;lettersGrid;;;accuracy;;;;1-7;;26;2;male;;accuracy_first
;;;1.3883835295309837;other;2;;;;;dotscs_5_9;;;1;;21;10;0.2;right;;controlDotsAccuracy;;1;instructions;right;;lettersGrid;;;accuracy;;;;1-7;;26;2;male;;accuracy_first
;;;1.4354697152430163;other;0.2;;;;;dotscs_5_9;;;1;;22;14;2;right;;controlDotsAccuracy;;0;instructions;left;;lettersGrid;;;accuracy;;;;1-7;;26;0.2;male;;accuracy_first
;;;1.950790455644892;other;0.2;;;;;dotscs_5_9;;;1;;23;14;2;left;;controlDotsAccuracy;;1;instructions;left;;lettersGrid;;;accuracy;;;;1-7;;26;2;male;;accuracy_first
;;;1.014090254067014;other;2;;;;;dotscs_5_9;;;1;;24;10;0.2;right;;controlDotsAccuracy;;1;instructions;right;;lettersGrid;;;accuracy;;;;1-7;;26;2;male;;accuracy_first
;;;1.314961680453962;self;0.2;;;;;dotscs_5_9;;;1;;25;14;2;left;;controlDotsAccuracy;;1;instructions;left;;lettersGrid;;;accuracy;;;;1-7;;26;2;male;;accuracy_first
;;;1.685697976297888;self;0.2;;;;;dotscs_5_9;;;1;;26;12;2;left;;controlDotsAccuracy;;1;instructions;left;;lettersGrid;;;accuracy;;;;1-7;;26;2;male;;accuracy_first
;;;1.1164807312279663;self;0.2;;;;;dotscs_5_9;;;1;;27;10;2;left;;controlDotsAccuracy;;1;instructions;left;;lettersGrid;;;accuracy;;;;1-7;;26;2;male;;accuracy_first
;;;1.9057964859830463;self;0.2;;;;;dotscs_5_9;;;1;;28;14;2;left;;controlDotsAccuracy;;1;instructions;left;;lettersGrid;;;accuracy;;;;1-7;;26;2;male;;accuracy_first
;;;2.208035709229989;self;0.2;;;;;dotscs_5_9;;;1;;29;14;2;right;;controlDotsAccuracy;;0;instructions;left;;lettersGrid;;;accuracy;;;;1-7;;26;0.2;male;;accuracy_first
;;;1.413354934968993;self;2;;;;;dotscs_5_9;;;1;;30;12;0.2;right;;controlDotsAccuracy;;1;instructions;right;;lettersGrid;;;accuracy;;;;1-7;;26;2;male;;accuracy_first
;;;1.1077427565160178;other;2;;;;;dotscs_5_9;;;1;;31;10;0.2;right;;controlDotsAccuracy;;1;instructions;right;;lettersGrid;;;accuracy;;;;1-7;;26;2;male;;accuracy_first
;;;1.8601941740698749;other;0.2;;;;;dotscs_5_9;;;1;;32;12;2;left;;controlDotsAccuracy;;1;instructions;left;;lettersGrid;;;accuracy;;;;1-7;;26;2;male;;accuracy_first
;;;2.1720720299872482;other;0.2;;;;;dotscs_5_9;;;1;;33;12;2;right;;controlDotsAccuracy;;0;instructions;left;;lettersGrid;;;accuracy;;;;1-7;;26;0.2;male;;accuracy_first
;;;1.71782510036428;other;2;;;;;dotscs_5_9;;;1;;34;10;0.2;right;;controlDotsAccuracy;;1;instructions;right;;lettersGrid;;;accuracy;;;;1-7;;26;2;male;;accuracy_first
;;;1.9754171691947704;other;2;;;;;dotscs_5_9;;;1;;35;12;0.2;right;;controlDotsAccuracy;;1;instructions;right;;lettersGrid;;;accuracy;;;;1-7;;26;2;male;;accuracy_first
;;;2.2738226684114125;other;2;;;;;dotscs_5_9;;;1;;36;12;0.2;right;;controlDotsAccuracy;;1;instructions;right;;lettersGrid;;;accuracy;;;;1-7;;26;2;male;;accuracy_first
;;;1.1948192172449126;self;2;;;;;dotscs_5_9;;;1;;37;10;0.2;right;;controlDotsAccuracy;;1;instructions;right;;lettersGrid;;;accuracy;;;;1-7;;26;2;male;;accuracy_first
;;;1.830055929266564;self;0.2;;;;;dotscs_5_9;;;1;;38;14;2;right;;controlDotsAccuracy;;0;instructions;left;;lettersGrid;;;accuracy;;;;1-7;;26;0.2;male;;accuracy_first
;;;1.5378665624803034;self;0.2;;;;;dotscs_5_9;;;1;;39;12;2;left;;controlDotsAccuracy;;1;instructions;left;;lettersGrid;;;accuracy;;;;1-7;;26;2;male;;accuracy_first
;;;1.3745296760598649;self;2;;;;;dotscs_5_9;;;1;;40;12;0.2;right;;controlDotsAccuracy;;1;instructions;right;;lettersGrid;;;accuracy;;;;1-7;;26;2;male;;accuracy_first
;;;1.1857100086626815;self;2;;;;;dotscs_5_9;;;1;;41;10;0.2;right;;controlDotsAccuracy;;1;instructions;right;;lettersGrid;;;accuracy;;;;1-7;;26;2;male;;accuracy_first
;;;1.654109123647686;self;0.2;;;;;dotscs_5_9;;;1;;42;12;2;left;;controlDotsAccuracy;;1;instructions;left;;lettersGrid;;;accuracy;;;;1-7;;26;2;male;;accuracy_first
;;;2.3243271076462406;self;2;;;;;dotscs_5_9;;;1;;1;14;0.2;right;;controlDotsCheat;;0;instructions;left;;lettersGrid;;;cheat;;;;1-7;;26;2;male;;accuracy_first
;;;1.1825069221486046;self;0.2;;;;;dotscs_5_9;;;1;;2;12;2;right;;controlDotsCheat;;1;instructions;right;;lettersGrid;;;cheat;;;;1-7;;26;0.2;male;;accuracy_first
;;;2.0565404400731495;self;0.2;;;;;dotscs_5_9;;;1;;3;12;2;left;;controlDotsCheat;;0;instructions;right;;lettersGrid;;;cheat;;;;1-7;;26;2;male;;accuracy_first
;;;2.279788244520205;self;0.2;;;;;dotscs_5_9;;;1;;4;14;2;left;;controlDotsCheat;;0;instructions;right;;lettersGrid;;;cheat;;;;1-7;;26;2;male;;accuracy_first
;;;1.9109626175632002;self;0.2;;;;;dotscs_5_9;;;1;;5;14;2;left;;controlDotsCheat;;0;instructions;right;;lettersGrid;;;cheat;;;;1-7;;26;2;male;;accuracy_first
;;;1.4346094010998058;self;0.2;;;;;dotscs_5_9;;;1;;6;14;2;left;;controlDotsCheat;;0;instructions;right;;lettersGrid;;;cheat;;;;1-7;;26;2;male;;accuracy_first
;;;1.3801519758553695;other;2;;;;;dotscs_5_9;;;1;;7;14;0.2;right;;controlDotsCheat;;0;instructions;left;;lettersGrid;;;cheat;;;;1-7;;26;2;male;;accuracy_first
;;;2.670072180038005;other;0.2;;;;;dotscs_5_9;;;1;;8;12;2;right;;controlDotsCheat;;1;instructions;right;;lettersGrid;;;cheat;;;;1-7;;26;0.2;male;;accuracy_first
;;;1.3816836252244684;other;0.2;;;;;dotscs_5_9;;;1;;9;10;2;right;;controlDotsCheat;;1;instructions;right;;lettersGrid;;;cheat;;;;1-7;;26;0.2;male;;accuracy_first
;;;1.386173820969816;other;2;;;;;dotscs_5_9;;;1;;10;12;0.2;left;;controlDotsCheat;;1;instructions;left;;lettersGrid;;;cheat;;;;1-7;;26;0.2;male;;accuracy_first
;;;1.8160261909215478;other;0.2;;;;;dotscs_5_9;;;1;;11;10;2;right;;controlDotsCheat;;1;instructions;right;;lettersGrid;;;cheat;;;;1-7;;26;0.2;male;;accuracy_first
;;;1.5482274909827538;other;2;;;;;dotscs_5_9;;;1;;12;10;0.2;left;;controlDotsCheat;;1;instructions;left;;lettersGrid;;;cheat;;;;1-7;;26;0.2;male;;accuracy_first
;;;1.5858597762262434;self;2;;;;;dotscs_5_9;;;1;;13;10;0.2;right;;controlDotsCheat;;0;instructions;left;;lettersGrid;;;cheat;;;;1-7;;26;2;male;;accuracy_first
;;;1.9154744007882982;self;2;;;;;dotscs_5_9;;;1;;14;14;0.2;right;;controlDotsCheat;;0;instructions;left;;lettersGrid;;;cheat;;;;1-7;;26;2;male;;accuracy_first
;;;1.7214199465479396;self;2;;;;;dotscs_5_9;;;1;;15;14;0.2;left;;controlDotsCheat;;1;instructions;left;;lettersGrid;;;cheat;;;;1-7;;26;0.2;male;;accuracy_first
;;;1.4499534984452112;self;2;;;;;dotscs_5_9;;;1;;16;10;0.2;right;;controlDotsCheat;;0;instructions;left;;lettersGrid;;;cheat;;;;1-7;;26;2;male;;accuracy_first
;;;1.5809208440205111;self;2;;;;;dotscs_5_9;;;1;;17;10;0.2;left;;controlDotsCheat;;1;instructions;left;;lettersGrid;;;cheat;;;;1-7;;26;0.2;male;;accuracy_first
;;;1.1948422202976872;self;2;;;;;dotscs_5_9;;;1;;18;12;0.2;right;;controlDotsCheat;;0;instructions;left;;lettersGrid;;;cheat;;;;1-7;;26;2;male;;accuracy_first
;;;2.2556325626956095;other;2;;;;;dotscs_5_9;;;1;;19;10;0.2;right;;controlDotsCheat;;0;instructions;left;;lettersGrid;;;cheat;;;;1-7;;26;2;male;;accuracy_first
;;;1.9512901527114082;other;0.2;;;;;dotscs_5_9;;;1;;20;14;2;left;;controlDotsCheat;;0;instructions;right;;lettersGrid;;;cheat;;;;1-7;;26;2;male;;accuracy_first
;;;1.6602608475322995;other;0.2;;;;;dotscs_5_9;;;1;;21;12;2;left;;controlDotsCheat;;0;instructions;right;;lettersGrid;;;cheat;;;;1-7;;26;2;male;;accuracy_first
;;;2.368164908525614;other;2;;;;;dotscs_5_9;;;1;;22;10;0.2;left;;controlDotsCheat;;1;instructions;left;;lettersGrid;;;cheat;;;;1-7;;26;0.2;male;;accuracy_first
;;;1.5624741658029961;other;0.2;;;;;dotscs_5_9;;;1;;23;14;2;left;;controlDotsCheat;;0;instructions;right;;lettersGrid;;;cheat;;;;1-7;;26;2;male;;accuracy_first
;;;1.6164796695484256;other;0.2;;;;;dotscs_5_9;;;1;;24;12;2;right;;controlDotsCheat;;1;instructions;right;;lettersGrid;;;cheat;;;;1-7;;26;0.2;male;;accuracy_first
;;;2.631600460344089;self;0.2;;;;;dotscs_5_9;;;1;;25;10;2;right;;controlDotsCheat;;1;instructions;right;;lettersGrid;;;cheat;;;;1-7;;26;0.2;male;;accuracy_first
;;;1.4207463464072134;self;2;;;;;dotscs_5_9;;;1;;26;10;0.2;left;;controlDotsCheat;;1;instructions;left;;lettersGrid;;;cheat;;;;1-7;;26;0.2;male;;accuracy_first
;;;1.9230604534368467;self;0.2;;;;;dotscs_5_9;;;1;;27;12;2;right;;controlDotsCheat;;1;instructions;right;;lettersGrid;;;cheat;;;;1-7;;26;0.2;male;;accuracy_first
;;;1.8502628718006235;self;0.2;;;;;dotscs_5_9;;;1;;28;10;2;left;;controlDotsCheat;;0;instructions;right;;lettersGrid;;;cheat;;;;1-7;;26;2;male;;accuracy_first
;;;2.1754552480933853;self;2;;;;;dotscs_5_9;;;1;;29;10;0.2;left;;controlDotsCheat;;1;instructions;left;;lettersGrid;;;cheat;;;;1-7;;26;0.2;male;;accuracy_first
;;;1.227090375806256;self;0.2;;;;;dotscs_5_9;;;1;;30;12;2;left;;controlDotsCheat;;0;instructions;right;;lettersGrid;;;cheat;;;;1-7;;26;2;male;;accuracy_first
;;;2.470964486118646;other;2;;;;;dotscs_5_9;;;1;;31;12;0.2;right;;controlDotsCheat;;0;instructions;left;;lettersGrid;;;cheat;;;;1-7;;26;2;male;;accuracy_first
;;;2.2242801106413026;other;0.2;;;;;dotscs_5_9;;;1;;32;10;2;right;;controlDotsCheat;;1;instructions;right;;lettersGrid;;;cheat;;;;1-7;;26;0.2;male;;accuracy_first
;;;1.3074874580288451;other;2;;;;;dotscs_5_9;;;1;;33;12;0.2;right;;controlDotsCheat;;0;instructions;left;;lettersGrid;;;cheat;;;;1-7;;26;2;male;;accuracy_first
;;;1.5997812232808428;other;0.2;;;;;dotscs_5_9;;;1;;34;12;2;left;;controlDotsCheat;;0;instructions;right;;lettersGrid;;;cheat;;;;1-7;;26;2;male;;accuracy_first
;;;2.095799925823485;other;0.2;;;;;dotscs_5_9;;;1;;35;14;2;left;;controlDotsCheat;;0;instructions;right;;lettersGrid;;;cheat;;;;1-7;;26;2;male;;accuracy_first
;;;1.7302842610997686;other;2;;;;;dotscs_5_9;;;1;;36;14;0.2;right;;controlDotsCheat;;0;instructions;left;;lettersGrid;;;cheat;;;;1-7;;26;2;male;;accuracy_first
;;;1.671269046526504;self;2;;;;;dotscs_5_9;;;1;;37;14;0.2;right;;controlDotsCheat;;0;instructions;left;;lettersGrid;;;cheat;;;;1-7;;26;2;male;;accuracy_first
;;;1.1678394684249724;self;2;;;;;dotscs_5_9;;;1;;38;14;0.2;left;;controlDotsCheat;;1;instructions;left;;lettersGrid;;;cheat;;;;1-7;;26;0.2;male;;accuracy_first
;;;1.2579020791936273;self;2;;;;;dotscs_5_9;;;1;;39;14;0.2;right;;controlDotsCheat;;0;instructions;left;;lettersGrid;;;cheat;;;;1-7;;26;2;male;;accuracy_first
;;;1.6956664373437889;self;2;;;;;dotscs_5_9;;;1;;40;12;0.2;left;;controlDotsCheat;;1;instructions;left;;lettersGrid;;;cheat;;;;1-7;;26;0.2;male;;accuracy_first
;;;1.4363038412975584;self;0.2;;;;;dotscs_5_9;;;1;;41;12;2;left;;controlDotsCheat;;0;instructions;right;;lettersGrid;;;cheat;;;;1-7;;26;2;male;;accuracy_first
;;;2.011444903089796;self;0.2;;;;;dotscs_5_9;;;1;;42;10;2;right;;controlDotsCheat;;1;instructions;right;;lettersGrid;;;cheat;;;;1-7;;26;0.2;male;;accuracy_first
;;8.023;;qStress;self;5;;;[];;dotscs_5_9;[];;2;;1;14;;;accuracy;['I', 'Z'];;instructions;right;[0, 0];lettersGrid;[];['4+6/2=6 ?', '2x3+1=5 ?'];0.5;[];;4;1-7;;26;;male;;accuracy_first
;;4.619;;qSatisfied;self;5;;;[];;dotscs_5_9;[];;2;;1;14;;;accuracy;['N', 'P'];;instructions;right;[1, 1];lettersGrid;[];['6+8/4=8 ?', '2+6/2=5 ?'];0.5;[];;5;1-7;;26;;male;;accuracy_first
;;2.539;;qFrustration;self;0.5;;;[];;dotscs_5_9;[];;2;;1;12;;;cheat;['D', 'O'];;instructions;right;[0, 0];lettersGrid;[];['2+3x2=9 ?', '9/3+2=3 ?'];5;[];;3;1-7;;26;;male;;accuracy_first
;;3.716;;qDifficulty;self;5;;;[];;dotscs_5_9;[];;2;;1;14;;;cheat;['R', 'G'];;instructions;left;[0, 1];lettersGrid;[];['3+2x3=8 ?', '8/2+1=5 ?'];0.5;[];;4;1-7;;26;;male;;accuracy_first
;;2.981;;qEffort;self;0.5;;;[];;dotscs_5_9;[];;2;;1;14;;;accuracy;['J', 'E'];;instructions;left;[0, 0];lettersGrid;[];['3x3-7=1 ?', '2x3-4=3 ?'];5;[];;4;1-7;;26;;male;;accuracy_first
;;3.281;;qAttitude;self;0.5;;;[];;dotscs_5_9;[];;2;;1;14;;;cheat;['I', 'S'];;instructions;right;[1, 0];lettersGrid;[];['2x4+1=9 ?', '4/2-1=0 ?'];5;[];;2;1-7;;26;;male;;accuracy_first
;;20.511821445356873;;qBirthweight;self;0.5;;;[];;dotscs_5_9;[];;1;;1;14;;;accuracy;[];;instructions;left;[];lettersGrid;[];[];5;[];;3500;1-7;;26;;male;;accuracy_first
;;6.669298215812887;;qFriends;self;0.5;;;[];;dotscs_5_9;[];;1;;1;14;;;cheat;[];;instructions;right;[];lettersGrid;[];[];5;[];;350;1-7;;26;;male;;accuracy_first
;;54.67126267645108;;qAbout;self;0.5;;;[];;dotscs_5_9;[];;1;;1;14;;;accuracy;[];;instructions;left;[];lettersGrid;[];[];5;[];;willingness to disorbey directions when given the opportunity to gain personal reward compared to when the reward is given to another;1-7;;26;;male;;accuracy_first
;;9.330134493537116;;qFeedback;self;0.5;;;[];;dotscs_5_9;[];;1;;1;14;;;cheat;[];;instructions;right;[];lettersGrid;[];[];5;[];;"
";1-7;;26;;male;;accuracy_first
