equationScore;equationProportion;recallRT;dotsRT;dotsReceiver;dotsMoneyRight;recallIntersection;recallLocation;equationScores;id;recallRTs;equationRateCumulative;span;recallProportion;no;dotsN;dotsMoneyLeft;dotsAns;pauseRT;condition;encode;dotsCorrect;start_at;dotsSide;equationCorrect;stimType;equationAnss;equationText;dotsIncentive;equationRTs;recallLocationRateCumulative;recallAns;level;recallSum;age;moneyEarned;gender;moneyEarnedCumulative;order;
;;;1.4439570224;self;5;;;;dotscs_1_8;;;1;;1;14;0.5;right;;practiceDots;;0;instructions;left;;faces;;;cheat;;;;1-7;;18;5;female;;cheat_first;
;;;0.975593037;self;5;;;;dotscs_1_8;;;1;;2;12;0.5;left;;practiceDots;;1;instructions;left;;faces;;;cheat;;;;1-7;;18;0.5;female;;cheat_first;
;;;0.700073361;self;0.5;;;;dotscs_1_8;;;1;;3;10;5;right;;practiceDots;;1;instructions;right;;faces;;;cheat;;;;1-7;;18;0.5;female;;cheat_first;
;;;0.9999670884;self;5;;;;dotscs_1_8;;;1;;4;10;0.5;left;;practiceDots;;1;instructions;left;;faces;;;cheat;;;;1-7;;18;0.5;female;;cheat_first;
;;;0.692003294;self;0.5;;;;dotscs_1_8;;;1;;5;10;5;right;;practiceDots;;1;instructions;right;;faces;;;cheat;;;;1-7;;18;0.5;female;;cheat_first;
;;;0.6084279896;self;0.5;;;;dotscs_1_8;;;1;;6;10;5;right;;practiceDots;;1;instructions;right;;faces;;;cheat;;;;1-7;;18;0.5;female;;cheat_first;
2;1;11.8598422154;;self;5;2;2;1, 1;1461229905.141;dotscs_1_8;;1;2;1;1;10;0.5;;4.8717303825;practiceCS;faces\\Jake.bmp, faces\\Timmy.bmp;;instructions;right;1, 1;faces;1, 1;2x3-4=2 ?, 9/3+1=4 ?;accuracy;5.818324049075727, 3.752426169184673;1;faces\\Jake.bmp, faces\\Timmy.bmp;1-7;4;18;;female;;cheat_first
3;1;7.3594863808;;self;5;3;3;1, 1, 1;1461229935.886;dotscs_1_8;;1;3;1;2;12;0.5;;7.1348413218;practiceCS;faces\\Lulu.bmp, faces\\Scott.bmp, faces\\Chris.bmp;;instructions;left;1, 0, 1;faces;1, 0, 1;8/2-3=1 ?, 2x4-6=3 ?, 2x2+4=8 ?;cheat;3.99645297834104, 5.9317597339609165, 2.693210760608281;1;faces\\Lulu.bmp, faces\\Scott.bmp, faces\\Chris.bmp;1-7;6;18;;female;;cheat_first
2;1;12.6628460894;;self;5;2;2;1, 1;1461229969.362;dotscs_1_8;;1;2;1;3;14;0.5;;4.426301539;practiceCS;faces\\Vicky.bmp, faces\\Britt.bmp;;instructions;right;0, 0;faces;0, 0;4+4/2=8 ?, 1+4/2=1 ?;accuracy;5.1530655036483495, 4.809741905780129;1;faces\\Vicky.bmp, faces\\Britt.bmp;1-7;4;18;;female;;cheat_first
5;1;52.1238304437;;self;0.5;4;4;1, 1, 1, 1, 1;1461230000.764;dotscs_1_8;;1;5;0.8;4;10;5;;5.9567035454;practiceCS;faces\\Emma.bmp, faces\\Alex.bmp, faces\\Linda.bmp, faces\\Nana.bmp, faces\\Kenny.bmp;;instructions;left;0, 1, 0, 0, 0;faces;0, 1, 0, 0, 0;4/2+3=7 ?, 3x3-3=6 ?, 2x3+2=9 ?, 3x3-1=7 ?, 8/4-2=1 ?;accuracy;4.1692059916106246, 4.417235984345325, 3.535198607379016, 3.7925563858952955, 4.591952723364557;0.9166666667;faces\\Emma.bmp, faces\\Niclas.bmp, faces\\Linda.bmp, faces\\Nana.bmp, faces\\Kenny.bmp;1-7;8;18;;female;;cheat_first
7;1;35.5858754009;;self;5;6;5;1, 1, 1, 1, 1, 1, 1;1461230089.793;dotscs_1_8;;1;7;0.7142857143;5;14;0.5;;3.9222231541;practiceCS;faces\\Mona.bmp, faces\\Jason.bmp, faces\\Tony.bmp, faces\\Thomas.bmp, faces\\Billy.bmp, faces\\Tanya.bmp, faces\\Micha.bmp;;instructions;right;1, 1, 1, 1, 1, 1, 1;faces;1, 1, 1, 1, 1, 1, 1;4/2+1=3 ?, 5+9/3=8 ?, 3x3-6=3 ?, 2x3-2=4 ?, 9/3-1=2 ?, 5+9/3=8 ?, 6+4/2=8 ?;accuracy;3.016467126792122, 3.1904771510298815, 3.1258016010610845, 3.8797381651813794, 3.4917751068653615, 3.103116658191084, 3.7137348619889963;0.8421052632;faces\\Mona.bmp, faces\\Jason.bmp, faces\\Tony.bmp, faces\\Thomas.bmp, faces\\Tanya.bmp, faces\\Brian.bmp, faces\\Micha.bmp;1-7;11;18;;female;;cheat_first
4;1;23.7012199589;;self;0.5;4;4;1, 1, 1, 1;1461230167.262;dotscs_1_8;;1;4;1;6;10;5;;4.9042516485;practiceCS;faces\\Ethan.bmp, faces\\Olivia.bmp, faces\\Susan.bmp, faces\\Lily.bmp;;instructions;left;0, 1, 0, 0;faces;0, 1, 0, 0;3+2x2=6 ?, 9/3+1=4 ?, 2x3-4=1 ?, 8/2-1=2 ?;accuracy;3.7811081018815003, 2.149189365941993, 4.750368663056179, 4.3750082721371655;0.8695652174;faces\\Ethan.bmp, faces\\Olivia.bmp, faces\\Susan.bmp, faces\\Lily.bmp;1-7;8;18;;female;;cheat_first
2;1;8.46946387;1.4874983677;self;0.5;2;2;1, 1;1461230249.832;dotscs_1_8;;1;2;1;1;14;5;right;3.7609155938;practiceExp;faces\\Amanda.bmp, faces\\Jason.bmp;1;instructions;right;0, 0;faces;0, 0;4+6/3=8 ?, 4/2+5=8 ?;cheat;3.924412306675322, 4.142430454771329;0.88;faces\\Amanda.bmp, faces\\Jason.bmp;1-7;4;18;0.5;female;;cheat_first
6;1;38.3090537701;0.9580072696;self;5;6;3;1, 1, 1, 1, 1, 1;1461230282.14;dotscs_1_8;;1;6;0.5;2;12;0.5;left;7.3523077582;practiceExp;faces\\Kate.bmp, faces\\Steve.bmp, faces\\Milla.bmp, faces\\Rachel.bmp, faces\\Jake.bmp, faces\\Kevin.bmp;1;instructions;left;1, 1, 1, 0, 1, 1;faces;1, 1, 1, 0, 1, 1;8/4+1=3 ?, 7+8/4=9 ?, 3x3-6=3 ?, 3x3-3=4 ?, 2x2-1=3 ?, 2x2-4=0 ?;cheat;3.006491371674201, 3.045135611736441, 2.218493066091469, 5.256361229280174, 2.837114452051992, 2.7544889836367474;0.8064516129;faces\\Kate.bmp, faces\\Steve.bmp, faces\\Milla.bmp, faces\\Kevin.bmp, faces\\Rachel.bmp, faces\\Jake.bmp;1-7;9;18;0.5;female;;cheat_first
4;1;28.1085417646;1.1500192338;self;0.5;3;3;1, 1, 1, 1;1461230364.338;dotscs_1_8;;1;4;0.75;3;10;5;left;4.4934511215;practiceExp;faces\\Mark.bmp, faces\\Eddie.bmp, faces\\Kristen.bmp, faces\\Adam.bmp;1;instructions;left;0, 0, 0, 1;faces;0, 0, 0, 1;9/3+3=4 ?, 4/2+7=7 ?, 2x4-7=2 ?, 5+8/4=7 ?;accuracy;3.243320448263148, 3.088468516865305, 4.699743891093021, 2.1193254465802056;0.8;faces\\Mark.bmp, faces\\Eddie.bmp, faces\\Kristen.bmp, faces\\Joshua.bmp;1-7;6;18;5;female;;cheat_first
6;1;34.5206944986;1.1581409685;self;5;4;1;1, 1, 1, 1, 1, 1;1461230435.242;dotscs_1_8;;1;6;0.1666666667;1;14;0.5;right;9.8907433811;experiment;faces\\Lucia.bmp, faces\\Fiona.bmp, faces\\Ethan.bmp, faces\\Zach.bmp, faces\\Jake.bmp, faces\\Lena.bmp;0;instructions;left;1, 1, 0, 0, 1, 1;faces;1, 1, 0, 0, 1, 1;8/4-2=0 ?, 8/2-3=1 ?, 2x2-4=1 ?, 3x3-4=3 ?, 3x3-2=7 ?, 3+4/2=5 ?;cheat;3.3485643285625883, 2.6692100613254297, 2.225116438072291, 5.431085046063799, 3.884487345133948, 2.9759593113476512;0.7073170732;faces\\Lucia.bmp, faces\\Ethan.bmp, faces\\Zach.bmp, faces\\Jake.bmp, faces\\Eddie.bmp, faces\\Leslie.bmp;1-7;5;18;3.5365853659;female;3.5365853659;cheat_first
7;1;41.3962440427;0.8597070301;self;5;6;2;1, 1, 1, 1, 1, 1, 1;1461230515.374;dotscs_1_8;;1;7;0.2857142857;2;14;0.5;right;6.7882350568;experiment;faces\\Billy.bmp, faces\\Julia.bmp, faces\\Haley.bmp, faces\\John.bmp, faces\\Chris.bmp, faces\\Amber.bmp, faces\\Ricky.bmp;0;instructions;left;0, 1, 0, 1, 0, 1, 1;faces;0, 1, 0, 1, 0, 1, 1;9/3-3=1 ?, 9/3-3=0 ?, 9/3-2=3 ?, 6/2-3=0 ?, 2x2+5=7 ?, 6/2-2=1 ?, 2x3-1=5 ?;cheat;5.2984063351655095, 2.349971742024991, 5.502379367467256, 2.857194777600398, 2.9498441299319893, 3.2945050713951787, 3.057790300702436;0.6458333333;faces\\Billy.bmp, faces\\Ricky.bmp, faces\\Haley.bmp, faces\\Chris.bmp, faces\\Amber.bmp, faces\\John.bmp, faces\\Niclas.bmp;1-7;8;18;3.2291666667;female;6.7657520325;cheat_first
1;1;8.1548398992;0.8666627031;self;5;1;1;1;1461230611.82;dotscs_1_8;;1;1;1;3;14;0.5;right;6.0422538999;experiment;faces\\Julian.bmp;0;instructions;left;0;faces;0;2+3x2=9 ?;cheat;4.1225352128;0.6530612245;faces\\Julian.bmp;1-7;2;18;3.2653061224;female;10.031058155;cheat_first
3;1;11.7534142251;0.8587681646;self;0.5;3;3;1, 1, 1;1461230637.319;dotscs_1_8;;1;3;1;4;10;5;right;7.4226911713;experiment;faces\\Haley.bmp, faces\\Mike.bmp, faces\\Justin.bmp;1;instructions;right;0, 0, 1;faces;0, 0, 1;2x3-3=2 ?, 6+9/3=7 ?, 1+6/3=3 ?;cheat;5.444416369312421, 3.937734782717598, 3.7950643917315574;0.6730769231;faces\\Haley.bmp, faces\\Mike.bmp, faces\\Justin.bmp;1-7;6;18;0.3365384615;female;10.3675966165;cheat_first
7;1;26.7957017444;0.876370211;self;5;6;6;1, 1, 1, 1, 1, 1, 1;1461230680.926;dotscs_1_8;;1;7;0.8571428571;5;14;0.5;right;8.6106121877;experiment;faces\\Casper.bmp, faces\\Lulu.bmp, faces\\Linda.bmp, faces\\Lisa.bmp, faces\\David.bmp, faces\\Niclas.bmp, faces\\Victor.bmp;0;instructions;left;0, 0, 0, 0, 0, 1, 1;faces;0, 0, 0, 0, 0, 1, 1;2x2-3=3 ?, 2x2-4=1 ?, 3x3-7=1 ?, 3x2-5=3 ?, 6/3+4=8 ?, 3x3-9=0 ?, 1+9/3=4 ?;cheat;3.5357747374059727, 3.0175663036125115, 4.407058512940239, 4.189747787402666, 3.6531056699614055, 2.729802095089326, 2.691147238380381;0.6949152542;faces\\Casper.bmp, faces\\Lulu.bmp, faces\\Linda.bmp, faces\\Lisa.bmp, faces\\Justin.bmp, faces\\Niclas.bmp, faces\\Victor.bmp;1-7;12;18;3.4745762712;female;13.8421728877;cheat_first
7;1;30.4388426298;1.1001914181;self;0.5;6;4;1, 1, 1, 1, 1, 1, 1;1461230758.451;dotscs_1_8;;1;7;0.5714285714;6;12;5;right;9.3639807612;experiment;faces\\Peter.bmp, faces\\Olivia.bmp, faces\\Oliver.bmp, faces\\Thomas.bmp, faces\\Robert.bmp, faces\\Emily.bmp, faces\\Chloe.bmp;1;instructions;right;1, 0, 1, 0, 0, 1, 1;faces;1, 0, 1, 0, 0, 1, 1;3x3-1=8 ?, 4+8/2=6 ?, 9/3+3=6 ?, 9/3-2=2 ?, 4/2-1=0 ?, 4x2-4=4 ?, 6+8/4=8 ?;cheat;2.8644664728067255, 3.6851127364016065, 3.6324569999264895, 4.03038696615522, 2.916479194380827, 3.382521672999246, 3.2619017032993725;0.6818181818;faces\\Peter.bmp, faces\\Olivia.bmp, faces\\Oliver.bmp, faces\\Chloe.bmp, faces\\Kenny.bmp, faces\\Emily.bmp, faces\\Thomas.bmp;1-7;10;18;0.3409090909;female;14.1830819786;cheat_first
1;1;2.7870173274;1.2403308006;other;0.5;1;1;1;1461230843.761;dotscs_1_8;;1;1;1;7;10;5;right;6.5848717739;experiment;faces\\Nana.bmp;1;instructions;right;1;faces;1;2x4+1=9 ?;cheat;2.2633048701;0.6865671642;faces\\Nana.bmp;1-7;2;18;0.3432835821;female;14.1830819786;cheat_first
5;1;17.9249902061;0.9587713142;other;5;3;2;1, 1, 1, 1, 1;1461230866.66;dotscs_1_8;;1;5;0.4;8;10;0.5;left;6.3740110151;experiment;faces\\Steve.bmp, faces\\Andrea.bmp, faces\\Ricky.bmp, faces\\Anders.bmp, faces\\Mark.bmp;1;instructions;left;1, 1, 1, 0, 1;faces;1, 1, 1, 0, 1;6+9/3=9 ?, 3x2-2=4 ?, 8/4+4=6 ?, 2x4-5=1 ?, 9/3-3=0 ?;cheat;2.827845057826835, 3.6098297408370854, 2.528604962008103, 3.274463673550599, 2.070538416159252;0.6666666667;faces\\Steve.bmp, faces\\Andrea.bmp, faces\\Mark.bmp, faces\\Kenny.bmp, faces\\Polly.bmp;1-7;5;18;0.3333333333;female;14.1830819786;cheat_first
6;1;21.9877080465;0.9428870414;other;5;4;1;1, 1, 1, 1, 1, 1;1461230925.716;dotscs_1_8;;1;6;0.1666666667;9;12;0.5;left;5.850244059;experiment;faces\\Regina.bmp, faces\\Karen.bmp, faces\\Milla.bmp, faces\\Simon.bmp, faces\\Keith.bmp, faces\\Leslie.bmp;1;instructions;left;0, 0, 1, 0, 1, 0;faces;0, 0, 1, 0, 1, 0;9/3-1=3 ?, 2x2+5=8 ?, 4x2-8=0 ?, 3x2-5=2 ?, 9/3-2=1 ?, 4/2-2=1 ?;cheat;2.356510534721565, 2.861562466048781, 1.737777673970868, 2.883036049531711, 1.9031351311564322, 2.60970446440615;0.6282051282;faces\\Regina.bmp, faces\\Joseph.bmp, faces\\Leslie.bmp, faces\\Andrea.bmp, faces\\Milla.bmp, faces\\Simon.bmp;1-7;5;18;0.3141025641;female;14.1830819786;cheat_first
2;1;7.2475515359;1.2427333477;other;5;2;2;1, 1;1461230988.892;dotscs_1_8;;1;2;1;10;12;0.5;left;5.3315879566;experiment;faces\\Emma.bmp, faces\\Tony.bmp;1;instructions;left;0, 1;faces;0, 1;4/2+3=3 ?, 3+6/3=5 ?;cheat;2.092332268483915, 3.7590951927472815;0.6375;faces\\Emma.bmp, faces\\Tony.bmp;1-7;4;18;0.31875;female;14.1830819786;cheat_first
4;1;12.4025022021;1.2818730313;other;0.5;3;3;1, 1, 1, 1;1461231014.741;dotscs_1_8;;1;4;0.75;11;12;5;right;3.4402557055;experiment;faces\\Leslie.bmp, faces\\Carl.bmp, faces\\Greg.bmp, faces\\Eddie.bmp;1;instructions;right;0, 1, 0, 1;faces;0, 1, 0, 1;4x2-3=3 ?, 3x2-6=0 ?, 1+6/3=1 ?, 2x2+4=8 ?;cheat;4.73903999326194, 1.8926310209217263, 2.383816196119369, 1.6233220832264124;0.6428571429;faces\\Leslie.bmp, faces\\Carl.bmp, faces\\Robert.bmp, faces\\Eddie.bmp;1-7;6;18;0.3214285714;female;14.1830819786;cheat_first
3;1;8.7441865897;1.0575337317;other;5;3;3;1, 1, 1;1461231052.523;dotscs_1_8;;1;3;1;12;12;0.5;left;3.2782060415;experiment;faces\\Micha.bmp, faces\\Noah.bmp, faces\\Kate.bmp;1;instructions;left;1, 0, 0;faces;1, 0, 0;8/2-1=3 ?, 2x2+5=7 ?, 6/2-1=3 ?;cheat;2.857089672798793, 2.5739394589259064, 3.0857761352644957;0.6551724138;faces\\Micha.bmp, faces\\Noah.bmp, faces\\Kate.bmp;1-7;6;18;0.3275862069;female;14.1830819786;cheat_first
7;1;24.0225140149;0.9823006344;self;5;5;0;1, 1, 1, 1, 1, 1, 1;1461231082.179;dotscs_1_8;;1;7;0;13;14;0.5;left;3.4282744658;experiment;faces\\Timmy.bmp, faces\\Joshua.bmp, faces\\Andre.bmp, faces\\Kenny.bmp, faces\\Jenny.bmp, faces\\Mark.bmp, faces\\Nathan.bmp;1;instructions;left;1, 1, 1, 1, 1, 0, 0;faces;1, 1, 1, 1, 1, 0, 0;4/2-1=1 ?, 9/3-2=1 ?, 1+8/4=3 ?, 9/3+5=8 ?, 3+2x2=7 ?, 3x3-7=0 ?, 4x2-1=8 ?;cheat;3.5804364928121686, 2.564493120589759, 2.7491803064035594, 1.7978247198707322, 3.085074021030323, 2.400516181362036, 2.831796219836633;0.6063829787;faces\\Micha.bmp, faces\\Timmy.bmp, faces\\Joshua.bmp, faces\\Jenny.bmp, faces\\Mark.bmp, faces\\Andre.bmp, faces\\Rachel.bmp;1-7;5;18;0.3031914894;female;14.486273468;cheat_first
5;1;10.9085825326;0.9168624553;self;5;2;1;1, 1, 1, 1, 1;1461231150.209;dotscs_1_8;;1;5;0.2;14;10;0.5;left;2.6784026618;experiment;faces\\Oliver.bmp, faces\\Peter.bmp, faces\\Kurt.bmp, faces\\Matt.bmp, faces\\Haley.bmp;1;instructions;left;1, 0, 0, 0, 0;faces;1, 0, 0, 0, 0;3x3-2=7 ?, 4/2+4=8 ?, 1+9/3=6 ?, 8/2+2=8 ?, 4x2-1=6 ?;cheat;2.409878648189533, 4.216451484932804, 2.4471600647048035, 2.299827904157155, 3.734402641987799;0.5858585859;faces\\Oliver.bmp, faces\\Andre.bmp, faces\\Haley.bmp, faces\\Micha.bmp, faces\\Andrea.bmp;1-7;3;18;0.2929292929;female;14.7792027609;cheat_first
2;1;3.9550618579;0.8595852925;self;0.5;2;2;1, 1;1461231202.203;dotscs_1_8;;1;2;1;15;14;5;right;2.296605398;experiment;faces\\Fiona.bmp, faces\\Jacob.bmp;1;instructions;right;1, 1;faces;1, 1;4x2-2=6 ?, 2x4-1=7 ?;cheat;3.448488207205628, 2.8218540840998685;0.5940594059;faces\\Fiona.bmp, faces\\Jacob.bmp;1-7;4;18;0.297029703;female;15.0762324639;cheat_first
6;1;36.7118210345;0.9501629832;self;5;6;1;1, 1, 1, 1, 1, 1;1461231228.536;dotscs_1_8;;1;6;0.1666666667;16;10;0.5;right;10.8106513985;experiment;faces\\Gary.bmp, faces\\Benny.bmp, faces\\Timmy.bmp, faces\\Sarah.bmp, faces\\Jonah.bmp, faces\\Julia.bmp;0;instructions;left;1, 1, 1, 0, 0, 1;faces;1, 1, 1, 0, 0, 1;2x2-4=0 ?, 4/2+7=9 ?, 5+8/2=9 ?, 1+2x3=6 ?, 9/3+1=6 ?, 2x2+2=6 ?;cheat;3.392419926596631, 3.4157761954256785, 2.350485587725416, 2.551192585617173, 1.9118117626076128, 2.8824684128217086;0.5700934579;faces\\Gary.bmp, faces\\Timmy.bmp, faces\\Sarah.bmp, faces\\Julia.bmp, faces\\Benny.bmp, faces\\Jonah.bmp;1-7;7;18;2.8504672897;female;17.9266997536;cheat_first
1;1;4.5689896244;1.281892849;self;5;1;1;1;1461231307.222;dotscs_1_8;;1;1;1;17;10;0.5;left;3.2375874591;experiment;faces\\Diana.bmp;1;instructions;left;1;faces;1;3x3-6=3 ?;cheat;2.4792839143;0.5740740741;faces\\Diana.bmp;1-7;2;18;0.287037037;female;18.2137367906;cheat_first
3;1;7.1629506634;1.165244213;self;5;3;3;1, 1, 1;1461231330.138;dotscs_1_8;;1;3;1;18;10;0.5;left;7.0015206577;experiment;faces\\Jeff.bmp, faces\\Milla.bmp, faces\\Joan.bmp;1;instructions;left;1, 1, 1;faces;1, 1, 1;7+8/4=9 ?, 3x2-6=0 ?, 9/3-3=0 ?;cheat;2.0399801681041936, 1.9732021682025334, 2.4932819629189;0.5855855856;faces\\Jeff.bmp, faces\\Milla.bmp, faces\\Joan.bmp;1-7;6;18;0.2927927928;female;18.5065295834;cheat_first
5;1;15.5256995397;0.7985763785;other;0.5;2;1;1, 1, 1, 1, 1;1461231359.653;dotscs_1_8;;1;5;0.2;19;12;5;right;6.6381291204;experiment;faces\\Noah.bmp, faces\\Thomas.bmp, faces\\Nathan.bmp, faces\\Tony.bmp, faces\\Lisa.bmp;1;instructions;right;1, 0, 0, 1, 1;faces;1, 0, 0, 1, 1;2x2-2=2 ?, 4+4/2=4 ?, 3x2-5=0 ?, 2x3-4=2 ?, 2x3-4=2 ?;cheat;2.9765924173784697, 3.5684499448111637, 2.6485695307196693, 2.9652060638040894, 3.1811362713838207;0.5689655172;faces\\Lisa.bmp, faces\\Thomas.bmp, faces\\Jane.bmp, faces\\Cindy.bmp, faces\\Chloe.bmp;1-7;3;18;0.2844827586;female;18.5065295834;cheat_first
5;1;5.1729370351;1.1001747854;other;5;4;0;1, 1, 1, 1, 1;1461231414.566;dotscs_1_8;;1;5;0;20;12;0.5;right;7.0513336101;experiment;faces\\Daniel.bmp, faces\\Andre.bmp, faces\\Emma.bmp, faces\\Mary.bmp, faces\\Eric.bmp;0;instructions;left;1, 1, 1, 0, 1;faces;1, 1, 1, 0, 1;8/4+6=8 ?, 4/2+4=6 ?, 9/3-2=1 ?, 3x3-8=0 ?, 3x3-2=7 ?;cheat;3.0272051571423617, 3.41710752292056, 3.375174245713879, 2.4711604100998557, 3.275111288999142;0.5454545455;faces\\Emma.bmp, faces\\Daniel.bmp, faces\\Andre.bmp, faces\\Eric.bmp, faces\\Jacob.bmp;1-7;4;18;2.7272727273;female;18.5065295834;cheat_first
3;1;9.6206990637;1.4198908538;other;0.5;2;2;1, 1, 1;1461231460.449;dotscs_1_8;;1;3;0.6666666667;21;14;5;right;2.5538085274;experiment;faces\\Erica.bmp, faces\\Joseph.bmp, faces\\Olivia.bmp;0;instructions;left;0, 1, 0;faces;0, 1, 0;8/4+2=6 ?, 2x4-8=0 ?, 8/2-1=1 ?;accuracy;5.645648537326906, 2.6424684977550896, 2.6638015876133068;0.5483870968;faces\\Erica.bmp, faces\\David.bmp, faces\\Olivia.bmp;1-7;4;18;0.2741935484;female;18.5065295834;cheat_first
3;1;8.2593986519;1.0000714854;other;0.5;2;0;1, 1, 1;1461231494.802;dotscs_1_8;;1;3;0;22;12;5;right;2.6470669213;experiment;faces\\Will.bmp, faces\\Erin.bmp, faces\\Timmy.bmp;0;instructions;left;1, 1, 1;faces;1, 1, 1;3x2-1=5 ?, 2x2+4=8 ?, 2+2x2=6 ?;accuracy;2.1412406825656944, 2.1506551709612722, 3.3031604695529495;0.5354330709;faces\\Erin.bmp, faces\\Will.bmp, faces\\Donald.bmp;1-7;2;18;0.2677165354;female;18.5065295834;cheat_first
3;1;8.9854371457;0.8079023948;other;0.5;2;2;1, 1, 1;1461231522.166;dotscs_1_8;;1;3;0.6666666667;23;12;5;right;2.6797552226;experiment;faces\\Peter.bmp, faces\\Victor.bmp, faces\\Keith.bmp;1;instructions;right;0, 1, 0;faces;0, 1, 0;4x2-5=1 ?, 1+4/2=3 ?, 3x3-9=1 ?;cheat;4.499829602820682, 2.630499644165411, 3.8605209730085335;0.5384615385;faces\\Peter.bmp, faces\\Victor.bmp, faces\\Leah.bmp;1-7;4;18;0.2692307692;female;18.5065295834;cheat_first
5;1;6.4142346583;0.8666952608;other;0.5;2;1;1, 1, 1, 1, 1;1461231553.384;dotscs_1_8;;1;5;0.2;24;12;5;right;6.5715945956;experiment;faces\\Eddie.bmp, faces\\Olga.bmp, faces\\Angie.bmp, faces\\Joseph.bmp, faces\\Nana.bmp;0;instructions;left;0, 1, 1, 1, 1;faces;0, 1, 1, 1, 1;4x2-2=7 ?, 4x2-5=3 ?, 2x4-2=6 ?, 2x4-5=3 ?, 9/3-1=2 ?;accuracy;3.3004772890462846, 4.743186855459044, 3.5526045996266475, 3.7531364228480015, 3.241818546644936;0.5259259259;faces\\Eddie.bmp, faces\\Eric.bmp, faces\\Keith.bmp, faces\\Olga.bmp, faces\\Hanna.bmp;1-7;3;18;0.262962963;female;18.5065295834;cheat_first
6;1;14.9724887295;0.6254273643;self;0.5;5;2;1, 1, 1, 1, 1, 1;1461231598.377;dotscs_1_8;;1;6;0.3333333333;25;10;5;right;2.4896316059;experiment;faces\\Scott.bmp, faces\\Rachel.bmp, faces\\Greg.bmp, faces\\Jason.bmp, faces\\Jeff.bmp, faces\\Lulu.bmp;1;instructions;right;1, 1, 1, 0, 0, 1;faces;1, 1, 1, 0, 0, 1;8/2+3=7 ?, 1+9/3=4 ?, 9/3-1=2 ?, 3x3-7=0 ?, 2x4-4=3 ?, 2x4-5=3 ?;cheat;3.2304643968986966, 2.2925884127794234, 2.3358569102510955, 2.4012689016126387, 3.119758959653609, 2.5058400404000167;0.5177304965;faces\\Scott.bmp, faces\\Rachel.bmp, faces\\Jason.bmp, faces\\Jeff.bmp, faces\\Lulu.bmp, faces\\Donald.bmp;1-7;7;18;0.2588652482;female;18.7653948316;cheat_first
6;1;20.2907414701;0.8427649853;self;5;5;4;1, 1, 1, 1, 1, 1;1461231649.096;dotscs_1_8;;1;6;0.6666666667;26;12;0.5;right;4.6841034472;experiment;faces\\Casper.bmp, faces\\Kiki.bmp, faces\\Wendy.bmp, faces\\Maria.bmp, faces\\Carl.bmp, faces\\Vicky.bmp;0;instructions;left;1, 1, 0, 1, 0, 1;faces;1, 1, 0, 1, 0, 1;4+9/3=7 ?, 2x2-4=0 ?, 4x2-8=1 ?, 1+3x2=7 ?, 9/3-1=0 ?, 6+6/2=9 ?;cheat;2.6479166069480016, 2.412518654332871, 2.538492952846809, 2.0759624609527236, 2.383842737735904, 2.6551543288846915;0.5238095238;faces\\Casper.bmp, faces\\Kiki.bmp, faces\\Wendy.bmp, faces\\Vicky.bmp, faces\\Carl.bmp, faces\\Mary.bmp;1-7;9;18;2.619047619;female;21.3844424507;cheat_first
1;1;2.1412590848;1.1517214362;self;0.5;1;1;1;1461231708.457;dotscs_1_8;;1;1;1;27;14;5;right;1.5230046809;experiment;faces\\Eric.bmp;0;instructions;left;1;faces;1;6/2+5=8 ?;accuracy;2.1775347509;0.527027027;faces\\Eric.bmp;1-7;2;18;0.2635135135;female;21.6479559642;cheat_first
7;1;24.1471385837;0.9422380104;self;0.5;7;4;1, 1, 1, 1, 1, 1, 1;1461231726.304;dotscs_1_8;;1;7;0.5714285714;28;10;5;left;8.8760049983;experiment;faces\\Jacob.bmp, faces\\Ella.bmp, faces\\Leah.bmp, faces\\Fiona.bmp, faces\\Benny.bmp, faces\\Mary.bmp, faces\\Lily.bmp;0;instructions;right;0, 0, 0, 1, 0, 0, 0;faces;0, 0, 0, 1, 0, 0, 0;1+9/3=3 ?, 3x2+2=7 ?, 1+2x3=9 ?, 3x3-8=1 ?, 2x3+3=7 ?, 2x2-2=1 ?, 3x3-6=1 ?;cheat;2.5471784315041077, 2.443989580115158, 2.3691542531523737, 2.273161718778283, 3.2853283958847896, 1.9925333123833298, 2.359877073386997;0.5290322581;faces\\Jacob.bmp, faces\\Ella.bmp, faces\\Leah.bmp, faces\\Fiona.bmp, faces\\Lily.bmp, faces\\Benny.bmp, faces\\Mary.bmp;1-7;11;18;2.6451612903;female;24.2931172545;cheat_first
3;1;7.9718878273;0.9273191445;self;0.5;3;3;1, 1, 1;1461231798.675;dotscs_1_8;;1;3;1;29;14;5;left;8.0985883045;experiment;faces\\Zach.bmp, faces\\Kenny.bmp, faces\\Kristen.bmp;0;instructions;right;0, 1, 1;faces;0, 1, 1;4+4/2=8 ?, 2x4-8=0 ?, 2x4-1=7 ?;cheat;3.911761510480119, 2.283051832946512, 3.3022601779139222;0.5379746835;faces\\Zach.bmp, faces\\Kenny.bmp, faces\\Kristen.bmp;1-7;6;18;2.6898734177;female;26.9829906722;cheat_first
4;1;12.3005448817;0.8334793122;self;5;4;4;1, 1, 1, 1;1461231835.742;dotscs_1_8;;1;4;1;30;12;0.5;right;4.7350399947;experiment;faces\\Mark.bmp, faces\\Oliver.bmp, faces\\Hanna.bmp, faces\\Robert.bmp;0;instructions;left;1, 1, 1, 1;faces;1, 1, 1, 1;3x3-8=1 ?, 2x3-3=3 ?, 8/2+5=9 ?, 2x4-8=0 ?;cheat;3.152411518212375, 4.02502732901803, 2.3911176179358336, 1.6145552102784677;0.549382716;faces\\Mark.bmp, faces\\Oliver.bmp, faces\\Hanna.bmp, faces\\Robert.bmp;1-7;8;18;2.7469135802;female;29.7299042525;cheat_first
7;1;7.9721691685;0.9652460532;other;0.5;5;4;1, 1, 1, 1, 1, 1, 1;1461231879.267;dotscs_1_8;;1;7;0.5714285714;31;10;5;right;5.2909237226;experiment;faces\\Brian.bmp, faces\\Lucia.bmp, faces\\Tanya.bmp, faces\\Emma.bmp, faces\\Bruce.bmp, faces\\Julian.bmp, faces\\Jeff.bmp;0;instructions;left;1, 1, 0, 1, 1, 1, 0;faces;1, 1, 0, 1, 1, 1, 0;2x4-2=6 ?, 2x2+1=5 ?, 2x2-3=3 ?, 5+2x2=9 ?, 9/3-3=0 ?, 4x2-7=1 ?, 5+2x2=8 ?;accuracy;3.257129874500606, 2.2218443875631237, 2.6838787281681107, 1.8552165424343912, 2.483857211764189, 2.687180151400753, 2.7946252164470025;0.550295858;faces\\Brian.bmp, faces\\Lucia.bmp, faces\\Tanya.bmp, faces\\Emma.bmp, faces\\Benny.bmp, faces\\George.bmp, faces\\Bruce.bmp;1-7;9;18;0.275147929;female;29.7299042525;cheat_first
2;1;4.1243403966;1.7946315864;other;0.5;2;2;1, 1;1461231935.32;dotscs_1_8;;1;2;1;32;12;5;right;3.3250597806;experiment;faces\\John.bmp, faces\\Niclas.bmp;1;instructions;right;0, 0;faces;0, 0;2x3-1=3 ?, 4x2-3=4 ?;cheat;3.095803911950952, 3.979072112157155;0.5555555556;faces\\John.bmp, faces\\Niclas.bmp;1-7;4;18;0.2777777778;female;29.7299042525;cheat_first
3;1;12.0559454814;1.1001684154;other;0.5;3;3;1, 1, 1;1461231963.104;dotscs_1_8;;1;3;1;33;10;5;right;2.379789302;experiment;faces\\Lulu.bmp, faces\\Nicole.bmp, faces\\Paul.bmp;1;instructions;right;1, 0, 0;faces;1, 0, 0;3x3-9=0 ?, 4/2+5=6 ?, 2+8/2=4 ?;cheat;2.912451238626545, 4.411149106909761, 3.753801024931363;0.5632183908;faces\\Lulu.bmp, faces\\Nicole.bmp, faces\\Paul.bmp;1-7;6;18;0.2816091954;female;29.7299042525;cheat_first
3;1;6.6421751244;1.6080135865;other;5;3;3;1, 1, 1;1461231998.596;dotscs_1_8;;1;3;1;34;14;0.5;left;3.478262239;experiment;faces\\Sarah.bmp, faces\\Rachel.bmp, faces\\Jane.bmp;1;instructions;left;0, 0, 0;faces;0, 0, 0;4x2-5=5 ?, 4x2-2=4 ?, 2x4-5=4 ?;cheat;3.3825319357579247, 4.021753862955393, 4.227778739174028;0.5706214689;faces\\Sarah.bmp, faces\\Rachel.bmp, faces\\Jane.bmp;1-7;6;18;0.2853107345;female;29.7299042525;cheat_first
3;1;7.7507536934;1.076431009;other;5;3;3;1, 1, 1;1461232029.625;dotscs_1_8;;1;3;1;35;14;0.5;left;0.878412146;experiment;faces\\Susan.bmp, faces\\Sonya.bmp, faces\\Mona.bmp;1;instructions;left;0, 0, 1;faces;0, 0, 1;3x3-4=3 ?, 8/2+5=7 ?, 4x2-4=4 ?;cheat;2.3481495715650453, 3.692856164609111, 2.5598391365692805;0.5777777778;faces\\Susan.bmp, faces\\Sonya.bmp, faces\\Mona.bmp;1-7;6;18;0.2888888889;female;29.7299042525;cheat_first
2;1;4.7649205468;1.4953182358;other;0.5;2;2;1, 1;1461232055.833;dotscs_1_8;;1;2;1;36;12;5;right;2.0605159478;experiment;faces\\Billy.bmp, faces\\Brian.bmp;1;instructions;right;1, 0;faces;1, 0;3x3-5=4 ?, 4x2-6=4 ?;cheat;3.247798195948235, 3.7250847650766445;0.5824175824;faces\\Billy.bmp, faces\\Brian.bmp;1-7;4;18;0.2912087912;female;29.7299042525;cheat_first
6;1;14.0456568891;0.9317604417;self;0.5;5;3;1, 1, 1, 1, 1, 1;1461232076.863;dotscs_1_8;;1;6;0.5;37;14;5;left;4.9302107652;experiment;faces\\Jane.bmp, faces\\Adam.bmp, faces\\Emily.bmp, faces\\Amanda.bmp, faces\\Kate.bmp, faces\\James.bmp;0;instructions;right;0, 0, 1, 1, 1, 0;faces;0, 0, 1, 1, 1, 0;6/2-1=3 ?, 2x3-3=2 ?, 2x2-3=1 ?, 9/3+4=7 ?, 1+6/2=4 ?, 9/3-2=0 ?;cheat;3.32843410477426, 3.578450472104578, 2.5704978959574873, 2.626576439325163, 2.376506280985268, 2.336611753831221;0.579787234;faces\\Jane.bmp, faces\\Adam.bmp, faces\\Emily.bmp, faces\\Kate.bmp, faces\\James.bmp, faces\\Timmy.bmp;1-7;8;18;2.8989361702;female;32.6288404227;cheat_first
4;1;16.9969562074;1.0492162968;self;5;3;1;1, 1, 1, 1;1461232133.383;dotscs_1_8;;1;4;0.25;38;10;0.5;right;17.6189257298;experiment;faces\\Damon.bmp, faces\\Ella.bmp, faces\\Julia.bmp, faces\\Ricky.bmp;0;instructions;left;0, 0, 0, 1;faces;0, 0, 0, 1;2x2+5=7 ?, 8/4+3=7 ?, 6+9/3=7 ?, 2x3-5=1 ?;cheat;2.7131941207844648, 3.9157646940584527, 2.2146342689079574, 2.7325404821585835;0.5729166667;faces\\Damon.bmp, faces\\Julia.bmp, faces\\Kate.bmp, faces\\Ella.bmp;1-7;4;18;2.8645833333;female;35.493423756;cheat_first
5;1;22.4405763282;0.8167864047;self;5;4;2;1, 1, 1, 1, 1;1461232193.647;dotscs_1_8;;1;5;0.4;39;14;0.5;right;8.9732524203;experiment;faces\\Sonya.bmp, faces\\Nina.bmp, faces\\Susan.bmp, faces\\Lana.bmp, faces\\Damon.bmp;0;instructions;left;1, 0, 1, 0, 1;faces;1, 0, 1, 0, 1;1+8/2=5 ?, 3x2+3=7 ?, 9/3-2=1 ?, 3x3-9=1 ?, 2x4-3=5 ?;cheat;3.0670996842964087, 3.791781370687204, 3.3751073608400475, 2.199272688923884, 2.901815835861271;0.5685279188;faces\\Sonya.bmp, faces\\Lana.bmp, faces\\Susan.bmp, faces\\Damon.bmp, faces\\Kate.bmp;1-7;6;18;2.8426395939;female;38.3360633499;cheat_first
3;1;12.3071689615;0.8819227172;self;0.5;2;2;1, 1, 1;1461232263.553;dotscs_1_8;;1;3;0.6666666667;40;12;5;left;8.636563165;experiment;faces\\Tina.bmp, faces\\Wendy.bmp, faces\\Anna.bmp;0;instructions;right;1, 1, 0;faces;1, 1, 0;8/2-2=2 ?, 5+4/2=7 ?, 2x2-4=1 ?;cheat;3.006461998951636, 4.205085656874871, 2.1239128996148793;0.57;faces\\Tina.bmp, faces\\Wendy.bmp, faces\\Justin.bmp;1-7;4;18;2.85;female;41.1860633499;cheat_first
6;1;8.3287989635;0.9163050814;self;5;5;3;1, 1, 1, 1, 1, 1;1461232303.225;dotscs_1_8;;1;6;0.5;41;14;0.5;right;8.0092969975;experiment;faces\\Kristen.bmp, faces\\Donna.bmp, faces\\Anna.bmp, faces\\George.bmp, faces\\Kevin.bmp, faces\\Matt.bmp;1;instructions;right;1, 0, 0, 0, 1, 0;faces;1, 0, 0, 0, 1, 0;4x2-6=2 ?, 2x2-3=3 ?, 1+9/3=3 ?, 9/3-1=4 ?, 7+4/2=9 ?, 4+6/2=5 ?;accuracy;2.538423944643455, 2.9952738227816553, 2.1466452635077076, 3.099795771106983, 2.8312982991074023, 2.1805980073968385;0.567961165;faces\\Kristen.bmp, faces\\Donna.bmp, faces\\Scott.bmp, faces\\Kevin.bmp, faces\\Anna.bmp, faces\\Matt.bmp;1-7;8;18;2.8398058252;female;44.0258691752;cheat_first
2;1;2.8057603094;0.9167499189;self;0.5;2;2;1, 1;1461232352.288;dotscs_1_8;;1;2;1;42;14;5;left;17.4343355094;experiment;faces\\Jason.bmp, faces\\George.bmp;0;instructions;right;1, 0;faces;1, 0;2x2+1=5 ?, 5+8/4=5 ?;cheat;2.858487531279934, 2.943136886441607;0.5721153846;faces\\Jason.bmp, faces\\George.bmp;1-7;4;18;2.8605769231;female;46.8864460983;cheat_first
5;1;15.3696383722;0.915280575;other;0.5;4;2;1, 1, 1, 1, 1;1461232389.869;dotscs_1_8;;1;5;0.4;43;10;5;right;3.5607808331;experiment;faces\\David.bmp, faces\\Megan.bmp, faces\\Jenny.bmp, faces\\George.bmp, faces\\Will.bmp;1;instructions;right;1, 1, 1, 1, 0;faces;1, 1, 1, 1, 0;6+4/2=8 ?, 2x3-6=0 ?, 3x3-8=1 ?, 4+2x2=8 ?, 9/3-2=0 ?;cheat;1.9266970090429822, 2.072657852726479, 2.4126425152107913, 1.4513667340115717, 2.2239839957592267;0.5680751174;faces\\George.bmp, faces\\Megan.bmp, faces\\Jenny.bmp, faces\\Will.bmp, faces\\Emma.bmp;1-7;6;18;0.2840375587;female;46.8864460983;cheat_first
1;1;4.0538607259;1.5501694948;other;0.5;0;0;1;1461232443.254;dotscs_1_8;;1;1;0;44;10;5;right;2.9439628616;experiment;faces\\Kevin.bmp;1;instructions;right;1;faces;1;6/3+3=5 ?;cheat;4.0697814493;0.5654205607;faces\\Eddie.bmp;1-7;0;18;0.2827102804;female;46.8864460983;cheat_first
1;1;3.8869677477;1.5551281765;other;5;1;1;1;1461232464.237;dotscs_1_8;;1;1;1;45;12;0.5;right;4.9369211937;experiment;faces\\Angie.bmp;1;instructions;right;1;faces;1;4/2+4=6 ?;accuracy;4.5631929353;0.5674418605;faces\\Angie.bmp;1-7;2;18;2.8372093023;female;46.8864460983;cheat_first
6;1;12.4879336502;1.0015507382;other;5;5;3;1, 1, 1, 1, 1, 1;1461232482.833;dotscs_1_8;;1;6;0.5;46;10;0.5;left;2.914270578;experiment;faces\\Bruce.bmp, faces\\Lily.bmp, faces\\Linda.bmp, faces\\Brian.bmp, faces\\James.bmp, faces\\Alex.bmp;0;instructions;right;1, 1, 1, 0, 1, 1;faces;1, 1, 1, 0, 1, 1;8/4-1=1 ?, 3x3-6=3 ?, 2x2+3=7 ?, 4x2-1=9 ?, 8/4+3=5 ?, 9/3-2=1 ?;accuracy;3.5531694052306193, 3.7857875658537523, 2.1856193273924873, 2.6405390991631066, 3.36590839037126, 3.7578201334799815;0.5656108597;faces\\Bruce.bmp, faces\\Lily.bmp, faces\\Linda.bmp, faces\\James.bmp, faces\\Brian.bmp, faces\\Molly.bmp;1-7;8;18;0.2828054299;female;46.8864460983;cheat_first
2;1;10.0826559028;0.9667373381;other;5;2;2;1, 1;1461232536.374;dotscs_1_8;;1;2;1;47;14;0.5;right;1.453760434;experiment;faces\\Kiki.bmp, faces\\Shane.bmp;0;instructions;left;0, 0;faces;0, 0;3+4/2=7 ?, 4/2+4=5 ?;cheat;3.567232923212032, 3.359144170876789;0.5695067265;faces\\Kiki.bmp, faces\\Shane.bmp;1-7;4;18;2.8475336323;female;46.8864460983;cheat_first
5;1;11.9385073207;1.0318276451;other;5;2;1;1, 1, 1, 1, 1;1461232561.632;dotscs_1_8;;1;5;0.2;48;14;0.5;left;3.2983185709;experiment;faces\\Leah.bmp, faces\\Polly.bmp, faces\\Julian.bmp, faces\\Liam.bmp, faces\\Donna.bmp;1;instructions;left;0, 0, 1, 0, 1;faces;0, 0, 1, 0, 1;4/2+5=5 ?, 5+2x2=7 ?, 3x3-8=1 ?, 3x3-1=6 ?, 9/3+3=6 ?;cheat;1.885871755862354, 2.2172700283927043, 2.6151362947412053, 1.8698657454251588, 2.3379041536209115;0.5614035088;faces\\Leah.bmp, faces\\Zach.bmp, faces\\Lucia.bmp, faces\\Donna.bmp, faces\\Erin.bmp;1-7;3;18;0.2807017544;female;46.8864460983;cheat_first
3;1;9.0873972972;0.7835952283;self;5;3;3;1, 1, 1;1461232600.758;dotscs_1_8;;1;3;1;49;10;0.5;right;12.0227971254;experiment;faces\\Lana.bmp, faces\\Steve.bmp, faces\\Lisa.bmp;1;instructions;right;1, 0, 1;faces;1, 0, 1;2x4-3=5 ?, 2x2-1=1 ?, 6/3+5=7 ?;accuracy;3.9537875064006585, 3.114498765106873, 3.1484706189612552;0.5670995671;faces\\Lana.bmp, faces\\Steve.bmp, faces\\Lisa.bmp;1-7;6;18;2.8354978355;female;49.7219439338;cheat_first
4;1;14.1411083284;0.7752130319;self;5;2;1;1, 1, 1, 1;1461232645.314;dotscs_1_8;;1;4;0.25;50;14;0.5;right;13.6290685202;experiment;faces\\Maria.bmp, faces\\Mary.bmp, faces\\Britt.bmp, faces\\Kevin.bmp;1;instructions;right;1, 0, 1, 0;faces;1, 0, 1, 0;4x2-4=4 ?, 6/3+1=2 ?, 2x4-7=1 ?, 6/2+2=7 ?;accuracy;3.0331235837838904, 2.775169149723297, 2.615232198449121, 2.813293174098362;0.5617021277;faces\\Maria.bmp, faces\\Steve.bmp, faces\\Mary.bmp, faces\\Haley.bmp;1-7;3;18;2.8085106383;female;52.5304545721;cheat_first
2;1;17.5488785105;0.7655897494;self;5;1;1;1, 1;1461232698.013;dotscs_1_8;;1;2;0.5;51;12;0.5;right;4.8375876006;experiment;faces\\Daniel.bmp, faces\\Casper.bmp;1;instructions;right;0, 0;faces;0, 0;2x4+1=8 ?, 3x3-9=1 ?;accuracy;3.669768850829314, 1.9298820030498973;0.5611814346;faces\\Daniel.bmp, faces\\Jacob.bmp;1-7;2;18;2.805907173;female;55.3363617451;cheat_first
5;1;14.9270066612;0.7907533254;self;5;4;2;1, 1, 1, 1, 1;1461232737.217;dotscs_1_8;;1;5;0.4;52;10;0.5;right;17.4716668241;experiment;faces\\Lucas.bmp, faces\\Niclas.bmp, faces\\John.bmp, faces\\Hanna.bmp, faces\\Tanya.bmp;1;instructions;right;0, 1, 0, 0, 1;faces;0, 1, 0, 0, 1;2x4-6=1 ?, 9/3-2=1 ?, 4+4/2=4 ?, 8/4-2=2 ?, 8/2-1=3 ?;accuracy;2.3645034541268615, 2.8691243495968592, 2.5931396644646156, 4.2724093524166165, 2.5246095639704436;0.5578512397;faces\\Lucas.bmp, faces\\Hanna.bmp, faces\\John.bmp, faces\\Tanya.bmp, faces\\Ethan.bmp;1-7;6;18;2.7892561983;female;58.1256179434;cheat_first
4;1;13.1506289832;0.7352056144;self;5;4;2;1, 1, 1, 1;1461232801.99;dotscs_1_8;;1;4;0.5;53;14;0.5;right;3.9263923113;experiment;faces\\Cindy.bmp, faces\\Chris.bmp, faces\\Bruce.bmp, faces\\Simon.bmp;0;instructions;left;1, 1, 1, 1;faces;1, 1, 1, 1;8/2+4=8 ?, 4/2+6=8 ?, 6/2+1=4 ?, 8/2-2=2 ?;cheat;2.907171580227441, 2.749828983516636, 2.127173625701289, 3.9290882317654905;0.5569105691;faces\\Cindy.bmp, faces\\Chris.bmp, faces\\Simon.bmp, faces\\Bruce.bmp;1-7;6;18;2.7845528455;female;60.9101707889;cheat_first
6;1;15.0250043263;0.75019455;self;5;5;5;1, 1, 1, 1, 1, 1;1461232847.294;dotscs_1_8;;1;6;0.8333333333;54;12;0.5;right;4.6143517246;experiment;faces\\Mike.bmp, faces\\Jacob.bmp, faces\\Joan.bmp, faces\\Amber.bmp, faces\\Robert.bmp, faces\\Erica.bmp;1;instructions;right;0, 1, 0, 0, 1, 0;faces;0, 1, 0, 0, 1, 0;4+4/2=8 ?, 3x3-1=8 ?, 2x2+3=6 ?, 2x4-5=1 ?, 8/2-2=2 ?, 8/4+3=3 ?;accuracy;2.928485560122681, 2.5145952350367224, 3.828396415678071, 2.370526277793033, 2.770502071838564, 2.0906290044667912;0.5634920635;faces\\Mike.bmp, faces\\Jacob.bmp, faces\\Joan.bmp, faces\\Amber.bmp, faces\\Robert.bmp, faces\\Billy.bmp;1-7;10;18;2.8174603175;female;63.7276311064;cheat_first
1;1;4.5782392008;1.2581104988;other;0.5;1;1;1;1461232902.581;dotscs_1_8;;1;1;1;55;14;5;right;2.0249884013;experiment;faces\\Emily.bmp;1;instructions;right;0;faces;0;8/2+5=7 ?;cheat;2.3885866094;0.5652173913;faces\\Emily.bmp;1-7;2;18;0.2826086957;female;63.7276311064;cheat_first
1;1;6.1255524638;1.1591668905;other;0.5;1;1;1;1461232923.923;dotscs_1_8;;1;1;1;56;12;5;right;3.7891381795;experiment;faces\\Amanda.bmp;1;instructions;right;1;faces;1;9/3+3=6 ?;cheat;2.8203974802;0.5669291339;faces\\Amanda.bmp;1-7;2;18;0.2834645669;female;63.7276311064;cheat_first
5;1;13.3417587041;1.3748939662;other;5;1;0;1, 1, 1, 1, 1;1461232951.972;dotscs_1_8;;1;5;0;57;14;0.5;left;5.5421656048;experiment;faces\\Victor.bmp, faces\\Ella.bmp, faces\\Chris.bmp, faces\\Molly.bmp, faces\\Erin.bmp;0;instructions;right;0, 0, 0, 0, 1;faces;0, 0, 0, 0, 1;9/3+1=6 ?, 2x2+2=5 ?, 6/3+2=6 ?, 3+8/2=5 ?, 2x2-2=2 ?;accuracy;2.228634794784739, 2.746545254695775, 1.8752370608735873, 2.5191947202702067, 2.0972297276011886;0.555984556;faces\\Mary.bmp, faces\\Diana.bmp, faces\\Kristen.bmp, faces\\Chris.bmp, faces\\Robert.bmp;1-7;1;18;0.277992278;female;63.7276311064;cheat_first
2;1;9.6279665123;0.9802944421;other;5;1;1;1, 1;1461232995.716;dotscs_1_8;;1;2;0.5;58;14;0.5;right;3.0089505409;experiment;faces\\Joshua.bmp, faces\\Nathan.bmp;1;instructions;right;0, 0;faces;0, 0;4/2-2=2 ?, 1+6/2=2 ?;accuracy;4.311736950637169, 2.5704844482042972;0.5555555556;faces\\Andre.bmp, faces\\Nathan.bmp;1-7;2;18;2.7777777778;female;63.7276311064;cheat_first
7;1;17.5008027954;1.1319497012;other;5;5;3;1, 1, 1, 1, 1, 1, 1;1461233021.909;dotscs_1_8;;1;7;0.4285714286;59;12;0.5;left;2.9829786843;experiment;faces\\Hanna.bmp, faces\\Damon.bmp, faces\\Karen.bmp, faces\\Angie.bmp, faces\\Bobby.bmp, faces\\Daniel.bmp, faces\\Kelly.bmp;1;instructions;left;0, 0, 1, 0, 1, 0, 0;faces;0, 0, 1, 0, 1, 0, 0;6/2+1=5 ?, 9/3-2=2 ?, 5+2x2=9 ?, 6+8/4=9 ?, 3+3x2=9 ?, 8/2-4=1 ?, 6/3+6=9 ?;cheat;4.2271987163767335, 4.281117126030949, 1.3085508949652649, 2.623236088388694, 1.9412842815945623, 3.0144531489149813, 2.269209495103496;0.552238806;faces\\Hanna.bmp, faces\\Daniel.bmp, faces\\Karen.bmp, faces\\Kelly.bmp, faces\\Bobby.bmp, faces\\Olga.bmp, faces\\Britt.bmp;1-7;8;18;0.276119403;female;63.7276311064;cheat_first
4;1;12.1671920137;1.0250234362;other;0.5;4;4;1, 1, 1, 1;1461233078.943;dotscs_1_8;;1;4;1;60;12;5;left;4.2601404016;experiment;faces\\Andre.bmp, faces\\James.bmp, faces\\Scott.bmp, faces\\Jenny.bmp;1;instructions;left;0, 0, 1, 1;faces;0, 0, 1, 1;4/2-2=2 ?, 3x2-5=0 ?, 6/2+3=6 ?, 3x3-7=2 ?;accuracy;3.1544392977302778, 2.003192071771082, 2.057870279440067, 2.9424676838116284;0.5588235294;faces\\Andre.bmp, faces\\James.bmp, faces\\Scott.bmp, faces\\Jenny.bmp;1-7;8;18;2.7941176471;female;63.7276311064;cheat_first
4;1;9.2014494554;0.7834628741;self;5;4;4;1, 1, 1, 1;1461233116.244;dotscs_1_8;;1;4;1;61;14;0.5;right;4.9511386531;experiment;faces\\Ethan.bmp, faces\\Molly.bmp, faces\\Leah.bmp, faces\\Kelly.bmp;0;instructions;left;1, 1, 0, 1;faces;1, 1, 0, 1;6/2-1=2 ?, 5+9/3=8 ?, 4/2+6=9 ?, 4/2+5=7 ?;cheat;3.3671165647647285, 2.287171445750573, 2.3785517549140422, 2.458513860563471;0.5652173913;faces\\Ethan.bmp, faces\\Molly.bmp, faces\\Leah.bmp, faces\\Kelly.bmp;1-7;8;18;2.8260869565;female;66.5537180629;cheat_first
2;1;7.1060769332;0.7989982132;self;5;2;2;1, 1;1461233151.703;dotscs_1_8;;1;2;1;62;10;0.5;right;13.3309934244;experiment;faces\\Matt.bmp, faces\\Vicky.bmp;0;instructions;left;1, 1;faces;1, 1;9/3-2=1 ?, 3+2x3=9 ?;cheat;2.8537995739889084, 3.0190628969085083;0.5683453237;faces\\Matt.bmp, faces\\Vicky.bmp;1-7;4;18;2.8417266187;female;69.3954446816;cheat_first
1;1;1.8978784755;1.1579183728;self;5;1;1;1;1461233190.376;dotscs_1_8;;1;1;1;63;12;0.5;right;4.4573941582;experiment;faces\\Anders.bmp;0;instructions;left;0;faces;0;5+8/4=8 ?;cheat;2.4419695861;0.5698924731;faces\\Anders.bmp;1-7;2;18;2.8494623656;female;72.2449070472;cheat_first
1;1;1.8044686174;1.0985352213;self;0.5;1;1;1;1461233210.314;dotscs_1_8;;1;1;1;64;14;5;left;3.1777605316;experiment;faces\\Regina.bmp;0;instructions;right;1;faces;1;6/2-2=1 ?;cheat;4.0330892566;0.5714285714;faces\\Regina.bmp;1-7;2;18;2.8571428571;female;75.1020499044;cheat_first
7;1;23.6526176581;0.8087460643;self;0.5;6;5;1, 1, 1, 1, 1, 1, 1;1461233227.864;dotscs_1_8;;1;7;0.7142857143;65;10;5;left;6.3127550871;experiment;faces\\Jason.bmp, faces\\Kurt.bmp, faces\\Diana.bmp, faces\\Amanda.bmp, faces\\Maria.bmp, faces\\Scott.bmp, faces\\Lana.bmp;0;instructions;right;0, 1, 0, 1, 0, 1, 1;faces;0, 1, 0, 1, 0, 1, 1;8/4+4=7 ?, 8/4-2=0 ?, 6+6/2=8 ?, 3x3-5=4 ?, 5+9/3=9 ?, 4+8/2=8 ?, 8/4-2=0 ?;cheat;4.363061005728923, 3.395783280268006, 2.595236806074354, 2.210587203189789, 2.4492345574681167, 1.9019368656336155, 2.872524153755876;0.574912892;faces\\Jason.bmp, faces\\Kurt.bmp, faces\\Diana.bmp, faces\\Lana.bmp, faces\\Maria.bmp, faces\\Scott.bmp, faces\\Oliver.bmp;1-7;11;18;2.8745644599;female;77.9766143643;cheat_first
4;1;13.8944691164;0.8652786463;self;0.5;4;4;1, 1, 1, 1;1461233297.426;dotscs_1_8;;1;4;1;66;10;5;left;3.3608683143;experiment;faces\\Olga.bmp, faces\\Polly.bmp, faces\\Jonah.bmp, faces\\Adam.bmp;0;instructions;right;0, 0, 0, 0;faces;0, 0, 0, 0;4x2-5=4 ?, 9/3+3=5 ?, 2x3-3=2 ?, 5+4/2=9 ?;cheat;4.073187623395825, 3.9011568959895158, 3.831797635390103, 2.109984566934145;0.5807560137;faces\\Olga.bmp, faces\\Polly.bmp, faces\\Jonah.bmp, faces\\Adam.bmp;1-7;8;18;2.9037800687;female;80.880394433;cheat_first
2;1;7.9036847196;0.8753050074;other;0.5;2;2;1, 1;1461233345.865;dotscs_1_8;;1;2;1;67;10;5;left;3.079375359;experiment;faces\\Kurt.bmp, faces\\Chloe.bmp;0;instructions;right;1, 1;faces;1, 1;3x3-1=8 ?, 3x3-8=1 ?;cheat;2.0413497155268487, 2.9105094539472702;0.5836177474;faces\\Kurt.bmp, faces\\Chloe.bmp;1-7;4;18;2.9180887372;female;80.880394433;cheat_first
1;1;1.9086770207;1.1424842458;other;0.5;1;1;1;1461233372.994;dotscs_1_8;;1;1;1;68;12;5;right;2.9629822302;experiment;faces\\Lucia.bmp;1;instructions;right;0;faces;0;2x2+5=7 ?;cheat;2.2019548078;0.5850340136;faces\\Lucia.bmp;1-7;2;18;0.2925170068;female;80.880394433;cheat_first
4;1;15.8129552108;1.058808791;other;5;3;3;1, 1, 1, 1;1461233388.375;dotscs_1_8;;1;4;0.75;69;10;0.5;left;2.6671369841;experiment;faces\\Donna.bmp, faces\\Liam.bmp, faces\\Lily.bmp, faces\\Alex.bmp;1;instructions;left;1, 0, 1, 0;faces;1, 0, 1, 0;3x2-2=4 ?, 2x4-7=0 ?, 6/2-2=1 ?, 5+6/3=5 ?;cheat;2.226559594245373, 1.9845432240845184, 3.03247667611231, 1.7665091510189086;0.5872483221;faces\\Donna.bmp, faces\\Liam.bmp, faces\\Lily.bmp, faces\\Jacob.bmp;1-7;6;18;0.2936241611;female;80.880394433;cheat_first
6;1;12.925826444;1.0332573535;other;5;4;4;1, 1, 1, 1, 1, 1;1461233431.931;dotscs_1_8;;1;6;0.6666666667;70;14;0.5;left;5.0788668216;experiment;faces\\Keith.bmp, faces\\Joseph.bmp, faces\\Tina.bmp, faces\\Susan.bmp, faces\\Kiki.bmp, faces\\Regina.bmp;1;instructions;left;0, 1, 0, 1, 0, 0;faces;0, 1, 0, 1, 0, 0;3x3-6=5 ?, 6+6/3=8 ?, 5+8/2=7 ?, 9/3+6=9 ?, 4+2x2=6 ?, 4/2-2=1 ?;cheat;2.6845323597153765, 2.2959991874731713, 1.8427034087571883, 1.8799023693172785, 2.107323681386333, 2.7738650716219126;0.5888157895;faces\\Keith.bmp, faces\\Jacob.bmp, faces\\Tina.bmp, faces\\Susan.bmp, faces\\Kiki.bmp, faces\\Zach.bmp;1-7;8;18;0.2944078947;female;80.880394433;cheat_first
4;1;10.3613641117;1.4063687848;other;5;4;4;1, 1, 1, 1;1461233478.235;dotscs_1_8;;1;4;1;71;14;0.5;right;2.3987807135;experiment;faces\\Amber.bmp, faces\\Linda.bmp, faces\\Gary.bmp, faces\\Lena.bmp;0;instructions;left;0, 0, 0, 0;faces;0, 0, 0, 0;3x2-4=1 ?, 3x2-6=2 ?, 3x2-5=0 ?, 3x3-7=4 ?;cheat;4.249877643146647, 3.6144147166542098, 2.013288502773321, 2.6598847527611724;0.5941558442;faces\\Amber.bmp, faces\\Linda.bmp, faces\\Gary.bmp, faces\\Lena.bmp;1-7;8;18;2.9707792208;female;80.880394433;cheat_first
6;1;20.3467099543;1.1739091661;other;5;5;2;1, 1, 1, 1, 1, 1;1461233514.727;dotscs_1_8;;1;6;0.3333333333;72;10;0.5;left;4.99559303;experiment;faces\\Kristen.bmp, faces\\Sofia.bmp, faces\\Mona.bmp, faces\\Olivia.bmp, faces\\Shane.bmp, faces\\Diana.bmp;1;instructions;left;0, 0, 1, 0, 1, 1;faces;0, 0, 1, 0, 1, 1;1+6/3=4 ?, 4x2-2=5 ?, 1+2x4=9 ?, 4/2-1=2 ?, 3x3-7=2 ?, 6/3-1=1 ?;cheat;4.6118001904633275, 4.378508934439196, 1.6106773031306147, 2.9611982796786833, 2.2258351850532563, 3.5357619974301997;0.5891719745;faces\\Kristen.bmp, faces\\Shane.bmp, faces\\Mona.bmp, faces\\Diana.bmp, faces\\Olivia.bmp, faces\\Lily.bmp;1-7;7;18;0.2945859873;female;80.880394433;cheat_first
5;1;17.3962865093;0.8758050515;self;0.5;4;3;1, 1, 1, 1, 1;1461233574.855;dotscs_1_8;;1;5;0.6;73;12;5;left;11.4106211057;experiment;faces\\Britt.bmp, faces\\Kenny.bmp, faces\\Bobby.bmp, faces\\Cindy.bmp, faces\\Tina.bmp;0;instructions;right;0, 1, 0, 1, 0;faces;0, 1, 0, 1, 0;3x3-9=2 ?, 3x3-5=4 ?, 2x3-3=1 ?, 1+9/3=4 ?, 4+4/2=5 ?;cheat;3.4437616760997116, 3.4251471555699027, 3.4790860907414753, 2.4031519408472377, 4.8497132266793415;0.5893416928;faces\\Britt.bmp, faces\\Kenny.bmp, faces\\Tina.bmp, faces\\Cindy.bmp, faces\\Olivia.bmp;1-7;7;18;2.9467084639;female;83.827102897;cheat_first
6;0.8571428571;14.3956495105;0.7835538234;self;0.5;6;4;1, 1, 1, 1, 1, 0, 1;1461233638.087;dotscs_1_8;;0.9969325153;7;0.5714285714;74;10;5;left;3.6583046418;experiment;faces\\Jake.bmp, faces\\Erica.bmp, faces\\Cindy.bmp, faces\\Jane.bmp, faces\\Lucas.bmp, faces\\Ethan.bmp, faces\\Micha.bmp;0;instructions;right;0, 0, 1, 0, 1, 1, 0;faces;0, 0, 1, 0, 1, 0, 0;4/2+6=9 ?, 3x3-9=2 ?, 9/3+5=8 ?, 9/3+6=7 ?, 3+8/4=5 ?, 3x2-2=4 ?, 3x2-3=2 ?;cheat;2.280602572554926, 1.9398598814968864, 1.9892149025163235, 2.2765233030086165, 1.6645546617519358, 3.1011416080182244, 5.127682163078134;0.5889570552;faces\\Jake.bmp, faces\\Erica.bmp, faces\\Cindy.bmp, faces\\Jane.bmp, faces\\Ethan.bmp, faces\\Micha.bmp, faces\\Eddie.bmp;1-7;10;18;2.9357521924;female;86.7628550894;cheat_first
4;1;11.5880397813;0.8502001769;self;5;4;4;1, 1, 1, 1;1461233694.361;dotscs_1_8;;0.996969697;4;1;75;10;0.5;right;4.2743589226;experiment;faces\\Thomas.bmp, faces\\Tanya.bmp, faces\\Nina.bmp, faces\\Lucas.bmp;1;instructions;right;1, 0, 1, 1;faces;1, 0, 1, 1;6/2-1=2 ?, 4+9/3=8 ?, 3x2-4=2 ?, 3x3-8=1 ?;accuracy;4.515408116284561, 2.781940093093908, 2.3572069867441314, 1.997980713799734;0.5939393939;faces\\Thomas.bmp, faces\\Tanya.bmp, faces\\Nina.bmp, faces\\Lucas.bmp;1-7;8;18;2.960697888;female;89.7235529773;cheat_first
5;1;13.3124365877;0.7985671774;self;5;3;2;1, 1, 1, 1, 1;1461233735.97;dotscs_1_8;;0.9970149254;5;0.4;76;14;0.5;right;11.7059291495;experiment;faces\\Justin.bmp, faces\\Kate.bmp, faces\\Billy.bmp, faces\\Micha.bmp, faces\\Kelly.bmp;0;instructions;left;0, 1, 1, 0, 0;faces;0, 1, 1, 0, 0;4x2-4=5 ?, 9/3+2=5 ?, 9/3-2=1 ?, 3x2+3=7 ?, 8/2-1=5 ?;cheat;4.085868853979264, 1.625156639775014, 2.639099127984082, 3.252451826080687, 4.609184602606547;0.5910447761;faces\\Justin.bmp, faces\\Kate.bmp, faces\\Micha.bmp, faces\\Eric.bmp, faces\\Ricky.bmp;1-7;5;18;2.9464023168;female;92.6699552941;cheat_first
7;1;12.4531669634;0.7001745731;self;5;6;1;1, 1, 1, 1, 1, 1, 1;1461233795.004;dotscs_1_8;;0.9970760234;7;0.1428571429;77;12;0.5;right;3.3370112936;experiment;faces\\Shane.bmp, faces\\Paul.bmp, faces\\Will.bmp, faces\\Sofia.bmp, faces\\Milla.bmp, faces\\Olga.bmp, faces\\Vicky.bmp;1;instructions;right;0, 0, 1, 0, 1, 0, 1;faces;0, 0, 1, 0, 1, 0, 1;8/2-1=5 ?, 2x2+3=6 ?, 2x2+5=9 ?, 3x3-1=7 ?, 3+8/4=5 ?, 3x3-9=1 ?, 4/2+1=3 ?;accuracy;3.513774214359728, 3.972411581912638, 2.2285933898638177, 2.8264875426029903, 1.8725538803664676, 1.8766359810188078, 2.7924955171201873;0.581871345;faces\\Shane.bmp, faces\\Vicky.bmp, faces\\Sofia.bmp, faces\\Milla.bmp, faces\\Olga.bmp, faces\\Paul.bmp, faces\\Niclas.bmp;1-7;7;18;2.9008498341;female;95.5708051283;cheat_first
4;1;12.1911399837;0.6992162438;self;5;2;2;1, 1, 1, 1;1461233850.277;dotscs_1_8;;0.9971098266;4;0.5;78;12;0.5;right;18.4768403161;experiment;faces\\David.bmp, faces\\Bobby.bmp, faces\\Andrea.bmp, faces\\Benny.bmp;0;instructions;left;0, 0, 1, 0;faces;0, 0, 1, 0;2x2-1=4 ?, 3+4/2=6 ?, 3x3-5=4 ?, 3x3-7=4 ?;cheat;3.0345154261640346, 1.9039855245564468, 3.370495489518362, 3.362460103526246;0.5809248555;faces\\David.bmp, faces\\Julia.bmp, faces\\Andrea.bmp, faces\\Kate.bmp;1-7;4;18;2.8962294096;female;98.4670345379;cheat_first
7;1;11.6059306004;1.1448623746;other;0.5;5;2;1, 1, 1, 1, 1, 1, 1;1461233906.299;dotscs_1_8;;0.9971671388;7;0.2857142857;79;14;5;left;2.8597275556;experiment;faces\\Gary.bmp, faces\\Adam.bmp, faces\\Greg.bmp, faces\\Nina.bmp, faces\\Donald.bmp, faces\\Joan.bmp, faces\\Molly.bmp;1;instructions;left;1, 1, 0, 0, 1, 1, 0;faces;1, 1, 0, 0, 1, 1, 0;6/3-2=0 ?, 1+8/4=3 ?, 2x2+4=6 ?, 2+4/2=5 ?, 9/3+2=5 ?, 2+2x2=6 ?, 3x3-5=5 ?;accuracy;5.098391542637728, 2.7019588774810472, 2.2565579911324676, 1.9014010788641826, 3.487806958220972, 2.1792231516510583, 4.954410703560825;0.5750708215;faces\\Gary.bmp, faces\\Eric.bmp, faces\\Joan.bmp, faces\\Nina.bmp, faces\\Adam.bmp, faces\\Vicky.bmp, faces\\Donald.bmp;1-7;7;18;2.8672086286;female;98.4670345379;cheat_first
6;0.8571428571;10.0831127725;1.1664867145;other;0.5;5;0;1, 1, 1, 1, 1, 0, 1;1461233965.332;dotscs_1_8;;0.9944444444;7;0;80;12;5;right;2.9491236135;experiment;faces\\Nana.bmp, faces\\Steve.bmp, faces\\Sonya.bmp, faces\\Tony.bmp, faces\\Mona.bmp, faces\\Eddie.bmp, faces\\Justin.bmp;1;instructions;right;1, 1, 1, 1, 0, 1, 0;faces;1, 1, 1, 1, 0, 0, 0;3x2-4=2 ?, 4+4/2=6 ?, 2x2-2=2 ?, 4/2+4=6 ?, 3x3-9=1 ?, 1+6/3=3 ?, 3x3-2=6 ?;cheat;3.621814165509022, 2.867852475324071, 2.815967153510428, 2.549940175195843, 1.6066574868054886, 2.597217164568974, 3.684498032558622;0.5638888889;faces\\Tony.bmp, faces\\Sonya.bmp, faces\\Noah.bmp, faces\\Jacob.bmp, faces\\Steve.bmp, faces\\Justin.bmp, faces\\Eddie.bmp;1-7;5;18;0.2803780864;female;98.4670345379;cheat_first
2;1;4.9989238259;0.9260221442;other;0.5;2;2;1, 1;1461234014.989;dotscs_1_8;;0.9944751381;2;1;81;10;5;left;3.3409228202;experiment;faces\\Sofia.bmp, faces\\Karen.bmp;1;instructions;left;1, 0;faces;1, 0;3x3-7=2 ?, 8/2+3=6 ?;accuracy;2.246665045858208, 2.795215502002975;0.5662983425;faces\\Sofia.bmp, faces\\Karen.bmp;1-7;4;18;2.8158481121;female;98.4670345379;cheat_first
6;1;10.8018792172;0.9424853782;other;0.5;3;2;1, 1, 1, 1, 1, 1;1461234035.785;dotscs_1_8;;0.9945652174;6;0.3333333333;82;12;5;right;2.4476788648;experiment;faces\\Chloe.bmp, faces\\Anna.bmp, faces\\Joshua.bmp, faces\\Donald.bmp, faces\\Nicole.bmp, faces\\Paul.bmp;1;instructions;right;0, 0, 1, 0, 0, 1;faces;0, 0, 1, 0, 0, 1;3x3-2=5 ?, 6/3+4=8 ?, 6/3+5=7 ?, 1+3x2=6 ?, 8/4+6=9 ?, 8/4+2=4 ?;cheat;2.0246723791306067, 2.6305651134862273, 1.5399959161295556, 2.54129220869072, 2.0625635450542177, 4.058420929515705;0.5625;faces\\Chloe.bmp, faces\\Anna.bmp, faces\\Bobby.bmp, faces\\Nicole.bmp, faces\\Lisa.bmp, faces\\Linda.bmp;1-7;5;18;0.2797214674;female;98.4670345379;cheat_first
1;1;1.9150845209;1.575933973;other;0.5;1;1;1;1461234078.827;dotscs_1_8;;0.9945799458;1;1;83;10;5;left;4.1373942715;experiment;faces\\Donald.bmp;1;instructions;left;1;faces;1;6/2-3=0 ?;accuracy;3.7677640387;0.5636856369;faces\\Donald.bmp;1-7;2;18;2.8031521508;female;98.4670345379;cheat_first
2;1;7.4273826675;1.2501543837;other;0.5;2;2;1, 1;1461234093.819;dotscs_1_8;;0.9946091644;2;1;84;10;5;right;1.4644248556;experiment;faces\\Megan.bmp, faces\\Jake.bmp;1;instructions;right;1, 0;faces;1, 0;3x3-7=2 ?, 8/4-2=1 ?;cheat;2.5785332819496034, 3.5304812773665617;0.5660377358;faces\\Megan.bmp, faces\\Jake.bmp;1-7;4;18;0.2814931597;female;98.4670345379;cheat_first
;;;1.6665842107;self;0.2;;;;dotscs_1_8;;;1;;1;12;2;right;;controlDotsCheat;;1;instructions;right;;faces;;;cheat;;;;1-7;;18;0.2;female;;cheat_first;
;;;-0.3327108439;self;0.2;;;;dotscs_1_8;;;1;;2;14;2;left;;controlDotsCheat;;0;instructions;right;;faces;;;cheat;;;;1-7;;18;2;female;;cheat_first;
;;;1.3092629181;self;2;;;;dotscs_1_8;;;1;;3;14;0.2;right;;controlDotsCheat;;0;instructions;left;;faces;;;cheat;;;;1-7;;18;2;female;;cheat_first;
;;;1.0253936033;self;2;;;;dotscs_1_8;;;1;;4;10;0.2;left;;controlDotsCheat;;1;instructions;left;;faces;;;cheat;;;;1-7;;18;0.2;female;;cheat_first;
;;;1.0930750799;self;2;;;;dotscs_1_8;;;1;;5;14;0.2;left;;controlDotsCheat;;1;instructions;left;;faces;;;cheat;;;;1-7;;18;0.2;female;;cheat_first;
;;;0.5000674157;self;0.2;;;;dotscs_1_8;;;1;;6;14;2;right;;controlDotsCheat;;1;instructions;right;;faces;;;cheat;;;;1-7;;18;0.2;female;;cheat_first;
;;;1.4425772122;other;0.2;;;;dotscs_1_8;;;1;;7;10;2;left;;controlDotsCheat;;0;instructions;right;;faces;;;cheat;;;;1-7;;18;2;female;;cheat_first;
;;;1.3399811236;other;2;;;;dotscs_1_8;;;1;;8;14;0.2;right;;controlDotsCheat;;0;instructions;left;;faces;;;cheat;;;;1-7;;18;2;female;;cheat_first;
;;;0.7762322299;other;2;;;;dotscs_1_8;;;1;;9;14;0.2;right;;controlDotsCheat;;0;instructions;left;;faces;;;cheat;;;;1-7;;18;2;female;;cheat_first;
;;;0.9666881477;other;2;;;;dotscs_1_8;;;1;;10;12;0.2;left;;controlDotsCheat;;1;instructions;left;;faces;;;cheat;;;;1-7;;18;0.2;female;;cheat_first;
;;;1.2253907014;other;0.2;;;;dotscs_1_8;;;1;;11;10;2;right;;controlDotsCheat;;1;instructions;right;;faces;;;cheat;;;;1-7;;18;0.2;female;;cheat_first;
;;;1.3779207722;other;0.2;;;;dotscs_1_8;;;1;;12;12;2;left;;controlDotsCheat;;0;instructions;right;;faces;;;cheat;;;;1-7;;18;2;female;;cheat_first;
;;;1.4618867692;self;2;;;;dotscs_1_8;;;1;;13;12;0.2;right;;controlDotsCheat;;0;instructions;left;;faces;;;cheat;;;;1-7;;18;2;female;;cheat_first;
;;;0.9333366599;self;2;;;;dotscs_1_8;;;1;;14;12;0.2;right;;controlDotsCheat;;0;instructions;left;;faces;;;cheat;;;;1-7;;18;2;female;;cheat_first;
;;;0.9333405527;self;2;;;;dotscs_1_8;;;1;;15;14;0.2;right;;controlDotsCheat;;0;instructions;left;;faces;;;cheat;;;;1-7;;18;2;female;;cheat_first;
;;;0.9752278244;self;0.2;;;;dotscs_1_8;;;1;;16;10;2;left;;controlDotsCheat;;0;instructions;right;;faces;;;cheat;;;;1-7;;18;2;female;;cheat_first;
;;;0.9596694826;self;2;;;;dotscs_1_8;;;1;;17;14;0.2;right;;controlDotsCheat;;0;instructions;left;;faces;;;cheat;;;;1-7;;18;2;female;;cheat_first;
;;;1.3198639937;self;0.2;;;;dotscs_1_8;;;1;;18;14;2;left;;controlDotsCheat;;0;instructions;right;;faces;;;cheat;;;;1-7;;18;2;female;;cheat_first;
;;;1.1667517768;other;2;;;;dotscs_1_8;;;1;;19;12;0.2;left;;controlDotsCheat;;1;instructions;left;;faces;;;cheat;;;;1-7;;18;0.2;female;;cheat_first;
;;;0.816722351;other;2;;;;dotscs_1_8;;;1;;20;12;0.2;right;;controlDotsCheat;;0;instructions;left;;faces;;;cheat;;;;1-7;;18;2;female;;cheat_first;
;;;0.9929505466;other;0.2;;;;dotscs_1_8;;;1;;21;14;2;left;;controlDotsCheat;;0;instructions;right;;faces;;;cheat;;;;1-7;;18;2;female;;cheat_first;
;;;1.6865307665;other;0.2;;;;dotscs_1_8;;;1;;22;10;2;left;;controlDotsCheat;;0;instructions;right;;faces;;;cheat;;;;1-7;;18;2;female;;cheat_first;
;;;0.6999877201;other;0.2;;;;dotscs_1_8;;;1;;23;14;2;left;;controlDotsCheat;;0;instructions;right;;faces;;;cheat;;;;1-7;;18;2;female;;cheat_first;
;;;0.8592303427;other;2;;;;dotscs_1_8;;;1;;24;12;0.2;right;;controlDotsCheat;;0;instructions;left;;faces;;;cheat;;;;1-7;;18;2;female;;cheat_first;
;;;0.9759543569;self;0.2;;;;dotscs_1_8;;;1;;25;12;2;left;;controlDotsCheat;;0;instructions;right;;faces;;;cheat;;;;1-7;;18;2;female;;cheat_first;
;;;1.1418925447;self;0.2;;;;dotscs_1_8;;;1;;26;10;2;right;;controlDotsCheat;;1;instructions;right;;faces;;;cheat;;;;1-7;;18;0.2;female;;cheat_first;
;;;1.1254052463;self;0.2;;;;dotscs_1_8;;;1;;27;10;2;left;;controlDotsCheat;;0;instructions;right;;faces;;;cheat;;;;1-7;;18;2;female;;cheat_first;
;;;1.0000852871;self;0.2;;;;dotscs_1_8;;;1;;28;12;2;left;;controlDotsCheat;;0;instructions;right;;faces;;;cheat;;;;1-7;;18;2;female;;cheat_first;
;;;1.1088411541;self;2;;;;dotscs_1_8;;;1;;29;10;0.2;left;;controlDotsCheat;;1;instructions;left;;faces;;;cheat;;;;1-7;;18;0.2;female;;cheat_first;
;;;1.1763729359;self;0.2;;;;dotscs_1_8;;;1;;30;14;2;left;;controlDotsCheat;;0;instructions;right;;faces;;;cheat;;;;1-7;;18;2;female;;cheat_first;
;;;1.3658645082;other;2;;;;dotscs_1_8;;;1;;31;10;0.2;left;;controlDotsCheat;;1;instructions;left;;faces;;;cheat;;;;1-7;;18;0.2;female;;cheat_first;
;;;1.050083323;other;0.2;;;;dotscs_1_8;;;1;;32;10;2;left;;controlDotsCheat;;0;instructions;right;;faces;;;cheat;;;;1-7;;18;2;female;;cheat_first;
;;;0.8257794123;other;2;;;;dotscs_1_8;;;1;;33;12;0.2;right;;controlDotsCheat;;0;instructions;left;;faces;;;cheat;;;;1-7;;18;2;female;;cheat_first;
;;;1.5878663761;other;0.2;;;;dotscs_1_8;;;1;;34;12;2;right;;controlDotsCheat;;1;instructions;right;;faces;;;cheat;;;;1-7;;18;0.2;female;;cheat_first;
;;;1.6313447292;other;2;;;;dotscs_1_8;;;1;;35;10;0.2;left;;controlDotsCheat;;1;instructions;left;;faces;;;cheat;;;;1-7;;18;0.2;female;;cheat_first;
;;;0.9763599128;other;2;;;;dotscs_1_8;;;1;;36;14;0.2;right;;controlDotsCheat;;0;instructions;left;;faces;;;cheat;;;;1-7;;18;2;female;;cheat_first;
;;;0.7753167211;self;0.2;;;;dotscs_1_8;;;1;;37;10;2;left;;controlDotsCheat;;0;instructions;right;;faces;;;cheat;;;;1-7;;18;2;female;;cheat_first;
;;;1.1501901618;self;2;;;;dotscs_1_8;;;1;;38;10;0.2;left;;controlDotsCheat;;1;instructions;left;;faces;;;cheat;;;;1-7;;18;0.2;female;;cheat_first;
;;;1.0666576779;self;0.2;;;;dotscs_1_8;;;1;;39;14;2;left;;controlDotsCheat;;0;instructions;right;;faces;;;cheat;;;;1-7;;18;2;female;;cheat_first;
;;;1.0833590787;self;0.2;;;;dotscs_1_8;;;1;;40;10;2;left;;controlDotsCheat;;0;instructions;right;;faces;;;cheat;;;;1-7;;18;2;female;;cheat_first;
;;;0.9591843018;self;2;;;;dotscs_1_8;;;1;;41;12;0.2;right;;controlDotsCheat;;0;instructions;left;;faces;;;cheat;;;;1-7;;18;2;female;;cheat_first;
;;;0.6834172579;self;2;;;;dotscs_1_8;;;1;;42;12;0.2;left;;controlDotsCheat;;1;instructions;left;;faces;;;cheat;;;;1-7;;18;0.2;female;;cheat_first;
;;;1.1250389719;self;2;;;;dotscs_1_8;;;1;;1;10;0.2;right;;controlDotsAccuracy;;1;instructions;right;;faces;;;accuracy;;;;1-7;;18;2;female;;cheat_first;
;;;0.6667565543;self;0.2;;;;dotscs_1_8;;;1;;2;12;2;left;;controlDotsAccuracy;;1;instructions;left;;faces;;;accuracy;;;;1-7;;18;2;female;;cheat_first;
;;;1.0999935946;self;2;;;;dotscs_1_8;;;1;;3;14;0.2;right;;controlDotsAccuracy;;1;instructions;right;;faces;;;accuracy;;;;1-7;;18;2;female;;cheat_first;
;;;0.7334949187;self;0.2;;;;dotscs_1_8;;;1;;4;10;2;left;;controlDotsAccuracy;;1;instructions;left;;faces;;;accuracy;;;;1-7;;18;2;female;;cheat_first;
;;;0.6254337343;self;2;;;;dotscs_1_8;;;1;;5;10;0.2;right;;controlDotsAccuracy;;1;instructions;right;;faces;;;accuracy;;;;1-7;;18;2;female;;cheat_first;
;;;0.783396697;self;0.2;;;;dotscs_1_8;;;1;;6;12;2;left;;controlDotsAccuracy;;1;instructions;left;;faces;;;accuracy;;;;1-7;;18;2;female;;cheat_first;
;;;1.0501183579;other;2;;;;dotscs_1_8;;;1;;7;10;0.2;right;;controlDotsAccuracy;;1;instructions;right;;faces;;;accuracy;;;;1-7;;18;2;female;;cheat_first;
;;;0.7765156944;other;0.2;;;;dotscs_1_8;;;1;;8;14;2;left;;controlDotsAccuracy;;1;instructions;left;;faces;;;accuracy;;;;1-7;;18;2;female;;cheat_first;
;;;0.8264415371;other;2;;;;dotscs_1_8;;;1;;9;14;0.2;right;;controlDotsAccuracy;;1;instructions;right;;faces;;;accuracy;;;;1-7;;18;2;female;;cheat_first;
;;;0.8918889173;other;2;;;;dotscs_1_8;;;1;;10;10;0.2;right;;controlDotsAccuracy;;1;instructions;right;;faces;;;accuracy;;;;1-7;;18;2;female;;cheat_first;
;;;0.7926958179;other;2;;;;dotscs_1_8;;;1;;11;12;0.2;right;;controlDotsAccuracy;;1;instructions;right;;faces;;;accuracy;;;;1-7;;18;2;female;;cheat_first;
;;;1.1597607149;other;2;;;;dotscs_1_8;;;1;;12;14;0.2;right;;controlDotsAccuracy;;1;instructions;right;;faces;;;accuracy;;;;1-7;;18;2;female;;cheat_first;
;;;0.8086158335;self;2;;;;dotscs_1_8;;;1;;13;10;0.2;right;;controlDotsAccuracy;;1;instructions;right;;faces;;;accuracy;;;;1-7;;18;2;female;;cheat_first;
;;;0.593036683;self;0.2;;;;dotscs_1_8;;;1;;14;12;2;left;;controlDotsAccuracy;;1;instructions;left;;faces;;;accuracy;;;;1-7;;18;2;female;;cheat_first;
;;;1.1262995218;self;2;;;;dotscs_1_8;;;1;;15;14;0.2;right;;controlDotsAccuracy;;1;instructions;right;;faces;;;accuracy;;;;1-7;;18;2;female;;cheat_first;
;;;0.8762874011;self;0.2;;;;dotscs_1_8;;;1;;16;14;2;left;;controlDotsAccuracy;;1;instructions;left;;faces;;;accuracy;;;;1-7;;18;2;female;;cheat_first;
;;;0.7752519596;self;0.2;;;;dotscs_1_8;;;1;;17;10;2;left;;controlDotsAccuracy;;1;instructions;left;;faces;;;accuracy;;;;1-7;;18;2;female;;cheat_first;
;;;0.8000251968;self;2;;;;dotscs_1_8;;;1;;18;14;0.2;left;;controlDotsAccuracy;;0;instructions;right;;faces;;;accuracy;;;;1-7;;18;0.2;female;;cheat_first;
;;;0.7258689814;other;2;;;;dotscs_1_8;;;1;;19;12;0.2;right;;controlDotsAccuracy;;1;instructions;right;;faces;;;accuracy;;;;1-7;;18;2;female;;cheat_first;
;;;1.2500376006;other;0.2;;;;dotscs_1_8;;;1;;20;10;2;left;;controlDotsAccuracy;;1;instructions;left;;faces;;;accuracy;;;;1-7;;18;2;female;;cheat_first;
;;;0.6763370162;other;2;;;;dotscs_1_8;;;1;;21;14;0.2;right;;controlDotsAccuracy;;1;instructions;right;;faces;;;accuracy;;;;1-7;;18;2;female;;cheat_first;
;;;0.8418179804;other;0.2;;;;dotscs_1_8;;;1;;22;10;2;left;;controlDotsAccuracy;;1;instructions;left;;faces;;;accuracy;;;;1-7;;18;2;female;;cheat_first;
;;;0.9334690141;other;2;;;;dotscs_1_8;;;1;;23;12;0.2;right;;controlDotsAccuracy;;1;instructions;right;;faces;;;accuracy;;;;1-7;;18;2;female;;cheat_first;
;;;1.2685664802;other;0.2;;;;dotscs_1_8;;;1;;24;12;2;left;;controlDotsAccuracy;;1;instructions;left;;faces;;;accuracy;;;;1-7;;18;2;female;;cheat_first;
;;;0.8500119083;self;0.2;;;;dotscs_1_8;;;1;;25;12;2;left;;controlDotsAccuracy;;1;instructions;left;;faces;;;accuracy;;;;1-7;;18;2;female;;cheat_first;
;;;1.083310596;self;0.2;;;;dotscs_1_8;;;1;;26;12;2;left;;controlDotsAccuracy;;1;instructions;left;;faces;;;accuracy;;;;1-7;;18;2;female;;cheat_first;
;;;0.833353328;self;2;;;;dotscs_1_8;;;1;;27;14;0.2;right;;controlDotsAccuracy;;1;instructions;right;;faces;;;accuracy;;;;1-7;;18;2;female;;cheat_first;
;;;0.8585253973;self;2;;;;dotscs_1_8;;;1;;28;10;0.2;right;;controlDotsAccuracy;;1;instructions;right;;faces;;;accuracy;;;;1-7;;18;2;female;;cheat_first;
;;;1.3498882244;self;2;;;;dotscs_1_8;;;1;;29;10;0.2;right;;controlDotsAccuracy;;1;instructions;right;;faces;;;accuracy;;;;1-7;;18;2;female;;cheat_first;
;;;1.0091826916;self;0.2;;;;dotscs_1_8;;;1;;30;12;2;right;;controlDotsAccuracy;;0;instructions;left;;faces;;;accuracy;;;;1-7;;18;0.2;female;;cheat_first;
;;;0.5420983661;other;0.2;;;;dotscs_1_8;;;1;;31;10;2;left;;controlDotsAccuracy;;1;instructions;left;;faces;;;accuracy;;;;1-7;;18;2;female;;cheat_first;
;;;0.6099868672;other;0.2;;;;dotscs_1_8;;;1;;32;14;2;left;;controlDotsAccuracy;;1;instructions;left;;faces;;;accuracy;;;;1-7;;18;2;female;;cheat_first;
;;;1.2000728302;other;0.2;;;;dotscs_1_8;;;1;;33;10;2;left;;controlDotsAccuracy;;1;instructions;left;;faces;;;accuracy;;;;1-7;;18;2;female;;cheat_first;
;;;1.1833940782;other;2;;;;dotscs_1_8;;;1;;34;12;0.2;right;;controlDotsAccuracy;;1;instructions;right;;faces;;;accuracy;;;;1-7;;18;2;female;;cheat_first;
;;;0.6754321241;other;2;;;;dotscs_1_8;;;1;;35;10;0.2;right;;controlDotsAccuracy;;1;instructions;right;;faces;;;accuracy;;;;1-7;;18;2;female;;cheat_first;
;;;0.7097851155;other;2;;;;dotscs_1_8;;;1;;36;14;0.2;left;;controlDotsAccuracy;;0;instructions;right;;faces;;;accuracy;;;;1-7;;18;0.2;female;;cheat_first;
;;;0.88340197;self;0.2;;;;dotscs_1_8;;;1;;37;14;2;left;;controlDotsAccuracy;;1;instructions;left;;faces;;;accuracy;;;;1-7;;18;2;female;;cheat_first;
;;;0.8328292196;self;0.2;;;;dotscs_1_8;;;1;;38;14;2;left;;controlDotsAccuracy;;1;instructions;left;;faces;;;accuracy;;;;1-7;;18;2;female;;cheat_first;
;;;1.1598134443;self;0.2;;;;dotscs_1_8;;;1;;39;14;2;right;;controlDotsAccuracy;;0;instructions;left;;faces;;;accuracy;;;;1-7;;18;0.2;female;;cheat_first;
;;;0.5500866849;self;0.2;;;;dotscs_1_8;;;1;;40;12;2;left;;controlDotsAccuracy;;1;instructions;left;;faces;;;accuracy;;;;1-7;;18;2;female;;cheat_first;
;;;0.6926307378;self;2;;;;dotscs_1_8;;;1;;41;12;0.2;right;;controlDotsAccuracy;;1;instructions;right;;faces;;;accuracy;;;;1-7;;18;2;female;;cheat_first;
;;;0.7834671208;self;0.2;;;;dotscs_1_8;;;1;;42;12;2;right;;controlDotsAccuracy;;0;instructions;left;;faces;;;accuracy;;;;1-7;;18;0.2;female;;cheat_first;
;;4.339;;qStress;self;0.5;;;[];dotscs_1_8;[];;2;;1;12;;;accuracy;['faces\\Joshua.bmp', 'faces\\Paul.bmp'];;instructions;left;[1, 1];faces;[];['9/3+5=8 ?', '8/4+4=6 ?'];5;[];;6;1-7;;18;;female;;cheat_first;
;;2.93;;qSatisfied;self;0.5;;;[];dotscs_1_8;[];;2;;1;12;;;accuracy;['faces\\Robert.bmp', 'faces\\Simon.bmp'];;instructions;left;[1, 0];faces;[];['6/3+1=3 ?', '4/2+7=8 ?'];5;[];;4;1-7;;18;;female;;cheat_first;
;;2.028;;qFrustration;self;5;;;[];dotscs_1_8;[];;2;;1;12;;;accuracy;['faces\\Joan.bmp', 'faces\\Joseph.bmp'];;instructions;right;[1, 0];faces;[];['3x3-8=1 ?', '8/4+5=8 ?'];0.5;[];;5;1-7;;18;;female;;cheat_first;
;;2.367;;qDifficulty;self;5;;;[];dotscs_1_8;[];;2;;1;14;;;cheat;['faces\\Fiona.bmp', 'faces\\Andre.bmp'];;instructions;left;[1, 0];faces;[];['2+2x2=6 ?', '1+4/2=1 ?'];0.5;[];;3;1-7;;18;;female;;cheat_first;
;;3.082;;qEffort;self;5;;;[];dotscs_1_8;[];;2;;1;10;;;accuracy;['faces\\Mark.bmp', 'faces\\Steve.bmp'];;instructions;right;[0, 0];faces;[];['3x3-6=2 ?', '3x2-3=1 ?'];0.5;[];;2;1-7;;18;;female;;cheat_first;
;;9.932;;qAttitude;self;5;;;[];dotscs_1_8;[];;2;;1;14;;;cheat;['faces\\Nicole.bmp', 'faces\\Chris.bmp'];;instructions;left;[0, 1];faces;[];['3x2-2=6 ?', '4x2-5=3 ?'];0.5;[];;5;1-7;;18;;female;;cheat_first;
