equationScore;equationProportion;recallRT;dotsRT;dotsReceiver;dotsMoneyRight;recallIntersection;recallLocation;equationScores;utc_start;id;recallRTs;equationRateCumulative;span;recallProportion;no;dotsN;dotsMoneyLeft;dotsAns;pauseRT;condition;encode;dotsCorrect;start_at;dotsSide;equationCorrect;stimType;equationAnss;equationText;dotsIncentive;equationRTs;recallLocationRateCumulative;recallAns;level;recallSum;age;moneyEarned;gender;moneyEarnedCumulative;order
;;;2.3758783274679445;self;0.5;;;;;dotscs_9_9;;;1;;1;14;5;left;;practiceDots;;0;instructions;right;;lettersGrid;;;cheat;;;;1-7;;24;5;male;;cheat_first
;;;1.1530688332677528;self;5;;;;;dotscs_9_9;;;1;;2;10;0.5;left;;practiceDots;;1;instructions;left;;lettersGrid;;;cheat;;;;1-7;;24;0.5;male;;cheat_first
;;;1.0868321039561124;self;5;;;;;dotscs_9_9;;;1;;3;12;0.5;right;;practiceDots;;1;instructions;right;;lettersGrid;;;accuracy;;;;1-7;;24;5;male;;cheat_first
;;;2.064158293767832;self;0.5;;;;;dotscs_9_9;;;1;;4;12;5;left;;practiceDots;;1;instructions;left;;lettersGrid;;;accuracy;;;;1-7;;24;5;male;;cheat_first
;;;1.0070043242631073;self;5;;;;;dotscs_9_9;;;1;;5;10;0.5;left;;practiceDots;;1;instructions;left;;lettersGrid;;;cheat;;;;1-7;;24;0.5;male;;cheat_first
;;;0.7200397213709948;self;5;;;;;dotscs_9_9;;;1;;6;10;0.5;right;;practiceDots;;1;instructions;right;;lettersGrid;;;accuracy;;;;1-7;;24;5;male;;cheat_first
2;1.0;6.2169256070119445;;self;5;2;2;1, 1;1461852458.561;dotscs_9_9;;1.0;2;1.0;1;14;0.5;;5.705343451478257;practiceCS;A, V;;instructions;right;1, 0;lettersGrid;1, 0;4/2+4=6 ?, 3x3-1=7 ?;accuracy;3.640195662428596, 2.3784869003320637;1.0;A, V;1-7;4;24;;male;;cheat_first
3;1.0;27.314071677537868;;self;0.5;2;0;1, 1, 1;1461852478.451;dotscs_9_9;;1.0;3;0.0;2;10;5;;7.871403834047669;practiceCS;C, W, G;;instructions;left;0, 1, 1;lettersGrid;0, 1, 1;2x2+2=4 ?, 2x4-1=7 ?, 3x3-5=4 ?;accuracy;2.817352477257373, 2.785344640571566, 2.970116251541185;0.4;W, G, O;1-7;2;24;;male;;cheat_first
2;1.0;4.416758001516428;;self;5;2;2;1, 1;1461852524.877;dotscs_9_9;;1.0;2;1.0;3;14;0.5;;3.4690136862482177;practiceCS;K, S;;instructions;right;1, 0;lettersGrid;1, 0;5+9/3=8 ?, 3+2x3=7 ?;accuracy;3.307584042515373, 5.248198400171532;0.5714285714285714;K, S;1-7;4;24;;male;;cheat_first
5;1.0;20.630931707484706;;self;5;4;3;1, 1, 1, 1, 1;1461852543.161;dotscs_9_9;;1.0;5;0.6;4;10;0.5;;9.782837282171386;practiceCS;B, O, Y, T, Q;;instructions;left;1, 0, 0, 0, 0;lettersGrid;1, 0, 0, 0, 0;1+9/3=4 ?, 6+4/2=6 ?, 1+4/2=2 ?, 8/4+5=5 ?, 8/4+1=2 ?;cheat;2.442608034943987, 5.386717476802005, 4.076752063130698, 3.6676371694920817, 5.014681760127132;0.5833333333333334;B, O, Y, Q, K;1-7;7;24;;male;;cheat_first
7;1.0;13.359479460363218;;self;5;7;4;1, 1, 1, 1, 1, 1, 1;1461852598.558;dotscs_9_9;;1.0;7;0.5714285714285714;5;12;0.5;;10.888986131849379;practiceCS;J, H, M, I, Z, U, X;;instructions;left;0, 1, 0, 0, 0, 1, 1;lettersGrid;0, 1, 0, 0, 0, 1, 1;3x3-7=4 ?, 2x3-4=2 ?, 6+9/3=8 ?, 3x3-3=5 ?, 3x3-6=1 ?, 3x3-1=8 ?, 2x2-2=2 ?;cheat;3.3702913596462167, 5.184833542898559, 4.443936209405365, 3.066095170619519, 3.511586048396566, 4.238822259962035, 4.52400499277428;0.5789473684210527;J, H, M, I, U, X, Z;1-7;11;24;;male;;cheat_first
4;1.0;4.374208642653684;;self;5;4;4;1, 1, 1, 1;1461852657.152;dotscs_9_9;;1.0;4;1.0;6;10;0.5;;4.92522551185175;practiceCS;F, E, N, P;;instructions;right;0, 0, 1, 0;lettersGrid;0, 0, 1, 0;2x2+5=8 ?, 6/3-1=3 ?, 2x3+3=9 ?, 4x2-3=6 ?;accuracy;1.6500927386405237, 9.386685272194882, 4.526022204187029, 4.633754741775192;0.6521739130434783;F, E, N, P;1-7;8;24;;male;;cheat_first
2;1.0;2.661281891847466;1.2797734211490024;self;5;2;2;1, 1;1461852735.435;dotscs_9_9;;1.0;2;1.0;1;12;0.5;right;8.85247955980958;practiceExp;T, H;1;instructions;right;0, 0;lettersGrid;0, 0;2x2-2=0 ?, 2x4-7=0 ?;accuracy;2.7284660027326026, 3.28618673785968;0.68;T, H;1-7;4;24;5;male;;cheat_first
6;1.0;6.111214527605625;1.3870108571973105;self;5;6;6;1, 1, 1, 1, 1, 1;1461852762.501;dotscs_9_9;;1.0;6;1.0;2;14;0.5;left;4.980797916821757;practiceExp;B, V, E, O, Y, G;1;instructions;left;0, 0, 1, 0, 1, 0;lettersGrid;0, 0, 1, 0, 1, 0;2x4-3=6 ?, 4x2-3=6 ?, 2x2+1=5 ?, 3x3-9=2 ?, 8/2-4=0 ?, 8/2+5=7 ?;cheat;2.6202440259585273, 3.5102660135598853, 1.892623128638661, 3.4270475492121477, 3.5894224511393986, 5.857703429577668;0.7419354838709677;B, V, E, O, Y, G;1-7;12;24;0.5;male;;cheat_first
4;1.0;4.8881767700040655;1.092724484664359;self;0.5;4;4;1, 1, 1, 1;1461852802.781;dotscs_9_9;;1.0;4;1.0;3;10;5;right;3.5830324916132668;practiceExp;R, J, L, X;0;instructions;left;0, 1, 1, 1;lettersGrid;0, 1, 1, 1;3+9/3=8 ?, 2x3-1=5 ?, 9/3-3=0 ?, 4x2-6=2 ?;accuracy;2.0243810080610274, 4.323160099698725, 5.395302303903009, 7.300393568566506;0.7714285714285715;R, J, L, X;1-7;8;24;0.5;male;;cheat_first
5;1.0;18.77310264456537;1.1954589386004955;self;5;4;4;1, 1, 1, 1, 1;1461852850.456;dotscs_9_9;;1.0;5;0.8;1;14;0.5;right;7.341766220768477;experiment;O, P, H, M, X;0;instructions;left;1, 1, 0, 0, 1;lettersGrid;1, 1, 0, 0, 1;4/2+6=8 ?, 3+4/2=5 ?, 5+8/4=6 ?, 1+6/3=2 ?, 5+8/2=9 ?;cheat;4.017607070574741, 2.3902022979928006, 2.393167952668591, 5.762847424852225, 2.3315502835939697;0.775;O, P, H, E, X;1-7;8;24;3.875;male;3.875;cheat_first
4;0.8;6.707544335298735;0.9165748599552899;self;5;5;3;1, 1, 1, 1, 0;1461852901.001;dotscs_9_9;;0.9777777777777777;5;0.6;2;10;0.5;left;17.475998900088598;experiment;X, J, C, P, W;1;instructions;left;0, 0, 1, 0, 1;lettersGrid;0, 0, 1, 0, 0;2x4-5=2 ?, 6/3-1=0 ?, 3x3-9=0 ?, 2x4-4=3 ?, 8/4-1=1 ?;cheat;2.192389592182735, 6.917066422523931, 3.249011300984421, 4.986458849063638, 3.5457190350061865;0.7555555555555555;J, X, C, P, W;1-7;8;24;0.3693827160493827;male;4.244382716049382;cheat_first
7;1.0;19.010540460483753;1.1665558380045695;self;5;7;7;1, 1, 1, 1, 1, 1, 1;1461852952.903;dotscs_9_9;;0.9807692307692307;7;1.0;3;14;0.5;right;6.195228905718977;experiment;R, E, J, Z, Y, T, B;0;instructions;left;0, 0, 1, 1, 0, 0, 1;lettersGrid;0, 0, 1, 1, 0, 0, 1;2x3+3=8 ?, 8/2-1=5 ?, 2x2+3=7 ?, 3x3-3=6 ?, 2x4-2=4 ?, 3x3-9=1 ?, 2+8/4=4 ?;cheat;5.812078354152618, 4.662776397777634, 2.605456450706697, 2.6713831664746976, 8.382214848588774, 2.337918655419344, 4.644135948725307;0.7884615384615384;R, E, J, Z, Y, T, B;1-7;14;24;3.8664940828402368;male;8.110876798889619;cheat_first
1;1.0;4.669391081730282;1.4248484348754573;self;0.5;1;1;1;1461853018.674;dotscs_9_9;;0.9811320754716981;1;1.0;4;10;5;left;4.367037633022846;experiment;R;0;instructions;right;0;lettersGrid;0;4x2-2=4 ?;cheat;3.458819336774468;0.7924528301886793;R;1-7;2;24;3.8875044499822002;male;11.99838124887182;cheat_first
5;1.0;4.5758356475198525;0.9770480269726249;self;0.5;5;5;1, 1, 1, 1, 1;1461853035.382;dotscs_9_9;;0.9827586206896551;5;1.0;5;12;5;right;19.893502915932913;experiment;F, E, V, H, O;1;instructions;right;1, 0, 0, 0, 0;lettersGrid;1, 0, 0, 0, 0;8/2-2=2 ?, 4x2-2=4 ?, 9/3+3=7 ?, 2x3+2=7 ?, 9/3-2=2 ?;cheat;3.746417768732499, 3.782883996544115, 2.24780628258668, 7.263508680909581, 4.607012888565805;0.8103448275862069;F, E, V, H, O;1-7;10;24;0.3981866825208085;male;12.396567931392628;cheat_first
7;1.0;6.659518070500781;0.7499036516128399;self;5;7;7;1, 1, 1, 1, 1, 1, 1;1461853088.345;dotscs_9_9;;0.9846153846153847;7;1.0;6;14;0.5;right;5.133203901499655;experiment;V, L, C, S, O, D, A;1;instructions;right;1, 1, 0, 1, 0, 0, 0;lettersGrid;1, 1, 0, 1, 0, 0, 0;3x3-1=8 ?, 9/3+2=5 ?, 3x3-5=6 ?, 6/3+4=6 ?, 3x3-9=2 ?, 6/3-2=2 ?, 3+4/2=3 ?;accuracy;2.536714486373967, 3.6319293423912313, 5.576431609631982, 2.58568848664072, 3.44582212512978, 7.427186630629876, 4.30179146068258;0.8307692307692308;V, L, C, S, O, D, A;1-7;14;24;4.0899408284023675;male;16.486508759794994;cheat_first
7;1.0;21.07083455575048;0.8819708367882413;other;5;7;3;1, 1, 1, 1, 1, 1, 1;1461853137.907;dotscs_9_9;;0.9861111111111112;7;0.42857142857142855;7;12;0.5;right;6.906379802690935;experiment;F, J, O, L, S, H, X;0;instructions;left;0, 1, 1, 0, 0, 1, 1;lettersGrid;0, 1, 1, 0, 0, 1, 1;2x2+5=7 ?, 2x3-5=1 ?, 4/2+4=6 ?, 3x3-3=5 ?, 6/3+2=5 ?, 1+2x4=9 ?, 3x3-4=5 ?;cheat;12.437340989770746, 6.310533417938132, 3.414554994316859, 3.3874337638008, 3.9104159950002213, 10.31990318800672, 5.867695350116264;0.7916666666666666;F, J, S, O, H, L, X;1-7;10;24;3.9033564814814814;male;16.486508759794994;cheat_first
2;1.0;1.85991811536951;1.0133429687630269;other;5;2;2;1, 1;1461853219.808;dotscs_9_9;;0.9864864864864865;2;1.0;8;14;0.5;right;11.171579048321291;experiment;I, M;0;instructions;left;1, 0;lettersGrid;1, 0;4+6/2=7 ?, 5+6/3=8 ?;cheat;3.46473330518711, 3.6869068469459307;0.7972972972972973;I, M;1-7;4;24;3.932615047479912;male;16.486508759794994;cheat_first
4;0.8;6.799891212143848;0.8736386919554207;other;0.5;5;5;1, 0, 1, 1, 1;1461853244.332;dotscs_9_9;;0.9746835443037974;5;1.0;9;14;5;left;12.054752072330302;experiment;G, A, C, D, Q;1;instructions;left;0, 1, 0, 0, 0;lettersGrid;0, 0, 0, 0, 0;2x2-3=2 ?, 6/2+3=6 ?, 3+2x3=8 ?, 2x2-2=3 ?, 9/3+1=2 ?;accuracy;3.338604153403139, 2.2724052910380124, 5.480664320803044, 2.216463417869818, 5.533030421316653;0.810126582278481;G, A, C, D, Q;1-7;10;24;3.9480852427495594;male;16.486508759794994;cheat_first
1;1.0;1.6140030569586088;1.021710149369028;other;5;1;1;1;1461853290.587;dotscs_9_9;;0.975;1;1.0;10;12;0.5;right;3.625956981020863;experiment;S;1;instructions;right;1;lettersGrid;1;3+6/3=5 ?;accuracy;2.031477699372772;0.8125;S;1-7;2;24;3.9609374999999996;male;16.486508759794994;cheat_first
4;1.0;5.71834207871143;0.7742510394818964;other;5;4;4;1, 1, 1, 1;1461853306.936;dotscs_9_9;;0.9761904761904762;4;1.0;11;12;0.5;right;5.682009623866179;experiment;A, Y, M, D;0;instructions;left;0, 1, 1, 1;lettersGrid;0, 1, 1, 1;9/3-1=3 ?, 2x2-2=2 ?, 2x2-3=1 ?, 4/2+6=8 ?;cheat;1.1431423836293106, 2.3837252798693953, 4.7438389231901965, 4.218694029019389;0.8214285714285714;A, Y, M, D;1-7;8;24;4.009353741496598;male;16.486508759794994;cheat_first
6;1.0;7.412652091548807;0.8601569956699677;other;5;6;6;1, 1, 1, 1, 1, 1;1461853337.403;dotscs_9_9;;0.9777777777777777;6;1.0;12;14;0.5;right;7.628074345211644;experiment;S, C, L, U, Q, P;0;instructions;left;1, 1, 0, 0, 1, 0;lettersGrid;1, 1, 0, 0, 1, 0;1+2x3=7 ?, 2x2+4=8 ?, 6/3+4=4 ?, 3x2-4=4 ?, 3x2-1=5 ?, 6+9/3=7 ?;cheat;1.403720091744617, 2.525834992811724, 2.8588164348220744, 6.342733066660003, 2.1874739664708613, 9.779067574105284;0.8333333333333334;S, C, L, U, Q, P;1-7;12;24;4.0740740740740735;male;16.486508759794994;cheat_first
6;1.0;6.181192299347458;0.775335379090393;self;0.5;6;4;1, 1, 1, 1, 1, 1;1461853388.744;dotscs_9_9;;0.9791666666666666;6;0.6666666666666666;13;14;5;right;4.748580077808583;experiment;O, Z, T, F, G, N;1;instructions;right;0, 1, 0, 1, 0, 0;lettersGrid;0, 1, 0, 1, 0, 0;9/3-2=2 ?, 3x3-1=8 ?, 8/2+1=7 ?, 1+6/3=3 ?, 2x2-2=4 ?, 3+9/3=4 ?;cheat;1.478216770956351, 1.694512441768893, 4.318073541864578, 5.156359011252789, 3.4957824356097262, 4.998510448625893;0.8229166666666666;O, Z, T, G, F, N;1-7;10;24;0.4028862847222222;male;16.889395044517215;cheat_first
2;1.0;2.2116192793037044;0.7645107395292143;self;0.5;2;2;1, 1;1461853430.194;dotscs_9_9;;0.9795918367346939;2;1.0;14;10;5;left;6.804083826813439;experiment;M, P;0;instructions;right;1, 0;lettersGrid;1, 0;2x4-7=1 ?, 1+2x4=7 ?;cheat;2.0149737249339523, 3.4386412063904572;0.826530612244898;M, P;1-7;4;24;4.048313202832153;male;20.93770824734937;cheat_first
3;1.0;2.368052608875587;0.9352613155824656;self;0.5;3;3;1, 1, 1;1461853451.644;dotscs_9_9;;0.9801980198019802;3;1.0;15;12;5;left;8.621983428431122;experiment;D, D, Z;0;instructions;right;1, 1, 1;lettersGrid;1, 1, 1;3+9/3=6 ?, 2x2-1=3 ?, 6+9/3=9 ?;cheat;3.045812640695658, 4.446498067900393, 3.45202982783303;0.8316831683168316;D, D, Z;1-7;6;24;4.076070973433977;male;25.01377922078335;cheat_first
3;1.0;2.8309180470678257;0.8064598895180097;self;5;3;3;1, 1, 1;1461853479.382;dotscs_9_9;;0.9807692307692307;3;1.0;16;12;0.5;right;5.759239447597793;experiment;T, Y, L;1;instructions;right;0, 1, 0;lettersGrid;0, 1, 0;5+6/2=7 ?, 2x3-5=1 ?, 4/2-1=2 ?;accuracy;1.9609248454289627, 3.4023448490152077, 6.238806334611581;0.8365384615384616;T, Y, L;1-7;6;24;4.102255917159764;male;29.11603513794311;cheat_first
4;1.0;5.440821564203361;0.8674529308518686;self;0.5;4;4;1, 1, 1, 1;1461853507.213;dotscs_9_9;;0.9814814814814815;4;1.0;17;14;5;left;4.083441419294104;experiment;I, Q, Z, G;0;instructions;right;1, 1, 0, 1;lettersGrid;1, 1, 0, 1;9/3+1=4 ?, 4/2+2=4 ?, 3x2-4=4 ?, 8/2-1=3 ?;cheat;3.45110651124196, 2.280715494271135, 1.9890826394876058, 4.406564359836921;0.8425925925925926;I, Q, Z, G;1-7;8;24;4.134945130315501;male;33.250980268258616;cheat_first
5;1.0;8.610129303251597;0.8493019209854538;self;5;5;5;1, 1, 1, 1, 1;1461853536.635;dotscs_9_9;;0.9823008849557522;5;1.0;18;12;0.5;right;5.44251779127444;experiment;T, I, U, G, Z;0;instructions;left;1, 1, 1, 1, 1;lettersGrid;1, 1, 1, 1, 1;8/4+5=7 ?, 4/2+1=3 ?, 9/3-2=1 ?, 4+9/3=7 ?, 2x4-4=4 ?;cheat;4.634130226215348, 2.1253742900371435, 3.9364291748206597, 6.62018457130398, 4.539481958876422;0.8495575221238938;T, I, U, G, Z;1-7;10;24;4.172605529015584;male;37.4235857972742;cheat_first
7;1.0;16.460524765163427;0.8992402898693399;other;5;6;2;1, 1, 1, 1, 1, 1, 1;1461853579.271;dotscs_9_9;;0.9833333333333333;7;0.2857142857142857;19;10;0.5;left;8.520303586781665;experiment;D, A, E, J, Y, X, K;1;instructions;left;0, 0, 0, 0, 0, 0, 0;lettersGrid;0, 0, 0, 0, 0, 0, 0;2x4-7=3 ?, 3+6/2=5 ?, 2x2+2=5 ?, 3+2x2=6 ?, 4+4/2=4 ?, 3x2+2=9 ?, 9/3-1=0 ?;cheat;2.077544084029796, 6.71160742376378, 5.5882910432628705, 2.864745266895625, 6.26851808925494, 4.7243484141727095, 6.191423454081814;0.8166666666666667;K, D, E, J, X, Y, U;1-7;8;24;0.40152777777777776;male;37.4235857972742;cheat_first
4;1.0;4.2080612014869985;0.9161363818930113;other;0.5;4;4;1, 1, 1, 1;1461853648.021;dotscs_9_9;;0.9838709677419355;4;1.0;20;10;5;left;17.38025142947663;experiment;R, I, R, G;0;instructions;right;0, 1, 0, 1;lettersGrid;0, 1, 0, 1;6/2-1=4 ?, 2x3-1=5 ?, 7+4/2=7 ?, 3x3-4=5 ?;cheat;6.149518187285139, 5.249703169109125, 2.8837452750340162, 1.9423675621073926;0.8225806451612904;R, I, R, G;1-7;8;24;4.046566077003122;male;37.4235857972742;cheat_first
7;1.0;28.614552304701647;0.8872619469366327;other;5;7;5;1, 1, 1, 1, 1, 1, 1;1461853692.529;dotscs_9_9;;0.9847328244274809;7;0.7142857142857143;21;12;0.5;right;15.97355435836289;experiment;T, Y, B, Q, Z, A, R;0;instructions;left;1, 1, 1, 1, 0, 1, 1;lettersGrid;1, 1, 1, 1, 0, 1, 1;4/2+3=5 ?, 6/3+2=4 ?, 6/3+5=7 ?, 7+8/4=9 ?, 3x3-3=8 ?, 2x3-5=1 ?, 9/3-2=1 ?;cheat;2.0986706576768484, 3.193647695086838, 2.3779847208606952, 4.392367438245856, 1.6361042622265813, 6.717047170543083, 7.4595232373903855;0.816793893129771;T, Y, B, Q, Z, R, A;1-7;12;24;4.021618786783987;male;37.4235857972742;cheat_first
6;0.8571428571428571;5.639813453952229;0.9708035190087685;other;0.5;7;7;1, 1, 1, 1, 1, 1, 0;1461853773.572;dotscs_9_9;;0.9782608695652174;7;1.0;22;10;5;left;16.778412511241186;experiment;B, E, J, R, F, G, M;0;instructions;right;1, 0, 0, 0, 1, 0, 1;lettersGrid;1, 0, 0, 0, 1, 0, 0;6/3+6=8 ?, 4x2-7=3 ?, 5+2x2=7 ?, 2x4-4=6 ?, 2x3-5=1 ?, 2+8/2=8 ?, 6/2+1=4 ?;cheat;2.500534561026143, 2.76253422623995, 3.5788179353439773, 6.213637198510696, 5.440214277397899, 5.212885875731445, 3.9301135336136213;0.8260869565217391;B, E, J, R, F, G, M;1-7;14;24;4.0406427221172025;male;37.4235857972742;cheat_first
2;0.6666666666666666;3.2712275226913334;0.9118372443044791;other;5;3;3;0, 1, 1;1461853834.788;dotscs_9_9;;0.9716312056737588;3;1.0;23;10;0.5;right;11.455866068485193;experiment;U, H, E;1;instructions;right;0, 0, 0;lettersGrid;1, 0, 0;4/2+1=5 ?, 3x3-9=1 ?, 2x2-1=4 ?;accuracy;1.2130419441964477, 2.141748738271417, 5.598178564261616;0.8297872340425532;U, H, E;1-7;6;24;4.031235853327297;male;37.4235857972742;cheat_first
1;0.5;1.5519412474786805;0.9004169965264737;other;0.5;2;2;0, 1;1461853863.539;dotscs_9_9;;0.965034965034965;2;1.0;24;14;5;left;5.430790007230826;experiment;J, Q;1;instructions;left;1, 1;lettersGrid;0, 1;2x3-2=4 ?, 9/3+4=7 ?;accuracy;3.162202554212854, 2.553649507037335;0.8321678321678322;J, Q;1-7;4;24;4.015355274096533;male;37.4235857972742;cheat_first
1;1.0;1.4311718618118903;0.7285293502500281;self;0.5;1;1;1;1461853880.481;dotscs_9_9;;0.9652777777777778;1;1.0;25;14;5;left;6.603783226921223;experiment;J;0;instructions;right;0;lettersGrid;0;3x3-3=7 ?;cheat;1.763441971372231;0.8333333333333334;J;1-7;2;24;4.0219907407407405;male;41.44557653801494;cheat_first
5;0.8333333333333334;8.416635907138698;0.8835155960514385;self;5;6;6;1, 0, 1, 1, 1, 1;1461853893.695;dotscs_9_9;;0.96;6;1.0;26;14;0.5;right;9.490700832328002;experiment;Z, J, Q, D, M, R;0;instructions;left;0, 1, 0, 1, 1, 0;lettersGrid;0, 0, 0, 1, 1, 0;2x3-5=0 ?, 8/4+4=6 ?, 4x2-4=2 ?, 4x2-5=3 ?, 3+2x2=7 ?, 4+6/2=8 ?;cheat;1.4471244651285815, 1.5433270469475247, 8.74097200570759, 6.763033928433288, 2.3963194031348394, 4.9731254355137935;0.84;Z, J, Q, D, M, R;1-7;12;24;4.031999999999999;male;45.47757653801494;cheat_first
6;1.0;7.479640143639699;0.7306520228885347;self;5;6;6;1, 1, 1, 1, 1, 1;1461853945.176;dotscs_9_9;;0.9615384615384616;6;1.0;27;12;0.5;right;13.744229271294898;experiment;V, X, N, P, F, L;1;instructions;right;1, 1, 0, 0, 0, 0;lettersGrid;1, 1, 0, 0, 0, 0;2x3+1=7 ?, 2+8/2=6 ?, 3x2+2=6 ?, 8/2+5=8 ?, 6/2-1=1 ?, 4x2-8=1 ?;accuracy;1.4340989417432866, 2.9381353110038617, 2.3173094788071467, 4.633494273773977, 5.565403125547164, 4.342310867847118;0.8461538461538461;V, X, N, P, F, L;1-7;12;24;4.068047337278107;male;49.545623875293046;cheat_first
7;1.0;6.472971667382808;0.6931262282450916;self;5;7;7;1, 1, 1, 1, 1, 1, 1;1461853995.845;dotscs_9_9;;0.9631901840490797;7;1.0;28;14;0.5;right;7.671665929970914;experiment;F, U, W, M, K, Q, G;0;instructions;left;1, 1, 1, 1, 0, 1, 0;lettersGrid;1, 1, 1, 1, 0, 1, 0;5+6/3=7 ?, 4x2-2=6 ?, 4/2+6=8 ?, 3+3x2=9 ?, 9/3+1=3 ?, 8/2-2=2 ?, 6/3-2=1 ?;cheat;4.214479472750099, 2.2187913506240875, 4.9407736111934355, 5.604084746944864, 5.9907218891858065, 6.200749340954644, 7.826855312505359;0.852760736196319;F, U, W, M, K, Q, G;1-7;14;24;4.106853852233806;male;53.65247772752685;cheat_first
2;1.0;4.034451139777957;0.9055916746474395;self;0.5;2;2;1, 1;1461854055.282;dotscs_9_9;;0.9636363636363636;2;1.0;29;12;5;left;5.388441307819448;experiment;W, Q;0;instructions;right;1, 0;lettersGrid;1, 0;3+9/3=6 ?, 4x2-3=6 ?;cheat;2.1218377999248332, 3.30226780569501;0.8545454545454545;W, Q;1-7;4;24;4.1173553719008265;male;57.76983309942768;cheat_first
5;1.0;10.643182904805144;0.8220433785390924;self;0.5;5;5;1, 1, 1, 1, 1;1461854074.72;dotscs_9_9;;0.9647058823529412;5;1.0;30;10;5;left;4.118565670669341;experiment;M, N, K, A, B;1;instructions;left;1, 1, 1, 1, 0;lettersGrid;1, 1, 1, 1, 0;2x2+5=9 ?, 2x4-7=1 ?, 4x2-7=1 ?, 4x2-7=1 ?, 4x2-2=5 ?;accuracy;2.497383464458835, 3.142151118863694, 3.2003922591429728, 2.6966917378922517, 3.6044248417128983;0.8588235294117647;M, N, K, A, B;1-7;10;24;4.142560553633218;male;61.912393653060896;cheat_first
7;1.0;7.716297617247619;0.7833706045603321;other;0.5;7;4;1, 1, 1, 1, 1, 1, 1;1461854111.615;dotscs_9_9;;0.9661016949152542;7;0.5714285714285714;31;14;5;left;6.640211233887385;experiment;T, W, V, Y, P, I, X;0;instructions;right;0, 0, 1, 0, 0, 1, 0;lettersGrid;0, 0, 1, 0, 0, 1, 0;6/3+7=7 ?, 4+9/3=8 ?, 9/3-3=0 ?, 2x4-1=9 ?, 4+8/4=7 ?, 4x2-6=2 ?, 3x3-4=6 ?;cheat;2.9492182951871655, 5.540174180900067, 5.260702279767429, 10.258515905712557, 2.040829420711816, 7.912122485078726, 12.158867785237817;0.847457627118644;T, W, V, Y, X, P, I;1-7;11;24;4.093651249640907;male;61.912393653060896;cheat_first
1;1.0;1.0554212910647038;0.9767649095811066;other;0.5;1;1;1;1461854184.157;dotscs_9_9;;0.9662921348314607;1;1.0;32;12;5;left;6.115072709853848;experiment;E;0;instructions;right;1;lettersGrid;1;2x2-3=1 ?;cheat;2.236133706435794;0.848314606741573;E;1-7;2;24;4.098598661785128;male;61.912393653060896;cheat_first
3;1.0;3.6100687869111425;0.877705319388042;other;0.5;3;3;1, 1, 1;1461854197.183;dotscs_9_9;;0.9668508287292817;3;1.0;33;10;5;left;13.492586040258175;experiment;C, F, S;0;instructions;right;1, 0, 1;lettersGrid;1, 0, 1;4/2-2=0 ?, 2+8/2=5 ?, 2x3-1=5 ?;cheat;1.4159054642695992, 2.299982340555289, 2.756529306367156;0.850828729281768;C, F, S;1-7;6;24;4.113122310063796;male;61.912393653060896;cheat_first
1;1.0;1.6741092330594256;1.0567512350098696;other;0.5;1;1;1;1461854228.773;dotscs_9_9;;0.967032967032967;1;1.0;34;14;5;right;4.111837031967298;experiment;H;1;instructions;right;0;lettersGrid;0;3+2x3=8 ?;cheat;2.651835680084332;0.8516483516483516;H;1-7;2;24;0.4117860161816206;male;61.912393653060896;cheat_first
2;1.0;2.5838404378700943;0.7936789087798388;other;5;2;2;1, 1;1461854242.112;dotscs_9_9;;0.967391304347826;2;1.0;35;12;0.5;right;3.9935520014078065;experiment;B, O;1;instructions;right;1, 1;lettersGrid;1, 1;2x2-1=3 ?, 9/3-1=2 ?;accuracy;1.363965455431753, 3.2552873057611578;0.8532608695652174;B, O;1-7;4;24;4.127185727788279;male;61.912393653060896;cheat_first
5;1.0;6.311583075665112;0.7609126713796286;other;5;5;5;1, 1, 1, 1, 1;1461854257.728;dotscs_9_9;;0.9682539682539683;5;1.0;36;12;0.5;right;5.4254351956660685;experiment;R, D, Y, L, S;0;instructions;left;1, 1, 0, 0, 1;lettersGrid;1, 1, 0, 0, 1;6/2+3=6 ?, 4x2+1=9 ?, 4/2+2=3 ?, 3x3-3=7 ?, 2x3-2=4 ?;cheat;2.734385633491911, 3.531405681387696, 6.096807037451072, 1.7649881462275516, 10.90378927855636;0.8571428571428571;R, D, Y, L, S;1-7;10;24;4.149659863945578;male;61.912393653060896;cheat_first
4;1.0;7.019881564916432;0.8928966908169969;self;5;4;4;1, 1, 1, 1;1461854301.284;dotscs_9_9;;0.9689119170984456;4;1.0;37;10;0.5;right;4.965706344271894;experiment;V, X, F, G;0;instructions;left;0, 1, 0, 1;lettersGrid;0, 1, 0, 1;4+2x2=7 ?, 3x2-2=4 ?, 1+2x3=5 ?, 4x2-8=0 ?;cheat;2.407104052366776, 2.8804975646598905, 7.340888556856953, 2.5106082317106484;0.8601036269430051;V, X, F, G;1-7;8;24;4.166823270423367;male;66.07921692348427;cheat_first
7;1.0;9.214245547005703;0.9034866968431743;self;0.5;7;7;1, 1, 1, 1, 1, 1, 1;1461854334.777;dotscs_9_9;;0.97;7;1.0;38;10;5;left;9.55200353330656;experiment;X, U, V, P, C, W, K;0;instructions;right;0, 0, 0, 1, 1, 0, 0;lettersGrid;0, 0, 0, 1, 1, 0, 0;2x2-1=1 ?, 1+9/3=5 ?, 2x2-4=2 ?, 4x2-4=4 ?, 3+9/3=6 ?, 8/4+3=6 ?, 6/3+1=2 ?;cheat;1.2103986894471745, 6.452695507599856, 2.207583440889721, 3.76952120956048, 5.17263047553206, 9.541780164297961, 6.215331302202685;0.865;X, U, V, P, C, W, K;1-7;14;24;4.19525;male;70.27446692348427;cheat_first
3;1.0;3.30937688339327;1.150179620290146;self;5;3;3;1, 1, 1;1461854403.622;dotscs_9_9;;0.9704433497536946;3;1.0;39;12;0.5;right;3.621708096768998;experiment;K, H, P;0;instructions;left;0, 0, 0;lettersGrid;0, 0, 0;3x3-7=1 ?, 2x2-4=1 ?, 4/2-2=2 ?;cheat;2.442768350163533, 4.422710898568766, 6.629017126124381;0.8669950738916257;K, H, P;1-7;6;24;4.206848018636705;male;74.48131494212097;cheat_first
5;1.0;5.285283593380882;0.7065997849022096;self;0.5;5;5;1, 1, 1, 1, 1;1461854429.44;dotscs_9_9;;0.9711538461538461;5;1.0;40;12;5;left;11.642488559402409;experiment;Q, J, B, R, V;1;instructions;left;1, 1, 1, 0, 1;lettersGrid;1, 1, 1, 0, 1;2x2-4=0 ?, 3x3-8=1 ?, 4+4/2=6 ?, 6/2-2=3 ?, 2x2+4=8 ?;accuracy;1.5421436162505415, 2.5296570775972214, 3.650205985595676, 4.123001766296511, 5.0770755247503985;0.8701923076923077;Q, J, B, R, V;1-7;10;24;4.225453032544379;male;78.70676797466535;cheat_first
4;1.0;5.246997274640307;0.7093693807837553;self;5;4;4;1, 1, 1, 1;1461854469.782;dotscs_9_9;;0.9716981132075472;4;1.0;41;14;0.5;right;14.585649911899964;experiment;U, C, B, X;1;instructions;right;0, 1, 1, 0;lettersGrid;0, 1, 1, 0;4/2-1=0 ?, 6+9/3=9 ?, 3x3-1=8 ?, 4+8/4=8 ?;accuracy;1.1495422522639274, 3.6934461508972163, 1.44255955108747, 6.746655233444471;0.8726415094339622;U, C, B, X;1-7;8;24;4.239720541117836;male;82.94648851578319;cheat_first
1;1.0;1.4604016090997902;1.168346201608074;self;0.5;1;1;1;1461854509.423;dotscs_9_9;;0.971830985915493;1;1.0;42;10;5;left;7.058462679640797;experiment;A;1;instructions;left;0;lettersGrid;0;3+8/2=9 ?;accuracy;3.6440361498425773;0.8732394366197183;A;1-7;2;24;4.243205713152152;male;87.18969422893534;cheat_first
3;1.0;3.6865791385644116;0.8737936987272406;other;0.5;3;3;1, 1, 1;1461854525.756;dotscs_9_9;;0.9722222222222222;3;1.0;43;12;5;left;10.383294587536511;experiment;R, G, N;0;instructions;right;0, 1, 0;lettersGrid;0, 1, 0;2x4-7=0 ?, 2x3-6=0 ?, 3x3-1=6 ?;cheat;2.8736312601249665, 2.915176260041335, 1.2126664597562922;0.875;R, G, N;1-7;6;24;4.253472222222222;male;87.18969422893534;cheat_first
1;1.0;2.0978011333900213;0.9702128653480031;other;5;1;1;1;1461854552.682;dotscs_9_9;;0.9723502304147466;1;1.0;44;10;0.5;right;4.108271522320138;experiment;K;0;instructions;left;1;lettersGrid;1;3x2-1=5 ?;cheat;2.6678976374896592;0.8755760368663594;K;1-7;2;24;4.256832805963176;male;87.18969422893534;cheat_first
6;1.0;5.77192204504172;1.0178891262767138;other;0.5;5;5;1, 1, 1, 1, 1, 1;1461854567.425;dotscs_9_9;;0.9730941704035875;6;0.8333333333333334;45;10;5;left;12.147416748444812;experiment;H, B, O, J, G, T;1;instructions;left;0, 1, 1, 0, 0, 1;lettersGrid;0, 1, 1, 0, 0, 1;9/3-2=2 ?, 2x2+2=6 ?, 4/2-2=0 ?, 3x3-5=5 ?, 8/2+2=5 ?, 4/2+6=8 ?;accuracy;3.1831185593000555, 1.9919541576346091, 2.9921257975511253, 1.4651448870936292, 5.323788620309642, 3.2679907831115997;0.874439461883408;H, B, O, J, Q, T;1-7;10;24;4.254559713647971;male;87.18969422893534;cheat_first
1;0.5;2.1451631340096355;0.8482207664492307;other;5;2;2;0, 1;1461854610.996;dotscs_9_9;;0.9688888888888889;2;1.0;46;10;0.5;right;3.2646461050280777;experiment;U, O;1;instructions;right;1, 0;lettersGrid;0, 0;5+6/2=8 ?, 5+4/2=5 ?;accuracy;1.6946550621578353, 3.917082347878022;0.8755555555555555;U, O;1-7;4;24;4.24158024691358;male;87.18969422893534;cheat_first
2;1.0;2.1859925547214516;0.8741833390376996;other;5;2;2;1, 1;1461854632.494;dotscs_9_9;;0.9691629955947136;2;1.0;47;14;0.5;right;1.433650554576161;experiment;K, V;0;instructions;left;0, 0;lettersGrid;0, 0;1+9/3=6 ?, 4+4/2=7 ?;cheat;1.1918445912015159, 3.9293045256672485;0.8766519823788547;K, V;1-7;4;24;4.248093306681675;male;87.18969422893534;cheat_first
4;1.0;3.4612293735735875;0.8713433177035768;other;0.5;4;4;1, 1, 1, 1;1461854649.077;dotscs_9_9;;0.9696969696969697;4;1.0;48;14;5;left;5.857605400182365;experiment;O, K, L, F;0;instructions;right;0, 1, 0, 0;lettersGrid;0, 1, 0, 0;3x3-9=1 ?, 3x3-7=2 ?, 9/3-3=2 ?, 9/3-3=2 ?;cheat;2.413551343161089, 1.5306423261208693, 3.43118070923083, 2.1542894231242826;0.8787878787878788;O, K, L, F;1-7;8;24;4.26078971533517;male;87.18969422893534;cheat_first
3;0.75;4.0550167870896985;0.9683304885911639;self;5;4;4;0, 1, 1, 1;1461854673.928;dotscs_9_9;;0.9659574468085106;4;1.0;49;12;0.5;right;11.774997407708724;experiment;H, W, L, F;0;instructions;left;1, 0, 1, 0;lettersGrid;0, 0, 1, 0;2+6/2=5 ?, 3x3-7=0 ?, 4/2-2=0 ?, 5+2x2=8 ?;cheat;1.7346878613061563, 5.476474537306785, 1.8602316678843636, 3.2363594925554935;0.8808510638297873;H, W, L, F;1-7;8;24;4.2543232231779085;male;91.44401745211324;cheat_first
4;1.0;5.064575891919958;0.8280320191624924;self;5;4;4;1, 1, 1, 1;1461854709.216;dotscs_9_9;;0.9665271966527197;4;1.0;50;12;0.5;right;7.458128176444006;experiment;K, Q, X, T;1;instructions;right;1, 1, 0, 1;lettersGrid;1, 1, 0, 1;2x2+5=9 ?, 1+9/3=4 ?, 8/2-1=4 ?, 3+2x2=7 ?;accuracy;1.1822844246853492, 2.1779417577963613, 1.7200022083161457, 1.5273517942368926;0.8828451882845189;K, Q, X, T;1-7;8;24;4.266469424554892;male;95.71048687666814;cheat_first
2;1.0;1.6612833074323134;0.858984889669955;self;5;2;2;1, 1;1461854734.379;dotscs_9_9;;0.966804979253112;2;1.0;51;12;0.5;right;5.337595193799643;experiment;X, Y;0;instructions;left;1, 0;lettersGrid;1, 0;2+8/4=4 ?, 4+4/2=5 ?;cheat;2.046741265738092, 2.6728118476130476;0.8838174273858921;X, Y;1-7;4;24;4.272395447736781;male;99.98288232440493;cheat_first
1;1.0;1.0093577375810128;0.7183268611515814;self;5;1;1;1;1461854759.979;dotscs_9_9;;0.9669421487603306;1;1.0;52;14;0.5;right;3.06326045773676;experiment;I;0;instructions;left;0;lettersGrid;0;6+9/3=8 ?;cheat;4.089676725943718;0.8842975206611571;I;1-7;2;24;4.27532272385766;male;104.25820504826258;cheat_first
5;1.0;8.177351811933477;0.8507334332971368;self;0.5;5;5;1, 1, 1, 1, 1;1461854774.316;dotscs_9_9;;0.9676113360323887;5;1.0;53;14;5;left;4.067985687001055;experiment;W, S, Y, F, I;0;instructions;right;0, 1, 0, 1, 0;lettersGrid;0, 1, 0, 1, 0;4/2-2=2 ?, 4/2-2=0 ?, 9/3+5=9 ?, 6+9/3=9 ?, 6/2+1=5 ?;cheat;2.5536073933253647, 1.273161214474385, 5.085529763957311, 4.936335746082477, 4.795431759332132;0.8866396761133604;W, S, Y, F, I;1-7;10;24;4.289613007916865;male;108.54781805617945;cheat_first
7;1.0;6.645388389286381;0.8384772814206372;self;0.5;7;7;1, 1, 1, 1, 1, 1, 1;1461854811.835;dotscs_9_9;;0.968503937007874;7;1.0;54;12;5;left;2.1771044381130196;experiment;D, A, E, B, U, M, Z;1;instructions;left;1, 0, 0, 0, 1, 1, 0;lettersGrid;1, 0, 0, 0, 1, 1, 0;9/3+2=5 ?, 3x3-2=5 ?, 5+8/2=7 ?, 9/3+6=7 ?, 2x3-4=2 ?, 2x4-1=7 ?, 6+9/3=8 ?;accuracy;4.316411642779713, 2.65414945696466, 7.7253364938660525, 1.7471637830567488, 4.756989372126554, 3.5686529593003797, 1.934826376487763;0.889763779527559;D, A, E, B, U, M, Z;1-7;14;24;4.308698617397234;male;112.85651667357669;cheat_first
6;1.0;6.643375070736511;0.8443402887023694;other;0.5;6;6;1, 1, 1, 1, 1, 1;1461854861.693;dotscs_9_9;;0.9692307692307692;6;1.0;55;12;5;left;3.336198009470536;experiment;I, L, W, D, O, H;0;instructions;right;1, 1, 1, 1, 1, 1;lettersGrid;1, 1, 1, 1, 1, 1;5+6/3=7 ?, 3x3-8=1 ?, 2x2-1=3 ?, 7+4/2=9 ?, 6/3+4=6 ?, 3x2+2=8 ?;cheat;2.7133546119657694, 3.8592142147572304, 1.7918499704319402, 8.938219538427802, 5.606032948497159, 2.1362905888599926;0.8923076923076924;I, L, W, D, O, H;1-7;12;24;4.324260355029586;male;112.85651667357669;cheat_first
3;1.0;3.6451894993188034;0.8138517307124857;other;5;3;3;1, 1, 1;1461854904.282;dotscs_9_9;;0.9695817490494296;3;1.0;56;10;0.5;right;3.251357990262477;experiment;Z, A, X;0;instructions;left;1, 1, 0;lettersGrid;1, 1, 0;4x2-8=0 ?, 3+2x2=7 ?, 2x4-4=2 ?;cheat;1.4241908947333286, 1.3273024610316497, 4.6670776587452565;0.8935361216730038;Z, A, X;1-7;6;24;4.331781578452775;male;112.85651667357669;cheat_first
4;1.0;3.7193616552176536;0.8076192552362045;other;5;4;4;1, 1, 1, 1;1461854927.105;dotscs_9_9;;0.9700374531835206;4;1.0;57;10;0.5;right;9.511778568226873;experiment;O, B, E, U;1;instructions;right;0, 1, 1, 1;lettersGrid;0, 1, 1, 1;1+8/4=1 ?, 2x2-4=0 ?, 3x3-7=2 ?, 3x3-3=6 ?;accuracy;2.448592074906628, 3.3033383433285053, 4.736522108105419, 4.171651597152959;0.8951310861423221;O, B, E, U;1-7;8;24;4.341553395334484;male;112.85651667357669;cheat_first
5;1.0;5.683510499940894;0.7536354927287903;other;0.5;5;5;1, 1, 1, 1, 1;1461854964.437;dotscs_9_9;;0.9705882352941176;5;1.0;58;10;5;right;16.24168953134722;experiment;T, H, D, E, R;1;instructions;right;0, 0, 0, 1, 1;lettersGrid;0, 0, 0, 1, 1;8/4+6=9 ?, 2x2+1=7 ?, 3x3-7=1 ?, 2x4-5=3 ?, 3+8/2=7 ?;cheat;1.5963446713612939, 2.0435338995921484, 2.2845888940828445, 3.3721050804342667, 8.822020021354547;0.8970588235294118;T, H, D, E, R;1-7;10;24;0.4353373702422145;male;112.85651667357669;cheat_first
5;1.0;9.614684308184223;0.8503260981487983;other;0.5;3;3;1, 1, 1, 1, 1;1461855010.91;dotscs_9_9;;0.9711191335740073;5;0.6;59;10;5;left;12.11844817695237;experiment;Y, V, W, M, S;0;instructions;right;0, 0, 1, 0, 0;lettersGrid;0, 0, 1, 0, 0;9/3+1=2 ?, 6/2-2=2 ?, 4x2-8=0 ?, 6/2+3=5 ?, 2x4-6=3 ?;cheat;3.715748369511857, 3.2759417811539606, 4.689249643357471, 3.326995986455586, 11.733174244953261;0.8916967509025271;Y, V, W, N, E;1-7;6;24;4.329718880736097;male;112.85651667357669;cheat_first
3;1.0;3.68622028727259;0.8106287931077532;other;5;3;3;1, 1, 1;1461855066.884;dotscs_9_9;;0.9714285714285714;3;1.0;60;14;0.5;right;9.10162144869173;experiment;E, S, Q;0;instructions;left;0, 0, 0;lettersGrid;0, 0, 0;1+9/3=6 ?, 4x2-3=3 ?, 3x3-1=7 ?;cheat;2.074535961746733, 5.505220153852861, 1.3865791031748813;0.8928571428571429;E, S, Q;1-7;6;24;4.336734693877552;male;112.85651667357669;cheat_first
6;1.0;6.046532112766727;0.777988542944513;self;5;6;6;1, 1, 1, 1, 1, 1;1461855093.794;dotscs_9_9;;0.972027972027972;6;1.0;61;10;0.5;right;3.9935923456396267;experiment;V, N, P, Q, A, Z;0;instructions;left;1, 0, 0, 0, 1, 1;lettersGrid;1, 0, 0, 0, 1, 1;3x2-5=1 ?, 9/3-1=0 ?, 8/4+3=6 ?, 4/2-1=3 ?, 3x3-6=3 ?, 8/2+2=6 ?;cheat;2.141880033959751, 2.3466804308918654, 5.268591699776152, 4.221370903953357, 2.137111275398638, 4.706906259478274;0.8951048951048951;V, N, P, Q, A, Z;1-7;12;24;4.350334979705609;male;117.2068516532823;cheat_first
2;1.0;2.722516998543142;0.837611296101386;self;0.5;2;2;1, 1;1461855136.945;dotscs_9_9;;0.9722222222222222;2;1.0;62;12;5;left;2.4096754660749866;experiment;D, Z;0;instructions;right;1, 1;lettersGrid;1, 1;2+6/2=5 ?, 4/2+1=3 ?;cheat;2.662486202450964, 3.789139121407061;0.8958333333333334;D, Z;1-7;4;24;4.35474537037037;male;121.56159702365267;cheat_first
5;0.8333333333333334;5.851986935547757;0.76800653151804;self;0.5;6;6;0, 1, 1, 1, 1, 1;1461855153.154;dotscs_9_9;;0.9693877551020408;6;1.0;63;10;5;left;12.90842284856626;experiment;L, U, E, U, C, R;0;instructions;right;1, 0, 0, 1, 1, 0;lettersGrid;0, 0, 0, 1, 1, 0;4x2-4=4 ?, 2x3-5=2 ?, 4+9/3=9 ?, 5+4/2=7 ?, 5+6/3=7 ?, 3x3-3=4 ?;cheat;2.202288437874813, 4.219167542858486, 4.640496828556934, 8.718345617679006, 4.2261831918149255, 1.6197705121194304;0.8979591836734694;L, U, E, U, C, R;1-7;12;24;4.352353186172428;male;125.91395020982509;cheat_first
1;1.0;1.0890867800808337;0.843639219263423;self;0.5;1;1;1;1461855204.603;dotscs_9_9;;0.9694915254237289;1;1.0;64;12;5;left;12.48667631861099;experiment;B;0;instructions;right;1;lettersGrid;1;8/2-1=3 ?;cheat;3.619242144290183;0.8983050847457628;B;1-7;2;24;4.354495834530308;male;130.2684460443554;cheat_first
3;1.0;2.4388677003043995;0.9838396592967911;self;0.5;3;3;1, 1, 1;1461855225.18;dotscs_9_9;;0.9697986577181208;3;1.0;65;14;5;left;16.42693040939048;experiment;W, M, O;0;instructions;right;1, 0, 1;lettersGrid;1, 0, 1;6/3-2=0 ?, 3x3-1=9 ?, 2x2+1=5 ?;cheat;2.573324396260432, 1.5221859635348665, 1.265611535334756;0.8993288590604027;W, M, O;1-7;6;24;4.360839601819738;male;134.62928564617513;cheat_first
2;1.0;2.0481833949525026;0.9905541421321686;self;0.5;2;2;1, 1;1461855255.32;dotscs_9_9;;0.97;2;1.0;66;14;5;left;9.613756037037092;experiment;T, L;0;instructions;right;1, 1;lettersGrid;1, 1;4/2+3=5 ?, 6+8/4=8 ?;cheat;1.5676478925634, 3.0542866981195402;0.9;T, L;1-7;4;24;4.365;male;138.99428564617514;cheat_first
4;1.0;6.101786364572035;0.8442365969567618;other;5;4;4;1, 1, 1, 1;1461855289.999;dotscs_9_9;;0.9703947368421053;4;1.0;67;12;0.5;right;3.382717735854385;experiment;C, V, P, N;0;instructions;left;0, 0, 0, 1;lettersGrid;0, 0, 0, 1;3x3-1=6 ?, 4/2-1=2 ?, 6+8/4=6 ?, 3x3-7=2 ?;cheat;1.899885443624953, 6.566909310065967, 3.059714058512327, 4.0272486333378765;0.9013157894736842;C, V, P, N;1-7;8;24;4.373160491689751;male;138.99428564617514;cheat_first
4;1.0;4.992268771831732;0.9080579810251947;other;5;4;4;1, 1, 1, 1;1461855320.95;dotscs_9_9;;0.9707792207792207;4;1.0;68;10;0.5;right;3.467250218793197;experiment;I, J, S, Z;0;instructions;left;0, 0, 1, 0;lettersGrid;0, 0, 1, 0;8/4-1=2 ?, 2x3-2=6 ?, 3x3-9=0 ?, 2x4+1=7 ?;cheat;1.3528952115302673, 1.920882137168519, 1.3673522472236073, 4.988311852393963;0.9025974025974026;I, J, S, Z;1-7;8;24;4.381114015854275;male;138.99428564617514;cheat_first
2;1.0;2.8426398148694716;1.2667893036850728;other;5;2;2;1, 1;1461855345.568;dotscs_9_9;;0.9709677419354839;2;1.0;69;10;0.5;left;2.1590875551155477;experiment;C, L;1;instructions;left;1, 0;lettersGrid;1, 0;8/4-1=1 ?, 2x2+1=3 ?;cheat;7.917566478616209, 2.2045908900618088;0.9032258064516129;C, L;1-7;4;24;0.4385015608740895;male;138.99428564617514;cheat_first
1;1.0;1.5110856384089857;1.496389014620945;other;0.5;1;1;1;1461855365.24;dotscs_9_9;;0.9710610932475884;1;1.0;70;12;5;right;1.404804785248416;experiment;V;1;instructions;right;0;lettersGrid;0;4x2-2=8 ?;cheat;2.2803831852324947;0.9035369774919614;V;1-7;2;24;0.43869480257648286;male;138.99428564617514;cheat_first
2;1.0;1.7236512375966413;1.0196607333491556;other;5;2;2;1, 1;1461855374.444;dotscs_9_9;;0.9712460063897763;2;1.0;71;10;0.5;right;1.675469966023229;experiment;N, T;0;instructions;left;0, 1;lettersGrid;0, 1;8/4+3=4 ?, 4+6/3=6 ?;cheat;5.494994661465171, 2.911792653318116;0.9041533546325878;N, T;1-7;4;24;4.3907766742541;male;138.99428564617514;cheat_first
3;1.0;2.9589996471659106;0.8870835829766293;other;5;3;3;1, 1, 1;1461855390.573;dotscs_9_9;;0.9715189873417721;3;1.0;72;14;0.5;right;1.9206078671959403;experiment;A, J, U;1;instructions;right;1, 0, 1;lettersGrid;1, 0, 1;8/2-3=1 ?, 4x2-3=3 ?, 4/2-2=0 ?;accuracy;3.1950477105892787, 1.8580555568332784, 4.3066430310827855;0.9050632911392406;A, J, U;1-7;6;24;4.3964308604390325;male;138.99428564617514;cheat_first
4;1.0;6.415298531363078;0.7966668589506298;self;5;4;4;1, 1, 1, 1;1461855409.87;dotscs_9_9;;0.971875;4;1.0;73;14;0.5;right;6.61405012522664;experiment;A, P, N, J;0;instructions;left;1, 1, 1, 0;lettersGrid;1, 1, 1, 0;1+8/2=5 ?, 4/2+2=4 ?, 6/2-3=0 ?, 3x3-1=9 ?;cheat;2.5113379667855042, 2.2208004224085016, 2.2288161835567735, 1.4764515340175421;0.90625;A, P, N, J;1-7;8;24;4.40380859375;male;143.39809423992514;cheat_first
3;1.0;3.586492186139367;1.0677131865122647;self;0.5;3;3;1, 1, 1;1461855437.138;dotscs_9_9;;0.9721362229102167;3;1.0;74;10;5;left;2.136818248898635;experiment;P, W, Y;0;instructions;right;1, 1, 0;lettersGrid;1, 1, 0;8/4+4=6 ?, 2x2+3=7 ?, 6/2+1=6 ?;cheat;2.8736064873519354, 1.2916668288708024, 7.41601906512733;0.9071207430340558;P, W, Y;1-7;6;24;4.409224664283181;male;147.80731890420833;cheat_first
6;0.8571428571428571;11.22926952527996;0.7944649134406063;self;0.5;7;1;1, 1, 1, 1, 1, 1, 0;1461855460.303;dotscs_9_9;;0.9696969696969697;7;0.14285714285714285;75;12;5;left;8.781579887057887;experiment;G, Q, I, P, K, C, N;0;instructions;right;0, 1, 0, 1, 1, 0, 1;lettersGrid;0, 1, 0, 1, 1, 0, 0;4x2-2=8 ?, 6/2-3=0 ?, 6+6/2=8 ?, 6/3+3=5 ?, 2x2-3=1 ?, 4+4/2=7 ?, 2x2-3=1 ?;cheat;2.9555017317943566, 2.27162954938467, 6.211366243136581, 2.602853540189244, 6.888575965527707, 9.280359474152647, 4.899247721703432;0.8909090909090909;G, P, Q, K, C, N, I;1-7;8;24;4.319559228650138;male;152.12687813285848;cheat_first
7;1.0;5.075851749825233;0.7662313854743843;self;0.5;7;7;1, 1, 1, 1, 1, 1, 1;1461855523.979;dotscs_9_9;;0.9703264094955489;7;1.0;76;10;5;left;4.743346652823675;experiment;S, O, D, I, L, N, H;1;instructions;left;1, 1, 0, 1, 1, 1, 1;lettersGrid;1, 1, 0, 1, 1, 1, 1;3x3-1=8 ?, 4+9/3=7 ?, 2x3-1=3 ?, 9/3+5=8 ?, 3+4/2=5 ?, 2x4-2=6 ?, 6/3-1=1 ?;accuracy;2.0021424908591143, 2.9241333865138586, 2.682743251807551, 5.155698993836268, 3.0966927288027364, 4.67446879214549, 6.453052235512587;0.8931750741839762;S, O, D, I, L, N, H;1-7;14;24;4.333356813919291;male;156.46023494677777;cheat_first
5;1.0;6.438219361480151;0.8858219411049504;self;0.5;5;5;1, 1, 1, 1, 1;1461855571.386;dotscs_9_9;;0.9707602339181286;5;1.0;77;14;5;left;11.656894987867418;experiment;Z, K, T, E, N;0;instructions;right;1, 1, 1, 0, 0;lettersGrid;1, 1, 1, 0, 0;5+9/3=8 ?, 2x4-4=4 ?, 2x4-8=0 ?, 2x2-4=2 ?, 3x3-7=3 ?;cheat;2.320667958862032, 5.981518804481311, 2.594063099080813, 3.126007765200484, 5.31473417223242;0.8947368421052632;Z, K, T, E, N;1-7;10;24;4.342874730686365;male;160.80310967746414;cheat_first
6;1.0;8.819555838355882;0.8933033181710925;self;5;6;6;1, 1, 1, 1, 1, 1;1461855615.361;dotscs_9_9;;0.9712643678160919;6;1.0;78;12;0.5;right;6.167365199849883;experiment;U, B, C, S, G, A;0;instructions;left;0, 1, 1, 1, 0, 0;lettersGrid;0, 1, 1, 1, 0, 0;4x2-8=1 ?, 9/3+1=4 ?, 4/2-2=0 ?, 4+2x2=8 ?, 3x2-4=0 ?, 8/4+4=8 ?;cheat;3.135355947571952, 1.916960961298173, 4.329274019768491, 6.4959898190973036, 6.356293328019092, 3.655756855954678;0.896551724137931;U, B, C, S, G, A;1-7;12;24;4.353943717796274;male;165.15705339526042;cheat_first
1;1.0;0.9620955358404899;0.9625686957806465;other;0.5;1;1;1;1461855664.249;dotscs_9_9;;0.9713467048710601;1;1.0;79;14;5;left;2.3853769159541116;experiment;G;1;instructions;left;1;lettersGrid;1;9/3-2=1 ?;accuracy;3.758806277986878;0.8968481375358166;G;1-7;2;24;4.355752415825814;male;165.15705339526042;cheat_first
6;1.0;9.069048792807735;1.0773108660832804;other;5;6;6;1, 1, 1, 1, 1, 1;1461855675.044;dotscs_9_9;;0.971830985915493;6;1.0;80;10;0.5;left;3.2079606948136643;experiment;S, M, Y, K, F, X;1;instructions;left;0, 0, 1, 0, 0, 0;lettersGrid;0, 0, 1, 0, 0, 0;4x2-7=3 ?, 3x3-6=2 ?, 1+9/3=4 ?, 3x3-2=9 ?, 9/3+3=7 ?, 9/3+2=6 ?;cheat;2.1569149830320384, 1.5677154868390062, 3.9345022070774576, 1.975401345447608, 1.8425994706412894, 6.8983587330913;0.8985915492957747;S, M, Y, K, F, X;1-7;12;24;0.43663955564372153;male;165.15705339526042;cheat_first
3;1.0;2.305309548170044;0.8582183493308548;other;5;3;3;1, 1, 1;1461855713.389;dotscs_9_9;;0.9720670391061452;3;1.0;81;14;0.5;right;2.1375734645407647;experiment;C, B, N;0;instructions;left;1, 1, 1;lettersGrid;1, 1, 1;6+8/4=8 ?, 2x2+5=9 ?, 2x4-6=2 ?;cheat;5.040374309501203, 1.1521189744198637, 2.579903336642019;0.8994413407821229;C, B, N;1-7;6;24;4.371586404918697;male;165.15705339526042;cheat_first
6;1.0;9.159779423240252;1.1991929030955362;other;0.5;6;6;1, 1, 1, 1, 1, 1;1461855732.858;dotscs_9_9;;0.9725274725274725;6;1.0;82;12;5;right;2.5085043155959283;experiment;W, K, Y, E, T, I;1;instructions;right;0, 1, 0, 1, 0, 1;lettersGrid;0, 1, 0, 1, 0, 1;3x3-9=2 ?, 4+2x2=8 ?, 4/2-1=0 ?, 3x2-3=3 ?, 2x2-1=2 ?, 8/2-3=1 ?;cheat;1.3104385736151016, 1.5415795048465952, 6.239068572092947, 6.425674429861829, 2.5959079627828032, 7.624008779468568;0.9010989010989011;W, K, Y, E, T, I;1-7;12;24;0.4381717183914986;male;165.15705339526042;cheat_first
1;1.0;1.0749277254362823;0.9523492196422012;other;5;1;1;1;1461855777.801;dotscs_9_9;;0.9726027397260274;1;1.0;83;10;0.5;right;1.878090359037742;experiment;F;0;instructions;left;0;lettersGrid;0;1+9/3=3 ?;cheat;1.2715184258086083;0.9013698630136986;F;1-7;2;24;4.3833739913679866;male;165.15705339526042;cheat_first
6;1.0;7.358205078206083;0.8687082025826385;other;0.5;5;5;1, 1, 1, 1, 1, 1;1461855785.445;dotscs_9_9;;0.9730458221024259;6;0.8333333333333334;84;14;5;left;24.033073419770517;experiment;V, R, W, M, H, I;1;instructions;left;0, 0, 0, 1, 0, 1;lettersGrid;0, 0, 0, 1, 0, 1;3x3-7=0 ?, 4/2+3=7 ?, 2x3+3=7 ?, 4/2-2=0 ?, 4x2-8=2 ?, 2x4-7=1 ?;accuracy;1.073152933291567, 1.957165400366648, 1.748989536336012, 3.8450456049031345, 5.869794665573863, 2.972157881828025;0.9002695417789758;F, R, W, M, H, I;1-7;10;24;4.380017581970488;male;165.15705339526042;cheat_first
;;;0.6703349243362027;self;0.2;;;;;dotscs_9_9;;;1;;1;10;2;right;;controlDotsCheat;;1;instructions;right;;lettersGrid;;;cheat;;;;1-7;;24;0.2;male;;cheat_first
;;;1.0464807977405144;self;0.2;;;;;dotscs_9_9;;;1;;2;14;2;right;;controlDotsCheat;;1;instructions;right;;lettersGrid;;;cheat;;;;1-7;;24;0.2;male;;cheat_first
;;;1.014161531918944;self;2;;;;;dotscs_9_9;;;1;;3;10;0.2;left;;controlDotsCheat;;1;instructions;left;;lettersGrid;;;cheat;;;;1-7;;24;0.2;male;;cheat_first
;;;1.1858276388411468;self;2;;;;;dotscs_9_9;;;1;;4;14;0.2;right;;controlDotsCheat;;0;instructions;left;;lettersGrid;;;cheat;;;;1-7;;24;2;male;;cheat_first
;;;1.1515789279983437;self;0.2;;;;;dotscs_9_9;;;1;;5;10;2;left;;controlDotsCheat;;0;instructions;right;;lettersGrid;;;cheat;;;;1-7;;24;2;male;;cheat_first
;;;1.120219076237845;self;2;;;;;dotscs_9_9;;;1;;6;10;0.2;right;;controlDotsCheat;;0;instructions;left;;lettersGrid;;;cheat;;;;1-7;;24;2;male;;cheat_first
;;;1.1034571110758407;other;0.2;;;;;dotscs_9_9;;;1;;7;12;2;right;;controlDotsCheat;;1;instructions;right;;lettersGrid;;;cheat;;;;1-7;;24;0.2;male;;cheat_first
;;;1.2192691112177272;other;2;;;;;dotscs_9_9;;;1;;8;14;0.2;right;;controlDotsCheat;;0;instructions;left;;lettersGrid;;;cheat;;;;1-7;;24;2;male;;cheat_first
;;;0.98609398152621;other;2;;;;;dotscs_9_9;;;1;;9;12;0.2;left;;controlDotsCheat;;1;instructions;left;;lettersGrid;;;cheat;;;;1-7;;24;0.2;male;;cheat_first
;;;1.322708173564024;other;0.2;;;;;dotscs_9_9;;;1;;10;12;2;left;;controlDotsCheat;;0;instructions;right;;lettersGrid;;;cheat;;;;1-7;;24;2;male;;cheat_first
;;;1.0835960721706215;other;0.2;;;;;dotscs_9_9;;;1;;11;12;2;left;;controlDotsCheat;;0;instructions;right;;lettersGrid;;;cheat;;;;1-7;;24;2;male;;cheat_first
;;;1.2356502834882122;other;0.2;;;;;dotscs_9_9;;;1;;12;10;2;left;;controlDotsCheat;;0;instructions;right;;lettersGrid;;;cheat;;;;1-7;;24;2;male;;cheat_first
;;;1.1234052085819712;self;0.2;;;;;dotscs_9_9;;;1;;13;14;2;left;;controlDotsCheat;;0;instructions;right;;lettersGrid;;;cheat;;;;1-7;;24;2;male;;cheat_first
;;;1.3089674248658412;self;2;;;;;dotscs_9_9;;;1;;14;10;0.2;left;;controlDotsCheat;;1;instructions;left;;lettersGrid;;;cheat;;;;1-7;;24;0.2;male;;cheat_first
;;;1.380943297601334;self;0.2;;;;;dotscs_9_9;;;1;;15;10;2;right;;controlDotsCheat;;1;instructions;right;;lettersGrid;;;cheat;;;;1-7;;24;0.2;male;;cheat_first
;;;1.1637140471902967;self;0.2;;;;;dotscs_9_9;;;1;;16;12;2;left;;controlDotsCheat;;0;instructions;right;;lettersGrid;;;cheat;;;;1-7;;24;2;male;;cheat_first
;;;1.4206434338157123;self;0.2;;;;;dotscs_9_9;;;1;;17;12;2;left;;controlDotsCheat;;0;instructions;right;;lettersGrid;;;cheat;;;;1-7;;24;2;male;;cheat_first
;;;1.1795211989447125;self;0.2;;;;;dotscs_9_9;;;1;;18;12;2;left;;controlDotsCheat;;0;instructions;right;;lettersGrid;;;cheat;;;;1-7;;24;2;male;;cheat_first
;;;1.3065959628183919;other;0.2;;;;;dotscs_9_9;;;1;;19;10;2;right;;controlDotsCheat;;1;instructions;right;;lettersGrid;;;cheat;;;;1-7;;24;0.2;male;;cheat_first
;;;1.0126001395074127;other;2;;;;;dotscs_9_9;;;1;;20;14;0.2;left;;controlDotsCheat;;1;instructions;left;;lettersGrid;;;cheat;;;;1-7;;24;0.2;male;;cheat_first
;;;1.010487375973753;other;2;;;;;dotscs_9_9;;;1;;21;10;0.2;left;;controlDotsCheat;;1;instructions;left;;lettersGrid;;;cheat;;;;1-7;;24;0.2;male;;cheat_first
;;;1.264148172318528;other;2;;;;;dotscs_9_9;;;1;;22;14;0.2;left;;controlDotsCheat;;1;instructions;left;;lettersGrid;;;cheat;;;;1-7;;24;0.2;male;;cheat_first
;;;1.545365492165729;other;2;;;;;dotscs_9_9;;;1;;23;12;0.2;right;;controlDotsCheat;;0;instructions;left;;lettersGrid;;;cheat;;;;1-7;;24;2;male;;cheat_first
;;;0.7445675965755072;other;0.2;;;;;dotscs_9_9;;;1;;24;12;2;right;;controlDotsCheat;;1;instructions;right;;lettersGrid;;;cheat;;;;1-7;;24;0.2;male;;cheat_first
;;;0.9683446444614674;self;2;;;;;dotscs_9_9;;;1;;25;14;0.2;right;;controlDotsCheat;;0;instructions;left;;lettersGrid;;;cheat;;;;1-7;;24;2;male;;cheat_first
;;;0.9674330064626702;self;0.2;;;;;dotscs_9_9;;;1;;26;14;2;right;;controlDotsCheat;;1;instructions;right;;lettersGrid;;;cheat;;;;1-7;;24;0.2;male;;cheat_first
;;;0.77855513162649;self;0.2;;;;;dotscs_9_9;;;1;;27;12;2;right;;controlDotsCheat;;1;instructions;right;;lettersGrid;;;cheat;;;;1-7;;24;0.2;male;;cheat_first
;;;0.7438845758697425;self;2;;;;;dotscs_9_9;;;1;;28;12;0.2;left;;controlDotsCheat;;1;instructions;left;;lettersGrid;;;cheat;;;;1-7;;24;0.2;male;;cheat_first
;;;0.6828844566080079;self;2;;;;;dotscs_9_9;;;1;;29;14;0.2;right;;controlDotsCheat;;0;instructions;left;;lettersGrid;;;cheat;;;;1-7;;24;2;male;;cheat_first
;;;0.7044073946017306;self;2;;;;;dotscs_9_9;;;1;;30;12;0.2;left;;controlDotsCheat;;1;instructions;left;;lettersGrid;;;cheat;;;;1-7;;24;0.2;male;;cheat_first
;;;0.9205002825874544;other;2;;;;;dotscs_9_9;;;1;;31;14;0.2;right;;controlDotsCheat;;0;instructions;left;;lettersGrid;;;cheat;;;;1-7;;24;2;male;;cheat_first
;;;0.9640985913865734;other;2;;;;;dotscs_9_9;;;1;;32;10;0.2;right;;controlDotsCheat;;0;instructions;left;;lettersGrid;;;cheat;;;;1-7;;24;2;male;;cheat_first
;;;0.8933351688756375;other;2;;;;;dotscs_9_9;;;1;;33;10;0.2;left;;controlDotsCheat;;1;instructions;left;;lettersGrid;;;cheat;;;;1-7;;24;0.2;male;;cheat_first
;;;0.7501761521016306;other;0.2;;;;;dotscs_9_9;;;1;;34;10;2;right;;controlDotsCheat;;1;instructions;right;;lettersGrid;;;cheat;;;;1-7;;24;0.2;male;;cheat_first
;;;0.9781925290262734;other;2;;;;;dotscs_9_9;;;1;;35;14;0.2;right;;controlDotsCheat;;0;instructions;left;;lettersGrid;;;cheat;;;;1-7;;24;2;male;;cheat_first
;;;0.8426755584405328;other;0.2;;;;;dotscs_9_9;;;1;;36;10;2;right;;controlDotsCheat;;1;instructions;right;;lettersGrid;;;cheat;;;;1-7;;24;0.2;male;;cheat_first
;;;1.0232124410285905;self;0.2;;;;;dotscs_9_9;;;1;;37;12;2;right;;controlDotsCheat;;1;instructions;right;;lettersGrid;;;cheat;;;;1-7;;24;0.2;male;;cheat_first
;;;1.1354663633537712;self;2;;;;;dotscs_9_9;;;1;;38;14;0.2;right;;controlDotsCheat;;0;instructions;left;;lettersGrid;;;cheat;;;;1-7;;24;2;male;;cheat_first
;;;1.0573457815298752;self;2;;;;;dotscs_9_9;;;1;;39;14;0.2;right;;controlDotsCheat;;0;instructions;left;;lettersGrid;;;cheat;;;;1-7;;24;2;male;;cheat_first
;;;1.081588415967417;self;0.2;;;;;dotscs_9_9;;;1;;40;10;2;left;;controlDotsCheat;;0;instructions;right;;lettersGrid;;;cheat;;;;1-7;;24;2;male;;cheat_first
;;;1.0257764229027089;self;0.2;;;;;dotscs_9_9;;;1;;41;14;2;left;;controlDotsCheat;;0;instructions;right;;lettersGrid;;;cheat;;;;1-7;;24;2;male;;cheat_first
;;;1.1492251607851358;self;2;;;;;dotscs_9_9;;;1;;42;12;0.2;left;;controlDotsCheat;;1;instructions;left;;lettersGrid;;;cheat;;;;1-7;;24;0.2;male;;cheat_first
;;;1.6917223198761349;self;0.2;;;;;dotscs_9_9;;;1;;1;10;2;left;;controlDotsAccuracy;;1;instructions;left;;lettersGrid;;;accuracy;;;;1-7;;24;2;male;;cheat_first
;;;0.8582615247360081;self;0.2;;;;;dotscs_9_9;;;1;;2;14;2;left;;controlDotsAccuracy;;1;instructions;left;;lettersGrid;;;accuracy;;;;1-7;;24;2;male;;cheat_first
;;;0.6938729503599461;self;2;;;;;dotscs_9_9;;;1;;3;12;0.2;right;;controlDotsAccuracy;;1;instructions;right;;lettersGrid;;;accuracy;;;;1-7;;24;2;male;;cheat_first
;;;0.7732371253259771;self;2;;;;;dotscs_9_9;;;1;;4;10;0.2;right;;controlDotsAccuracy;;1;instructions;right;;lettersGrid;;;accuracy;;;;1-7;;24;2;male;;cheat_first
;;;1.1389986067079008;self;0.2;;;;;dotscs_9_9;;;1;;5;12;2;right;;controlDotsAccuracy;;0;instructions;left;;lettersGrid;;;accuracy;;;;1-7;;24;0.2;male;;cheat_first
;;;1.3653506072696473;self;2;;;;;dotscs_9_9;;;1;;6;14;0.2;left;;controlDotsAccuracy;;0;instructions;right;;lettersGrid;;;accuracy;;;;1-7;;24;0.2;male;;cheat_first
;;;1.014156931265461;other;0.2;;;;;dotscs_9_9;;;1;;7;12;2;right;;controlDotsAccuracy;;0;instructions;left;;lettersGrid;;;accuracy;;;;1-7;;24;0.2;male;;cheat_first
;;;0.9237072948380955;other;2;;;;;dotscs_9_9;;;1;;8;14;0.2;right;;controlDotsAccuracy;;1;instructions;right;;lettersGrid;;;accuracy;;;;1-7;;24;2;male;;cheat_first
;;;0.610621219719178;other;0.2;;;;;dotscs_9_9;;;1;;9;12;2;left;;controlDotsAccuracy;;1;instructions;left;;lettersGrid;;;accuracy;;;;1-7;;24;2;male;;cheat_first
;;;0.5896698249598558;other;2;;;;;dotscs_9_9;;;1;;10;14;0.2;right;;controlDotsAccuracy;;1;instructions;right;;lettersGrid;;;accuracy;;;;1-7;;24;2;male;;cheat_first
;;;0.7511748486977012;other;0.2;;;;;dotscs_9_9;;;1;;11;12;2;left;;controlDotsAccuracy;;1;instructions;left;;lettersGrid;;;accuracy;;;;1-7;;24;2;male;;cheat_first
;;;0.6215021288626303;other;2;;;;;dotscs_9_9;;;1;;12;10;0.2;right;;controlDotsAccuracy;;1;instructions;right;;lettersGrid;;;accuracy;;;;1-7;;24;2;male;;cheat_first
;;;1.4153080865762604;self;0.2;;;;;dotscs_9_9;;;1;;13;14;2;right;;controlDotsAccuracy;;0;instructions;left;;lettersGrid;;;accuracy;;;;1-7;;24;0.2;male;;cheat_first
;;;0.7488430230841914;self;2;;;;;dotscs_9_9;;;1;;14;12;0.2;right;;controlDotsAccuracy;;1;instructions;right;;lettersGrid;;;accuracy;;;;1-7;;24;2;male;;cheat_first
;;;1.1580262187926564;self;0.2;;;;;dotscs_9_9;;;1;;15;14;2;left;;controlDotsAccuracy;;1;instructions;left;;lettersGrid;;;accuracy;;;;1-7;;24;2;male;;cheat_first
;;;0.8600805539754219;self;0.2;;;;;dotscs_9_9;;;1;;16;12;2;left;;controlDotsAccuracy;;1;instructions;left;;lettersGrid;;;accuracy;;;;1-7;;24;2;male;;cheat_first
;;;0.9623705136036733;self;0.2;;;;;dotscs_9_9;;;1;;17;14;2;left;;controlDotsAccuracy;;1;instructions;left;;lettersGrid;;;accuracy;;;;1-7;;24;2;male;;cheat_first
;;;0.6587380820856197;self;2;;;;;dotscs_9_9;;;1;;18;10;0.2;right;;controlDotsAccuracy;;1;instructions;right;;lettersGrid;;;accuracy;;;;1-7;;24;2;male;;cheat_first
;;;0.6985631438510609;other;2;;;;;dotscs_9_9;;;1;;19;10;0.2;right;;controlDotsAccuracy;;1;instructions;right;;lettersGrid;;;accuracy;;;;1-7;;24;2;male;;cheat_first
;;;0.6673151234608667;other;0.2;;;;;dotscs_9_9;;;1;;20;14;2;left;;controlDotsAccuracy;;1;instructions;left;;lettersGrid;;;accuracy;;;;1-7;;24;2;male;;cheat_first
;;;0.7957007208533469;other;0.2;;;;;dotscs_9_9;;;1;;21;14;2;left;;controlDotsAccuracy;;1;instructions;left;;lettersGrid;;;accuracy;;;;1-7;;24;2;male;;cheat_first
;;;0.6383929124385759;other;2;;;;;dotscs_9_9;;;1;;22;12;0.2;right;;controlDotsAccuracy;;1;instructions;right;;lettersGrid;;;accuracy;;;;1-7;;24;2;male;;cheat_first
;;;0.8914191719304654;other;2;;;;;dotscs_9_9;;;1;;23;14;0.2;right;;controlDotsAccuracy;;1;instructions;right;;lettersGrid;;;accuracy;;;;1-7;;24;2;male;;cheat_first
;;;0.7273034519421344;other;0.2;;;;;dotscs_9_9;;;1;;24;12;2;left;;controlDotsAccuracy;;1;instructions;left;;lettersGrid;;;accuracy;;;;1-7;;24;2;male;;cheat_first
;;;0.6844447873336321;self;0.2;;;;;dotscs_9_9;;;1;;25;10;2;left;;controlDotsAccuracy;;1;instructions;left;;lettersGrid;;;accuracy;;;;1-7;;24;2;male;;cheat_first
;;;1.2346434472638066;self;2;;;;;dotscs_9_9;;;1;;26;12;0.2;left;;controlDotsAccuracy;;0;instructions;right;;lettersGrid;;;accuracy;;;;1-7;;24;0.2;male;;cheat_first
;;;0.6709896333049983;self;2;;;;;dotscs_9_9;;;1;;27;14;0.2;right;;controlDotsAccuracy;;1;instructions;right;;lettersGrid;;;accuracy;;;;1-7;;24;2;male;;cheat_first
;;;0.7523246592063515;self;0.2;;;;;dotscs_9_9;;;1;;28;14;2;left;;controlDotsAccuracy;;1;instructions;left;;lettersGrid;;;accuracy;;;;1-7;;24;2;male;;cheat_first
;;;0.8601216059978469;self;2;;;;;dotscs_9_9;;;1;;29;10;0.2;right;;controlDotsAccuracy;;1;instructions;right;;lettersGrid;;;accuracy;;;;1-7;;24;2;male;;cheat_first
;;;0.7210469114907028;self;0.2;;;;;dotscs_9_9;;;1;;30;10;2;left;;controlDotsAccuracy;;1;instructions;left;;lettersGrid;;;accuracy;;;;1-7;;24;2;male;;cheat_first
;;;0.7019874486977642;other;2;;;;;dotscs_9_9;;;1;;31;12;0.2;right;;controlDotsAccuracy;;1;instructions;right;;lettersGrid;;;accuracy;;;;1-7;;24;2;male;;cheat_first
;;;0.7248056487587746;other;2;;;;;dotscs_9_9;;;1;;32;14;0.2;right;;controlDotsAccuracy;;1;instructions;right;;lettersGrid;;;accuracy;;;;1-7;;24;2;male;;cheat_first
;;;0.6970944723798311;other;2;;;;;dotscs_9_9;;;1;;33;10;0.2;right;;controlDotsAccuracy;;1;instructions;right;;lettersGrid;;;accuracy;;;;1-7;;24;2;male;;cheat_first
;;;0.805750326559064;other;0.2;;;;;dotscs_9_9;;;1;;34;12;2;left;;controlDotsAccuracy;;1;instructions;left;;lettersGrid;;;accuracy;;;;1-7;;24;2;male;;cheat_first
;;;0.791654619431938;other;2;;;;;dotscs_9_9;;;1;;35;10;0.2;right;;controlDotsAccuracy;;1;instructions;right;;lettersGrid;;;accuracy;;;;1-7;;24;2;male;;cheat_first
;;;0.7021389165020082;other;2;;;;;dotscs_9_9;;;1;;36;10;0.2;right;;controlDotsAccuracy;;1;instructions;right;;lettersGrid;;;accuracy;;;;1-7;;24;2;male;;cheat_first
;;;0.7031177948811091;self;2;;;;;dotscs_9_9;;;1;;37;10;0.2;right;;controlDotsAccuracy;;1;instructions;right;;lettersGrid;;;accuracy;;;;1-7;;24;2;male;;cheat_first
;;;0.7166164782138367;self;0.2;;;;;dotscs_9_9;;;1;;38;14;2;left;;controlDotsAccuracy;;1;instructions;left;;lettersGrid;;;accuracy;;;;1-7;;24;2;male;;cheat_first
;;;0.7384448290904402;self;0.2;;;;;dotscs_9_9;;;1;;39;12;2;left;;controlDotsAccuracy;;1;instructions;left;;lettersGrid;;;accuracy;;;;1-7;;24;2;male;;cheat_first
;;;0.835021125865751;self;0.2;;;;;dotscs_9_9;;;1;;40;12;2;left;;controlDotsAccuracy;;1;instructions;left;;lettersGrid;;;accuracy;;;;1-7;;24;2;male;;cheat_first
;;;0.5757234622578835;self;0.2;;;;;dotscs_9_9;;;1;;41;10;2;left;;controlDotsAccuracy;;1;instructions;left;;lettersGrid;;;accuracy;;;;1-7;;24;2;male;;cheat_first
;;;0.5943210898039979;self;2;;;;;dotscs_9_9;;;1;;42;10;0.2;right;;controlDotsAccuracy;;1;instructions;right;;lettersGrid;;;accuracy;;;;1-7;;24;2;male;;cheat_first
;;4.804;;qStress;self;5;;;[];;dotscs_9_9;[];;2;;1;12;;;accuracy;['X', 'K'];;instructions;right;[0, 0];lettersGrid;[];['2x2-1=4 ?', '2x4-5=2 ?'];0.5;[];;5;1-7;;24;;male;;cheat_first
;;3.865;;qSatisfied;self;5;;;[];;dotscs_9_9;[];;2;;1;14;;;accuracy;['K', 'I'];;instructions;right;[0, 0];lettersGrid;[];['2x3-3=2 ?', '2x2-2=3 ?'];0.5;[];;6;1-7;;24;;male;;cheat_first
;;4.375;;qFrustration;self;0.5;;;[];;dotscs_9_9;[];;2;;1;10;;;cheat;['E', 'L'];;instructions;right;[0, 1];lettersGrid;[];['9/3+5=7 ?', '2x2+1=5 ?'];5;[];;5;1-7;;24;;male;;cheat_first
;;7.023;;qDifficulty;self;5;;;[];;dotscs_9_9;[];;2;;1;14;;;cheat;['I', 'O'];;instructions;left;[0, 0];lettersGrid;[];['6/2-3=1 ?', '2x2+3=8 ?'];0.5;[];;6;1-7;;24;;male;;cheat_first
;;3.163;;qEffort;self;5;;;[];;dotscs_9_9;[];;2;;1;10;;;cheat;['V', 'Y'];;instructions;left;[1, 0];lettersGrid;[];['3x3-6=3 ?', '6/2+3=8 ?'];0.5;[];;5;1-7;;24;;male;;cheat_first
;;5.885;;qAttitude;self;5;;;[];;dotscs_9_9;[];;2;;1;12;;;cheat;['D', 'C'];;instructions;left;[0, 1];lettersGrid;[];['6/3-2=1 ?', '8/2-3=1 ?'];0.5;[];;4;1-7;;24;;male;;cheat_first
;;16.95248830105629;;qBirthweight;self;5;;;[];;dotscs_9_9;[];;1;;1;14;;;cheat;[];;instructions;left;[];lettersGrid;[];[];0.5;[];;2780;1-7;;24;;male;;cheat_first
;;12.927031446910405;;qFriends;self;5;;;[];;dotscs_9_9;[];;1;;1;12;;;accuracy;[];;instructions;right;[];lettersGrid;[];[];0.5;[];;550;1-7;;24;;male;;cheat_first
;;27.64817638779641;;qAbout;self;0.5;;;[];;dotscs_9_9;[];;1;;1;12;;;cheat;[];;instructions;right;[];lettersGrid;[];[];5;[];;motivation to earn for others as well for oneself;1-7;;24;;male;;cheat_first
;;9.144355541651748;;qFeedback;self;5;;;[];;dotscs_9_9;[];;1;;1;14;;;cheat;[];;instructions;left;[];lettersGrid;[];[];0.5;[];;"
no";1-7;;24;;male;;cheat_first
