equationScore;equationProportion;recallRT;dotsRT;dotsReceiver;dotsMoneyRight;recallIntersection;recallLocation;equationScores;utc_start;id;recallRTs;equationRateCumulative;span;recallProportion;no;dotsN;dotsMoneyLeft;dotsAns;pauseRT;condition;encode;dotsCorrect;start_at;dotsSide;equationCorrect;stimType;equationAnss;equationText;dotsIncentive;equationRTs;recallLocationRateCumulative;recallAns;level;recallSum;age;moneyEarned;gender;moneyEarnedCumulative;order
;;;1.2248613874944567;self;5;;;;;dotscs_5_1;;;1;;1;10;0.5;left;;practiceDots;;1;instructions;left;;lettersGrid;;;cheat;;;;1-7;;27;0.5;female;;accuracy_first
;;;5.551947617619589;self;5;;;;;dotscs_5_1;;;1;;2;12;0.5;right;;practiceDots;;1;instructions;right;;lettersGrid;;;accuracy;;;;1-7;;27;5;female;;accuracy_first
;;;1.08639751876035;self;5;;;;;dotscs_5_1;;;1;;3;10;0.5;right;;practiceDots;;1;instructions;right;;lettersGrid;;;accuracy;;;;1-7;;27;5;female;;accuracy_first
;;;0.7759738088097947;self;5;;;;;dotscs_5_1;;;1;;4;14;0.5;right;;practiceDots;;0;instructions;left;;lettersGrid;;;cheat;;;;1-7;;27;5;female;;accuracy_first
;;;0.5141840043634147;self;0.5;;;;;dotscs_5_1;;;1;;5;10;5;left;;practiceDots;;1;instructions;left;;lettersGrid;;;accuracy;;;;1-7;;27;5;female;;accuracy_first
;;;0.5678701397155237;self;5;;;;;dotscs_5_1;;;1;;6;14;0.5;right;;practiceDots;;1;instructions;right;;lettersGrid;;;accuracy;;;;1-7;;27;5;female;;accuracy_first
2;1.0;14.874695073720432;;self;5;2;2;1, 1;1461325537.782;dotscs_5_1;;1.0;2;1.0;1;10;0.5;;5.006969996280532;practiceCS;U, X;;instructions;right;1, 1;lettersGrid;1, 1;9/3+3=6 ?, 4/2-2=0 ?;accuracy;2.5517727926308, 2.0072378961122013;1.0;U, X;1-7;4;27;;female;;accuracy_first
3;1.0;15.955219676092383;;self;0.5;2;2;1, 1, 1;1461325564.334;dotscs_5_1;;1.0;3;0.6666666666666666;2;14;5;;5.23700075344459;practiceCS;V, G, P;;instructions;right;1, 0, 1;lettersGrid;1, 0, 1;9/3-1=2 ?, 4/2+6=7 ?, 2x2-4=0 ?;cheat;1.6479934231829247, 3.6225397541056736, 1.5148450834713003;0.8;V, U, P;1-7;4;27;;female;;accuracy_first
2;1.0;3.6588640693244088;;self;5;2;2;1, 1;1461325595.082;dotscs_5_1;;1.0;2;1.0;3;12;0.5;;4.158622180901148;practiceCS;E, H;;instructions;left;1, 0;lettersGrid;1, 0;8/2-3=1 ?, 2+9/3=7 ?;cheat;1.3097622769419104, 2.565613340208074;0.8571428571428571;E, H;1-7;4;27;;female;;accuracy_first
5;1.0;31.295246140491145;;self;0.5;5;3;1, 1, 1, 1, 1;1461325608.747;dotscs_5_1;;1.0;5;0.6;4;12;5;;3.7976938672873075;practiceCS;J, O, A, K, F;;instructions;right;0, 1, 1, 0, 0;lettersGrid;0, 1, 1, 0, 0;2x2+3=5 ?, 3+8/4=5 ?, 3x3-8=1 ?, 3x3-6=4 ?, 3x3-6=2 ?;cheat;3.229175034850414, 3.01639108137897, 2.7053933509178023, 2.3994605905900244, 4.300495136929385;0.75;J, O, A, F, K;1-7;8;27;;female;;accuracy_first
6;0.8571428571428571;43.902893212012714;;self;5;7;7;1, 1, 1, 1, 1, 0, 1;1461325663.832;dotscs_5_1;;0.9473684210526315;7;1.0;5;14;0.5;;6.684600855793178;practiceCS;M, B, Y, Z, C, I, W;;instructions;left;1, 1, 1, 0, 1, 1, 1;lettersGrid;1, 1, 1, 0, 1, 0, 1;4/2-2=0 ?, 3x2+2=8 ?, 9/3-2=1 ?, 3x3-3=7 ?, 3x2-5=1 ?, 3x3-2=7 ?, 2x2-2=2 ?;cheat;1.7825368238409283, 3.2332374155193975, 2.2618853565654717, 1.6314402570988022, 1.3948694881910342, 5.296398428274188, 3.208195682247606;0.8421052631578947;M, B, Y, Z, C, I, W;1-7;14;27;;female;;accuracy_first
4;1.0;6.265906331318547;;self;0.5;4;4;1, 1, 1, 1;1461325739.227;dotscs_5_1;;0.9565217391304348;4;1.0;6;10;5;;4.420364917083134;practiceCS;N, R, Q, S;;instructions;left;1, 0, 1, 1;lettersGrid;1, 0, 1, 1;9/3+4=7 ?, 3x3-4=7 ?, 3x3-8=1 ?, 2x3-5=1 ?;accuracy;2.55052389103912, 2.9258674805350893, 1.5966323894081142, 2.4685964419932134;0.8695652173913043;N, R, Q, S;1-7;8;27;;female;;accuracy_first
2;1.0;3.47960263058485;1.020660137743107;self;5;2;2;1, 1;1461325834.966;dotscs_5_1;;0.96;2;1.0;1;10;0.5;right;11.039501954039224;practiceExp;F, I;1;instructions;right;0, 0;lettersGrid;0, 0;2+4/2=3 ?, 3x3-6=2 ?;accuracy;2.9444495366260526, 1.5792903874917101;0.88;F, I;1-7;4;27;5;female;;accuracy_first
5;0.8333333333333334;16.425054402776368;0.9050714464428893;self;0.5;6;6;1, 1, 1, 1, 0, 1;1461325863.14;dotscs_5_1;;0.9354838709677419;6;1.0;2;10;5;left;6.865822174675486;practiceExp;H, G, E, S, M, Y;1;instructions;left;1, 1, 0, 0, 1, 0;lettersGrid;1, 1, 0, 0, 0, 0;5+8/4=7 ?, 2x2+2=6 ?, 4+8/4=5 ?, 8/2+2=4 ?, 2x4-1=7 ?, 6/3+7=8 ?;accuracy;1.763410120667686, 1.6775827295550698, 2.2552186497923685, 5.181660858632313, 3.013050296158326, 6.585147732424957;0.9032258064516129;H, G, E, S, M, Y;1-7;12;27;5;female;;accuracy_first
3;0.75;24.01662606881291;0.9599852495830419;self;0.5;4;4;1, 1, 1, 0;1461325915.167;dotscs_5_1;;0.9142857142857143;4;1.0;3;14;5;left;14.088680152726738;practiceExp;T, D, J, P;1;instructions;left;0, 1, 1, 1;lettersGrid;0, 1, 1, 0;2x4-7=3 ?, 2x4-2=6 ?, 4/2+5=7 ?, 3x3-3=6 ?;accuracy;4.024728888554819, 9.599698196861937, 3.3010780048571178, 1.5907007261612307;0.9142857142857143;T, D, J, P;1-7;8;27;5;female;;accuracy_first
6;1.0;14.831829331174958;0.9639209352226317;self;0.5;6;4;1, 1, 1, 1, 1, 1;1461325990.656;dotscs_5_1;;0.926829268292683;6;0.6666666666666666;1;14;5;right;24.852354634260337;experiment;A, Z, Y, M, T, Q;1;instructions;right;1, 0, 1, 1, 1, 1;lettersGrid;1, 0, 1, 1, 1, 1;3x3-8=1 ?, 3x3-3=5 ?, 2x3-1=5 ?, 4/2+4=6 ?, 9/3+2=5 ?, 3+4/2=5 ?;cheat;2.0552131997810648, 3.6326965905227553, 3.051083224834656, 6.1421295311611175, 2.9242115976903733, 3.1352214668095257;0.8780487804878049;A, Z, Y, M, Q, T;1-7;10;27;0.4069006543723974;female;0.4069006543723974;accuracy_first
5;0.8333333333333334;10.02606237146938;0.8161690465640277;self;0.5;6;6;1, 1, 1, 1, 0, 1;1461326062.635;dotscs_5_1;;0.9148936170212766;6;1.0;2;12;5;right;13.714005074170927;experiment;C, H, I, N, G, L;1;instructions;right;1, 1, 0, 0, 0, 0;lettersGrid;1, 1, 0, 0, 1, 0;1+9/3=4 ?, 6/2-2=1 ?, 2x2-4=1 ?, 6+8/4=6 ?, 6/3+5=8 ?, 4/2+3=6 ?;cheat;1.97735273206672, 1.8514649378575996, 1.5739419460714998, 2.7319108335941564, 2.8188257493839046, 1.3509137436849414;0.8936170212765957;C, H, I, N, G, L;1-7;12;27;0.40878225441376187;female;0.8156829087861592;accuracy_first
3;1.0;4.226217165904018;0.733244316506898;self;5;3;3;1, 1, 1;1461326106.347;dotscs_5_1;;0.92;3;1.0;3;10;0.5;right;12.85911229249723;experiment;N, K, Q;1;instructions;right;0, 0, 0;lettersGrid;0, 0, 0;3x3-9=2 ?, 2x4-7=0 ?, 9/3-3=1 ?;accuracy;2.540816503478709, 2.4278363850444293, 1.886836209157991;0.9;N, K, Q;1-7;6;27;4.140000000000001;female;4.95568290878616;accuracy_first
1;0.5;5.9345085772183666;1.0258971016919531;self;5;2;2;1, 0;1461326136.253;dotscs_5_1;;0.9038461538461539;2;1.0;4;14;0.5;right;11.601821931193626;experiment;B, Y;1;instructions;right;1, 1;lettersGrid;1, 0;3x2-2=4 ?, 2x4-4=4 ?;accuracy;3.510661670115951, 2.157857763944776;0.9038461538461539;B, Y;1-7;4;27;4.084689349112426;female;9.040372257898586;accuracy_first
3;1.0;5.689585845262627;0.9615112523242715;self;0.5;3;3;1, 1, 1;1461326164.598;dotscs_5_1;;0.9090909090909091;3;1.0;5;14;5;right;9.745298393343546;experiment;Z, X, E;1;instructions;right;0, 0, 0;lettersGrid;0, 0, 0;3x3-6=5 ?, 6/2-3=2 ?, 8/4+7=7 ?;cheat;3.740875038000013, 2.0047938852312654, 2.9102301992115827;0.9090909090909091;Z, X, E;1-7;6;27;0.4132231404958677;female;9.453595398394453;accuracy_first
4;1.0;8.194262059827452;1.2313016003572557;self;5;4;4;1, 1, 1, 1;1461326194.426;dotscs_5_1;;0.9152542372881356;4;1.0;6;14;0.5;left;7.093775911876946;experiment;D, N, B, S;0;instructions;right;0, 1, 1, 1;lettersGrid;0, 1, 1, 1;5+8/4=5 ?, 4x2-6=2 ?, 2+9/3=5 ?, 9/3-1=2 ?;accuracy;2.4243278527701477, 2.4242627357707534, 2.9478359745244234, 1.8356008087248483;0.9152542372881356;D, N, B, S;1-7;8;27;0.4188451594369434;female;9.872440557831396;accuracy_first
2;1.0;4.864341116821379;0.9153549778948218;other;5;1;1;1, 1;1461326226.266;dotscs_5_1;;0.9180327868852459;2;0.5;7;10;0.5;left;5.108448116792715;experiment;D, K;1;instructions;left;0, 1;lettersGrid;0, 1;2x3-2=3 ?, 3x3-8=1 ?;cheat;7.957620865468925, 3.721406470576767;0.9016393442622951;B, K;1-7;2;27;0.41386723998925024;female;9.872440557831396;accuracy_first
5;0.8333333333333334;16.29384329381537;0.8089576927068265;other;0.5;5;4;1, 1, 1, 1, 1, 0;1461326252.895;dotscs_5_1;;0.9104477611940298;6;0.6666666666666666;8;10;5;right;4.978299759739457;experiment;K, L, V, Q, H, D;1;instructions;right;0, 0, 0, 0, 0, 1;lettersGrid;0, 0, 0, 0, 0, 0;5+6/2=6 ?, 6/2+3=8 ?, 4x2-5=4 ?, 1+9/3=5 ?, 2x2+5=8 ?, 2+6/3=4 ?;cheat;2.1593674874366116, 2.4934106196615176, 2.0626988236108446, 4.288621547428193, 4.301919925201219, 2.5830031181849336;0.8805970149253731;K, L, V, Q, D, B;1-7;9;27;0.4008687903764758;female;9.872440557831396;accuracy_first
4;1.0;19.545763979895128;0.9369200295986957;other;0.5;3;3;1, 1, 1, 1;1461326299.462;dotscs_5_1;;0.9154929577464789;4;0.75;9;10;5;right;4.977548083064903;experiment;C, B, N, F;1;instructions;right;0, 0, 1, 1;lettersGrid;0, 0, 1, 1;5+4/2=6 ?, 5+2x2=7 ?, 4/2+4=6 ?, 2+3x2=8 ?;cheat;4.557927056926928, 3.9304348718524125, 4.327145684777861, 2.864009161678041;0.8732394366197183;C, B, N, U;1-7;6;27;0.39972227732592736;female;9.872440557831396;accuracy_first
6;1.0;9.014833227931376;1.4654304817631782;other;5;6;6;1, 1, 1, 1, 1, 1;1461326346.169;dotscs_5_1;;0.922077922077922;6;1.0;10;12;0.5;right;5.129948405394316;experiment;O, E, F, J, V, R;1;instructions;right;1, 1, 1, 1, 1, 0;lettersGrid;1, 1, 1, 1, 1, 0;4/2-1=1 ?, 2x2-1=3 ?, 2+3x2=8 ?, 2x2-1=3 ?, 2x3+1=7 ?, 6/2-3=1 ?;accuracy;2.276314434420783, 1.2599817460049962, 2.6058000844386697, 1.6352644652633899, 3.990760817827322, 1.7561400199519994;0.8831168831168831;O, E, F, J, V, R;1-7;12;27;4.071512902681734;female;9.872440557831396;accuracy_first
4;0.8;23.68856980772398;1.676131399028236;other;5;4;1;1, 1, 1, 1, 0;1461326381.893;dotscs_5_1;;0.9146341463414634;5;0.2;11;14;0.5;left;6.5816820216550695;experiment;X, F, U, Q, P;1;instructions;left;1, 0, 1, 0, 1;lettersGrid;1, 0, 1, 0, 0;2x3+2=8 ?, 2x4+1=8 ?, 9/3-2=1 ?, 3x2-3=5 ?, 8/4+2=4 ?;cheat;1.4146144489659491, 1.6803502020575252, 2.8819984407309676, 4.598054346506615, 5.033933034950678;0.8414634146341463;Q, X, V, U, P;1-7;5;27;0.38481558596073767;female;9.872440557831396;accuracy_first
1;0.5;4.3861349627695745;1.367280052292699;other;0.5;2;2;0, 1;1461326435.152;dotscs_5_1;;0.9047619047619048;2;1.0;12;14;5;right;5.013122844989994;experiment;C, S;1;instructions;right;1, 0;lettersGrid;0, 0;6/2-3=0 ?, 4/2-2=1 ?;cheat;1.4421019626061025, 3.376097743448554;0.8452380952380952;C, S;1-7;4;27;0.38236961451247165;female;9.872440557831396;accuracy_first
3;0.5;11.050294035105253;0.8729648725638981;self;0.5;6;6;0, 1, 1, 1, 0, 0;1461326454.013;dotscs_5_1;;0.8777777777777778;6;1.0;13;12;5;right;14.160786967257081;experiment;B, W, S, D, K, P;1;instructions;right;1, 0, 1, 0, 1, 0;lettersGrid;0, 0, 1, 0, 0, 1;3x3-4=5 ?, 5+8/4=5 ?, 3x2-1=5 ?, 8/2+2=5 ?, 6/3-1=1 ?, 6/3+4=7 ?;cheat;2.7730230177985504, 3.8424207527878025, 4.101781056120672, 2.2255766128037067, 4.743701257359135, 4.934505038250791;0.8555555555555555;B, W, S, D, K, P;1-7;12;27;0.3754938271604938;female;10.24793438499189;accuracy_first
0;0.0;9.191041953397871;2.0421579490684962;self;0.5;1;1;0;1461326509.815;dotscs_5_1;;0.8681318681318682;1;1.0;14;14;5;right;8.379995208237233;experiment;U;1;instructions;right;0;lettersGrid;1;8/2-1=4 ?;cheat;3.7626269471838896;0.8571428571428571;U;1-7;2;27;0.37205651491365777;female;10.619990899905547;accuracy_first
1;1.0;2.4355941554658784;0.9558450116310269;self;0.5;1;1;1;1461326535.727;dotscs_5_1;;0.8695652173913043;1;1.0;15;12;5;right;11.354829611107562;experiment;N;1;instructions;right;1;lettersGrid;1;2x2+4=8 ?;cheat;3.208987703148523;0.8586956521739131;N;1-7;2;27;0.3733459357277883;female;10.993336835633336;accuracy_first
6;0.8571428571428571;24.604448552792746;1.0961551596537902;self;5;6;4;1, 1, 1, 1, 0, 1, 1;1461326556.085;dotscs_5_1;;0.8686868686868687;7;0.5714285714285714;16;12;0.5;left;4.972270420992572;experiment;X, I, R, Q, C, A, B;1;instructions;left;0, 1, 0, 1, 0, 1, 1;lettersGrid;0, 1, 0, 1, 1, 1, 1;3x2+1=9 ?, 3x2-5=1 ?, 8/4-1=0 ?, 2x2+5=9 ?, 3x2-4=0 ?, 2x2-4=0 ?, 9/3+6=9 ?;cheat;1.7876378914406814, 1.7610920970255393, 3.3485928888712806, 2.436080763482096, 3.073718460278542, 3.9322110795856133, 5.647107619644885;0.8383838383838383;X, I, R, Q, A, B, M;1-7;10;27;0.36414651566166717;female;11.357483351295004;accuracy_first
5;1.0;40.39349530715117;0.9979612008846743;self;5;5;5;1, 1, 1, 1, 1;1461326615.959;dotscs_5_1;;0.875;5;1.0;17;10;0.5;left;13.161060529437236;experiment;V, D, U, A, G;1;instructions;left;1, 0, 1, 1, 1;lettersGrid;1, 0, 1, 1, 1;3x3-1=8 ?, 8/4+5=5 ?, 2x2-4=0 ?, 3+2x2=7 ?, 2x4-8=0 ?;cheat;2.389345867884913, 2.923047277419755, 2.765119795814826, 2.4843483858585387, 2.5680743381326465;0.8461538461538461;V, D, U, A, G;1-7;10;27;0.3701923076923077;female;11.727675658987312;accuracy_first
4;1.0;5.306512089289754;0.8600978949161799;self;0.5;4;4;1, 1, 1, 1;1461326689.545;dotscs_5_1;;0.8796296296296297;4;1.0;18;12;5;right;7.706964298542516;experiment;Z, D, P, X;1;instructions;right;0, 0, 0, 0;lettersGrid;0, 0, 0, 0;6/3+1=1 ?, 4/2+7=7 ?, 6+6/2=8 ?, 4/2+4=4 ?;cheat;1.34392392918744, 2.847417420849524, 2.9233767552832433, 3.9415182099346566;0.8518518518518519;Z, D, P, X;1-7;8;27;0.3746570644718793;female;12.102332723459192;accuracy_first
3;0.75;5.06924025094122;1.3191985796001973;other;0.5;4;4;0, 1, 1, 1;1461326719.138;dotscs_5_1;;0.875;4;1.0;19;14;5;right;4.872320426600709;experiment;Q, K, F, A;1;instructions;right;1, 1, 1, 0;lettersGrid;0, 1, 1, 0;4/2-1=1 ?, 9/3+5=8 ?, 2x3-5=1 ?, 4x2-2=4 ?;cheat;2.8319323151245044, 2.2518810496421793, 5.974652853839871, 5.787920301037957;0.8571428571428571;Q, K, F, A;1-7;8;27;0.375;female;12.102332723459192;accuracy_first
4;1.0;8.850683533857591;1.1898988669290702;other;0.5;3;3;1, 1, 1, 1;1461326752.679;dotscs_5_1;;0.8793103448275862;4;0.75;20;12;5;right;4.919031611119863;experiment;I, K, H, A;0;instructions;left;0, 1, 1, 1;lettersGrid;0, 1, 1, 1;7+6/3=8 ?, 3+4/2=5 ?, 3x3-9=0 ?, 4+6/2=7 ?;accuracy;3.502956984206321, 5.655207608213459, 2.4772846069445222, 3.0383372798714845;0.853448275862069;I, K, C, A;1-7;6;27;0.37522294887039237;female;12.102332723459192;accuracy_first
5;0.8333333333333334;10.739314353379086;1.4912047812867968;other;0.5;6;6;1, 1, 1, 1, 0, 1;1461326787.187;dotscs_5_1;;0.8770491803278688;6;1.0;21;10;5;left;9.447456774167222;experiment;B, F, S, O, E, J;1;instructions;left;1, 0, 0, 0, 1, 0;lettersGrid;1, 0, 0, 0, 0, 0;2+4/2=4 ?, 6/3+1=1 ?, 4/2+5=6 ?, 4/2-1=2 ?, 8/4+2=4 ?, 6/3+7=8 ?;accuracy;2.0077991763409955, 4.780421583031057, 5.396779114995297, 3.1673022062277596, 3.8113963951363985, 3.0961636531756085;0.860655737704918;B, F, S, O, E, J;1-7;12;27;3.774187046492878;female;12.102332723459192;accuracy_first
5;0.8333333333333334;19.851258262160627;2.2544492782799352;other;5;4;1;1, 1, 0, 1, 1, 1;1461326837.762;dotscs_5_1;;0.875;6;0.16666666666666666;22;10;0.5;left;10.397294388647424;experiment;E, Z, X, N, U, M;1;instructions;left;0, 0, 1, 0, 0, 0;lettersGrid;0, 0, 0, 0, 0, 0;3x3-2=8 ?, 3x2-1=3 ?, 3x3-6=3 ?, 6/2+3=5 ?, 2x4-2=7 ?, 2x4-4=6 ?;cheat;3.998593968253772, 4.71526813163473, 4.544142425034806, 4.1745266542639, 2.6410308587346663, 2.7413280258260784;0.828125;N, E, F, S, Z, M;1-7;5;27;0.3623046875;female;12.102332723459192;accuracy_first
0;0.0;2.7247599960774096;0.8518927990153315;other;0.5;1;1;0;1461326899.695;dotscs_5_1;;0.8682170542635659;1;1.0;23;10;5;right;10.038660033698761;experiment;X;1;instructions;right;0;lettersGrid;1;6/3-2=1 ?;cheat;2.7864247334182437;0.8294573643410853;X;1-7;2;27;0.3600745147527192;female;12.102332723459192;accuracy_first
1;1.0;12.382889375770901;0.996244801699504;other;0.5;0;0;1;1461326918.4;dotscs_5_1;;0.8692307692307693;1;0.0;24;12;5;right;3.836409816671221;experiment;V;1;instructions;right;0;lettersGrid;0;9/3-1=0 ?;cheat;3.727701939671533;0.823076923076923;N;1-7;0;27;0.35772189349112427;female;12.102332723459192;accuracy_first
4;0.8;8.013808342973789;1.68834862226322;self;0.5;5;5;1, 1, 1, 1, 0;1461326941.582;dotscs_5_1;;0.8666666666666667;5;1.0;25;12;5;left;12.532976275117107;experiment;P, D, C, B, H;1;instructions;left;0, 0, 1, 0, 0;lettersGrid;0, 0, 1, 0, 1;3x3-8=0 ?, 6/3+6=6 ?, 8/2-2=2 ?, 2x4-2=8 ?, 2+8/4=6 ?;accuracy;1.4448952695693151, 2.9362108205350523, 1.9488718302800407, 3.140290683702915, 2.1752351555351197;0.8296296296296296;P, D, C, B, H;1-7;10;27;3.595061728395062;female;15.697394451854255;accuracy_first
4;1.0;7.117816825171758;1.7743296045591705;self;0.5;4;4;1, 1, 1, 1;1461326981.471;dotscs_5_1;;0.8705035971223022;4;1.0;26;14;5;right;8.40522238340236;experiment;I, H, X, O;1;instructions;right;0, 1, 1, 0;lettersGrid;0, 1, 1, 0;2x3-2=2 ?, 8/2+4=8 ?, 2x3-6=0 ?, 4+8/2=7 ?;cheat;2.9241486040718883, 2.8685132054797577, 1.6866654893692612, 2.9532866921035748;0.8345323741007195;I, H, X, O;1-7;8;27;0.3632317167848455;female;16.0606261686391;accuracy_first
4;0.6666666666666666;9.372333697729118;1.3574902067939547;self;0.5;6;6;1, 1, 1, 0, 0, 1;1461327013.935;dotscs_5_1;;0.8620689655172413;6;1.0;27;14;5;left;8.853542665612622;experiment;L, Q, V, H, X, W;1;instructions;left;1, 1, 0, 1, 0, 0;lettersGrid;1, 1, 0, 0, 1, 0;8/2-4=0 ?, 3x2-5=1 ?, 2x2-1=1 ?, 3x3-4=5 ?, 4x2-6=0 ?, 9/3+4=6 ?;accuracy;1.480724837145317, 3.5071577385006094, 3.5076868141259183, 5.347944196146273, 2.642923852392414, 4.179237727657892;0.8413793103448276;L, Q, V, H, X, W;1-7;12;27;3.626634958382877;female;19.687261127021976;accuracy_first
4;0.8;6.531798152869669;1.250350800142769;self;0.5;5;5;1, 1, 0, 1, 1;1461327060.564;dotscs_5_1;;0.86;5;1.0;28;10;5;right;5.07066397752169;experiment;L, V, T, U, J;1;instructions;right;0, 1, 1, 1, 0;lettersGrid;0, 1, 0, 1, 0;3+2x2=6 ?, 8/4+6=8 ?, 2x4-3=5 ?, 4+4/2=6 ?, 9/3+4=9 ?;cheat;2.3906280357696232, 4.240645889862208, 2.6553410272845213, 3.300121068075896, 2.2493630743447284;0.8466666666666667;L, V, T, U, J;1-7;10;27;0.36406666666666665;female;20.051327793688642;accuracy_first
4;1.0;25.188478679314358;2.8368808532304683;self;5;2;2;1, 1, 1, 1;1461327093.964;dotscs_5_1;;0.8636363636363636;4;0.5;29;10;0.5;left;3.765856962723774;experiment;Y, D, B, R;1;instructions;left;0, 1, 0, 1;lettersGrid;0, 1, 0, 1;2x2+4=6 ?, 7+4/2=9 ?, 4+2x2=6 ?, 8/2+2=6 ?;cheat;1.9068168651610904, 7.239751238905228, 3.59068727808517, 2.740280137581067;0.8376623376623377;Y, D, V, N;1-7;4;27;0.36171782762691856;female;20.41304562131556;accuracy_first
1;1.0;1.8502408090371318;3.213818393640395;self;5;1;1;1;1461327146.334;dotscs_5_1;;0.864516129032258;1;1.0;30;10;0.5;right;9.442261216137922;experiment;L;0;instructions;left;0;lettersGrid;0;8/2-1=4 ?;cheat;2.7267124443897046;0.8387096774193549;L;1-7;2;27;3.6253902185223725;female;24.038435839837934;accuracy_first
5;1.0;7.421301681753903;1.264484020324744;other;5;5;5;1, 1, 1, 1, 1;1461327165.897;dotscs_5_1;;0.86875;5;1.0;31;12;0.5;left;3.0751092744649213;experiment;H, Q, I, W, X;1;instructions;left;0, 1, 0, 1, 0;lettersGrid;0, 1, 0, 1, 0;2x2-1=4 ?, 5+6/2=8 ?, 2+4/2=5 ?, 2x3-1=5 ?, 4+2x2=9 ?;cheat;1.561541404325908, 3.40791306031133, 2.1427272627533966, 1.9402463050519145, 1.9828742289919319;0.84375;H, Q, I, W, X;1-7;10;27;0.36650390625;female;24.038435839837934;accuracy_first
6;0.8571428571428571;20.92001650574275;1.4958093317618477;other;5;4;1;0, 1, 1, 1, 1, 1, 1;1461327194.508;dotscs_5_1;;0.8682634730538922;7;0.14285714285714285;32;14;0.5;left;6.425899862086226;experiment;I, S, H, E, X, L, M;1;instructions;left;0, 0, 0, 1, 1, 0, 0;lettersGrid;1, 0, 0, 1, 1, 0, 0;4x2-1=5 ?, 3x3-1=9 ?, 8/4+5=5 ?, 6/3-2=0 ?, 2x2-3=1 ?, 3x3-7=1 ?, 9/3+2=6 ?;cheat;4.875877796624991, 2.8292147420634137, 7.790839595241778, 5.434726046763899, 5.340016201393155, 1.8104026530927513, 3.5430612704967643;0.8143712574850299;D, S, V, H, L, M, Q;1-7;5;27;0.3535444081896088;female;24.038435839837934;accuracy_first
1;1.0;1.995217439465705;2.0609551743782504;other;5;1;1;1;1461327262.431;dotscs_5_1;;0.8690476190476191;1;1.0;33;12;0.5;left;4.00149273644638;experiment;W;1;instructions;left;1;lettersGrid;1;2x3+1=7 ?;cheat;2.023027706929497;0.8154761904761905;W;1-7;2;27;0.354343820861678;female;24.038435839837934;accuracy_first
7;1.0;9.539305364402026;0.9346593372301868;other;0.5;7;7;1, 1, 1, 1, 1, 1, 1;1461327275.27;dotscs_5_1;;0.8742857142857143;7;1.0;34;10;5;right;3.3292064254892466;experiment;M, D, A, Z, K, J, E;1;instructions;right;1, 1, 0, 0, 1, 1, 0;lettersGrid;1, 1, 0, 0, 1, 1, 0;5+2x2=9 ?, 3x3-8=1 ?, 8/2-3=2 ?, 3x2-5=2 ?, 3x3-6=3 ?, 2x2-3=1 ?, 2+2x2=4 ?;cheat;1.917213643568175, 1.0058343416440039, 1.7273038058392558, 2.134947904629371, 2.502075427426462, 2.292239433794748, 3.6932454914440314;0.8228571428571428;M, D, A, Z, K, J, E;1-7;14;27;0.3597061224489796;female;24.038435839837934;accuracy_first
3;1.0;5.207113112122897;1.1494711190171074;other;5;3;3;1, 1, 1;1461327311.774;dotscs_5_1;;0.8764044943820225;3;1.0;35;12;0.5;right;8.313516767451802;experiment;J, L, W;0;instructions;left;1, 1, 1;lettersGrid;1, 1, 1;3x3-5=4 ?, 4+8/4=6 ?, 3+9/3=6 ?;cheat;4.133190807320716, 2.68286251500831, 2.1410639480782265;0.8258426966292135;J, L, W;1-7;6;27;3.6188612548920593;female;24.038435839837934;accuracy_first
2;1.0;4.335128533526586;4.060620741958701;other;5;2;2;1, 1;1461327339.527;dotscs_5_1;;0.8777777777777778;2;1.0;36;14;0.5;right;21.06534703291254;experiment;V, E;0;instructions;left;0, 1;lettersGrid;0, 1;2x3-6=2 ?, 8/2+2=6 ?;cheat;1.5317156949313357, 2.0982495205571468;0.8277777777777777;V, E;1-7;4;27;3.6330246913580244;female;24.038435839837934;accuracy_first
7;1.0;24.745062698115362;1.1320123311779753;self;5;6;6;1, 1, 1, 1, 1, 1, 1;1461327375.688;dotscs_5_1;;0.8823529411764706;7;0.8571428571428571;37;14;0.5;right;53.32016471769748;experiment;X, H, G, P, W, U, D;0;instructions;left;0, 1, 0, 0, 1, 0, 0;lettersGrid;0, 1, 0, 0, 1, 0, 0;2x3-2=5 ?, 8/2-2=2 ?, 4x2-2=4 ?, 3+4/2=3 ?, 7+4/2=9 ?, 9/3-3=2 ?, 2x3-2=2 ?;cheat;2.686304868591833, 2.9751709586671495, 3.3620345948220347, 2.2637581781109475, 4.0179627367961075, 4.374988277169905, 4.916275109415437;0.8288770053475936;X, H, G, P, W, U, N;1-7;12;27;3.6568103177099713;female;27.695246157547906;accuracy_first
1;0.5;3.670435431009537;0.9414414143411705;self;5;2;2;0, 1;1461327487.074;dotscs_5_1;;0.8783068783068783;2;1.0;38;10;0.5;left;8.48124364976502;experiment;T, M;1;instructions;left;0, 0;lettersGrid;1, 0;4+6/3=7 ?, 6+6/2=8 ?;cheat;2.8345373490228667, 2.2548700615025155;0.8306878306878307;T, M;1-7;4;27;0.3647994177094706;female;28.060045575257377;accuracy_first
2;1.0;2.907288963411702;1.058626533833376;self;5;2;2;1, 1;1461327510.849;dotscs_5_1;;0.8795811518324608;2;1.0;39;12;0.5;right;4.453168313642891;experiment;H, F;1;instructions;right;0, 0;lettersGrid;0, 0;3+3x2=8 ?, 3x2-4=4 ?;accuracy;3.3563159774130327, 1.6806598617058626;0.8324607329842932;H, F;1-7;4;27;3.661083851868096;female;31.721129427125472;accuracy_first
2;1.0;6.19302129785865;1.785343932775504;self;0.5;2;2;1, 1;1461327528.04;dotscs_5_1;;0.8808290155440415;2;1.0;40;12;5;right;4.045687715146414;experiment;G, B;1;instructions;right;0, 0;lettersGrid;0, 0;9/3+4=5 ?, 6/2-1=1 ?;cheat;2.087098234302175, 3.7694058392244187;0.8341968911917098;G, B;1-7;4;27;0.36739241321914684;female;32.08852184034462;accuracy_first
2;0.6666666666666666;5.410126330520143;1.0788428850646596;self;5;3;3;1, 1, 0;1461327552.486;dotscs_5_1;;0.8775510204081632;3;1.0;41;14;0.5;right;2.883359881485376;experiment;C, S, K;0;instructions;left;0, 0, 1;lettersGrid;0, 0, 0;4/2+6=9 ?, 3x3-1=6 ?, 3x3-5=4 ?;cheat;3.2151129479152587, 4.454599472057453, 1.9658786919826525;0.8367346938775511;C, S, K;1-7;6;27;3.671386922115785;female;35.759908762460405;accuracy_first
1;1.0;4.831815883098898;1.304527790272914;self;0.5;1;1;1;1461327575.652;dotscs_5_1;;0.8781725888324873;1;1.0;42;10;5;left;4.891902594876228;experiment;Z;1;instructions;left;0;lettersGrid;0;2x2-1=5 ?;accuracy;2.5414329915984126;0.8375634517766497;Z;1-7;2;27;3.677626323790873;female;39.43753508625128;accuracy_first
3;1.0;7.560240126016652;1.5502998744032084;other;5;3;3;1, 1, 1;1461327591.704;dotscs_5_1;;0.88;3;1.0;43;10;0.5;left;4.491746951091045;experiment;W, Z, L;1;instructions;left;0, 1, 1;lettersGrid;0, 1, 1;4+6/2=5 ?, 2x3-5=1 ?, 8/4-1=1 ?;cheat;3.381152096679216, 2.260316178424546, 3.5501912281015393;0.84;W, Z, L;1-7;6;27;0.3696;female;39.43753508625128;accuracy_first
4;1.0;4.670803483619238;0.9528223795805388;other;5;4;4;1, 1, 1, 1;1461327619.192;dotscs_5_1;;0.8823529411764706;4;1.0;44;14;0.5;right;12.467063715215772;experiment;E, M, R, Z;0;instructions;left;0, 0, 0, 0;lettersGrid;0, 0, 0, 0;5+8/2=7 ?, 6/3+5=5 ?, 1+2x4=7 ?, 4+6/2=6 ?;cheat;3.0179517659980775, 3.74073914165092, 3.2847513326851185, 3.565194326469282;0.8431372549019608;E, M, R, Z;1-7;8;27;3.7197231833910034;female;39.43753508625128;accuracy_first
2;1.0;2.9288837424446683;1.331759436567154;other;5;2;2;1, 1;1461327655.837;dotscs_5_1;;0.883495145631068;2;1.0;45;12;0.5;left;5.355128653851352;experiment;Q, S;1;instructions;left;0, 1;lettersGrid;0, 1;5+8/4=9 ?, 3x3-9=0 ?;cheat;3.3301166479031963, 1.586659225398762;0.8446601941747572;Q, S;1-7;4;27;0.37312659063059667;female;39.43753508625128;accuracy_first
1;1.0;1.6818241819764808;1.0752710052747716;other;5;1;1;1;1461327673.559;dotscs_5_1;;0.8840579710144928;1;1.0;46;14;0.5;right;2.675057322423527;experiment;C;1;instructions;right;0;lettersGrid;0;5+2x2=8 ?;accuracy;2.3805147286511783;0.8454106280193237;C;1-7;2;27;3.736960022404257;female;39.43753508625128;accuracy_first
5;1.0;5.992580554860979;1.113630934538378;other;0.5;5;5;1, 1, 1, 1, 1;1461327684.104;dotscs_5_1;;0.8867924528301887;5;1.0;47;12;5;right;3.516814518827232;experiment;R, K, N, M, E;1;instructions;right;1, 1, 1, 0, 0;lettersGrid;1, 1, 1, 0, 0;4+6/2=7 ?, 4/2+3=5 ?, 3x2+3=9 ?, 6/2-3=2 ?, 5+4/2=5 ?;cheat;4.573406500305282, 2.044609037884584, 2.087177507171873, 1.4060069724728237, 5.002503111636543;0.8490566037735849;R, K, N, M, E;1-7;10;27;0.3764684941260235;female;39.43753508625128;accuracy_first
6;1.0;11.091022241347673;1.0487598927411454;other;0.5;6;6;1, 1, 1, 1, 1, 1;1461327717.801;dotscs_5_1;;0.8899082568807339;6;1.0;48;10;5;right;4.064701525259807;experiment;C, Y, I, Z, R, P;1;instructions;right;0, 0, 0, 1, 1, 1;lettersGrid;0, 0, 0, 1, 1, 1;2x4-2=5 ?, 4/2+6=6 ?, 6+6/2=7 ?, 2x2+1=5 ?, 2x4-2=6 ?, 3x2+3=9 ?;cheat;5.646608625242152, 3.184715695286286, 6.342634683367578, 2.2448809721390717, 6.515518195070399, 3.452401065513186;0.8532110091743119;C, Y, I, Z, R, P;1-7;12;27;0.37963976096288193;female;39.43753508625128;accuracy_first
5;1.0;9.844729575115707;0.9922680640411272;self;5;5;5;1, 1, 1, 1, 1;1461327767.815;dotscs_5_1;;0.8923766816143498;5;1.0;49;14;0.5;right;4.196887265839905;experiment;N, V, K, Y, O;1;instructions;right;1, 1, 0, 0, 1;lettersGrid;1, 1, 0, 0, 1;4+9/3=7 ?, 2x3-1=5 ?, 4x2-6=1 ?, 2x4-6=0 ?, 9/3-2=1 ?;accuracy;5.293800118413856, 2.6382191491411504, 1.689306620735806, 3.722277056554958, 3.5977230991593387;0.8565022421524664;N, V, K, Y, O;1-7;10;27;3.821613143236341;female;43.25914822948762;accuracy_first
7;1.0;16.9758246059464;1.2779476678751962;self;5;7;7;1, 1, 1, 1, 1, 1, 1;1461327805.568;dotscs_5_1;;0.8956521739130435;7;1.0;50;14;0.5;left;5.703932111280665;experiment;O, T, C, B, K, N, R;1;instructions;left;0, 1, 1, 0, 1, 0, 0;lettersGrid;0, 1, 1, 0, 1, 0, 0;4x2-3=6 ?, 4/2-2=0 ?, 1+2x3=7 ?, 9/3+4=8 ?, 4/2+1=3 ?, 8/2-1=4 ?, 6/2-3=1 ?;cheat;2.8965082070426433, 7.510545591985647, 2.0765637900640286, 2.494064266940768, 3.1741904523623816, 3.512844151307945, 4.6319523456804745;0.8608695652173913;O, T, C, B, K, N, R;1-7;14;27;0.38551984877126655;female;43.64466807825889;accuracy_first
2;1.0;2.2279165780437324;1.1970348407794518;self;5;2;2;1, 1;1461327863.366;dotscs_5_1;;0.896551724137931;2;1.0;51;10;0.5;left;4.54859904667137;experiment;P, I;1;instructions;left;0, 1;lettersGrid;0, 1;4+2x2=9 ?, 8/2-1=3 ?;cheat;4.700552751317446, 2.3678742449174024;0.8620689655172413;P, I;1-7;4;27;0.3864447086801427;female;44.03111278693903;accuracy_first
5;1.0;7.981368752263734;1.0404818941133271;self;5;5;5;1, 1, 1, 1, 1;1461327881.541;dotscs_5_1;;0.8987341772151899;5;1.0;52;10;0.5;right;5.611844994644343;experiment;O, Y, L, S, F;1;instructions;right;1, 1, 1, 0, 0;lettersGrid;1, 1, 1, 0, 0;2x3-5=1 ?, 9/3+3=6 ?, 3x2-4=2 ?, 2x2-4=2 ?, 3x3-1=7 ?;accuracy;2.7522779448354413, 2.546695790009835, 3.1301943636281067, 2.1941389037638146, 4.007056700982503;0.8649789029535865;O, Y, L, S, F;1-7;10;27;3.886930513272446;female;47.91804330021148;accuracy_first
7;1.0;12.720421222056757;1.5106959981003456;self;5;7;7;1, 1, 1, 1, 1, 1, 1;1461327916.547;dotscs_5_1;;0.9016393442622951;7;1.0;53;10;0.5;left;4.392682406341919;experiment;P, B, U, D, H, V, O;1;instructions;left;0, 0, 1, 1, 0, 1, 1;lettersGrid;0, 0, 1, 1, 0, 1, 1;2x2-4=1 ?, 9/3-2=2 ?, 2x2+3=7 ?, 4/2+1=3 ?, 4+9/3=6 ?, 8/2+3=7 ?, 3x3-4=5 ?;cheat;1.5454794469151238, 2.5776783878445713, 2.4623597197551135, 2.8726814012752584, 3.465771284321818, 3.6005960328893707, 4.933414682396688;0.8688524590163934;P, B, U, D, H, V, O;1-7;14;27;0.39169578070411176;female;48.30973908091559;accuracy_first
5;1.0;22.248804271392146;1.638550042591305;self;0.5;4;3;1, 1, 1, 1, 1;1461327965.688;dotscs_5_1;;0.9036144578313253;5;0.6;54;10;5;right;2.819291477495426;experiment;P, C, W, G, Y;1;instructions;right;1, 1, 1, 1, 1;lettersGrid;1, 1, 1, 1, 1;9/3-1=2 ?, 3x3-9=0 ?, 9/3+3=6 ?, 6/3-1=1 ?, 2x2-4=0 ?;cheat;2.6494026399996073, 1.0281287745292502, 3.063589581704946, 4.778083033375879, 3.5605837597504433;0.8634538152610441;P, C, W, Y, R;1-7;7;27;0.3901146755697489;female;48.69985375648534;accuracy_first
7;1.0;14.201889596248293;0.9351480686254945;other;0.5;7;7;1, 1, 1, 1, 1, 1, 1;1461328014.298;dotscs_5_1;;0.90625;7;1.0;55;12;5;right;16.990683314439593;experiment;V, Q, Z, Y, K, T, U;1;instructions;right;0, 1, 1, 1, 1, 1, 1;lettersGrid;0, 1, 1, 1, 1, 1, 1;3x3-9=1 ?, 9/3+3=6 ?, 2x2-2=2 ?, 2+3x2=8 ?, 4/2+4=6 ?, 4/2+7=9 ?, 4/2+6=8 ?;cheat;2.0604682124630926, 2.2954761733708438, 2.3195117782142916, 1.6398612300108653, 3.9271712361223763, 5.7262898916833365, 4.53312526564514;0.8671875;V, Q, Z, Y, K, T, U;1-7;14;27;0.3929443359375;female;48.69985375648534;accuracy_first
0;0.0;1.9138289751535922;1.516786207086625;other;5;1;1;0;1461328076.122;dotscs_5_1;;0.9027237354085603;1;1.0;56;14;0.5;left;9.53091694999057;experiment;H;1;instructions;left;1;lettersGrid;0;9/3-3=0 ?;cheat;1.982204656360409;0.867704280155642;H;1-7;2;27;0.39164862450604854;female;48.69985375648534;accuracy_first
3;1.0;4.041382915211216;1.2492098370548774;other;5;3;3;1, 1, 1;1461328093.641;dotscs_5_1;;0.9038461538461539;3;1.0;57;12;0.5;left;7.322019490509774;experiment;O, U, I;1;instructions;left;1, 1, 1;lettersGrid;1, 1, 1;2x2+4=8 ?, 6/2-2=1 ?, 2x4-1=7 ?;cheat;2.2224417954876117, 3.402230894265813, 2.1298475448238605;0.8692307692307693;O, U, I;1-7;6;27;0.39282544378698225;female;48.69985375648534;accuracy_first
6;1.0;9.20245406154936;1.013962641951366;other;0.5;5;2;1, 1, 1, 1, 1, 1;1461328118.196;dotscs_5_1;;0.9060150375939849;6;0.3333333333333333;58;14;5;right;8.052166856650729;experiment;Y, I, S, U, N, T;1;instructions;right;1, 1, 0, 1, 1, 0;lettersGrid;1, 1, 0, 1, 1, 0;3x2+2=8 ?, 3x2+1=7 ?, 1+4/2=2 ?, 8/2+2=6 ?, 2x2-2=2 ?, 4/2-1=0 ?;cheat;6.85045951722168, 2.1353690417508915, 1.7827739346557792, 3.8766117784634844, 2.2467293748086377, 3.2175735919427098;0.8571428571428571;Y, S, N, U, T, M;1-7;7;27;0.38829215896885066;female;48.69985375648534;accuracy_first
2;1.0;3.0143551134351583;2.1652849948131916;other;0.5;2;2;1, 1;1461328163.483;dotscs_5_1;;0.9067164179104478;2;1.0;59;10;5;right;4.423125665547559;experiment;R, J;0;instructions;left;1, 0;lettersGrid;1, 0;1+8/4=3 ?, 2x4-1=8 ?;accuracy;3.110792682689862, 6.28230449063085;0.8582089552238806;R, J;1-7;4;27;0.38907607484963247;female;48.69985375648534;accuracy_first
7;1.0;10.974231008927745;0.9188872212489514;other;5;7;7;1, 1, 1, 1, 1, 1, 1;1461328185.651;dotscs_5_1;;0.9090909090909091;7;1.0;60;10;0.5;right;3.153289664835029;experiment;Z, M, S, L, Y, W, F;1;instructions;right;0, 0, 1, 0, 1, 0, 0;lettersGrid;0, 0, 1, 0, 1, 0, 0;3x3-8=0 ?, 3x3-1=7 ?, 9/3+6=9 ?, 8/4+7=7 ?, 3x3-8=1 ?, 9/3+1=3 ?, 3x3-6=2 ?;accuracy;1.2780885187767126, 3.591223785542752, 5.252684749139007, 3.4563038387532288, 2.491448616139678, 3.57710684461199, 1.6628751349671802;0.8618181818181818;Z, M, S, L, Y, W, F;1-7;14;27;3.9173553719008263;female;48.69985375648534;accuracy_first
5;1.0;6.535904770633351;1.6539045604204148;self;5;5;5;1, 1, 1, 1, 1;1461328229.16;dotscs_5_1;;0.9107142857142857;5;1.0;61;14;0.5;left;3.635137770232177;experiment;S, A, W, G, I;1;instructions;left;0, 1, 0, 0, 0;lettersGrid;0, 1, 0, 0, 0;8/4+3=3 ?, 3x3-4=5 ?, 3x2-6=1 ?, 6+8/4=7 ?, 2x4-7=3 ?;cheat;3.3405551861269487, 4.213541292494483, 2.8387140383401857, 1.954152677422826, 2.922435036060051;0.8642857142857143;S, A, W, G, I;1-7;10;27;0.3935586734693878;female;49.093412429954725;accuracy_first
2;0.6666666666666666;3.836398845873191;1.2043364383043809;self;0.5;3;3;1, 1, 0;1461328261.873;dotscs_5_1;;0.9081272084805654;3;1.0;62;12;5;right;13.899174465077522;experiment;D, A, M;1;instructions;right;0, 0, 0;lettersGrid;0, 0, 1;7+4/2=8 ?, 3+6/3=4 ?, 8/4-2=2 ?;cheat;2.9649380344490055, 4.611267081269034, 3.448008853079955;0.8657243816254417;D, A, M;1-7;6;27;0.39309393299953804;female;49.486506362954266;accuracy_first
3;1.0;4.107329449199824;1.9361350866311113;self;0.5;3;3;1, 1, 1;1461328296.178;dotscs_5_1;;0.9090909090909091;3;1.0;63;10;5;right;2.510403679392766;experiment;I, J, R;1;instructions;right;0, 0, 0;lettersGrid;0, 0, 0;2x3-2=5 ?, 3+9/3=7 ?, 2x3-1=4 ?;cheat;2.374784078752782, 3.2396917842525, 2.770708179226858;0.8671328671328671;I, J, R;1-7;6;27;0.3941513032422123;female;49.88065766619648;accuracy_first
2;0.5;3.5785645452797326;1.0732629951762647;self;5;4;4;1, 0, 0, 1;1461328317.675;dotscs_5_1;;0.903448275862069;4;1.0;64;12;0.5;left;6.605365853140029;experiment;L, O, S, V;1;instructions;left;0, 1, 1, 1;lettersGrid;0, 0, 0, 1;6+9/3=8 ?, 3x3-2=7 ?, 6/3-2=0 ?, 2x3+1=7 ?;cheat;2.619621521593217, 1.2885482908022823, 4.207645372818661, 2.7634635590748076;0.8689655172413793;L, O, S, V;1-7;8;27;0.39253269916765754;female;50.27319036536414;accuracy_first
2;1.0;2.7202492282394815;2.6722898499228904;self;0.5;2;2;1, 1;1461328344.726;dotscs_5_1;;0.9041095890410958;2;1.0;65;12;5;left;6.015111390766833;experiment;E, F;0;instructions;right;0, 1;lettersGrid;0, 1;2+4/2=5 ?, 4+4/2=6 ?;cheat;2.590458306895016, 3.3097534295247897;0.8698630136986302;E, F;1-7;4;27;3.932257459185588;female;54.20544782454972;accuracy_first
7;1.0;6.582848819205537;1.1673149465095776;self;5;7;7;1, 1, 1, 1, 1, 1, 1;1461328365.833;dotscs_5_1;;0.9063545150501672;7;1.0;66;12;0.5;right;6.267350583912048;experiment;N, D, L, S, J, I, C;1;instructions;right;0, 0, 0, 0, 1, 1, 1;lettersGrid;0, 0, 0, 0, 1, 1, 1;3x3-6=1 ?, 6/2-1=1 ?, 2x2+5=7 ?, 3x3-8=2 ?, 4x2-2=6 ?, 2x4-7=1 ?, 2x3-3=3 ?;accuracy;3.803471231556614, 1.8274502129206667, 1.2074801030412345, 1.7073128868323693, 3.7083887329190475, 3.2026710002501204, 4.265869879955062;0.8729096989966555;N, D, L, S, J, I, C;1-7;14;27;3.9558282345835054;female;58.16127605913323;accuracy_first
3;0.75;4.855903864659922;0.945208999028182;other;0.5;4;4;1, 0, 1, 1;1461328407.049;dotscs_5_1;;0.9042904290429042;4;1.0;67;10;5;right;2.265470330536118;experiment;O, P, Q, J;1;instructions;right;1, 1, 1, 0;lettersGrid;1, 0, 1, 0;2x3-6=0 ?, 6/3+7=9 ?, 9/3+4=7 ?, 3x3-6=5 ?;cheat;1.907884925520193, 3.6686677167963353, 2.6317891992839577, 3.3956937136972556;0.8745874587458746;O, P, Q, J;1-7;8;27;0.39544053415242514;female;58.16127605913323;accuracy_first
2;1.0;1.7358592595137452;1.5839310354349436;other;0.5;2;2;1, 1;1461328431.354;dotscs_5_1;;0.9049180327868852;2;1.0;68;14;5;right;6.358838199472302;experiment;P, G;1;instructions;right;1, 0;lettersGrid;1, 0;3x3-6=3 ?, 3+9/3=4 ?;cheat;3.032664669037331, 3.211416496473248;0.8754098360655738;P, G;1-7;4;27;0.39608707336737436;female;58.16127605913323;accuracy_first
2;0.6666666666666666;4.321548453950527;1.4991915229002188;other;0.5;3;3;1, 1, 0;1461328451.307;dotscs_5_1;;0.9025974025974026;3;1.0;69;14;5;left;12.476129134089206;experiment;F, V, Q;1;instructions;left;0, 0, 1;lettersGrid;0, 0, 0;6/2+5=9 ?, 4/2+6=6 ?, 6/3-2=0 ?;accuracy;6.025541789365889, 2.9261640460026683, 3.746590824235682;0.8766233766233766;F, V, Q;1-7;6;27;3.956189913982122;female;58.16127605913323;accuracy_first
4;1.0;6.127534475735956;0.9777745769770263;other;0.5;4;4;1, 1, 1, 1;1461328489.87;dotscs_5_1;;0.9038461538461539;4;1.0;70;12;5;right;1.978687630566128;experiment;U, Y, E, R;1;instructions;right;0, 1, 0, 0;lettersGrid;0, 1, 0, 0;4/2+5=9 ?, 4/2+2=4 ?, 2+2x2=4 ?, 2x3-5=0 ?;cheat;2.398838794018957, 2.1411651625476225, 2.2233375081359554, 4.018387058986264;0.8782051282051282;U, Y, E, R;1-7;8;27;0.3968811637080868;female;58.16127605913323;accuracy_first
3;1.0;5.249314236592909;1.3823383585495321;other;5;3;3;1, 1, 1;1461328514.409;dotscs_5_1;;0.9047619047619048;3;1.0;71;10;0.5;left;2.5247096011844405;experiment;T, U, X;1;instructions;left;0, 1, 0;lettersGrid;0, 1, 0;6/3+3=3 ?, 3x3-6=3 ?, 4/2+3=4 ?;cheat;3.964759670494459, 2.419640490457823, 3.3678285922360374;0.8793650793650793;T, U, X;1-7;6;27;0.39780801209372635;female;58.16127605913323;accuracy_first
6;0.8571428571428571;48.024431615293;1.747568994822359;other;5;6;0;1, 1, 1, 1, 1, 0, 1;1461328537.326;dotscs_5_1;;0.9037267080745341;7;0.0;72;12;0.5;left;4.04474351864701;experiment;M, W, E, A, F, O, R;1;instructions;left;0, 0, 0, 0, 1, 1, 0;lettersGrid;0, 0, 0, 0, 1, 0, 0;3x3-1=6 ?, 2x3+1=6 ?, 3x2-1=6 ?, 2+9/3=7 ?, 3x2-6=0 ?, 6/2+4=7 ?, 4/2+6=7 ?;cheat;4.085201701676851, 2.8647158934672916, 4.2604527825660625, 2.3102917064661597, 2.324658852390712, 5.063048473590243, 4.089307257749169;0.860248447204969;W, E, A, F, R, T, O;1-7;6;27;0.38871474865938815;female;58.16127605913323;accuracy_first
7;1.0;12.471775496402188;1.677445063724008;self;0.5;7;7;1, 1, 1, 1, 1, 1, 1;1461328623.33;dotscs_5_1;;0.9057750759878419;7;1.0;73;14;5;right;3.227109693480088;experiment;Y, A, G, F, P, V, Z;0;instructions;left;0, 1, 1, 1, 1, 0, 1;lettersGrid;0, 1, 1, 1, 1, 0, 1;3x3-2=9 ?, 2x4-1=7 ?, 7+4/2=9 ?, 2x2+2=6 ?, 4/2+7=9 ?, 2x3-5=0 ?, 3x3-8=1 ?;accuracy;3.6885496356098884, 4.801912316419475, 3.0239853515067807, 2.5563242585958506, 2.8997081413599517, 4.724600388650288, 1.3838583450451551;0.8632218844984803;Y, A, G, F, P, V, Z;1-7;14;27;0.3909424340129895;female;58.55221849314622;accuracy_first
3;0.75;8.992178528164004;0.9102394005276437;self;0.5;4;4;1, 0, 1, 1;1461328671.254;dotscs_5_1;;0.9039039039039038;4;1.0;74;10;5;left;6.4217730722084525;experiment;W, M, G, T;1;instructions;left;0, 1, 0, 1;lettersGrid;0, 0, 0, 1;9/3+3=5 ?, 6/3+4=6 ?, 3x3-1=6 ?, 4x2-7=1 ?;accuracy;3.0727792183333804, 4.676064866442175, 1.3053520157773164, 1.4251995004397031;0.8648648648648649;W, M, G, T;1-7;8;27;3.9087736385033685;female;62.46099213164959;accuracy_first
3;1.0;5.264973813411416;1.1992413869502343;self;0.5;3;3;1, 1, 1;1461328702.985;dotscs_5_1;;0.9047619047619048;3;1.0;75;12;5;left;1.8483594939698378;experiment;T, A, H;1;instructions;left;1, 0, 0;lettersGrid;1, 0, 0;3x3-7=2 ?, 2+3x2=7 ?, 7+6/3=7 ?;accuracy;1.648280079542019, 3.611876491453586, 2.152143039398652;0.8660714285714286;T, A, H;1-7;6;27;3.9179421768707483;female;66.37893430852034;accuracy_first
3;1.0;3.463807157420888;0.9558637681566324;self;5;3;3;1, 1, 1;1461328722.547;dotscs_5_1;;0.9056047197640118;3;1.0;76;14;0.5;right;0.9975531579439121;experiment;G, N, M;0;instructions;left;1, 1, 0;lettersGrid;1, 1, 0;3+9/3=6 ?, 3x2+2=8 ?, 8/2-1=4 ?;cheat;3.855156788642489, 1.6305463139342464, 1.4389699764633406;0.8672566371681416;G, N, M;1-7;6;27;3.9269585193306704;female;70.30589282785101;accuracy_first
1;1.0;1.6059519061418541;1.651497000902964;self;5;1;1;1;1461328738.756;dotscs_5_1;;0.9058823529411765;1;1.0;77;12;0.5;right;1.6426824948157446;experiment;A;1;instructions;right;1;lettersGrid;1;8/4+7=9 ?;accuracy;2.8954465168244496;0.8676470588235294;A;1-7;2;27;3.929930795847751;female;74.23582362369876;accuracy_first
1;1.0;1.55736931566571;2.5918664620185154;self;0.5;1;1;1;1461328749.863;dotscs_5_1;;0.906158357771261;1;1.0;78;14;5;right;1.509256700061087;experiment;O;1;instructions;right;1;lettersGrid;1;2x2-1=3 ?;cheat;1.9180325606230326;0.8680351906158358;O;1-7;2;27;0.3932886714080546;female;74.62911229510682;accuracy_first
4;0.8;8.094988008209839;1.791116342490568;other;0.5;5;5;1, 1, 1, 1, 0;1461328759.645;dotscs_5_1;;0.9046242774566474;5;1.0;79;12;5;right;5.430404967577488;experiment;C, J, T, Z, B;1;instructions;right;1, 1, 0, 0, 0;lettersGrid;1, 1, 0, 0, 1;2x2+2=6 ?, 6/2+6=9 ?, 2+2x3=6 ?, 3x2-3=5 ?, 2x2-3=2 ?;cheat;2.7544406078104657, 2.4491041634901194, 2.353339351937393, 2.0860418525353452, 2.565246703186858;0.869942196531792;C, J, T, Z, B;1-7;10;27;0.3934854154833105;female;74.62911229510682;accuracy_first
7;1.0;6.742985324257461;0.7103634767245239;other;5;7;5;1, 1, 1, 1, 1, 1, 1;1461328793.185;dotscs_5_1;;0.9065155807365439;7;0.7142857142857143;80;10;0.5;left;2.6025244162210583;experiment;J, K, G, E, N, T, P;1;instructions;left;0, 0, 0, 1, 1, 0, 1;lettersGrid;0, 0, 0, 1, 1, 0, 1;2x2+3=5 ?, 6/3+7=7 ?, 1+3x2=8 ?, 3+4/2=5 ?, 2x3+2=8 ?, 5+6/2=7 ?, 1+6/3=3 ?;cheat;2.2357536213366984, 1.7827388988789608, 1.409743414247714, 1.8383927001013944, 1.4658466643286374, 5.4663923731004616, 4.287911276671366;0.8668555240793201;J, K, G, N, E, T, P;1-7;12;27;0.392909019412723;female;74.62911229510682;accuracy_first
1;1.0;4.033954268754314;1.1420672453350562;other;5;1;1;1;1461328828.863;dotscs_5_1;;0.9067796610169492;1;1.0;81;10;0.5;right;3.0653434939449653;experiment;Y;0;instructions;left;0;lettersGrid;0;6/3+2=2 ?;cheat;4.227493671442062;0.867231638418079;Y;1-7;2;27;3.9319400555395956;female;74.62911229510682;accuracy_first
5;0.8333333333333334;15.403160934896732;1.322065850981744;other;5;5;4;1, 1, 1, 0, 1, 1;1461328843.839;dotscs_5_1;;0.9055555555555556;6;0.6666666666666666;82;12;0.5;left;3.773185102505522;experiment;T, G, A, W, X, U;1;instructions;left;1, 0, 1, 1, 0, 0;lettersGrid;1, 0, 1, 0, 0, 0;9/3+1=4 ?, 5+6/3=8 ?, 2x3+1=7 ?, 3x3-4=5 ?, 2x2-4=2 ?, 2x4-2=7 ?;cheat;2.124277917941072, 3.773496177738707, 3.2718779848983104, 2.5396539526918787, 1.766588821179539, 2.5151398794550914;0.8638888888888889;T, G, A, W, F, X;1-7;9;27;0.3911496913580247;female;74.62911229510682;accuracy_first
5;1.0;5.417543652278255;1.0426346479780477;other;0.5;5;5;1, 1, 1, 1, 1;1461328887.161;dotscs_5_1;;0.9068493150684932;5;1.0;83;14;5;right;2.4939927797986456;experiment;M, R, T, J, L;1;instructions;right;1, 0, 1, 1, 0;lettersGrid;1, 0, 1, 1, 0;4/2+2=4 ?, 4/2-2=2 ?, 3x3-7=2 ?, 3x3-3=6 ?, 5+9/3=7 ?;cheat;3.5695879544873605, 3.0718431614586734, 2.3271308211151336, 1.4147606083188293, 6.103614949022813;0.8657534246575342;M, R, T, J, L;1-7;10;27;0.3925539500844436;female;74.62911229510682;accuracy_first
6;1.0;8.353221504323301;1.5718047636619303;other;5;4;3;1, 1, 1, 1, 1, 1;1461328918.127;dotscs_5_1;;0.9083557951482479;6;0.5;84;14;0.5;left;3.2776588881333737;experiment;R, B, O, G, F, C;1;instructions;left;1, 0, 0, 1, 1, 0;lettersGrid;1, 0, 0, 1, 1, 0;9/3+6=9 ?, 3x3-3=7 ?, 3+3x2=8 ?, 8/4+2=4 ?, 5+4/2=7 ?, 8/2-4=1 ?;cheat;5.071290020854576, 5.337747015501009, 6.6910304517532495, 3.491287947019373, 2.292898035626422, 3.221895732818666;0.8598382749326146;M, R, O, G, F, P;1-7;7;27;0.3905195399626565;female;74.62911229510682;accuracy_first
;;;1.9346780937576114;self;0.2;;;;;dotscs_5_1;;;1;;1;10;2;left;;controlDotsAccuracy;;1;instructions;left;;lettersGrid;;;accuracy;;;;1-7;;27;2;female;;accuracy_first
;;;1.1084063569778664;self;0.2;;;;;dotscs_5_1;;;1;;2;10;2;right;;controlDotsAccuracy;;0;instructions;left;;lettersGrid;;;accuracy;;;;1-7;;27;0.2;female;;accuracy_first
;;;0.8734536039592058;self;0.2;;;;;dotscs_5_1;;;1;;3;12;2;right;;controlDotsAccuracy;;0;instructions;left;;lettersGrid;;;accuracy;;;;1-7;;27;0.2;female;;accuracy_first
;;;0.8229344905284961;self;2;;;;;dotscs_5_1;;;1;;4;12;0.2;right;;controlDotsAccuracy;;1;instructions;right;;lettersGrid;;;accuracy;;;;1-7;;27;2;female;;accuracy_first
;;;1.0834226627684984;self;2;;;;;dotscs_5_1;;;1;;5;14;0.2;left;;controlDotsAccuracy;;0;instructions;right;;lettersGrid;;;accuracy;;;;1-7;;27;0.2;female;;accuracy_first
;;;0.7219153740879847;self;2;;;;;dotscs_5_1;;;1;;6;12;0.2;right;;controlDotsAccuracy;;1;instructions;right;;lettersGrid;;;accuracy;;;;1-7;;27;2;female;;accuracy_first
;;;0.7918503243290616;other;0.2;;;;;dotscs_5_1;;;1;;7;12;2;left;;controlDotsAccuracy;;1;instructions;left;;lettersGrid;;;accuracy;;;;1-7;;27;2;female;;accuracy_first
;;;0.8744370829990658;other;2;;;;;dotscs_5_1;;;1;;8;14;0.2;right;;controlDotsAccuracy;;1;instructions;right;;lettersGrid;;;accuracy;;;;1-7;;27;2;female;;accuracy_first
;;;1.7153463428130635;other;2;;;;;dotscs_5_1;;;1;;9;14;0.2;right;;controlDotsAccuracy;;1;instructions;right;;lettersGrid;;;accuracy;;;;1-7;;27;2;female;;accuracy_first
;;;0.6355978359933943;other;0.2;;;;;dotscs_5_1;;;1;;10;12;2;left;;controlDotsAccuracy;;1;instructions;left;;lettersGrid;;;accuracy;;;;1-7;;27;2;female;;accuracy_first
;;;0.8145156409973424;other;0.2;;;;;dotscs_5_1;;;1;;11;12;2;left;;controlDotsAccuracy;;1;instructions;left;;lettersGrid;;;accuracy;;;;1-7;;27;2;female;;accuracy_first
;;;1.1969552140144515;other;2;;;;;dotscs_5_1;;;1;;12;14;0.2;right;;controlDotsAccuracy;;1;instructions;right;;lettersGrid;;;accuracy;;;;1-7;;27;2;female;;accuracy_first
;;;0.7936930646501423;self;2;;;;;dotscs_5_1;;;1;;13;14;0.2;right;;controlDotsAccuracy;;1;instructions;right;;lettersGrid;;;accuracy;;;;1-7;;27;2;female;;accuracy_first
;;;0.6814264020413248;self;2;;;;;dotscs_5_1;;;1;;14;14;0.2;left;;controlDotsAccuracy;;0;instructions;right;;lettersGrid;;;accuracy;;;;1-7;;27;0.2;female;;accuracy_first
;;;0.6756217877227755;self;2;;;;;dotscs_5_1;;;1;;15;10;0.2;right;;controlDotsAccuracy;;1;instructions;right;;lettersGrid;;;accuracy;;;;1-7;;27;2;female;;accuracy_first
;;;1.107690777769676;self;0.2;;;;;dotscs_5_1;;;1;;16;12;2;left;;controlDotsAccuracy;;1;instructions;left;;lettersGrid;;;accuracy;;;;1-7;;27;2;female;;accuracy_first
;;;1.1180698613407003;self;2;;;;;dotscs_5_1;;;1;;17;14;0.2;left;;controlDotsAccuracy;;0;instructions;right;;lettersGrid;;;accuracy;;;;1-7;;27;0.2;female;;accuracy_first
;;;0.6073115774124744;self;0.2;;;;;dotscs_5_1;;;1;;18;10;2;left;;controlDotsAccuracy;;1;instructions;left;;lettersGrid;;;accuracy;;;;1-7;;27;2;female;;accuracy_first
;;;0.8078230997598439;other;0.2;;;;;dotscs_5_1;;;1;;19;10;2;left;;controlDotsAccuracy;;1;instructions;left;;lettersGrid;;;accuracy;;;;1-7;;27;2;female;;accuracy_first
;;;0.7310395398217224;other;2;;;;;dotscs_5_1;;;1;;20;14;0.2;right;;controlDotsAccuracy;;1;instructions;right;;lettersGrid;;;accuracy;;;;1-7;;27;2;female;;accuracy_first
;;;1.0991717754604906;other;2;;;;;dotscs_5_1;;;1;;21;10;0.2;right;;controlDotsAccuracy;;1;instructions;right;;lettersGrid;;;accuracy;;;;1-7;;27;2;female;;accuracy_first
;;;0.7311934849021782;other;0.2;;;;;dotscs_5_1;;;1;;22;12;2;left;;controlDotsAccuracy;;1;instructions;left;;lettersGrid;;;accuracy;;;;1-7;;27;2;female;;accuracy_first
;;;1.0656768646731507;other;0.2;;;;;dotscs_5_1;;;1;;23;14;2;left;;controlDotsAccuracy;;1;instructions;left;;lettersGrid;;;accuracy;;;;1-7;;27;2;female;;accuracy_first
;;;0.8112686384138215;other;0.2;;;;;dotscs_5_1;;;1;;24;12;2;left;;controlDotsAccuracy;;1;instructions;left;;lettersGrid;;;accuracy;;;;1-7;;27;2;female;;accuracy_first
;;;1.2995679274717986;self;2;;;;;dotscs_5_1;;;1;;25;10;0.2;right;;controlDotsAccuracy;;1;instructions;right;;lettersGrid;;;accuracy;;;;1-7;;27;2;female;;accuracy_first
;;;0.7041490499832435;self;0.2;;;;;dotscs_5_1;;;1;;26;14;2;right;;controlDotsAccuracy;;0;instructions;left;;lettersGrid;;;accuracy;;;;1-7;;27;0.2;female;;accuracy_first
;;;1.088411898997947;self;0.2;;;;;dotscs_5_1;;;1;;27;12;2;left;;controlDotsAccuracy;;1;instructions;left;;lettersGrid;;;accuracy;;;;1-7;;27;2;female;;accuracy_first
;;;0.6791264271341788;self;2;;;;;dotscs_5_1;;;1;;28;10;0.2;right;;controlDotsAccuracy;;1;instructions;right;;lettersGrid;;;accuracy;;;;1-7;;27;2;female;;accuracy_first
;;;1.2947927987679577;self;2;;;;;dotscs_5_1;;;1;;29;14;0.2;right;;controlDotsAccuracy;;1;instructions;right;;lettersGrid;;;accuracy;;;;1-7;;27;2;female;;accuracy_first
;;;1.0219681400922127;self;0.2;;;;;dotscs_5_1;;;1;;30;10;2;left;;controlDotsAccuracy;;1;instructions;left;;lettersGrid;;;accuracy;;;;1-7;;27;2;female;;accuracy_first
;;;1.252513109218853;other;0.2;;;;;dotscs_5_1;;;1;;31;12;2;left;;controlDotsAccuracy;;1;instructions;left;;lettersGrid;;;accuracy;;;;1-7;;27;2;female;;accuracy_first
;;;0.7777648802075419;other;2;;;;;dotscs_5_1;;;1;;32;14;0.2;left;;controlDotsAccuracy;;0;instructions;right;;lettersGrid;;;accuracy;;;;1-7;;27;0.2;female;;accuracy_first
;;;1.1032327405446267;other;0.2;;;;;dotscs_5_1;;;1;;33;14;2;left;;controlDotsAccuracy;;1;instructions;left;;lettersGrid;;;accuracy;;;;1-7;;27;2;female;;accuracy_first
;;;0.7626987882231333;other;2;;;;;dotscs_5_1;;;1;;34;12;0.2;right;;controlDotsAccuracy;;1;instructions;right;;lettersGrid;;;accuracy;;;;1-7;;27;2;female;;accuracy_first
;;;0.6874249517713906;other;0.2;;;;;dotscs_5_1;;;1;;35;12;2;left;;controlDotsAccuracy;;1;instructions;left;;lettersGrid;;;accuracy;;;;1-7;;27;2;female;;accuracy_first
;;;0.7348888746546436;other;2;;;;;dotscs_5_1;;;1;;36;10;0.2;right;;controlDotsAccuracy;;1;instructions;right;;lettersGrid;;;accuracy;;;;1-7;;27;2;female;;accuracy_first
;;;1.0817950916643895;self;2;;;;;dotscs_5_1;;;1;;37;10;0.2;right;;controlDotsAccuracy;;1;instructions;right;;lettersGrid;;;accuracy;;;;1-7;;27;2;female;;accuracy_first
;;;1.8866121925220796;self;2;;;;;dotscs_5_1;;;1;;38;12;0.2;right;;controlDotsAccuracy;;1;instructions;right;;lettersGrid;;;accuracy;;;;1-7;;27;2;female;;accuracy_first
;;;0.6782830912034115;self;0.2;;;;;dotscs_5_1;;;1;;39;10;2;left;;controlDotsAccuracy;;1;instructions;left;;lettersGrid;;;accuracy;;;;1-7;;27;2;female;;accuracy_first
;;;0.9798852171315957;self;0.2;;;;;dotscs_5_1;;;1;;40;14;2;left;;controlDotsAccuracy;;1;instructions;left;;lettersGrid;;;accuracy;;;;1-7;;27;2;female;;accuracy_first
;;;0.7400214390636393;self;2;;;;;dotscs_5_1;;;1;;41;10;0.2;right;;controlDotsAccuracy;;1;instructions;right;;lettersGrid;;;accuracy;;;;1-7;;27;2;female;;accuracy_first
;;;0.8003303979949123;self;0.2;;;;;dotscs_5_1;;;1;;42;10;2;left;;controlDotsAccuracy;;1;instructions;left;;lettersGrid;;;accuracy;;;;1-7;;27;2;female;;accuracy_first
;;;2.1315409407197876;self;2;;;;;dotscs_5_1;;;1;;1;12;0.2;right;;controlDotsCheat;;0;instructions;left;;lettersGrid;;;cheat;;;;1-7;;27;2;female;;accuracy_first
;;;0.6816946557701158;self;2;;;;;dotscs_5_1;;;1;;2;14;0.2;left;;controlDotsCheat;;1;instructions;left;;lettersGrid;;;cheat;;;;1-7;;27;0.2;female;;accuracy_first
;;;0.7156220283723087;self;0.2;;;;;dotscs_5_1;;;1;;3;14;2;right;;controlDotsCheat;;1;instructions;right;;lettersGrid;;;cheat;;;;1-7;;27;0.2;female;;accuracy_first
;;;0.5942920702709671;self;0.2;;;;;dotscs_5_1;;;1;;4;12;2;left;;controlDotsCheat;;0;instructions;right;;lettersGrid;;;cheat;;;;1-7;;27;2;female;;accuracy_first
;;;0.5331192493995331;self;0.2;;;;;dotscs_5_1;;;1;;5;10;2;right;;controlDotsCheat;;1;instructions;right;;lettersGrid;;;cheat;;;;1-7;;27;0.2;female;;accuracy_first
;;;0.6393452485644957;self;2;;;;;dotscs_5_1;;;1;;6;10;0.2;left;;controlDotsCheat;;1;instructions;left;;lettersGrid;;;cheat;;;;1-7;;27;0.2;female;;accuracy_first
;;;1.0259922999157425;other;0.2;;;;;dotscs_5_1;;;1;;7;12;2;left;;controlDotsCheat;;0;instructions;right;;lettersGrid;;;cheat;;;;1-7;;27;2;female;;accuracy_first
;;;0.5976774464797927;other;2;;;;;dotscs_5_1;;;1;;8;10;0.2;left;;controlDotsCheat;;1;instructions;left;;lettersGrid;;;cheat;;;;1-7;;27;0.2;female;;accuracy_first
;;;0.5663374129362637;other;2;;;;;dotscs_5_1;;;1;;9;14;0.2;left;;controlDotsCheat;;1;instructions;left;;lettersGrid;;;cheat;;;;1-7;;27;0.2;female;;accuracy_first
;;;0.9813528269096423;other;2;;;;;dotscs_5_1;;;1;;10;14;0.2;right;;controlDotsCheat;;0;instructions;left;;lettersGrid;;;cheat;;;;1-7;;27;2;female;;accuracy_first
;;;0.7900939348128304;other;0.2;;;;;dotscs_5_1;;;1;;11;12;2;right;;controlDotsCheat;;1;instructions;right;;lettersGrid;;;cheat;;;;1-7;;27;0.2;female;;accuracy_first
;;;0.5410323804899235;other;2;;;;;dotscs_5_1;;;1;;12;10;0.2;left;;controlDotsCheat;;1;instructions;left;;lettersGrid;;;cheat;;;;1-7;;27;0.2;female;;accuracy_first
;;;0.5866896605184593;self;2;;;;;dotscs_5_1;;;1;;13;12;0.2;left;;controlDotsCheat;;1;instructions;left;;lettersGrid;;;cheat;;;;1-7;;27;0.2;female;;accuracy_first
;;;0.7564719750935183;self;2;;;;;dotscs_5_1;;;1;;14;10;0.2;left;;controlDotsCheat;;1;instructions;left;;lettersGrid;;;cheat;;;;1-7;;27;0.2;female;;accuracy_first
;;;0.650159625125525;self;0.2;;;;;dotscs_5_1;;;1;;15;14;2;right;;controlDotsCheat;;1;instructions;right;;lettersGrid;;;cheat;;;;1-7;;27;0.2;female;;accuracy_first
;;;0.5909569473988086;self;2;;;;;dotscs_5_1;;;1;;16;12;0.2;left;;controlDotsCheat;;1;instructions;left;;lettersGrid;;;cheat;;;;1-7;;27;0.2;female;;accuracy_first
;;;0.5640986621638149;self;0.2;;;;;dotscs_5_1;;;1;;17;10;2;right;;controlDotsCheat;;1;instructions;right;;lettersGrid;;;cheat;;;;1-7;;27;0.2;female;;accuracy_first
;;;1.0812465517192322;self;0.2;;;;;dotscs_5_1;;;1;;18;14;2;left;;controlDotsCheat;;0;instructions;right;;lettersGrid;;;cheat;;;;1-7;;27;2;female;;accuracy_first
;;;0.7177064801671804;other;0.2;;;;;dotscs_5_1;;;1;;19;14;2;right;;controlDotsCheat;;1;instructions;right;;lettersGrid;;;cheat;;;;1-7;;27;0.2;female;;accuracy_first
;;;0.5106641473939817;other;2;;;;;dotscs_5_1;;;1;;20;12;0.2;left;;controlDotsCheat;;1;instructions;left;;lettersGrid;;;cheat;;;;1-7;;27;0.2;female;;accuracy_first
;;;0.9831201872257225;other;0.2;;;;;dotscs_5_1;;;1;;21;12;2;right;;controlDotsCheat;;1;instructions;right;;lettersGrid;;;cheat;;;;1-7;;27;0.2;female;;accuracy_first
;;;0.649776354955975;other;2;;;;;dotscs_5_1;;;1;;22;12;0.2;left;;controlDotsCheat;;1;instructions;left;;lettersGrid;;;cheat;;;;1-7;;27;0.2;female;;accuracy_first
;;;0.5509036222392751;other;2;;;;;dotscs_5_1;;;1;;23;14;0.2;left;;controlDotsCheat;;1;instructions;left;;lettersGrid;;;cheat;;;;1-7;;27;0.2;female;;accuracy_first
;;;0.9485154562626121;other;2;;;;;dotscs_5_1;;;1;;24;14;0.2;left;;controlDotsCheat;;1;instructions;left;;lettersGrid;;;cheat;;;;1-7;;27;0.2;female;;accuracy_first
;;;0.5173906627169345;self;2;;;;;dotscs_5_1;;;1;;25;10;0.2;left;;controlDotsCheat;;1;instructions;left;;lettersGrid;;;cheat;;;;1-7;;27;0.2;female;;accuracy_first
;;;0.6437760357403022;self;0.2;;;;;dotscs_5_1;;;1;;26;14;2;right;;controlDotsCheat;;1;instructions;right;;lettersGrid;;;cheat;;;;1-7;;27;0.2;female;;accuracy_first
;;;0.6923752593629615;self;0.2;;;;;dotscs_5_1;;;1;;27;14;2;left;;controlDotsCheat;;0;instructions;right;;lettersGrid;;;cheat;;;;1-7;;27;2;female;;accuracy_first
;;;1.2161544660175423;self;0.2;;;;;dotscs_5_1;;;1;;28;12;2;right;;controlDotsCheat;;1;instructions;right;;lettersGrid;;;cheat;;;;1-7;;27;0.2;female;;accuracy_first
;;;1.3198982334542961;self;2;;;;;dotscs_5_1;;;1;;29;14;0.2;left;;controlDotsCheat;;1;instructions;left;;lettersGrid;;;cheat;;;;1-7;;27;0.2;female;;accuracy_first
;;;0.5665062216812657;self;0.2;;;;;dotscs_5_1;;;1;;30;10;2;right;;controlDotsCheat;;1;instructions;right;;lettersGrid;;;cheat;;;;1-7;;27;0.2;female;;accuracy_first
;;;1.266744712693253;other;0.2;;;;;dotscs_5_1;;;1;;31;10;2;right;;controlDotsCheat;;1;instructions;right;;lettersGrid;;;cheat;;;;1-7;;27;0.2;female;;accuracy_first
;;;0.8148960799917404;other;2;;;;;dotscs_5_1;;;1;;32;10;0.2;left;;controlDotsCheat;;1;instructions;left;;lettersGrid;;;cheat;;;;1-7;;27;0.2;female;;accuracy_first
;;;0.5213769555884937;other;2;;;;;dotscs_5_1;;;1;;33;12;0.2;left;;controlDotsCheat;;1;instructions;left;;lettersGrid;;;cheat;;;;1-7;;27;0.2;female;;accuracy_first
;;;0.7937988797748403;other;0.2;;;;;dotscs_5_1;;;1;;34;12;2;right;;controlDotsCheat;;1;instructions;right;;lettersGrid;;;cheat;;;;1-7;;27;0.2;female;;accuracy_first
;;;0.6981073248480243;other;0.2;;;;;dotscs_5_1;;;1;;35;14;2;right;;controlDotsCheat;;1;instructions;right;;lettersGrid;;;cheat;;;;1-7;;27;0.2;female;;accuracy_first
;;;1.04622493039642;other;0.2;;;;;dotscs_5_1;;;1;;36;14;2;left;;controlDotsCheat;;0;instructions;right;;lettersGrid;;;cheat;;;;1-7;;27;2;female;;accuracy_first
;;;0.6088471353650675;self;2;;;;;dotscs_5_1;;;1;;37;10;0.2;left;;controlDotsCheat;;1;instructions;left;;lettersGrid;;;cheat;;;;1-7;;27;0.2;female;;accuracy_first
;;;0.5929161197491339;self;2;;;;;dotscs_5_1;;;1;;38;10;0.2;left;;controlDotsCheat;;1;instructions;left;;lettersGrid;;;cheat;;;;1-7;;27;0.2;female;;accuracy_first
;;;0.8087736664019758;self;0.2;;;;;dotscs_5_1;;;1;;39;10;2;right;;controlDotsCheat;;1;instructions;right;;lettersGrid;;;cheat;;;;1-7;;27;0.2;female;;accuracy_first
;;;0.7987060119612579;self;0.2;;;;;dotscs_5_1;;;1;;40;10;2;right;;controlDotsCheat;;1;instructions;right;;lettersGrid;;;cheat;;;;1-7;;27;0.2;female;;accuracy_first
;;;0.5004244991378073;self;2;;;;;dotscs_5_1;;;1;;41;12;0.2;left;;controlDotsCheat;;1;instructions;left;;lettersGrid;;;cheat;;;;1-7;;27;0.2;female;;accuracy_first
;;;0.663676003287037;self;0.2;;;;;dotscs_5_1;;;1;;42;12;2;right;;controlDotsCheat;;1;instructions;right;;lettersGrid;;;cheat;;;;1-7;;27;0.2;female;;accuracy_first
;;9.504;;qStress;self;5;;;[];;dotscs_5_1;[];;2;;1;12;;;cheat;['H', 'T'];;instructions;left;[1, 0];lettersGrid;[];['3x3-6=3 ?', '2x2-1=2 ?'];0.5;[];;1;1-7;;27;;female;;accuracy_first
;;12.371;;qSatisfied;self;5;;;[];;dotscs_5_1;[];;2;;1;14;;;accuracy;['Q', 'F'];;instructions;right;[0, 1];lettersGrid;[];['8/2+1=6 ?', '3x2-5=1 ?'];0.5;[];;3;1-7;;27;;female;;accuracy_first
;;5.531;;qFrustration;self;0.5;;;[];;dotscs_5_1;[];;2;;1;14;;;cheat;['J', 'H'];;instructions;right;[1, 0];lettersGrid;[];['3+2x2=7 ?', '6/3+3=3 ?'];5;[];;3;1-7;;27;;female;;accuracy_first
;;3.563;;qDifficulty;self;0.5;;;[];;dotscs_5_1;[];;2;;1;12;;;accuracy;['A', 'Y'];;instructions;left;[1, 0];lettersGrid;[];['1+6/3=3 ?', '2x2-1=5 ?'];5;[];;2;1-7;;27;;female;;accuracy_first
;;4.394;;qEffort;self;5;;;[];;dotscs_5_1;[];;2;;1;10;;;cheat;['Y', 'V'];;instructions;left;[1, 0];lettersGrid;[];['4x2-8=0 ?', '8/2+1=4 ?'];0.5;[];;1;1-7;;27;;female;;accuracy_first
;;6.221;;qAttitude;self;5;;;[];;dotscs_5_1;[];;2;;1;14;;;cheat;['D', 'F'];;instructions;left;[0, 1];lettersGrid;[];['4/2+7=7 ?', '9/3+4=7 ?'];0.5;[];;4;1-7;;27;;female;;accuracy_first
;;19.098204929568965;;qBirthweight;self;0.5;;;[];;dotscs_5_1;[];;1;;1;12;;;cheat;[];;instructions;right;[];lettersGrid;[];[];5;[];;3500;1-7;;27;;female;;accuracy_first
;;14.174844099639813;;qFriends;self;0.5;;;[];;dotscs_5_1;[];;1;;1;10;;;accuracy;[];;instructions;left;[];lettersGrid;[];[];5;[];;200;1-7;;27;;female;;accuracy_first
;;177.57338562039695;;qAbout;self;5;;;[];;dotscs_5_1;[];;1;;1;12;;;cheat;[];;instructions;left;[];lettersGrid;[];[];0.5;[];;how various motivations affect our way of determining the right choice, how motivation works into tricking our brains into convincing ourselves that we are making the absolute right choice;1-7;;27;;female;;accuracy_first
;;12.136576537424844;;qFeedback;self;5;;;[];;dotscs_5_1;[];;1;;1;12;;;cheat;[];;instructions;left;[];lettersGrid;[];[];0.5;[];;"
no";1-7;;27;;female;;accuracy_first
