equationScore;equationProportion;recallRT;dotsRT;dotsReceiver;dotsMoneyRight;recallIntersection;recallLocation;equationScores;utc_start;id;recallRTs;equationRateCumulative;span;recallProportion;no;dotsN;dotsMoneyLeft;dotsAns;pauseRT;condition;encode;dotsCorrect;start_at;dotsSide;equationCorrect;stimType;equationAnss;equationText;dotsIncentive;equationRTs;recallLocationRateCumulative;recallAns;level;recallSum;age;moneyEarned;gender;moneyEarnedCumulative;order
;;;6.625873841276189;self;5;;;;;dotscs_9_2;;;1;;1;10;0.5;right;;practiceDots;;1;instructions;right;;faces;;;accuracy;;;;1-7;;26;5;male;;cheat_first
;;;0.9089647957953275;self;0.5;;;;;dotscs_9_2;;;1;;2;10;5;left;;practiceDots;;1;instructions;left;;faces;;;accuracy;;;;1-7;;26;5;male;;cheat_first
;;;0.6920752142250421;self;0.5;;;;;dotscs_9_2;;;1;;3;10;5;right;;practiceDots;;1;instructions;right;;faces;;;cheat;;;;1-7;;26;0.5;male;;cheat_first
;;;0.8999055823223898;self;0.5;;;;;dotscs_9_2;;;1;;4;12;5;left;;practiceDots;;1;instructions;left;;faces;;;accuracy;;;;1-7;;26;5;male;;cheat_first
;;;0.7667384354281239;self;0.5;;;;;dotscs_9_2;;;1;;5;10;5;right;;practiceDots;;1;instructions;right;;faces;;;cheat;;;;1-7;;26;0.5;male;;cheat_first
;;;0.6435863571387017;self;0.5;;;;;dotscs_9_2;;;1;;6;14;5;left;;practiceDots;;1;instructions;left;;faces;;;accuracy;;;;1-7;;26;5;male;;cheat_first
2;1.0;9.486929450740718;;self;5;2;2;1, 1;1461852418.084;dotscs_9_2;;1.0;2;1.0;1;14;0.5;;2.8804480380713358;practiceCS;faces\\John.bmp, faces\\Noah.bmp;;instructions;right;0, 1;faces;0, 1;4/2+6=9 ?, 2x2-4=0 ?;accuracy;3.689407950194436, 2.2847952856282063;1.0;faces\\John.bmp, faces\\Noah.bmp;1-7;4;26;;male;;cheat_first
1;0.3333333333333333;14.340131901637506;;self;5;3;1;1, 0, 0;1461852440.783;dotscs_9_2;;0.6;3;0.3333333333333333;2;12;0.5;;7.181311669643037;practiceCS;faces\\Chris.bmp, faces\\Tony.bmp, faces\\Polly.bmp;;instructions;right;0, 0, 0;faces;0, 1, 1;5+6/2=7 ?, 4/2+2=3 ?, 4x2-2=7 ?;accuracy;5.461378285774117, 3.153518969527795, 3.80213869490035;0.6;faces\\Polly.bmp, faces\\Tony.bmp, faces\\Chris.bmp;1-7;4;26;;male;;cheat_first
2;1.0;10.538983389142231;;self;0.5;2;2;1, 1;1461852481.187;dotscs_9_2;;0.7142857142857143;2;1.0;3;12;5;;3.5133334890451806;practiceCS;faces\\Ethan.bmp, faces\\Andrea.bmp;;instructions;right;1, 0;faces;1, 0;2+9/3=5 ?, 4x2-5=1 ?;cheat;2.7020881594980892, 2.256878370353661;0.7142857142857143;faces\\Ethan.bmp, faces\\Andrea.bmp;1-7;4;26;;male;;cheat_first
4;0.8;14.498063163588085;;self;0.5;5;0;1, 1, 1, 0, 1;1461852504.571;dotscs_9_2;;0.75;5;0.0;4;12;5;;5.85255341782613;practiceCS;faces\\Andre.bmp, faces\\Eric.bmp, faces\\Mona.bmp, faces\\Hanna.bmp, faces\\Britt.bmp;;instructions;left;0, 1, 1, 1, 0;faces;0, 1, 1, 0, 0;7+4/2=7 ?, 2x2-3=1 ?, 4+6/2=7 ?, 9/3-1=2 ?, 4/2+2=6 ?;accuracy;3.2779574356027297, 2.5053416058508446, 2.412016029771621, 3.2179547885134525, 3.4959437202669505;0.4166666666666667;faces\\Britt.bmp, faces\\Hanna.bmp, faces\\Andre.bmp, faces\\Mona.bmp, faces\\Eric.bmp;1-7;5;26;;male;;cheat_first
7;1.0;25.097105822118465;;self;0.5;7;1;1, 1, 1, 1, 1, 1, 1;1461852550.264;dotscs_9_2;;0.8421052631578947;7;0.14285714285714285;5;12;5;;5.844019022260909;practiceCS;faces\\Ella.bmp, faces\\Adam.bmp, faces\\Mark.bmp, faces\\Vicky.bmp, faces\\Damon.bmp, faces\\Matt.bmp, faces\\Mike.bmp;;instructions;left;1, 0, 1, 1, 1, 0, 0;faces;1, 0, 1, 1, 1, 0, 0;4/2+2=4 ?, 3x2+1=9 ?, 2x2-1=3 ?, 3+6/2=6 ?, 5+6/2=8 ?, 2x3-1=6 ?, 2x2+3=8 ?;accuracy;2.2180836042352894, 2.4799935733681195, 2.5473089899933257, 2.748069356650376, 2.1806927171674033, 3.244628490498144, 2.450048872116895;0.3157894736842105;faces\\Matt.bmp, faces\\Mark.bmp, faces\\Ella.bmp, faces\\Adam.bmp, faces\\Vicky.bmp, faces\\Damon.bmp, faces\\Mike.bmp;1-7;8;26;;male;;cheat_first
4;1.0;22.76588379264649;;self;0.5;2;0;1, 1, 1, 1;1461852613.679;dotscs_9_2;;0.8695652173913043;4;0.0;6;10;5;;3.069837232131249;practiceCS;faces\\Ricky.bmp, faces\\Kate.bmp, faces\\Nathan.bmp, faces\\Micha.bmp;;instructions;left;0, 1, 1, 0;faces;0, 1, 1, 0;3+2x3=8 ?, 2+3x2=8 ?, 8/2+5=9 ?, 4/2+7=8 ?;accuracy;2.7135276327426254, 1.611807093497191, 3.137430805785698, 4.906737062337925;0.2608695652173913;faces\\Micha.bmp, faces\\Ricky.bmp, faces\\Keith.bmp, faces\\Paul.bmp;1-7;2;26;;male;;cheat_first
2;1.0;15.72969648326034;1.3396481348972884;self;5;1;1;1, 1;1461852690.556;dotscs_9_2;;0.88;2;0.5;1;10;0.5;right;2.9628196770972863;practiceExp;faces\\Milla.bmp, faces\\Jacob.bmp;1;instructions;right;1, 1;faces;1, 1;4x2-2=6 ?, 1+6/2=4 ?;accuracy;2.721370528517582, 2.683297342788137;0.28;faces\\Milla.bmp, faces\\Niclas.bmp;1-7;2;26;5;male;;cheat_first
5;0.8333333333333334;22.3044127878602;1.7569487943328568;self;0.5;6;0;1, 1, 1, 1, 0, 1;1461852732.427;dotscs_9_2;;0.8709677419354839;6;0.0;2;14;5;left;3.4754751141481393;practiceExp;faces\\Sarah.bmp, faces\\Eric.bmp, faces\\Gary.bmp, faces\\Jenny.bmp, faces\\Andre.bmp, faces\\Karen.bmp;0;instructions;right;1, 0, 0, 0, 1, 0;faces;1, 0, 0, 0, 0, 0;4x2-4=4 ?, 2x3-1=4 ?, 2+6/3=3 ?, 4/2+5=9 ?, 3x3-1=8 ?, 1+9/3=2 ?;cheat;2.6519975992123364, 2.1927323867494124, 2.6879973472423444, 2.4994058197808044, 1.8860444442580047, 4.081248394228169;0.22580645161290322;faces\\Karen.bmp, faces\\Andre.bmp, faces\\Sarah.bmp, faces\\Gary.bmp, faces\\Jenny.bmp, faces\\Eric.bmp;1-7;6;26;5;male;;cheat_first
2;0.5;28.537998161191354;1.7652152956652571;self;5;3;2;0, 0, 1, 1;1461852797.12;dotscs_9_2;;0.8285714285714286;4;0.5;3;14;0.5;left;2.252139084175724;practiceExp;faces\\Matt.bmp, faces\\Kurt.bmp, faces\\Jane.bmp, faces\\Sonya.bmp;1;instructions;left;1, 1, 0, 0;faces;0, 0, 0, 0;3x3-7=2 ?, 6/3+5=7 ?, 2x2+3=5 ?, 3x3-2=5 ?;cheat;2.252951260234113, 4.033449621372711, 2.1028834196476964, 1.8014939085005608;0.2571428571428571;faces\\Matt.bmp, faces\\Sonya.bmp, faces\\Jane.bmp, faces\\Polly.bmp;1-7;5;26;0.5;male;;cheat_first
3;0.75;28.86114195846676;1.2500847564988362;self;0.5;3;1;1, 1, 0, 1;1461852863.109;dotscs_9_2;;0.8205128205128205;4;0.25;1;14;5;right;4.199140615102806;experiment;faces\\Keith.bmp, faces\\Angie.bmp, faces\\Justin.bmp, faces\\George.bmp;0;instructions;left;0, 1, 1, 1;faces;0, 1, 0, 1;3x3-2=8 ?, 2x3-6=0 ?, 4/2-2=0 ?, 8/2-4=0 ?;accuracy;2.554657502347254, 2.38740054824666, 1.842701846097043, 2.0001089979195967;0.2564102564102564;faces\\Angie.bmp, faces\\Keith.bmp, faces\\Justin.bmp, faces\\Kevin.bmp;1-7;4;26;0.10519395134779749;male;0.10519395134779749;cheat_first
6;1.0;27.494797472663777;4.929923538667936;self;0.5;6;0;1, 1, 1, 1, 1, 1;1461852922.701;dotscs_9_2;;0.8444444444444444;6;0.0;2;12;5;right;2.935360340754414;experiment;faces\\Emily.bmp, faces\\Kelly.bmp, faces\\Ethan.bmp, faces\\Britt.bmp, faces\\Shane.bmp, faces\\Erin.bmp;1;instructions;right;0, 0, 1, 0, 0, 0;faces;0, 0, 1, 0, 0, 0;4/2-1=2 ?, 9/3+6=7 ?, 4+4/2=6 ?, 2x3-1=6 ?, 3x3-3=7 ?, 2x4+1=7 ?;cheat;3.089429254330753, 3.3169018969201716, 2.4627941970647953, 2.650781989297684, 2.3755279144388624, 2.071586507190659;0.2222222222222222;faces\\Britt.bmp, faces\\Erin.bmp, faces\\Kelly.bmp, faces\\Shane.bmp, faces\\Ethan.bmp, faces\\Emily.bmp;1-7;6;26;0.09382716049382715;male;0.19902111184162463;cheat_first
3;1.0;18.35466330613417;3.4343121204983618;self;5;3;1;1, 1, 1;1461852987.644;dotscs_9_2;;0.8541666666666666;3;0.3333333333333333;3;12;0.5;left;4.144696508032212;experiment;faces\\Lisa.bmp, faces\\Paul.bmp, faces\\Chris.bmp;1;instructions;left;1, 0, 1;faces;1, 0, 1;8/2+4=8 ?, 3x3-7=1 ?, 3x2+3=9 ?;cheat;2.3982472568277444, 5.284748218342429, 2.2801607506989967;0.22916666666666666;faces\\Lisa.bmp, faces\\Chris.bmp, faces\\Paul.bmp;1-7;4;26;0.09787326388888888;male;0.2968943757305135;cheat_first
6;1.0;47.539704615635856;1.8043278544173518;self;5;6;2;1, 1, 1, 1, 1, 1;1461853031.215;dotscs_9_2;;0.8703703703703703;6;0.3333333333333333;4;10;0.5;left;3.814048487089167;experiment;faces\\Lucia.bmp, faces\\Thomas.bmp, faces\\Joseph.bmp, faces\\Haley.bmp, faces\\Bobby.bmp, faces\\Jenny.bmp;1;instructions;left;1, 0, 1, 1, 1, 1;faces;1, 0, 1, 1, 1, 1;3+6/2=6 ?, 3x3-7=0 ?, 3x3-7=2 ?, 8/4+5=7 ?, 3x3-9=0 ?, 2+6/3=4 ?;cheat;2.5714053158408205, 3.331309440141922, 2.996719445724011, 3.243298928209697, 1.720768562732701, 5.546513800625689;0.24074074074074073;faces\\Lucia.bmp, faces\\Joseph.bmp, faces\\Jenny.bmp, faces\\Haley.bmp, faces\\Thomas.bmp, faces\\Bobby.bmp;1-7;8;26;0.1047668038408779;male;0.4016611795713914;cheat_first
1;1.0;5.683827822922467;1.980977739654918;self;0.5;1;1;1;1461853117.39;dotscs_9_2;;0.8727272727272727;1;1.0;5;14;5;left;2.223379912247765;experiment;faces\\Robert.bmp;1;instructions;left;0;faces;0;4/2+3=3 ?;accuracy;2.574748862421984;0.2545454545454545;faces\\Robert.bmp;1-7;2;26;1.1107438016528923;male;1.5124049812242837;cheat_first
2;1.0;4.13407522696798;1.5709452596893243;self;0.5;1;0;1, 1;1461853133.567;dotscs_9_2;;0.8771929824561403;2;0.0;6;10;5;left;3.5341697862022556;experiment;faces\\Mike.bmp, faces\\Ethan.bmp;1;instructions;left;1, 0;faces;1, 0;2x2+3=7 ?, 2x2-3=3 ?;accuracy;2.597496162070456, 2.3961532935427385;0.24561403508771928;faces\\Robert.bmp, faces\\Mike.bmp;1-7;1;26;1.077254539858418;male;2.5896595210827016;cheat_first
4;0.8;20.480565458557976;1.2252314613288036;other;5;4;1;1, 0, 1, 1, 1;1461853153.317;dotscs_9_2;;0.8709677419354839;5;0.2;7;10;0.5;left;4.273081902028935;experiment;faces\\Oliver.bmp, faces\\Mary.bmp, faces\\Eddie.bmp, faces\\Daniel.bmp, faces\\Billy.bmp;1;instructions;left;1, 1, 0, 0, 0;faces;1, 0, 0, 0, 0;6/2+5=8 ?, 4x2-4=4 ?, 2x2+2=8 ?, 4+6/2=6 ?, 2x4-3=3 ?;cheat;2.1855643579619937, 2.248898873287544, 5.1572673655282415, 2.125995579215669, 2.951968014065642;0.24193548387096775;faces\\Daniel.bmp, faces\\Mary.bmp, faces\\Oliver.bmp, faces\\Angie.bmp, faces\\Eddie.bmp;1-7;5;26;0.10535900104058273;male;2.5896595210827016;cheat_first
5;1.0;23.971598256313882;1.050307494457229;other;5;5;2;1, 1, 1, 1, 1;1461853206.124;dotscs_9_2;;0.8805970149253731;5;0.4;8;10;0.5;right;5.635281281869538;experiment;faces\\Robert.bmp, faces\\Simon.bmp, faces\\Anders.bmp, faces\\Jake.bmp, faces\\Lulu.bmp;1;instructions;right;0, 0, 1, 0, 0;faces;0, 0, 1, 0, 0;3x2-4=0 ?, 3x3-2=8 ?, 2+2x3=8 ?, 2x2-1=5 ?, 4/2-2=2 ?;accuracy;2.1353364886126656, 4.328634036653966, 5.618489586096985, 3.7847255694250634, 3.248067587206606;0.2537313432835821;faces\\Robert.bmp, faces\\Simon.bmp, faces\\Jake.bmp, faces\\Lulu.bmp, faces\\Anders.bmp;1-7;7;26;1.1171753174426375;male;2.5896595210827016;cheat_first
4;1.0;33.511208383493795;1.0418774962490716;other;5;3;2;1, 1, 1, 1;1461853267.884;dotscs_9_2;;0.8873239436619719;4;0.5;9;10;0.5;right;3.889202906706487;experiment;faces\\Rachel.bmp, faces\\Nicole.bmp, faces\\Andrea.bmp, faces\\Olivia.bmp;1;instructions;right;0, 1, 1, 1;faces;0, 1, 1, 1;6/3+1=4 ?, 2x3-3=3 ?, 9/3+6=9 ?, 4x2-4=4 ?;accuracy;2.862819747875619, 3.8747019366965105, 3.6787611890940752, 1.8106875999292242;0.2676056338028169;faces\\Rachel.bmp, faces\\Nicole.bmp, faces\\Olivia.bmp, faces\\Megan.bmp;1-7;5;26;1.1872644316603846;male;2.5896595210827016;cheat_first
2;1.0;41.82304930881946;1.766130807412992;other;0.5;1;1;1, 1;1461853328.194;dotscs_9_2;;0.8904109589041096;2;0.5;10;14;5;left;2.8992912304092897;experiment;faces\\James.bmp, faces\\Damon.bmp;1;instructions;left;0, 0;faces;0, 0;2x4-3=4 ?, 3x2+3=7 ?;accuracy;3.8540004713795497, 5.282523316000152;0.273972602739726;faces\\James.bmp, faces\\Eric.bmp;1-7;2;26;1.2197410395946706;male;2.5896595210827016;cheat_first
4;1.0;38.54284644528889;2.148407745648001;other;5;2;0;1, 1, 1, 1;1461853389.908;dotscs_9_2;;0.8961038961038961;4;0.0;11;14;0.5;left;4.6246854808414355;experiment;faces\\Billy.bmp, faces\\Molly.bmp, faces\\Oliver.bmp, faces\\Lucia.bmp;1;instructions;left;0, 1, 1, 1;faces;0, 1, 1, 1;3x3-6=2 ?, 2x3-5=1 ?, 2x2-3=1 ?, 7+4/2=9 ?;cheat;2.27612322710047, 2.7361885833852284, 3.4495771376132325, 3.997919838398957;0.2597402597402597;faces\\Rachel.bmp, faces\\Oliver.bmp, faces\\Lucia.bmp, faces\\Gary.bmp;1-7;2;26;0.11637712936414234;male;2.5896595210827016;cheat_first
1;1.0;6.552516117888445;1.158945508828765;other;0.5;1;1;1;1461853457.738;dotscs_9_2;;0.8974358974358975;1;1.0;12;10;5;left;2.472133337014384;experiment;faces\\Jonah.bmp;1;instructions;left;1;faces;1;3x3-6=3 ?;accuracy;4.665428053940559;0.2692307692307692;faces\\Jonah.bmp;1-7;2;26;1.2080867850098618;male;2.5896595210827016;cheat_first
7;1.0;22.2887078862841;2.595361855397641;self;0.5;7;2;1, 1, 1, 1, 1, 1, 1;1461853476.598;dotscs_9_2;;0.9058823529411765;7;0.2857142857142857;13;14;5;right;5.04425457101388;experiment;faces\\Brian.bmp, faces\\Rachel.bmp, faces\\Matt.bmp, faces\\Fiona.bmp, faces\\Bobby.bmp, faces\\Steve.bmp, faces\\Jacob.bmp;1;instructions;right;1, 1, 0, 0, 0, 0, 0;faces;1, 1, 0, 0, 0, 0, 0;8/4+6=8 ?, 2x2-3=1 ?, 4/2-2=1 ?, 3x3-1=7 ?, 9/3-2=3 ?, 3x2-5=3 ?, 4x2-3=7 ?;cheat;2.4166682591676363, 5.6145207170375215, 3.013392942455539, 3.6672360746306367, 4.295253069813043, 5.4258371783434995, 3.240023328384268;0.27058823529411763;faces\\Brian.bmp, faces\\Rachel.bmp, faces\\Fiona.bmp, faces\\Bobby.bmp, faces\\Steve.bmp, faces\\Jacob.bmp, faces\\Matt.bmp;1-7;9;26;0.12256055363321798;male;2.7122200747159195;cheat_first
5;1.0;22.21699220947994;3.257879523323936;self;5;5;2;1, 1, 1, 1, 1;1461853550.043;dotscs_9_2;;0.9111111111111111;5;0.4;14;14;0.5;left;6.708474446713808;experiment;faces\\Sarah.bmp, faces\\Scott.bmp, faces\\Joshua.bmp, faces\\Timmy.bmp, faces\\David.bmp;1;instructions;left;0, 1, 0, 1, 0;faces;0, 1, 0, 1, 0;5+8/4=9 ?, 1+9/3=4 ?, 3+9/3=8 ?, 1+8/2=5 ?, 3x3-1=9 ?;cheat;1.927541509452567, 2.9214323175983736, 2.52348303560575, 3.261479639684694, 3.153486057821283;0.2777777777777778;faces\\Sarah.bmp, faces\\Joshua.bmp, faces\\Timmy.bmp, faces\\Scott.bmp, faces\\David.bmp;1-7;7;26;0.12654320987654322;male;2.8387632845924626;cheat_first
3;1.0;9.079109840884485;1.5247701311709534;self;5;3;3;1, 1, 1;1461853607.873;dotscs_9_2;;0.9139784946236559;3;1.0;15;12;0.5;right;5.983354814419727;experiment;faces\\Kate.bmp, faces\\Tanya.bmp, faces\\Mary.bmp;1;instructions;right;1, 0, 1;faces;1, 0, 1;6/3-2=0 ?, 9/3+5=7 ?, 4/2+6=8 ?;accuracy;2.3734587234102946, 2.205560875692754, 4.595894812762708;0.3010752688172043;faces\\Kate.bmp, faces\\Tanya.bmp, faces\\Mary.bmp;1-7;6;26;1.3758816048098046;male;4.214644889402267;cheat_first
6;0.8571428571428571;38.0048277585156;1.9548171772221394;self;5;6;1;1, 1, 1, 1, 0, 1, 1;1461853641.288;dotscs_9_2;;0.91;7;0.14285714285714285;16;12;0.5;left;5.05196369661644;experiment;faces\\Susan.bmp, faces\\Nathan.bmp, faces\\Linda.bmp, faces\\Kelly.bmp, faces\\Gary.bmp, faces\\Cindy.bmp, faces\\Maria.bmp;1;instructions;left;0, 1, 1, 1, 1, 0, 1;faces;0, 1, 1, 1, 0, 0, 1;3+8/4=6 ?, 5+9/3=8 ?, 1+2x4=9 ?, 4/2+4=6 ?, 3x3-8=1 ?, 2x2-3=3 ?, 2x2+2=6 ?;cheat;5.375928163291974, 3.7200572451401968, 3.154051926892862, 2.6907272496937367, 2.9980698874824157, 4.988628827402863, 4.995850293482363;0.29;faces\\Susan.bmp, faces\\Kelly.bmp, faces\\Cindy.bmp, faces\\Gary.bmp, faces\\Maria.bmp, faces\\Nathan.bmp, faces\\Paul.bmp;1-7;7;26;0.13194999999999998;male;4.346594889402267;cheat_first
3;1.0;11.872282749096485;1.8886770271310525;self;0.5;3;3;1, 1, 1;1461853729.881;dotscs_9_2;;0.912621359223301;3;1.0;17;14;5;right;4.91432728111613;experiment;faces\\David.bmp, faces\\Jake.bmp, faces\\Lena.bmp;1;instructions;right;0, 1, 1;faces;0, 1, 1;2x2+4=9 ?, 3x3-2=7 ?, 3x3-7=2 ?;cheat;5.493309367946495, 4.312803858243569, 6.395305020771048;0.3106796116504854;faces\\David.bmp, faces\\Jake.bmp, faces\\Lena.bmp;1-7;6;26;0.14176642473371664;male;4.488361314135983;cheat_first
2;1.0;18.385178830903897;1.665725320995989;self;0.5;2;0;1, 1;1461853772.563;dotscs_9_2;;0.9142857142857143;2;0.0;18;14;5;right;1.664967290009372;experiment;faces\\Jane.bmp, faces\\Jenny.bmp;1;instructions;right;1, 1;faces;1, 1;9/3-2=1 ?, 3+2x3=9 ?;cheat;4.7346916314345435, 2.712237352170632;0.3047619047619048;faces\\Jenny.bmp, faces\\Jane.bmp;1-7;2;26;0.13931972789115646;male;4.62768104202714;cheat_first
1;1.0;4.109397814805561;1.828196275528171;other;5;1;1;1;1461853807.18;dotscs_9_2;;0.9150943396226415;1;1.0;19;12;0.5;left;2.4601223324680177;experiment;faces\\Jacob.bmp;1;instructions;left;1;faces;1;2x2+4=8 ?;cheat;2.397340238421748;0.3113207547169811;faces\\Jacob.bmp;1-7;2;26;0.1424439302242791;male;4.62768104202714;cheat_first
6;1.0;29.135266064629832;1.8401619822325301;other;5;6;1;1, 1, 1, 1, 1, 1;1461853821.438;dotscs_9_2;;0.9196428571428571;6;0.16666666666666666;20;14;0.5;right;2.968730337022862;experiment;faces\\Thomas.bmp, faces\\Greg.bmp, faces\\Britt.bmp, faces\\Lana.bmp, faces\\Kenny.bmp, faces\\Nicole.bmp;0;instructions;left;1, 1, 1, 1, 1, 1;faces;1, 1, 1, 1, 1, 1;4/2-2=0 ?, 2x3-1=5 ?, 4+8/4=6 ?, 8/2-2=2 ?, 8/2+3=7 ?, 6/2+2=5 ?;cheat;1.8880141923764313, 2.4516689775628038, 2.6400088897025853, 3.605340119516768, 2.5880589947701083, 2.6513613061615615;0.30357142857142855;faces\\Thomas.bmp, faces\\Britt.bmp, faces\\Kenny.bmp, faces\\Nicole.bmp, faces\\Lana.bmp, faces\\Greg.bmp;1-7;7;26;1.3958864795918366;male;4.62768104202714;cheat_first
1;1.0;5.512599522531673;1.5307381211714528;other;5;1;1;1;1461853884.884;dotscs_9_2;;0.9203539823008849;1;1.0;21;10;0.5;left;2.1773070577582985;experiment;faces\\Milla.bmp;1;instructions;left;0;faces;0;6/2+4=9 ?;cheat;2.3974088929535355;0.30973451327433627;faces\\Milla.bmp;1-7;2;26;0.14253269637403085;male;4.62768104202714;cheat_first
7;1.0;24.971486781170825;1.100105034358421;other;5;7;0;1, 1, 1, 1, 1, 1, 1;1461853900.078;dotscs_9_2;;0.925;7;0.0;22;10;0.5;left;3.2027322381145495;experiment;faces\\Nina.bmp, faces\\Tina.bmp, faces\\Haley.bmp, faces\\Simon.bmp, faces\\Karen.bmp, faces\\Adam.bmp, faces\\Lucas.bmp;1;instructions;left;1, 0, 0, 0, 1, 1, 0;faces;1, 0, 0, 0, 1, 1, 0;1+8/4=3 ?, 9/3-1=1 ?, 9/3-2=0 ?, 9/3-1=1 ?, 6/3+5=7 ?, 4/2+5=7 ?, 3x2+1=6 ?;cheat;5.423896449145104, 1.6060008309323166, 4.22054278133146, 3.3307449866297247, 6.020620424653316, 2.1148501880197728, 6.716547370568151;0.2916666666666667;faces\\Tina.bmp, faces\\Simon.bmp, faces\\Karen.bmp, faces\\Haley.bmp, faces\\Lucas.bmp, faces\\Nina.bmp, faces\\Adam.bmp;1-7;7;26;0.13489583333333335;male;4.62768104202714;cheat_first
6;0.8571428571428571;35.82629235082641;1.642032075113093;other;5;6;1;1, 1, 1, 1, 0, 1, 1;1461853974.46;dotscs_9_2;;0.9212598425196851;7;0.14285714285714285;23;10;0.5;left;2.4304080131878436;experiment;faces\\Oliver.bmp, faces\\Lucia.bmp, faces\\Liam.bmp, faces\\Niclas.bmp, faces\\Sonya.bmp, faces\\Hanna.bmp, faces\\Polly.bmp;1;instructions;left;0, 1, 0, 1, 1, 1, 1;faces;0, 1, 0, 1, 0, 1, 1;2+2x3=9 ?, 9/3+1=4 ?, 2+2x2=7 ?, 1+8/4=3 ?, 3x3-9=0 ?, 4x2-6=2 ?, 4x2-2=6 ?;cheat;5.545318362397666, 5.186721576137643, 2.7302315639572043, 4.036163952689094, 2.5375250111283094, 2.2108915109711234, 2.1135599074514175;0.28346456692913385;faces\\Oliver.bmp, faces\\Liam.bmp, faces\\Lucia.bmp, faces\\Polly.bmp, faces\\Hanna.bmp, faces\\Emily.bmp, faces\\Sonya.bmp;1-7;7;26;0.13057226114452228;male;4.62768104202714;cheat_first
7;1.0;37.592946560587734;4.058907359554723;other;0.5;6;0;1, 1, 1, 1, 1, 1, 1;1461854054.566;dotscs_9_2;;0.9253731343283582;7;0.0;24;14;5;left;4.215936557549867;experiment;faces\\Lisa.bmp, faces\\Erin.bmp, faces\\Megan.bmp, faces\\Milla.bmp, faces\\Bruce.bmp, faces\\Mary.bmp, faces\\Damon.bmp;1;instructions;left;1, 0, 1, 0, 1, 1, 0;faces;1, 0, 1, 0, 1, 1, 0;2x3+1=7 ?, 5+6/2=7 ?, 6/3-2=0 ?, 9/3-2=3 ?, 2x4-1=7 ?, 2x2+2=6 ?, 6/3+6=7 ?;accuracy;1.3368003872965346, 3.922014819469041, 4.531955500537151, 2.29354095313829, 2.4328799303002597, 4.022035274276277, 2.1961290167346306;0.26865671641791045;faces\\Megan.bmp, faces\\Milla.bmp, faces\\Erin.bmp, faces\\Damon.bmp, faces\\Lisa.bmp, faces\\Bruce.bmp, faces\\Julia.bmp;1-7;6;26;1.2430385386500333;male;4.62768104202714;cheat_first
5;1.0;38.45344727154952;3.688935507911083;self;5;4;2;1, 1, 1, 1, 1;1461854136.95;dotscs_9_2;;0.9280575539568345;5;0.4;25;14;0.5;right;2.994801719338284;experiment;faces\\Lily.bmp, faces\\Kenny.bmp, faces\\Diana.bmp, faces\\Kevin.bmp, faces\\Nathan.bmp;1;instructions;right;0, 0, 0, 1, 0;faces;0, 0, 0, 1, 0;8/2-4=2 ?, 3x3-8=0 ?, 3x2-4=4 ?, 2x2-4=0 ?, 2+2x3=9 ?;accuracy;4.328011899175181, 3.3941545264933666, 5.081323418769898, 2.9254167577928456, 3.127293291458045;0.2733812949640288;faces\\Lily.bmp, faces\\Kenny.bmp, faces\\Kevin.bmp, faces\\Diana.bmp, faces\\Molly.bmp;1-7;6;26;1.2685678795093422;male;5.896248921536483;cheat_first
6;1.0;20.037774149233883;1.1239334659694578;self;0.5;6;4;1, 1, 1, 1, 1, 1;1461854212.658;dotscs_9_2;;0.9310344827586207;6;0.6666666666666666;26;10;5;right;5.3462761285336455;experiment;faces\\Olivia.bmp, faces\\Karen.bmp, faces\\Adam.bmp, faces\\Jeff.bmp, faces\\Leah.bmp, faces\\Ricky.bmp;1;instructions;right;1, 1, 1, 1, 0, 1;faces;1, 1, 1, 1, 0, 1;4x2-5=3 ?, 3x3-5=4 ?, 2x3-1=5 ?, 4x2-4=4 ?, 2x4-3=3 ?, 3x2+1=7 ?;cheat;3.6461230360000627, 5.3227569962145935, 4.380801219645946, 2.0201419662516855, 2.1381916678874404, 4.203372070060141;0.2896551724137931;faces\\Olivia.bmp, faces\\Karen.bmp, faces\\Jeff.bmp, faces\\Adam.bmp, faces\\Leah.bmp, faces\\Ricky.bmp;1-7;10;26;0.13483947681331748;male;6.0310883983498;cheat_first
6;1.0;38.48479195906839;1.4882430880134052;self;0.5;5;1;1, 1, 1, 1, 1, 1;1461854274.606;dotscs_9_2;;0.9337748344370861;6;0.16666666666666666;27;12;5;right;10.488444451049872;experiment;faces\\Kristen.bmp, faces\\Amanda.bmp, faces\\Jane.bmp, faces\\Sonya.bmp, faces\\Peter.bmp, faces\\Rachel.bmp;1;instructions;right;0, 0, 0, 1, 0, 0;faces;0, 0, 0, 1, 0, 0;3x3-3=4 ?, 3x3-4=7 ?, 4/2+3=3 ?, 2x4-6=2 ?, 3x3-1=9 ?, 3x3-9=2 ?;cheat;3.539249867822946, 3.532592501367617, 3.7419286686454143, 2.799304041203868, 3.5025855155945465, 3.8012571565268445;0.2847682119205298;faces\\Kristen.bmp, faces\\Sonya.bmp, faces\\Peter.bmp, faces\\Rachel.bmp, faces\\Adam.bmp, faces\\Amanda.bmp;1-7;6;26;0.1329546949695189;male;6.164043093319319;cheat_first
6;1.0;30.553917519719107;1.0408745738277503;self;5;6;6;1, 1, 1, 1, 1, 1;1461854359.798;dotscs_9_2;;0.9363057324840764;6;1.0;28;10;0.5;right;3.4188797137176152;experiment;faces\\Sofia.bmp, faces\\Maria.bmp, faces\\Liam.bmp, faces\\Brian.bmp, faces\\Megan.bmp, faces\\Steve.bmp;1;instructions;right;1, 1, 0, 0, 0, 0;faces;1, 1, 0, 0, 0, 0;3+2x2=7 ?, 6/2+4=7 ?, 4+8/4=7 ?, 4/2+3=6 ?, 1+2x2=4 ?, 2x3-6=2 ?;accuracy;2.8135537497764744, 2.771443040444865, 3.2912629673883202, 2.3907504648304894, 1.6940219595417148, 6.9130929150633165;0.31210191082802546;faces\\Sofia.bmp, faces\\Maria.bmp, faces\\Liam.bmp, faces\\Brian.bmp, faces\\Megan.bmp, faces\\Steve.bmp;1-7;12;26;1.4611140411375714;male;7.62515713445689;cheat_first
4;1.0;41.80289672588697;1.694927916279994;self;0.5;3;1;1, 1, 1, 1;1461854428.282;dotscs_9_2;;0.937888198757764;4;0.25;29;10;5;right;1.3744439513575344;experiment;faces\\Anders.bmp, faces\\Mark.bmp, faces\\George.bmp, faces\\Andre.bmp;1;instructions;right;0, 0, 0, 0;faces;0, 0, 0, 0;8/2-4=2 ?, 9/3-1=0 ?, 3x3-4=3 ?, 2x2+3=6 ?;cheat;2.0821398414991563, 2.405365741102287, 3.092040603845817, 3.7912311173495254;0.3105590062111801;faces\\George.bmp, faces\\Mark.bmp, faces\\Brian.bmp, faces\\Anders.bmp;1-7;4;26;0.14563481347170246;male;7.7707919479285925;cheat_first
2;1.0;37.296763469556026;0.8413623749074759;self;0.5;1;1;1, 1;1461854494.083;dotscs_9_2;;0.9386503067484663;2;0.5;30;12;5;right;2.6020638119116484;experiment;faces\\Kurt.bmp, faces\\Lulu.bmp;1;instructions;right;0, 0;faces;0, 0;2x2-3=2 ?, 9/3-3=1 ?;cheat;3.1592753336990427, 1.8960389872809174;0.3128834355828221;faces\\Jeff.bmp, faces\\Lulu.bmp;1-7;2;26;0.14684406639316497;male;7.917636014321758;cheat_first
1;0.5;16.325920413113636;2.1674731804960174;other;0.5;2;2;1, 0;1461854545.626;dotscs_9_2;;0.9333333333333333;2;1.0;31;14;5;right;2.4765389055319247;experiment;faces\\Tony.bmp, faces\\Joseph.bmp;1;instructions;right;0, 1;faces;0, 0;6/3-2=2 ?, 9/3-2=1 ?;cheat;8.408549683586898, 2.767399500731699;0.3212121212121212;faces\\Tony.bmp, faces\\Joseph.bmp;1-7;4;26;0.14989898989898992;male;7.917636014321758;cheat_first
2;0.6666666666666666;39.40036599236555;1.974803078272089;other;5;2;1;0, 1, 1;1461854583.644;dotscs_9_2;;0.9285714285714286;3;0.3333333333333333;32;14;0.5;left;3.6384358515388158;experiment;faces\\Ricky.bmp, faces\\Julian.bmp, faces\\Haley.bmp;0;instructions;right;1, 1, 1;faces;0, 1, 1;4/2-1=1 ?, 6/2+6=9 ?, 2x2-1=3 ?;accuracy;1.5794513441069284, 4.1145653070962, 4.516556005466555;0.32142857142857145;faces\\Ricky.bmp, faces\\Haley.bmp, faces\\Casper.bmp;1-7;3;26;0.14923469387755103;male;7.917636014321758;cheat_first
4;1.0;13.878583395086025;1.2084050843986915;other;0.5;3;3;1, 1, 1, 1;1461854646.59;dotscs_9_2;;0.9302325581395349;4;0.75;33;12;5;right;1.5687380518138525;experiment;faces\\Lana.bmp, faces\\Scott.bmp, faces\\Justin.bmp, faces\\Daniel.bmp;1;instructions;right;1, 1, 1, 1;faces;1, 1, 1, 1;3x3-4=5 ?, 4x2-5=3 ?, 2x4-3=5 ?, 4/2-2=0 ?;cheat;5.120643002792349, 9.018267414365255, 10.624836237704585, 1.7594171725540946;0.3313953488372093;faces\\Lana.bmp, faces\\Scott.bmp, faces\\Justin.bmp, faces\\Tony.bmp;1-7;6;26;0.15413737155219037;male;7.917636014321758;cheat_first
0;0.0;3.0929355900152586;1.2089759079208307;other;5;1;1;0;1461854700.083;dotscs_9_2;;0.9248554913294798;1;1.0;34;10;0.5;left;1.1158679737927741;experiment;faces\\Sonya.bmp;1;instructions;left;1;faces;0;8/4-1=1 ?;cheat;1.9048002259223722;0.3352601156069364;faces\\Sonya.bmp;1-7;2;26;0.1550335794714157;male;7.917636014321758;cheat_first
4;0.6666666666666666;35.92015194593114;2.867911861732864;other;0.5;5;1;1, 0, 1, 1, 0, 1;1461854710.894;dotscs_9_2;;0.9162011173184358;6;0.16666666666666666;35;12;5;left;2.537267733572662;experiment;faces\\Chris.bmp, faces\\Tanya.bmp, faces\\Milla.bmp, faces\\Andre.bmp, faces\\Lana.bmp, faces\\Molly.bmp;0;instructions;right;0, 0, 0, 0, 0, 1;faces;0, 1, 0, 0, 1, 1;8/4+5=9 ?, 9/3+4=8 ?, 2x3-5=2 ?, 2x3-2=3 ?, 2+8/2=4 ?, 2x2+2=6 ?;cheat;1.4570601279228867, 1.3495163394254632, 0.6462189400153875, 1.643600512714329, 2.2568744775708183, 2.9577307482431934;0.329608938547486;faces\\Chris.bmp, faces\\Milla.bmp, faces\\Andre.bmp, faces\\Lana.bmp, faces\\Karen.bmp, faces\\Tanya.bmp;1-7;6;26;1.5099403888767515;male;7.917636014321758;cheat_first
2;0.6666666666666666;11.801102506880852;0.8355886701610871;other;5;2;1;1, 0, 1;1461854776.196;dotscs_9_2;;0.9120879120879121;3;0.3333333333333333;36;12;0.5;left;1.2551397119786998;experiment;faces\\Kevin.bmp, faces\\Mona.bmp, faces\\Keith.bmp;1;instructions;left;0, 0, 0;faces;0, 1, 0;9/3-2=0 ?, 3x3-7=0 ?, 4x2-4=3 ?;cheat;4.68597062293702, 1.2893133909601602, 1.060730951372534;0.32967032967032966;faces\\Kevin.bmp, faces\\Keith.bmp, faces\\Haley.bmp;1-7;3;26;0.15034416133317233;male;7.917636014321758;cheat_first
7;1.0;37.38160242513186;1.2425316960980126;self;5;6;4;1, 1, 1, 1, 1, 1, 1;1461854810.609;dotscs_9_2;;0.9153439153439153;7;0.5714285714285714;37;10;0.5;left;3.7403248421105673;experiment;faces\\Amber.bmp, faces\\Regina.bmp, faces\\Robert.bmp, faces\\Andrea.bmp, faces\\Anders.bmp, faces\\Keith.bmp, faces\\Jenny.bmp;1;instructions;left;1, 0, 1, 0, 0, 1, 0;faces;1, 0, 1, 0, 0, 1, 0;3x3-3=6 ?, 3x2-1=7 ?, 2x3-1=5 ?, 2x2-4=2 ?, 4x2-4=5 ?, 3x2-5=1 ?, 2x3+2=6 ?;cheat;2.362127186417638, 6.663834844086523, 2.9000029018898204, 4.670678002450586, 2.538902702370251, 2.8361039330557105, 6.017385522103723;0.3386243386243386;faces\\Amber.bmp, faces\\Regina.bmp, faces\\Robert.bmp, faces\\Anders.bmp, faces\\Jenny.bmp, faces\\Keith.bmp, faces\\Tanya.bmp;1-7;10;26;0.15497886397357297;male;8.072614878295331;cheat_first
3;1.0;52.08887506361134;1.3095112717310258;self;5;3;3;1, 1, 1;1461854901.542;dotscs_9_2;;0.9166666666666666;3;1.0;38;10;0.5;left;5.010504143690923;experiment;faces\\Thomas.bmp, faces\\Eddie.bmp, faces\\Casper.bmp;1;instructions;left;0, 0, 1;faces;0, 0, 1;4+9/3=9 ?, 3x3-5=2 ?, 2x3-4=2 ?;cheat;8.139776384399738, 0.7573837243435264, 0.5900913813093212;0.3489583333333333;faces\\Thomas.bmp, faces\\Eddie.bmp, faces\\Casper.bmp;1-7;6;26;0.1599392361111111;male;8.232554114406442;cheat_first
2;1.0;5.427236102939787;0.9158981959444645;self;0.5;2;2;1, 1;1461854977.031;dotscs_9_2;;0.9175257731958762;2;1.0;39;12;5;right;1.4481923685889342;experiment;faces\\Bruce.bmp, faces\\Gary.bmp;1;instructions;right;1, 0;faces;1, 0;6+6/2=9 ?, 2x2+5=8 ?;cheat;2.6199773369262402, 7.265750022474094;0.3556701030927835;faces\\Bruce.bmp, faces\\Gary.bmp;1-7;4;26;0.1631682431714316;male;8.395722357577874;cheat_first
5;1.0;37.27143348543541;0.8821007013393682;self;0.5;3;2;1, 1, 1, 1, 1;1461855000.369;dotscs_9_2;;0.9195979899497487;5;0.4;40;10;5;right;1.9722225171281025;experiment;faces\\Joan.bmp, faces\\Fiona.bmp, faces\\John.bmp, faces\\Julia.bmp, faces\\Mark.bmp;1;instructions;right;0, 0, 0, 0, 1;faces;0, 0, 0, 0, 1;7+6/3=8 ?, 3x2+2=7 ?, 2x2+1=4 ?, 2x2-1=2 ?, 6+8/4=8 ?;cheat;2.53549545570786, 7.776398906906252, 3.4246028122870484, 2.9986407110045548, 4.2293638272713;0.35678391959798994;faces\\Joan.bmp, faces\\Julia.bmp, faces\\Sonya.bmp, faces\\James.bmp, faces\\Mark.bmp;1-7;5;26;0.16404888765435216;male;8.559771245232227;cheat_first
6;1.0;42.9280511101133;1.4669439035824325;self;0.5;4;1;1, 1, 1, 1, 1, 1;1461855073.003;dotscs_9_2;;0.9219512195121952;6;0.16666666666666666;41;12;5;right;2.106088241598627;experiment;faces\\Polly.bmp, faces\\Nicole.bmp, faces\\Paul.bmp, faces\\Alex.bmp, faces\\Cindy.bmp, faces\\Nana.bmp;0;instructions;left;0, 0, 0, 0, 0, 0;faces;0, 0, 0, 0, 0, 0;9/3-1=0 ?, 6+9/3=7 ?, 9/3+3=4 ?, 9/3+4=5 ?, 4+6/3=8 ?, 5+9/3=9 ?;accuracy;1.8673233437475574, 0.8634188825417368, 0.4281041935173562, 0.3622499860211974, 0.53882626226914, 0.40410801835605525;0.35121951219512193;faces\\Polly.bmp, faces\\Cindy.bmp, faces\\Britt.bmp, faces\\Nicole.bmp, faces\\Nana.bmp, faces\\Eric.bmp;1-7;5;26;0.16190362879238548;male;8.721674874024613;cheat_first
5;0.8333333333333334;30.8400236114976;0.7988574328446703;self;0.5;4;3;1, 1, 1, 0, 1, 1;1461855137.79;dotscs_9_2;;0.919431279620853;6;0.5;42;10;5;right;4.091466595324164;experiment;faces\\Andrea.bmp, faces\\Amber.bmp, faces\\Benny.bmp, faces\\Mona.bmp, faces\\Emma.bmp, faces\\Eric.bmp;1;instructions;right;0, 1, 0, 1, 0, 1;faces;0, 1, 0, 0, 0, 1;1+4x2=8 ?, 2x3-6=0 ?, 3x3-8=2 ?, 8/4-2=0 ?, 5+2x2=8 ?, 4/2+5=7 ?;cheat;0.9821154939127155, 2.0219920997733425, 2.1881180235141073, 2.0034709467472567, 2.226006125114509, 2.3841171628555458;0.35545023696682465;faces\\Andrea.bmp, faces\\Amber.bmp, faces\\Mona.bmp, faces\\Mary.bmp, faces\\Nana.bmp, faces\\Eric.bmp;1-7;7;26;0.1634060331079715;male;8.885080907132584;cheat_first
2;1.0;7.215493134193821;1.4320804942581162;other;0.5;2;2;1, 1;1461855198.88;dotscs_9_2;;0.92018779342723;2;1.0;43;14;5;right;2.939835625475098;experiment;faces\\Erica.bmp, faces\\Ella.bmp;1;instructions;right;1, 0;faces;1, 0;2x2-3=1 ?, 3x3-7=3 ?;cheat;2.0987181419950502, 3.7253390436890186;0.3615023474178404;faces\\Erica.bmp, faces\\Ella.bmp;1-7;4;26;0.1663250236945932;male;8.885080907132584;cheat_first
2;1.0;9.020965466770576;2.3496292301279027;other;0.5;1;1;1, 1;1461855221.968;dotscs_9_2;;0.9209302325581395;2;0.5;44;12;5;right;1.2742801713648078;experiment;faces\\Leah.bmp, faces\\Sofia.bmp;1;instructions;right;0, 0;faces;0, 0;3+6/2=5 ?, 4/2-1=0 ?;cheat;2.3282129083272594, 5.482169992872514;0.3627906976744186;faces\\Leah.bmp, faces\\Amber.bmp;1-7;2;26;0.16705246078961603;male;8.885080907132584;cheat_first
7;1.0;32.32924661911602;0.9415190771105699;other;5;6;3;1, 1, 1, 1, 1, 1, 1;1461855248.145;dotscs_9_2;;0.9234234234234234;7;0.42857142857142855;45;12;0.5;left;8.88056305210921;experiment;faces\\Amanda.bmp, faces\\Jeff.bmp, faces\\Shane.bmp, faces\\Billy.bmp, faces\\Kevin.bmp, faces\\Leah.bmp, faces\\Scott.bmp;1;instructions;left;1, 1, 1, 1, 0, 1, 0;faces;1, 1, 1, 1, 0, 1, 0;5+2x2=9 ?, 4/2+2=4 ?, 9/3+1=4 ?, 4x2-2=6 ?, 9/3+2=6 ?, 5+2x2=9 ?, 2x4-1=8 ?;cheat;2.978738327841711, 7.6897345900652, 1.437362292806938, 3.1786482983952737, 3.154608594839374, 1.8114647409420286, 2.4420654822679353;0.36486486486486486;faces\\Amanda.bmp, faces\\Jeff.bmp, faces\\Leah.bmp, faces\\Billy.bmp, faces\\Shane.bmp, faces\\Kevin.bmp, faces\\Tony.bmp;1-7;9;26;0.16846238130021912;male;8.885080907132584;cheat_first
4;0.5714285714285714;4.509963754655473;1.0931659719826712;other;0.5;5;1;0, 1, 0, 1, 1, 0, 1;1461855328.736;dotscs_9_2;;0.9126637554585153;7;0.14285714285714285;46;14;5;left;1.0075700470879383;experiment;faces\\Justin.bmp, faces\\Angie.bmp, faces\\Leslie.bmp, faces\\Ethan.bmp, faces\\Jason.bmp, faces\\Micha.bmp, faces\\Nana.bmp;0;instructions;right;0, 1, 0, 1, 1, 0, 1;faces;1, 1, 1, 1, 1, 1, 1;1+4/2=2 ?, 4+4/2=6 ?, 6/2-2=3 ?, 2x2+4=8 ?, 6/3-2=0 ?, 4+8/4=4 ?, 2x3-5=1 ?;cheat;1.1761785046219302, 0.4562376890753512, 0.06890473369276151, 0.040798487618303625, 0.22210131002793787, 0.23613196109363344, 0.20955876367952442;0.35807860262008734;faces\\Angie.bmp, faces\\Kurt.bmp, faces\\Leslie.bmp, faces\\Lana.bmp, faces\\Micha.bmp, faces\\Nana.bmp, faces\\Ethan.bmp;1-7;6;26;1.6340268110829315;male;8.885080907132584;cheat_first
1;0.5;2.912758135738841;1.5236355619163078;other;5;1;0;1, 0;1461855353.353;dotscs_9_2;;0.9090909090909091;2;0.0;47;10;0.5;left;0.8735489651917305;experiment;faces\\Erin.bmp, faces\\Joan.bmp;1;instructions;left;0, 0;faces;0, 1;9/3+2=7 ?, 4/2+3=6 ?;cheat;1.9986732688266784, 0.4214135614638508;0.354978354978355;faces\\Nina.bmp, faces\\Erin.bmp;1-7;1;26;0.16135379771743408;male;8.885080907132584;cheat_first
2;0.2857142857142857;8.893754985416308;0.983368262212025;other;0.5;5;1;0, 1, 1, 0, 0, 0, 0;1461855366.769;dotscs_9_2;;0.8907563025210085;7;0.14285714285714285;48;12;5;left;5.240105076823966;experiment;faces\\Emma.bmp, faces\\Joshua.bmp, faces\\Paul.bmp, faces\\Timmy.bmp, faces\\Lulu.bmp, faces\\Julia.bmp, faces\\Ricky.bmp;1;instructions;left;1, 0, 1, 0, 1, 1, 0;faces;0, 0, 1, 1, 0, 0, 1;2x2+1=5 ?, 6/3-1=3 ?, 6/2-1=2 ?, 1+8/2=7 ?, 6/3+3=5 ?, 4+8/2=8 ?, 2+2x2=8 ?;accuracy;0.8361941748407844, 1.0335405709374754, 0.3589358122590056, 1.8474563495183247, 1.0208334660419496, 0.6189011594142357, 0.2969170575379394;0.3487394957983193;faces\\Emma.bmp, faces\\Lulu.bmp, faces\\Bruce.bmp, faces\\Ricky.bmp, faces\\Joshua.bmp, faces\\Amber.bmp, faces\\Paul.bmp;1-7;6;26;1.5532095191017583;male;8.885080907132584;cheat_first
3;1.0;7.851735933429154;0.9668809112772578;self;0.5;3;1;1, 1, 1;1461855403.57;dotscs_9_2;;0.8921161825726142;3;0.3333333333333333;49;10;5;left;2.68671272890424;experiment;faces\\Amber.bmp, faces\\Jason.bmp, faces\\Donald.bmp;1;instructions;left;0, 1, 1;faces;0, 1, 1;2x4-1=5 ?, 3+4/2=5 ?, 8/2+5=9 ?;accuracy;5.01652592487153, 2.206666072132066, 1.8854704357290757;0.34854771784232363;faces\\Jason.bmp, faces\\Amber.bmp, faces\\Donald.bmp;1-7;4;26;1.554725297429452;male;10.439806204562036;cheat_first
4;1.0;14.432688476157637;0.8414713728307106;self;5;3;2;1, 1, 1, 1;1461855433.04;dotscs_9_2;;0.8938775510204081;4;0.5;50;10;0.5;left;6.25114854788626;experiment;faces\\Amanda.bmp, faces\\Megan.bmp, faces\\Lucas.bmp, faces\\Bobby.bmp;1;instructions;left;1, 1, 0, 0;faces;1, 1, 0, 0;1+8/4=3 ?, 3x3-1=8 ?, 3x2-6=1 ?, 3x3-8=0 ?;cheat;4.40725232522891, 3.117933272042137, 3.5279300091788173, 2.585967862603866;0.3510204081632653;faces\\Amanda.bmp, faces\\Megan.bmp, faces\\Bobby.bmp, faces\\Joan.bmp;1-7;5;26;0.15688463140358183;male;10.596690835965617;cheat_first
4;1.0;13.788149802778207;1.669650661664491;self;0.5;3;3;1, 1, 1, 1;1461855478.252;dotscs_9_2;;0.8955823293172691;4;0.75;51;12;5;right;15.913871471631865;experiment;faces\\Micha.bmp, faces\\Nana.bmp, faces\\Anna.bmp, faces\\Timmy.bmp;1;instructions;right;1, 0, 0, 0;faces;1, 0, 0, 0;4/2-1=1 ?, 3+4/2=6 ?, 2x3-4=3 ?, 9/3+1=6 ?;cheat;3.1501871012987976, 5.35871463141666, 3.8153865427193523, 3.590060946822632;0.357429718875502;faces\\Micha.bmp, faces\\Nana.bmp, faces\\Anna.bmp, faces\\Bobby.bmp;1-7;6;26;0.16005387009886937;male;10.756744706064486;cheat_first
5;1.0;27.37532478195135;1.9316643203819694;self;5;3;1;1, 1, 1, 1, 1;1461855535.179;dotscs_9_2;;0.8976377952755905;5;0.2;52;12;0.5;left;2.1647684041927278;experiment;faces\\Linda.bmp, faces\\Julian.bmp, faces\\James.bmp, faces\\Bruce.bmp, faces\\Leslie.bmp;1;instructions;left;1, 1, 1, 0, 0;faces;1, 1, 1, 0, 0;2x2-4=0 ?, 3x3-1=8 ?, 5+6/3=7 ?, 3x2-3=1 ?, 8/2-1=2 ?;cheat;2.69951998448596, 2.5901802075350133, 2.92544188393731, 2.8474241455842275, 4.963999544190301;0.3543307086614173;faces\\Linda.bmp, faces\\Bruce.bmp, faces\\Amber.bmp, faces\\Leslie.bmp, faces\\Regina.bmp;1-7;4;26;0.1590303180606361;male;10.915775024125123;cheat_first
3;0.6;27.68883606500458;1.1603210767279961;self;0.5;3;0;1, 1, 0, 0, 1;1461855594.338;dotscs_9_2;;0.8918918918918919;5;0.0;53;12;5;left;1.2914668076555245;experiment;faces\\Kurt.bmp, faces\\Tina.bmp, faces\\Kiki.bmp, faces\\Carl.bmp, faces\\Kate.bmp;1;instructions;left;0, 0, 1, 0, 1;faces;0, 0, 0, 1, 1;8/4+7=7 ?, 8/4+6=7 ?, 4x2-5=3 ?, 1+6/3=1 ?, 8/4+5=7 ?;accuracy;1.9306663524112082, 1.47601939597007, 1.8882336037750065, 1.547517076931399, 0.7081768257667136;0.3474903474903475;faces\\Kiki.bmp, faces\\Adam.bmp, faces\\Tina.bmp, faces\\Kurt.bmp, faces\\Amber.bmp;1-7;3;26;1.5496191171866849;male;12.465394141311808;cheat_first
4;0.6666666666666666;8.089765449218248;0.6766622713621473;self;0.5;4;2;0, 1, 1, 1, 1, 0;1461855643.933;dotscs_9_2;;0.8867924528301887;6;0.3333333333333333;54;14;5;left;0.8283158901285788;experiment;faces\\Anna.bmp, faces\\Tanya.bmp, faces\\Sarah.bmp, faces\\David.bmp, faces\\Benny.bmp, faces\\Jane.bmp;1;instructions;left;1, 1, 0, 1, 0, 1;faces;0, 1, 0, 1, 0, 0;4/2+4=6 ?, 9/3+6=9 ?, 6/3-1=2 ?, 3x3-5=4 ?, 2+2x2=7 ?, 2x2-4=0 ?;accuracy;0.9654129782575183, 0.45409488906079787, 0.018733486638666363, 0.06485447008526535, 0.269392605554458, 0.11341268948308425;0.3471698113207547;faces\\Nicole.bmp, faces\\Tanya.bmp, faces\\Lucas.bmp, faces\\David.bmp, faces\\Jane.bmp, faces\\Benny.bmp;1-7;6;26;1.5393378426486293;male;14.004731983960438;cheat_first
4;0.5714285714285714;20.510361526281486;0.750162612159329;other;0.5;5;1;1, 0, 0, 1, 1, 1, 0;1461855669.269;dotscs_9_2;;0.8786764705882353;7;0.14285714285714285;55;14;5;left;3.1449339677856187;experiment;faces\\Mark.bmp, faces\\Donna.bmp, faces\\Mike.bmp, faces\\Kate.bmp, faces\\Daniel.bmp, faces\\James.bmp, faces\\Joan.bmp;0;instructions;right;1, 0, 1, 0, 1, 0, 1;faces;1, 1, 0, 0, 1, 0, 0;3x3-7=2 ?, 9/3-3=2 ?, 4+2x2=8 ?, 8/4-2=1 ?, 6+6/2=9 ?, 2x3+1=5 ?, 8/2+4=8 ?;cheat;0.0835670772503363, 0.039617558857571566, 0.02892585381050594, 0.05092220025835559, 0.17559281774811097, 0.17557972384020104, 0.06355888117104769;0.34191176470588236;faces\\Jane.bmp, faces\\James.bmp, faces\\Kate.bmp, faces\\Donna.bmp, faces\\Daniel.bmp, faces\\Mark.bmp, faces\\Lulu.bmp;1-7;6;26;1.5021491133217992;male;14.004731983960438;cheat_first
0;0.0;14.288166081689269;0.7319964101479854;other;5;0;0;0;1461855709.877;dotscs_9_2;;0.8754578754578755;1;0.0;56;14;0.5;left;1.5216357331992185;experiment;faces\\Fiona.bmp;1;instructions;left;0;faces;1;2x4-2=7 ?;cheat;1.1975325418970897;0.34065934065934067;faces\\Emma.bmp;1-7;0;26;0.14911645131425352;male;14.004731983960438;cheat_first
3;0.6;9.260492642286408;2.8362189470935846;other;0.5;3;1;1, 1, 1, 0, 0;1461855731.0;dotscs_9_2;;0.8705035971223022;5;0.2;57;10;5;right;1.4632599154501804;experiment;faces\\Ella.bmp, faces\\Greg.bmp, faces\\Nina.bmp, faces\\Noah.bmp, faces\\Damon.bmp;1;instructions;right;0, 1, 0, 0, 1;faces;0, 1, 0, 1, 0;4/2-1=2 ?, 2+3x2=8 ?, 1+4/2=4 ?, 5+9/3=7 ?, 5+4/2=7 ?;cheat;7.275846131738945, 4.655976731068222, 1.780794212638284, 0.676100295073411, 0.6641013227672374;0.3381294964028777;faces\\Ella.bmp, faces\\Nina.bmp, faces\\Greg.bmp, faces\\Donna.bmp, faces\\Kiki.bmp;1-7;4;26;0.1471714714559288;male;14.004731983960438;cheat_first
0;0.0;14.087642820893961;0.9333969626386533;other;0.5;1;1;0;1461855771.218;dotscs_9_2;;0.8673835125448028;1;1.0;58;10;5;right;2.432081202037807;experiment;faces\\Joshua.bmp;1;instructions;right;1;faces;0;9/3-1=2 ?;cheat;1.6967398297529144;0.34050179211469533;faces\\Joshua.bmp;1-7;2;26;0.14767282023612235;male;14.004731983960438;cheat_first
1;1.0;5.416611282984377;1.4641294215834932;other;5;1;1;1;1461855793.932;dotscs_9_2;;0.8678571428571429;1;1.0;59;12;0.5;right;1.3800240786331415;experiment;faces\\Adam.bmp;1;instructions;right;0;faces;0;6/2-2=3 ?;accuracy;5.2111742685629;0.34285714285714286;faces\\Adam.bmp;1-7;2;26;1.4877551020408164;male;14.004731983960438;cheat_first
2;1.0;8.397579821514228;2.4578238211397547;other;0.5;2;2;1, 1;1461855810.998;dotscs_9_2;;0.8687943262411347;2;1.0;60;10;5;right;3.756388233603502;experiment;faces\\Regina.bmp, faces\\Niclas.bmp;1;instructions;right;1, 1;faces;1, 1;1+2x3=7 ?, 6/2+6=9 ?;cheat;2.12468441917008, 1.8633417346645729;0.3475177304964539;faces\\Regina.bmp, faces\\Niclas.bmp;1-7;4;26;0.15096071626175744;male;14.004731983960438;cheat_first
5;1.0;17.098830678809463;1.921583782241214;self;5;4;1;1, 1, 1, 1, 1;1461855835.382;dotscs_9_2;;0.8710801393728222;5;0.2;61;14;0.5;left;1.932696969506651;experiment;faces\\Mike.bmp, faces\\Lena.bmp, faces\\Lisa.bmp, faces\\Casper.bmp, faces\\Jacob.bmp;1;instructions;left;0, 1, 0, 0, 1;faces;0, 1, 0, 0, 1;1+3x2=9 ?, 3x2-5=1 ?, 4x2-8=2 ?, 8/4-1=3 ?, 4+6/3=6 ?;cheat;1.9073595537047368, 2.582014918560162, 1.877392557424173, 2.9285872524778824, 3.994582661827735;0.34494773519163763;faces\\Mike.bmp, faces\\Lisa.bmp, faces\\Casper.bmp, faces\\Jacob.bmp, faces\\Noah.bmp;1-7;5;26;0.15023856062353555;male;14.154970544583973;cheat_first
1;1.0;6.965997957351647;2.797397993163031;self;5;1;1;1;1461855881.356;dotscs_9_2;;0.8715277777777778;1;1.0;62;14;0.5;left;1.868037492451549;experiment;faces\\Nina.bmp;1;instructions;left;1;faces;1;8/2-3=1 ?;cheat;1.7493805166923266;0.3472222222222222;faces\\Nina.bmp;1-7;2;26;0.15130690586419754;male;14.306277450448171;cheat_first
4;1.0;17.81407962935191;1.3243643616442569;self;5;4;1;1, 1, 1, 1;1461855898.298;dotscs_9_2;;0.8732876712328768;4;0.25;63;12;0.5;right;1.481712767832505;experiment;faces\\Tina.bmp, faces\\Britt.bmp, faces\\Vicky.bmp, faces\\Leslie.bmp;1;instructions;right;0, 0, 0, 1;faces;0, 0, 0, 1;3x2-4=0 ?, 4+9/3=6 ?, 1+4/2=5 ?, 4/2-1=1 ?;accuracy;2.8400791721251153, 3.3493054213722644, 5.741886909701861, 2.943388320662052;0.3458904109589041;faces\\Vicky.bmp, faces\\Tina.bmp, faces\\Britt.bmp, faces\\Leslie.bmp;1-7;5;26;1.5103091574404204;male;15.816586607888592;cheat_first
2;1.0;9.93233635625802;1.5855148842310882;self;0.5;2;2;1, 1;1461855943.585;dotscs_9_2;;0.8741496598639455;2;1.0;64;10;5;right;3.933296458064433;experiment;faces\\Lily.bmp, faces\\Kelly.bmp;1;instructions;right;0, 0;faces;0, 0;2x2+4=9 ?, 4x2-7=2 ?;cheat;5.959929816664953, 15.136390017203667;0.35034013605442177;faces\\Lily.bmp, faces\\Kelly.bmp;1-7;4;26;0.1531248553843306;male;15.969711463272922;cheat_first
1;1.0;2.7163155730413564;2.0075980043475283;self;5;1;1;1;1461855986.549;dotscs_9_2;;0.8745762711864407;1;1.0;65;12;0.5;left;2.149459858686896;experiment;faces\\Kenny.bmp;1;instructions;left;0;faces;0;6/2-1=4 ?;cheat;4.5918969247723;0.3525423728813559;faces\\Kenny.bmp;1-7;2;26;0.154162596954898;male;16.12387406022782;cheat_first
3;1.0;44.48584619544272;0.9999642571747245;self;5;2;2;1, 1, 1;1461856001.525;dotscs_9_2;;0.8758389261744967;3;0.6666666666666666;66;12;0.5;left;1.9681067839846946;experiment;faces\\Shane.bmp, faces\\Kristen.bmp, faces\\Greg.bmp;1;instructions;left;1, 0, 1;faces;1, 0, 1;4/2+4=6 ?, 3x3-5=2 ?, 3x3-4=5 ?;cheat;2.6154348132295127, 2.53332434454569, 2.374652038295608;0.35570469798657717;faces\\Shane.bmp, faces\\Kristen.bmp, faces\\Regina.bmp;1-7;4;26;0.15577001035989368;male;16.279644070587715;cheat_first
7;1.0;20.356553075263946;1.8201799739690614;other;5;6;3;1, 1, 1, 1, 1, 1, 1;1461856064.066;dotscs_9_2;;0.8786885245901639;7;0.42857142857142855;67;12;0.5;left;2.2898920000479848;experiment;faces\\Eddie.bmp, faces\\Vicky.bmp, faces\\George.bmp, faces\\Ella.bmp, faces\\Chris.bmp, faces\\Olivia.bmp, faces\\Noah.bmp;1;instructions;left;1, 1, 1, 0, 0, 1, 1;faces;1, 1, 1, 0, 0, 1, 1;3x2-6=0 ?, 6/2+5=8 ?, 8/2-2=2 ?, 1+2x4=7 ?, 3x3-6=5 ?, 4x2-2=6 ?, 6/2+6=9 ?;cheat;3.642710480999085, 1.856230328176025, 3.8207246096753806, 5.106651279555081, 1.7894790111786278, 2.3329897067742422, 5.614034826958232;0.35737704918032787;faces\\Eddie.bmp, faces\\Vicky.bmp, faces\\Ella.bmp, faces\\Chris.bmp, faces\\Olivia.bmp, faces\\Polly.bmp, faces\\Noah.bmp;1-7;9;26;0.15701155603332437;male;16.279644070587715;cheat_first
4;1.0;11.206895746319788;4.314091307700437;other;0.5;3;2;1, 1, 1, 1;1461856128.339;dotscs_9_2;;0.8802588996763754;4;0.5;68;14;5;right;1.0128614006498537;experiment;faces\\Benny.bmp, faces\\Donna.bmp, faces\\Hanna.bmp, faces\\Vicky.bmp;1;instructions;right;0, 0, 1, 0;faces;0, 0, 1, 0;4/2+7=8 ?, 2x2+2=5 ?, 4+8/2=8 ?, 4+2x2=6 ?;cheat;2.5766609265810985, 3.280632485202659, 4.5886365421902156, 2.619988661386742;0.3592233009708738;faces\\Benny.bmp, faces\\Donna.bmp, faces\\Vicky.bmp, faces\\Eddie.bmp;1-7;5;26;0.1581047538253684;male;16.279644070587715;cheat_first
1;1.0;8.859720384945831;1.0760649769181327;other;0.5;0;0;1;1461856167.839;dotscs_9_2;;0.8806451612903226;1;0.0;69;12;5;right;2.3665554038561822;experiment;faces\\Jeff.bmp;1;instructions;right;0;faces;0;2+8/4=6 ?;cheat;1.6481136635957228;0.3580645161290323;faces\\Angie.bmp;1-7;0;26;0.15766389177939646;male;16.279644070587715;cheat_first
3;1.0;113.51367109948478;1.6935551794886123;other;5;1;1;1, 1, 1;1461856185.326;dotscs_9_2;;0.8817891373801917;3;0.3333333333333333;70;14;0.5;left;4.768036855453829;experiment;faces\\Susan.bmp, faces\\Matt.bmp, faces\\Maria.bmp;1;instructions;left;0, 0, 0;faces;0, 0, 0;5+4/2=6 ?, 3x3-4=4 ?, 9/3+4=9 ?;cheat;3.6472710530542827, 3.556683164988499, 5.285181732797355;0.35782747603833864;faces\\Susan.bmp, faces\\Kiki.bmp, faces\\Billy.bmp;1-7;2;26;0.15776419071338893;male;16.279644070587715;cheat_first
;;21.69;;qStress;self;0.5;;;[];;dotscs_9_2;[];;2;;1;14;;;cheat;['faces\\Maria.bmp', 'faces\\Haley.bmp'];;instructions;right;[1, 0];faces;[];['2x2+4=8 ?', '4x2-3=6 ?'];5;[];;5;1-7;;26;;male;;cheat_first
;;2.746;;qSatisfied;self;5;;;[];;dotscs_9_2;[];;2;;1;12;;;accuracy;['faces\\Andrea.bmp', 'faces\\Amber.bmp'];;instructions;right;[0, 0];faces;[];['8/4+4=5 ?', '2+3x2=6 ?'];0.5;[];;3;1-7;;26;;male;;cheat_first
;;3.362;;qFrustration;self;0.5;;;[];;dotscs_9_2;[];;2;;1;14;;;cheat;['faces\\Donna.bmp', 'faces\\Thomas.bmp'];;instructions;right;[1, 1];faces;[];['2x2-1=3 ?', '2x3-1=5 ?'];5;[];;7;1-7;;26;;male;;cheat_first
;;2.234;;qDifficulty;self;5;;;[];;dotscs_9_2;[];;2;;1;12;;;accuracy;['faces\\Mark.bmp', 'faces\\Mary.bmp'];;instructions;right;[1, 0];faces;[];['2x4-2=6 ?', '1+9/3=6 ?'];0.5;[];;7;1-7;;26;;male;;cheat_first
;;2.965;;qEffort;self;0.5;;;[];;dotscs_9_2;[];;2;;1;10;;;cheat;['faces\\Kurt.bmp', 'faces\\Nana.bmp'];;instructions;right;[0, 1];faces;[];['2x2-1=5 ?', '3x3-9=0 ?'];5;[];;6;1-7;;26;;male;;cheat_first
;;2.448;;qAttitude;self;0.5;;;[];;dotscs_9_2;[];;2;;1;12;;;cheat;['faces\\Keith.bmp', 'faces\\Billy.bmp'];;instructions;right;[0, 0];faces;[];['6/2+4=6 ?', '2x4-3=4 ?'];5;[];;4;1-7;;26;;male;;cheat_first
;;16.448756468209467;;qBirthweight;self;5;;;[];;dotscs_9_2;[];;1;;1;10;;;cheat;[];;instructions;left;[];faces;[];[];0.5;[];;3200;1-7;;26;;male;;cheat_first
;;6.26916434692248;;qFriends;self;0.5;;;[];;dotscs_9_2;[];;1;;1;10;;;cheat;[];;instructions;right;[];faces;[];[];5;[];;346;1-7;;26;;male;;cheat_first
;;60.80791063019933;;qAbout;self;5;;;[];;dotscs_9_2;[];;1;;1;10;;;accuracy;[];;instructions;right;[];faces;[];[];0.5;[];;perhaps about how the brain handles multitasking and memory of faces under coginitive stress from the are;1-7;;26;;male;;cheat_first
;;10.760989856822562;;qFeedback;self;5;;;[];;dotscs_9_2;[];;1;;1;10;;;cheat;[];;instructions;left;[];faces;[];[];0.5;[];;"
  ";1-7;;26;;male;;cheat_first
