equationScore;equationProportion;recallRT;dotsRT;dotsReceiver;dotsMoneyRight;recallIntersection;recallLocation;equationScores;utc_start;id;recallRTs;equationRateCumulative;span;recallProportion;no;dotsN;dotsMoneyLeft;dotsAns;pauseRT;condition;encode;dotsCorrect;start_at;dotsSide;equationCorrect;stimType;equationAnss;equationText;dotsIncentive;equationRTs;recallLocationRateCumulative;recallAns;level;recallSum;age;moneyEarned;gender;moneyEarnedCumulative;order
;;;1.7959920075154514;self;5;;;;;dotscs_9_10;;;1;;1;14;0.5;left;;practiceDots;;1;instructions;left;;faces;;;cheat;;;;1-7;;22;0.5;male;;cheat_first
;;;0.9256929546245374;self;0.5;;;;;dotscs_9_10;;;1;;2;10;5;right;;practiceDots;;1;instructions;right;;faces;;;cheat;;;;1-7;;22;0.5;male;;cheat_first
;;;0.9094181382424722;self;5;;;;;dotscs_9_10;;;1;;3;12;0.5;left;;practiceDots;;1;instructions;left;;faces;;;cheat;;;;1-7;;22;0.5;male;;cheat_first
;;;0.9089715159752814;self;5;;;;;dotscs_9_10;;;1;;4;10;0.5;right;;practiceDots;;1;instructions;right;;faces;;;accuracy;;;;1-7;;22;5;male;;cheat_first
;;;1.0432852005214954;self;5;;;;;dotscs_9_10;;;1;;5;14;0.5;right;;practiceDots;;1;instructions;right;;faces;;;accuracy;;;;1-7;;22;5;male;;cheat_first
;;;1.1262146745502832;self;5;;;;;dotscs_9_10;;;1;;6;12;0.5;left;;practiceDots;;1;instructions;left;;faces;;;cheat;;;;1-7;;22;0.5;male;;cheat_first
2;1.0;8.658314146035991;;self;5;2;2;1, 1;1461852408.758;dotscs_9_10;;1.0;2;1.0;1;10;0.5;;4.277918669449718;practiceCS;faces\\Kevin.bmp, faces\\Brian.bmp;;instructions;left;0, 0;faces;0, 0;4/2-2=2 ?, 4+9/3=5 ?;cheat;5.756680046459223, 2.9252604883695312;1.0;faces\\Kevin.bmp, faces\\Brian.bmp;1-7;4;22;;male;;cheat_first
3;1.0;13.69567328483754;;self;0.5;3;0;1, 1, 1;1461852434.827;dotscs_9_10;;1.0;3;0.0;2;12;5;;8.191707123380183;practiceCS;faces\\Kurt.bmp, faces\\Britt.bmp, faces\\Benny.bmp;;instructions;left;0, 0, 0;faces;0, 0, 0;3x3-2=9 ?, 5+8/2=7 ?, 2+6/3=6 ?;accuracy;3.297841490857536, 2.6286052715586266, 2.705846504915826;0.4;faces\\Britt.bmp, faces\\Benny.bmp, faces\\Kurt.bmp;1-7;3;22;;male;;cheat_first
2;1.0;11.0077012259826;;self;0.5;2;2;1, 1;1461852471.847;dotscs_9_10;;1.0;2;1.0;3;10;5;;5.629363326152088;practiceCS;faces\\Mary.bmp, faces\\Kristen.bmp;;instructions;left;0, 0;faces;0, 0;6/3+2=2 ?, 2x3-5=0 ?;accuracy;3.257181523287727, 3.5979118462491897;0.5714285714285714;faces\\Mary.bmp, faces\\Kristen.bmp;1-7;4;22;;male;;cheat_first
5;1.0;19.54214245622643;;self;5;5;2;1, 1, 1, 1, 1;1461852499.788;dotscs_9_10;;1.0;5;0.4;4;14;0.5;;9.598084549626947;practiceCS;faces\\Gary.bmp, faces\\Susan.bmp, faces\\Lisa.bmp, faces\\Billy.bmp, faces\\Linda.bmp;;instructions;right;0, 0, 1, 0, 1;faces;0, 0, 1, 0, 1;1+9/3=5 ?, 2x4-3=6 ?, 4+9/3=7 ?, 3x3-1=6 ?, 3x2-6=0 ?;accuracy;3.300497159241786, 2.6871718901165877, 2.3385973654221743, 2.723881621739565, 2.541808374273387;0.5;faces\\Lisa.bmp, faces\\Gary.bmp, faces\\Susan.bmp, faces\\Billy.bmp, faces\\Linda.bmp;1-7;7;22;;male;;cheat_first
7;1.0;52.29402856825618;;self;0.5;6;2;1, 1, 1, 1, 1, 1, 1;1461852552.94;dotscs_9_10;;1.0;7;0.2857142857142857;5;10;5;;6.672663390494563;practiceCS;faces\\Nina.bmp, faces\\Liam.bmp, faces\\Tina.bmp, faces\\Kelly.bmp, faces\\Timmy.bmp, faces\\Micha.bmp, faces\\Tanya.bmp;;instructions;right;0, 1, 0, 1, 1, 1, 0;faces;0, 1, 0, 1, 1, 1, 0;2x4-2=8 ?, 2+2x3=8 ?, 3x3-7=4 ?, 9/3-3=0 ?, 2x4-3=5 ?, 4/2-2=0 ?, 1+9/3=3 ?;cheat;2.0778832086289185, 2.8658576032321434, 2.094572442343633, 1.8098726878815796, 2.3445004236200475, 2.297890683006699, 1.8052213752962416;0.42105263157894735;faces\\Nina.bmp, faces\\Liam.bmp, faces\\Micha.bmp, faces\\Timmy.bmp, faces\\Tina.bmp, faces\\Kelly.bmp, faces\\Alex.bmp;1-7;8;22;;male;;cheat_first
4;1.0;27.354679306103208;;self;0.5;4;4;1, 1, 1, 1;1461852641.754;dotscs_9_10;;1.0;4;1.0;6;14;5;;9.154567756700999;practiceCS;faces\\Haley.bmp, faces\\Chris.bmp, faces\\Jeff.bmp, faces\\Ella.bmp;;instructions;right;0, 0, 1, 0;faces;0, 0, 1, 0;6/3+2=2 ?, 4x2-1=5 ?, 6+8/4=8 ?, 2x4-2=4 ?;cheat;4.485835491537728, 4.481155513025442, 3.7253488926799037, 2.6551849589486665;0.5217391304347826;faces\\Haley.bmp, faces\\Chris.bmp, faces\\Jeff.bmp, faces\\Ella.bmp;1-7;8;22;;male;;cheat_first
2;1.0;18.09561927964387;1.1017983801248192;self;5;2;2;1, 1;1461852729.212;dotscs_9_10;;1.0;2;1.0;1;10;0.5;right;3.473335376518662;practiceExp;faces\\Liam.bmp, faces\\David.bmp;1;instructions;right;0, 0;faces;0, 0;2+8/2=7 ?, 8/4+3=6 ?;accuracy;2.1850803389206703, 3.9199601225045626;0.56;faces\\Liam.bmp, faces\\David.bmp;1-7;4;22;5;male;;cheat_first
6;1.0;33.6275173818176;1.241879579029046;self;5;5;3;1, 1, 1, 1, 1, 1;1461852773.331;dotscs_9_10;;1.0;6;0.5;2;10;0.5;right;7.550337727123406;practiceExp;faces\\Jonah.bmp, faces\\Ethan.bmp, faces\\Milla.bmp, faces\\Bobby.bmp, faces\\Britt.bmp, faces\\Olivia.bmp;1;instructions;right;1, 0, 1, 1, 1, 1;faces;1, 0, 1, 1, 1, 1;2x4+1=9 ?, 9/3+5=7 ?, 9/3+4=7 ?, 4x2-5=3 ?, 8/4+2=4 ?, 1+2x4=9 ?;accuracy;2.358556992468948, 3.0551992565269757, 3.347896805480559, 5.741122586132406, 3.2225183975133405, 2.1805295340491284;0.5483870967741935;faces\\Jonah.bmp, faces\\Ethan.bmp, faces\\Britt.bmp, faces\\Bobby.bmp, faces\\Olivia.bmp, faces\\Tanya.bmp;1-7;8;22;5;male;;cheat_first
4;1.0;16.022252901449974;0.8820775650528958;self;0.5;4;4;1, 1, 1, 1;1461852855.453;dotscs_9_10;;1.0;4;1.0;3;10;5;left;3.691999798982579;practiceExp;faces\\Alex.bmp, faces\\Andrea.bmp, faces\\Chloe.bmp, faces\\Shane.bmp;1;instructions;left;0, 0, 0, 0;faces;0, 0, 0, 0;3x2+3=8 ?, 8/4+5=6 ?, 4/2+3=4 ?, 4+9/3=6 ?;accuracy;3.705245582084899, 3.403905078259413, 2.92254182571196, 1.8845431889385509;0.6;faces\\Alex.bmp, faces\\Andrea.bmp, faces\\Chloe.bmp, faces\\Shane.bmp;1-7;8;22;5;male;;cheat_first
4;1.0;11.909658790496906;0.8434489856153959;self;0.5;4;2;1, 1, 1, 1;1461852918.152;dotscs_9_10;;1.0;4;0.5;1;14;5;left;9.215130727257929;experiment;faces\\Thomas.bmp, faces\\Britt.bmp, faces\\Ricky.bmp, faces\\Ethan.bmp;1;instructions;left;0, 0, 1, 1;faces;0, 0, 1, 1;3x3-3=5 ?, 2+6/3=3 ?, 4/2-2=0 ?, 2x2-1=3 ?;accuracy;2.467870446984307, 4.303983785699529, 2.002525433050323, 2.649185285954445;0.5897435897435898;faces\\Thomas.bmp, faces\\Britt.bmp, faces\\Ethan.bmp, faces\\Ricky.bmp;1-7;6;22;2.948717948717949;male;2.948717948717949;cheat_first
7;1.0;25.916107563065452;0.9001487797140726;self;5;6;1;1, 1, 1, 1, 1, 1, 1;1461852961.756;dotscs_9_10;;1.0;7;0.14285714285714285;2;12;0.5;right;6.843674066250969;experiment;faces\\Steve.bmp, faces\\David.bmp, faces\\Jane.bmp, faces\\Mona.bmp, faces\\Leah.bmp, faces\\Noah.bmp, faces\\Micha.bmp;1;instructions;right;0, 0, 1, 0, 0, 1, 0;faces;0, 0, 1, 0, 0, 1, 0;2x2+3=5 ?, 2x4-8=1 ?, 6/2-1=2 ?, 6/2-1=3 ?, 3x3-7=1 ?, 4/2+4=6 ?, 2+2x2=7 ?;accuracy;3.655150630616845, 2.5878515203912684, 3.459170160251233, 4.223857910415973, 1.9099652682161832, 3.5285838251948007, 2.449856918079604;0.5217391304347826;faces\\Steve.bmp, faces\\Jane.bmp, faces\\Mona.bmp, faces\\Micha.bmp, faces\\Noah.bmp, faces\\David.bmp, faces\\Linda.bmp;1-7;7;22;2.608695652173913;male;5.557413600891862;cheat_first
2;0.6666666666666666;14.999573550052446;2.1086966061666317;self;0.5;2;2;1, 1, 0;1461853038.433;dotscs_9_10;;0.9795918367346939;3;0.6666666666666666;3;12;5;left;6.541929408202122;experiment;faces\\Billy.bmp, faces\\Lily.bmp, faces\\Milla.bmp;0;instructions;right;0, 1, 1;faces;0, 1, 0;2x2-1=5 ?, 9/3+3=6 ?, 3x3-5=4 ?;cheat;2.34402018081164, 3.065307005032082, 2.7979221801397216;0.5306122448979592;faces\\Billy.bmp, faces\\Lily.bmp, faces\\Sonya.bmp;1-7;4;22;2.598917117867555;male;8.156330718759417;cheat_first
7;1.0;22.379476751222683;0.6246560973158921;self;5;7;4;1, 1, 1, 1, 1, 1, 1;1461853082.318;dotscs_9_10;;0.9821428571428571;7;0.5714285714285714;4;12;0.5;left;11.442405191861326;experiment;faces\\Rachel.bmp, faces\\Julian.bmp, faces\\Anders.bmp, faces\\Joan.bmp, faces\\Sarah.bmp, faces\\Matt.bmp, faces\\Sonya.bmp;1;instructions;left;1, 1, 1, 0, 1, 1, 0;faces;1, 1, 1, 0, 1, 1, 0;2x3-4=2 ?, 5+9/3=8 ?, 3x2-2=4 ?, 2x2-3=3 ?, 2x4-2=6 ?, 1+6/3=3 ?, 2x2+3=9 ?;cheat;3.719204120534414, 2.801307591093064, 2.776160846304265, 3.36799268417235, 2.1759999631976825, 3.5119791736724437, 4.338677346906479;0.5357142857142857;faces\\Julian.bmp, faces\\Anders.bmp, faces\\Rachel.bmp, faces\\Joan.bmp, faces\\Sarah.bmp, faces\\Matt.bmp, faces\\Sonya.bmp;1-7;11;22;0.2630739795918367;male;8.419404698351254;cheat_first
4;0.8;15.022948669582547;0.9986555324903748;self;5;5;5;0, 1, 1, 1, 1;1461853158.106;dotscs_9_10;;0.9672131147540983;5;1.0;5;10;0.5;right;3.8039310545464105;experiment;faces\\Peter.bmp, faces\\Maria.bmp, faces\\Chris.bmp, faces\\Anders.bmp, faces\\Adam.bmp;1;instructions;right;1, 0, 0, 1, 0;faces;0, 0, 0, 1, 0;6/3+7=9 ?, 7+4/2=8 ?, 2x2-2=0 ?, 8/2-2=2 ?, 4x2-6=0 ?;accuracy;3.251338628153462, 2.7118656424318033, 2.3545211126329377, 2.611202220796258, 2.8819671481360274;0.5737704918032787;faces\\Peter.bmp, faces\\Maria.bmp, faces\\Chris.bmp, faces\\Anders.bmp, faces\\Adam.bmp;1-7;10;22;2.7747917226552;male;11.194196421006454;cheat_first
1;1.0;4.177936506028345;1.1747967019327916;self;5;1;1;1;1461853203.224;dotscs_9_10;;0.967741935483871;1;1.0;6;12;0.5;left;4.22990960676907;experiment;faces\\Ricky.bmp;1;instructions;left;1;faces;1;4x2-5=3 ?;cheat;1.9672695241533802;0.5806451612903226;faces\\Ricky.bmp;1-7;2;22;0.28095733610822066;male;11.475153757114676;cheat_first
5;0.8333333333333334;20.073712846657145;1.7158983371627983;other;5;6;4;1, 1, 1, 1, 0, 1;1461853218.356;dotscs_9_10;;0.9558823529411765;6;0.6666666666666666;7;12;0.5;right;5.3537527949301875;experiment;faces\\Susan.bmp, faces\\Jonah.bmp, faces\\Micha.bmp, faces\\Jake.bmp, faces\\Brian.bmp, faces\\Amber.bmp;0;instructions;left;0, 0, 1, 0, 0, 0;faces;0, 0, 1, 0, 1, 0;2x4-4=6 ?, 2x2-2=0 ?, 2x3-2=4 ?, 9/3-3=2 ?, 1+4x2=8 ?, 8/4+1=4 ?;cheat;2.8919924378569704, 3.5272761633241316, 2.633320640106831, 4.551353775092139, 3.111989649121824, 4.114613466474111;0.5882352941176471;faces\\Susan.bmp, faces\\Jonah.bmp, faces\\Micha.bmp, faces\\Amber.bmp, faces\\Brian.bmp, faces\\Jake.bmp;1-7;10;22;2.8114186851211076;male;11.475153757114676;cheat_first
7;1.0;19.13884254759978;1.0502418201249384;other;5;5;2;1, 1, 1, 1, 1, 1, 1;1461853282.179;dotscs_9_10;;0.96;7;0.2857142857142857;8;10;0.5;right;3.1684558689776168;experiment;faces\\Anna.bmp, faces\\Joseph.bmp, faces\\Sofia.bmp, faces\\John.bmp, faces\\Chloe.bmp, faces\\Chris.bmp, faces\\Ricky.bmp;1;instructions;right;1, 1, 0, 0, 1, 1, 0;faces;1, 1, 0, 0, 1, 1, 0;4/2+7=9 ?, 2x4-3=5 ?, 2x3-1=7 ?, 2x2-2=0 ?, 8/2+3=7 ?, 4/2-1=1 ?, 3x3-7=3 ?;accuracy;2.1965948414072045, 1.9793757480583736, 3.0665675981581444, 1.5832062241170206, 2.1666538082863553, 3.398462444445613, 2.6378505648608552;0.56;faces\\Anna.bmp, faces\\Thomas.bmp, faces\\Sofia.bmp, faces\\Chloe.bmp, faces\\Chris.bmp, faces\\Ricky.bmp, faces\\Ethan.bmp;1-7;7;22;2.6880000000000006;male;11.475153757114676;cheat_first
7;1.0;20.255508282330993;1.2660686694143806;other;5;6;3;1, 1, 1, 1, 1, 1, 1;1461853339.043;dotscs_9_10;;0.9634146341463414;7;0.42857142857142855;9;10;0.5;left;19.298962647233566;experiment;faces\\Simon.bmp, faces\\Fiona.bmp, faces\\Erica.bmp, faces\\Adam.bmp, faces\\Emma.bmp, faces\\Kiki.bmp, faces\\George.bmp;1;instructions;left;0, 1, 1, 0, 0, 0, 0;faces;0, 1, 1, 0, 0, 0, 0;2x2+1=3 ?, 6/2+4=7 ?, 2x3-4=2 ?, 3+2x3=7 ?, 3x3-2=9 ?, 4x2-1=6 ?, 5+4/2=5 ?;cheat;2.471879076489131, 2.57188990584109, 3.1558672788669355, 4.508454679875285, 3.319287499460188, 2.3292593502228556, 3.6352628453460056;0.5487804878048781;faces\\Kiki.bmp, faces\\Fiona.bmp, faces\\Erica.bmp, faces\\George.bmp, faces\\Emma.bmp, faces\\Adam.bmp, faces\\Anna.bmp;1-7;9;22;0.2643515764425937;male;11.475153757114676;cheat_first
4;1.0;10.260381490446889;1.294682222240226;other;0.5;3;3;1, 1, 1, 1;1461853417.546;dotscs_9_10;;0.9651162790697675;4;0.75;10;10;5;right;2.9119237528720987;experiment;faces\\Alex.bmp, faces\\Erin.bmp, faces\\Chloe.bmp, faces\\Amber.bmp;1;instructions;right;1, 0, 0, 0;faces;1, 0, 0, 0;3+2x2=7 ?, 4/2-2=2 ?, 8/4+7=8 ?, 6+4/2=7 ?;cheat;3.0078700364574615, 2.446564582922292, 5.083941275188408, 2.799862969775859;0.5581395348837209;faces\\Alex.bmp, faces\\Erin.bmp, faces\\Chloe.bmp, faces\\Eddie.bmp;1-7;6;22;0.2693347755543537;male;11.475153757114676;cheat_first
2;1.0;2.475102047170367;0.9912979437685863;other;0.5;2;2;1, 1;1461853455.253;dotscs_9_10;;0.9659090909090909;2;1.0;11;12;5;left;2.6140008649344963;experiment;faces\\Kenny.bmp, faces\\Noah.bmp;1;instructions;left;0, 1;faces;0, 1;3x3-9=2 ?, 3x3-7=2 ?;accuracy;2.3479820954707975, 1.661437670711166;0.5681818181818182;faces\\Kenny.bmp, faces\\Noah.bmp;1-7;4;22;2.744059917355372;male;11.475153757114676;cheat_first
2;1.0;3.7132564708917926;1.6493976261772332;other;5;2;2;1, 1;1461853470.807;dotscs_9_10;;0.9666666666666667;2;1.0;12;12;0.5;left;2.7766488749148266;experiment;faces\\Matt.bmp, faces\\Micha.bmp;1;instructions;left;1, 1;faces;1, 1;3x3-7=2 ?, 4+8/4=6 ?;cheat;1.3354313726995315, 2.5606418903371377;0.5777777777777777;faces\\Matt.bmp, faces\\Micha.bmp;1-7;4;22;0.27925925925925926;male;11.475153757114676;cheat_first
4;1.0;15.1900774121641;1.729866430920083;self;0.5;4;4;1, 1, 1, 1;1461853489.871;dotscs_9_10;;0.9680851063829787;4;1.0;13;14;5;right;3.1885478547628736;experiment;faces\\Bruce.bmp, faces\\Hanna.bmp, faces\\Gary.bmp, faces\\Paul.bmp;1;instructions;right;0, 0, 1, 1;faces;0, 0, 1, 1;2x2+2=4 ?, 3x2-6=2 ?, 2x2-1=3 ?, 3x3-2=7 ?;cheat;3.1251717301529425, 2.9191610154666705, 1.9454561669626855, 2.1785767117980868;0.5957446808510638;faces\\Bruce.bmp, faces\\Hanna.bmp, faces\\Gary.bmp, faces\\Paul.bmp;1-7;8;22;0.2883657763693979;male;11.763519533484073;cheat_first
1;1.0;4.709839562805428;1.7277702790233889;self;0.5;1;1;1;1461853531.01;dotscs_9_10;;0.968421052631579;1;1.0;14;10;5;left;6.1111986817923025;experiment;faces\\Julia.bmp;1;instructions;left;1;faces;1;3x3-5=4 ?;accuracy;2.2025297506334027;0.6;faces\\Julia.bmp;1-7;2;22;2.905263157894737;male;14.66878269137881;cheat_first
3;1.0;3.6965612208732637;1.9233140363248822;self;0.5;3;3;1, 1, 1;1461853551.665;dotscs_9_10;;0.9693877551020408;3;1.0;15;12;5;left;1.9598085965226346;experiment;faces\\Rachel.bmp, faces\\Lena.bmp, faces\\Adam.bmp;0;instructions;right;1, 1, 0;faces;1, 1, 0;3+9/3=6 ?, 4/2+6=8 ?, 5+4/2=6 ?;cheat;1.8239756176808442, 2.1338709551819193, 2.063157768076053;0.6122448979591837;faces\\Rachel.bmp, faces\\Lena.bmp, faces\\Adam.bmp;1-7;6;22;2.967513536026656;male;17.636296227405467;cheat_first
5;1.0;14.066864874468592;1.132918255385448;self;5;5;3;1, 1, 1, 1, 1;1461853575.846;dotscs_9_10;;0.970873786407767;5;0.6;16;12;0.5;right;2.2226670356685645;experiment;faces\\Amanda.bmp, faces\\Keith.bmp, faces\\George.bmp, faces\\Angie.bmp, faces\\Lily.bmp;0;instructions;left;0, 1, 1, 1, 0;faces;0, 1, 1, 1, 0;2x3-1=4 ?, 4/2+1=3 ?, 3x3-2=7 ?, 4x2-7=1 ?, 2x2-4=1 ?;cheat;1.7545233775963425, 2.283211249501619, 2.5753064600285143, 2.0313017800472153, 1.916509593884257;0.6116504854368932;faces\\Amanda.bmp, faces\\Keith.bmp, faces\\George.bmp, faces\\Lily.bmp, faces\\Angie.bmp;1-7;8;22;2.969177113771326;male;20.605473341176793;cheat_first
6;1.0;28.4133375848578;1.2102748602592328;self;0.5;5;3;1, 1, 1, 1, 1, 1;1461853615.394;dotscs_9_10;;0.9724770642201835;6;0.5;17;14;5;left;1.8753272693684266;experiment;faces\\Diana.bmp, faces\\Bobby.bmp, faces\\Casper.bmp, faces\\Damon.bmp, faces\\Amanda.bmp, faces\\Mike.bmp;0;instructions;right;1, 1, 0, 0, 1, 0;faces;1, 1, 0, 0, 1, 0;3+9/3=6 ?, 9/3+3=6 ?, 2x2-1=2 ?, 3x2-3=5 ?, 6/3+4=6 ?, 6+8/4=6 ?;cheat;1.792015936844109, 2.527186626528419, 2.0092934237545705, 2.2639785338178626, 2.891828228082886, 3.0311860546244134;0.6055045871559633;faces\\Diana.bmp, faces\\Bobby.bmp, faces\\Casper.bmp, faces\\Amanda.bmp, faces\\Mike.bmp, faces\\Lucas.bmp;1-7;8;22;2.944196616446427;male;23.54966995762322;cheat_first
3;1.0;4.243949542298651;0.8152240153940511;self;5;3;3;1, 1, 1;1461853678.14;dotscs_9_10;;0.9732142857142857;3;1.0;18;12;0.5;right;2.4879649100694223;experiment;faces\\Brian.bmp, faces\\Lulu.bmp, faces\\Lucas.bmp;1;instructions;right;0, 0, 1;faces;0, 0, 1;4/2+6=9 ?, 3x2-4=3 ?, 3x2-2=4 ?;accuracy;2.184523299736611, 1.8959964666610176, 2.1792922983477183;0.6160714285714286;faces\\Brian.bmp, faces\\Lulu.bmp, faces\\Lucas.bmp;1-7;6;22;2.9978475765306123;male;26.547517534153833;cheat_first
2;1.0;8.831619157899695;1.0996827637063689;other;0.5;2;2;1, 1;1461853699.435;dotscs_9_10;;0.9736842105263158;2;1.0;19;14;5;left;3.004490287912631;experiment;faces\\Niclas.bmp, faces\\Tanya.bmp;1;instructions;left;1, 1;faces;1, 1;2x3-2=4 ?, 2x2-1=3 ?;accuracy;2.265329725440097, 2.2532758787856437;0.6228070175438597;faces\\Niclas.bmp, faces\\Tanya.bmp;1-7;4;22;3.0320867959372118;male;26.547517534153833;cheat_first
5;1.0;13.30895467031587;1.1640572412616166;other;0.5;5;5;1, 1, 1, 1, 1;1461853722.43;dotscs_9_10;;0.9747899159663865;5;1.0;20;14;5;left;1.3807670719761518;experiment;faces\\Jacob.bmp, faces\\David.bmp, faces\\Kate.bmp, faces\\Karen.bmp, faces\\Joan.bmp;0;instructions;right;0, 1, 1, 1, 1;faces;0, 1, 1, 1, 1;8/4+2=3 ?, 2x2-3=1 ?, 4/2-1=1 ?, 2+9/3=5 ?, 4x2+1=9 ?;cheat;2.4425170243775938, 1.583941982989927, 2.5672170053367154, 1.6473142146896862, 1.2119112955806486;0.6386554621848739;faces\\Jacob.bmp, faces\\David.bmp, faces\\Kate.bmp, faces\\Karen.bmp, faces\\Joan.bmp;1-7;10;22;3.1127745215733347;male;26.547517534153833;cheat_first
4;1.0;7.354429452436307;1.2500582166103413;other;5;4;4;1, 1, 1, 1;1461853759.373;dotscs_9_10;;0.975609756097561;4;1.0;21;10;0.5;left;1.4500388228698284;experiment;faces\\Karen.bmp, faces\\Mona.bmp, faces\\Damon.bmp, faces\\Eddie.bmp;1;instructions;left;0, 0, 1, 0;faces;0, 0, 1, 0;8/2-1=2 ?, 4+4/2=7 ?, 8/4-2=0 ?, 4+4/2=4 ?;cheat;2.879194338725938, 1.667343560111476, 3.263287012494402, 2.404016910775681;0.6504065040650406;faces\\Karen.bmp, faces\\Mona.bmp, faces\\Damon.bmp, faces\\Eddie.bmp;1-7;8;22;0.3172714653975808;male;26.547517534153833;cheat_first
2;1.0;4.714983858604683;1.3006719860240992;other;5;2;2;1, 1;1461853789.342;dotscs_9_10;;0.976;2;1.0;22;10;0.5;left;1.9451213772117626;experiment;faces\\Benny.bmp, faces\\Molly.bmp;1;instructions;left;1, 1;faces;1, 1;6/3+7=9 ?, 4+2x2=8 ?;cheat;3.1446288186707534, 2.7059717856463976;0.656;faces\\Benny.bmp, faces\\Molly.bmp;1-7;4;22;0.320128;male;26.547517534153833;cheat_first
6;1.0;17.92630697176719;1.4249564879501122;other;5;6;4;1, 1, 1, 1, 1, 1;1461853808.609;dotscs_9_10;;0.9770992366412213;6;0.6666666666666666;23;12;0.5;right;1.6842709687734896;experiment;faces\\Lucas.bmp, faces\\Benny.bmp, faces\\Ella.bmp, faces\\John.bmp, faces\\Leslie.bmp, faces\\Jason.bmp;0;instructions;left;0, 0, 0, 1, 0, 0;faces;0, 0, 0, 1, 0, 0;2x3+3=7 ?, 4/2-2=2 ?, 5+9/3=9 ?, 2x4+1=9 ?, 2+4/2=5 ?, 2x4-8=2 ?;cheat;2.422511036384094, 2.9564879493373155, 1.7092846470222867, 2.6880700892616005, 1.531238785784808, 1.9325554367242148;0.6564885496183206;faces\\Lucas.bmp, faces\\Benny.bmp, faces\\Ella.bmp, faces\\Leslie.bmp, faces\\John.bmp, faces\\Jason.bmp;1-7;10;22;3.207272303478818;male;26.547517534153833;cheat_first
6;1.0;11.445004943987442;0.8929217802324274;other;5;6;2;1, 1, 1, 1, 1, 1;1461853856.472;dotscs_9_10;;0.9781021897810219;6;0.3333333333333333;24;12;0.5;right;1.4392115949085564;experiment;faces\\Oliver.bmp, faces\\Carl.bmp, faces\\Robert.bmp, faces\\Julia.bmp, faces\\Megan.bmp, faces\\Diana.bmp;1;instructions;right;1, 0, 0, 0, 0, 0;faces;1, 0, 0, 0, 0, 0;8/2+1=5 ?, 6/3+5=8 ?, 3x3-9=1 ?, 2x2+4=9 ?, 2x2-1=4 ?, 2x2+1=6 ?;accuracy;2.2232131039381784, 1.477299414578738, 1.9693058668890444, 1.793275114363496, 1.5605792499736708, 3.225185036812036;0.6423357664233577;faces\\Oliver.bmp, faces\\Carl.bmp, faces\\Julia.bmp, faces\\Megan.bmp, faces\\Diana.bmp, faces\\Robert.bmp;1-7;8;22;3.141350098566786;male;26.547517534153833;cheat_first
3;1.0;6.209377015020436;1.7993427362307557;self;0.5;3;3;1, 1, 1;1461853896.175;dotscs_9_10;;0.9785714285714285;3;1.0;25;10;5;right;2.2920173524435086;experiment;faces\\Vicky.bmp, faces\\Jenny.bmp, faces\\Mary.bmp;1;instructions;right;0, 1, 1;faces;0, 1, 1;4+9/3=6 ?, 4/2+4=6 ?, 4/2-1=1 ?;cheat;1.6459800102893496, 2.754502497475187, 3.0752169232328015;0.65;faces\\Vicky.bmp, faces\\Jenny.bmp, faces\\Mary.bmp;1-7;6;22;0.3180357142857143;male;26.865553248439547;cheat_first
2;0.6666666666666666;15.886105305176898;1.0759095062603592;self;5;2;1;1, 0, 1;1461853921.495;dotscs_9_10;;0.972027972027972;3;0.3333333333333333;26;14;0.5;right;2.336626494256052;experiment;faces\\Joan.bmp, faces\\Joshua.bmp, faces\\Linda.bmp;0;instructions;left;1, 1, 0;faces;1, 0, 0;9/3-1=2 ?, 9/3+4=7 ?, 4+9/3=8 ?;cheat;3.5771768234881165, 3.2571677211708447, 2.1099462283782486;0.6433566433566433;faces\\Britt.bmp, faces\\Joan.bmp, faces\\Linda.bmp;1-7;3;22;3.126803266663406;male;29.99235651510295;cheat_first
3;1.0;4.326512729443493;1.0167631988915673;self;0.5;3;3;1, 1, 1;1461853957.268;dotscs_9_10;;0.9726027397260274;3;1.0;27;14;5;left;0.9336100598302437;experiment;faces\\Joseph.bmp, faces\\Eric.bmp, faces\\Greg.bmp;0;instructions;right;0, 0, 1;faces;0, 0, 1;3+3x2=8 ?, 6+9/3=7 ?, 3x3-6=3 ?;cheat;3.0752420501594315, 1.447347056644503, 1.932002644341992;0.6506849315068494;faces\\Joseph.bmp, faces\\Eric.bmp, faces\\Greg.bmp;1-7;6;22;3.164289735410021;male;33.15664625051297;cheat_first
5;1.0;23.14876697571526;1.2334847083220666;self;5;5;5;1, 1, 1, 1, 1;1461853977.923;dotscs_9_10;;0.9735099337748344;5;1.0;28;10;0.5;right;1.8454541851206159;experiment;faces\\Lena.bmp, faces\\Cindy.bmp, faces\\Greg.bmp, faces\\Daniel.bmp, faces\\Polly.bmp;0;instructions;left;0, 1, 0, 0, 1;faces;0, 1, 0, 0, 1;8/4+5=5 ?, 2x2+4=8 ?, 3+2x2=8 ?, 3x3-7=3 ?, 2x3-3=3 ?;cheat;1.6239093675321783, 1.8459273499138362, 2.5634536287871015, 2.131911762728123, 3.005855635543412;0.6622516556291391;faces\\Lena.bmp, faces\\Cindy.bmp, faces\\Greg.bmp, faces\\Daniel.bmp, faces\\Polly.bmp;1-7;10;22;3.2235428270689885;male;36.38018907758196;cheat_first
4;1.0;7.815112182877783;1.2656404499612108;self;5;4;4;1, 1, 1, 1;1461854026.863;dotscs_9_10;;0.9741935483870968;4;1.0;29;12;0.5;right;2.148694072238868;experiment;faces\\Leah.bmp, faces\\Cindy.bmp, faces\\Kiki.bmp, faces\\Ella.bmp;0;instructions;left;1, 1, 1, 0;faces;1, 1, 1, 0;8/2-1=3 ?, 1+2x3=7 ?, 9/3-2=1 ?, 5+6/2=6 ?;cheat;2.3979783087379474, 2.5253905821446097, 3.423260951272823, 2.493288279456465;0.6709677419354839;faces\\Leah.bmp, faces\\Cindy.bmp, faces\\Kiki.bmp, faces\\Ella.bmp;1-7;8;22;3.2682622268470345;male;39.648451304428995;cheat_first
1;1.0;2.093912064254255;0.9334320479429152;self;5;1;1;1;1461854058.594;dotscs_9_10;;0.9743589743589743;1;1.0;30;14;0.5;right;1.4379120727462578;experiment;faces\\Justin.bmp;0;instructions;left;1;faces;1;6/2+3=6 ?;cheat;2.560635166228167;0.6730769230769231;faces\\Justin.bmp;1-7;2;22;3.2790927021696255;male;42.92754400659862;cheat_first
3;1.0;4.4778065538084775;1.0001585473655723;other;5;3;3;1, 1, 1;1461854069.016;dotscs_9_10;;0.9748427672955975;3;1.0;31;10;0.5;right;1.6301058091339655;experiment;faces\\Olga.bmp, faces\\Susan.bmp, faces\\Donald.bmp;0;instructions;left;0, 1, 0;faces;0, 1, 0;3x3-1=6 ?, 3+2x2=7 ?, 8/2-4=1 ?;cheat;2.4953040959735517, 3.1386461328947917, 2.972016035932029;0.6792452830188679;faces\\Olga.bmp, faces\\Susan.bmp, faces\\Donald.bmp;1-7;6;22;3.3107867568529725;male;42.92754400659862;cheat_first
7;1.0;23.270857649240497;1.4139738977246452;other;0.5;7;5;1, 1, 1, 1, 1, 1, 1;1461854096.192;dotscs_9_10;;0.9759036144578314;7;0.7142857142857143;32;10;5;left;1.904164487230446;experiment;faces\\Kenny.bmp, faces\\Eddie.bmp, faces\\Molly.bmp, faces\\Eric.bmp, faces\\Oliver.bmp, faces\\Emily.bmp, faces\\Jenny.bmp;0;instructions;right;0, 0, 0, 0, 0, 1, 0;faces;0, 0, 0, 0, 0, 1, 0;3x3-4=3 ?, 2+6/2=7 ?, 8/2-3=3 ?, 8/4+4=8 ?, 4/2-2=1 ?, 3x3-4=5 ?, 9/3+1=3 ?;cheat;3.7231455089713563, 2.1492571277303796, 3.0058446646326047, 2.2605304825010535, 1.5772136291307106, 1.993188125652523, 2.840503826722852;0.6807228915662651;faces\\Kenny.bmp, faces\\Eddie.bmp, faces\\Molly.bmp, faces\\Eric.bmp, faces\\Oliver.bmp, faces\\Jenny.bmp, faces\\Emily.bmp;1-7;12;22;3.3215996516185227;male;42.92754400659862;cheat_first
5;1.0;11.043697848355805;1.1764497705662507;other;5;5;5;1, 1, 1, 1, 1;1461854156.224;dotscs_9_10;;0.9766081871345029;5;1.0;33;14;0.5;right;3.66399672429543;experiment;faces\\Fiona.bmp, faces\\Mona.bmp, faces\\Nana.bmp, faces\\Donna.bmp, faces\\Paul.bmp;0;instructions;left;1, 1, 0, 0, 1;faces;1, 1, 0, 0, 1;3+4/2=5 ?, 2+2x3=8 ?, 6+8/4=6 ?, 5+2x2=8 ?, 4x2-5=3 ?;cheat;2.7245458927391155, 3.4146243666073133, 1.7094254993717186, 2.9440561370902287, 1.9533959217915253;0.6900584795321637;faces\\Fiona.bmp, faces\\Mona.bmp, faces\\Nana.bmp, faces\\Donna.bmp, faces\\Paul.bmp;1-7;10;22;3.3695838035634895;male;42.92754400659862;cheat_first
6;1.0;17.56535867448838;0.8167815309279831;other;5;5;5;1, 1, 1, 1, 1, 1;1461854197.019;dotscs_9_10;;0.9774011299435028;6;0.8333333333333334;34;12;0.5;right;2.813415584500035;experiment;faces\\Erica.bmp, faces\\Lisa.bmp, faces\\Kevin.bmp, faces\\Nina.bmp, faces\\Billy.bmp, faces\\Tina.bmp;0;instructions;left;0, 1, 1, 1, 1, 1;faces;0, 1, 1, 1, 1, 1;2x3-3=5 ?, 2x2-3=1 ?, 9/3+5=8 ?, 6/3+6=8 ?, 4/2+3=5 ?, 2x4-3=5 ?;cheat;2.9025758284624317, 3.59331857333018, 1.4486310071952175, 1.6693147851765389, 2.2653042446108884, 2.7896532979648327;0.6949152542372882;faces\\Erica.bmp, faces\\Lisa.bmp, faces\\Kevin.bmp, faces\\Nina.bmp, faces\\Billy.bmp, faces\\Jenny.bmp;1-7;10;22;3.3960547735325095;male;42.92754400659862;cheat_first
7;1.0;13.097104953401868;1.3413751294392569;other;5;7;7;1, 1, 1, 1, 1, 1, 1;1461854246.442;dotscs_9_10;;0.9782608695652174;7;1.0;35;12;0.5;right;3.3627301856504346;experiment;faces\\Robert.bmp, faces\\Nicole.bmp, faces\\Nana.bmp, faces\\Lucas.bmp, faces\\Brian.bmp, faces\\Susan.bmp, faces\\Donald.bmp;0;instructions;left;1, 0, 1, 1, 0, 0, 1;faces;1, 0, 1, 1, 0, 0, 1;4/2-2=0 ?, 2x2-3=0 ?, 9/3+6=9 ?, 3x2-6=0 ?, 1+2x3=6 ?, 2x2+3=9 ?, 2x2-4=0 ?;cheat;1.8447746964047838, 1.7692229834210593, 1.7052431047814025, 1.6759652809560066, 2.455973024298146, 2.364621075332252, 2.548534250832745;0.7065217391304348;faces\\Robert.bmp, faces\\Nicole.bmp, faces\\Nana.bmp, faces\\Lucas.bmp, faces\\Brian.bmp, faces\\Susan.bmp, faces\\Donald.bmp;1-7;14;22;3.4558128544423443;male;42.92754400659862;cheat_first
2;1.0;3.3893611885978316;0.8767520722612971;other;5;2;2;1, 1;1461854294.461;dotscs_9_10;;0.978494623655914;2;1.0;36;14;0.5;right;1.9524032312510826;experiment;faces\\Kate.bmp, faces\\Shane.bmp;0;instructions;left;1, 1;faces;1, 1;3x2+3=9 ?, 9/3-1=2 ?;cheat;3.0366874358987843, 2.6579871420908603;0.7096774193548387;faces\\Kate.bmp, faces\\Shane.bmp;1-7;4;22;3.4720776968435656;male;42.92754400659862;cheat_first
7;1.0;14.547610216959583;0.7474945623216627;self;5;7;5;1, 1, 1, 1, 1, 1, 1;1461854312.059;dotscs_9_10;;0.9792746113989638;7;0.7142857142857143;37;14;0.5;right;3.851922776106221;experiment;faces\\Paul.bmp, faces\\Scott.bmp, faces\\Amber.bmp, faces\\Niclas.bmp, faces\\Olivia.bmp, faces\\Joshua.bmp, faces\\Daniel.bmp;1;instructions;right;0, 1, 0, 0, 0, 0, 1;faces;0, 1, 0, 0, 0, 0, 1;3x2-1=3 ?, 4/2+1=3 ?, 8/2-4=2 ?, 3x2-2=6 ?, 5+9/3=7 ?, 6/2+6=8 ?, 3x3-6=3 ?;accuracy;1.7258592170182965, 2.6478917800959607, 2.237258347980969, 2.3385021662252257, 1.9799922425045224, 3.3318810441778623, 1.5018689478638407;0.7098445595854922;faces\\Paul.bmp, faces\\Scott.bmp, faces\\Amber.bmp, faces\\Niclas.bmp, faces\\Olivia.bmp, faces\\Daniel.bmp, faces\\Joshua.bmp;1-7;12;22;3.475663776208757;male;46.40320778280738;cheat_first
6;1.0;13.65834175026248;0.7503689411387313;self;0.5;6;6;1, 1, 1, 1, 1, 1;1461854362.527;dotscs_9_10;;0.9798994974874372;6;1.0;38;10;5;right;2.1479650374749326;experiment;faces\\Nathan.bmp, faces\\Kenny.bmp, faces\\Mark.bmp, faces\\James.bmp, faces\\Lucia.bmp, faces\\Kurt.bmp;1;instructions;right;0, 0, 1, 0, 0, 0;faces;0, 0, 1, 0, 0, 0;9/3-1=1 ?, 3x3-3=4 ?, 2x4-3=5 ?, 2x2-4=2 ?, 3x3-7=4 ?, 2+4/2=6 ?;cheat;3.48184844995194, 1.7419029364536982, 1.7512087467184756, 1.5359828202599601, 1.39331602524544, 2.808485398421908;0.7185929648241206;faces\\Nathan.bmp, faces\\Kenny.bmp, faces\\Mark.bmp, faces\\James.bmp, faces\\Lucia.bmp, faces\\Kurt.bmp;1-7;12;22;0.3520744425645817;male;46.75528222537196;cheat_first
1;1.0;1.0538576202197873;1.211118558749149;self;5;1;1;1;1461854408.565;dotscs_9_10;;0.98;1;1.0;39;14;0.5;right;2.273325750429649;experiment;faces\\Carl.bmp;0;instructions;left;0;faces;0;7+8/4=8 ?;cheat;2.731198158020561;0.72;faces\\Carl.bmp;1-7;2;22;3.528;male;50.283282225371956;cheat_first
6;1.0;7.8103086931369035;0.9422119622577156;self;0.5;6;4;1, 1, 1, 1, 1, 1;1461854419.61;dotscs_9_10;;0.9805825242718447;6;0.6666666666666666;40;10;5;left;1.8081024782222812;experiment;faces\\Shane.bmp, faces\\Steve.bmp, faces\\Lana.bmp, faces\\Olga.bmp, faces\\Kelly.bmp, faces\\Rachel.bmp;0;instructions;right;0, 1, 0, 1, 1, 1;faces;0, 1, 0, 1, 1, 1;6+9/3=8 ?, 3x3-3=6 ?, 9/3-1=3 ?, 6/2-1=2 ?, 3x3-8=1 ?, 6/2+5=8 ?;cheat;1.7672071669076104, 2.975189106662583, 2.879183721717709, 2.163147717306856, 1.5159824946713343, 2.557867665327649;0.7184466019417476;faces\\Shane.bmp, faces\\Steve.bmp, faces\\Lana.bmp, faces\\Olga.bmp, faces\\Rachel.bmp, faces\\Kelly.bmp;1-7;10;22;3.52248091243284;male;53.805763137804796;cheat_first
4;1.0;11.049784580842243;0.8134605298473616;self;5;3;3;1, 1, 1, 1;1461854459.579;dotscs_9_10;;0.9809523809523809;4;0.75;41;14;0.5;right;2.0999032436375273;experiment;faces\\Diana.bmp, faces\\Emily.bmp, faces\\Lisa.bmp, faces\\Eric.bmp;0;instructions;left;1, 0, 0, 0;faces;1, 0, 0, 0;6/2+6=9 ?, 3x3-8=0 ?, 4/2+5=5 ?, 2x2-3=2 ?;cheat;3.8246331645677856, 1.7667007354757516, 1.9746189731631603, 1.50256117698882;0.719047619047619;faces\\Diana.bmp, faces\\Emily.bmp, faces\\Rachel.bmp, faces\\Eric.bmp;1-7;6;22;3.5267573696145122;male;57.33252050741931;cheat_first
1;1.0;3.1878170504969603;0.9659738948939776;self;0.5;1;1;1;1461854499.548;dotscs_9_10;;0.981042654028436;1;1.0;42;14;5;left;3.3859244620907702;experiment;faces\\Kurt.bmp;1;instructions;left;1;faces;1;1+6/3=3 ?;accuracy;1.5859418739892135;0.7203791469194313;faces\\Kurt.bmp;1-7;2;22;3.5336133510028978;male;60.86613385842221;cheat_first
6;1.0;12.97630318503434;0.7668122140930791;other;0.5;6;4;1, 1, 1, 1, 1, 1;1461854512.107;dotscs_9_10;;0.9815668202764977;6;0.6666666666666666;43;14;5;left;2.1346973125509976;experiment;faces\\Linda.bmp, faces\\Keith.bmp, faces\\Jonah.bmp, faces\\Cindy.bmp, faces\\Polly.bmp, faces\\Megan.bmp;1;instructions;left;0, 0, 1, 0, 1, 0;faces;0, 0, 1, 0, 1, 0;8/4+7=8 ?, 9/3-2=2 ?, 2x2-1=3 ?, 3+2x2=6 ?, 8/2+4=8 ?, 3x3-1=7 ?;accuracy;3.1664570396787894, 2.9585126133642916, 1.9752637796445924, 1.4552970745862694, 2.091991800836695, 1.815268252939859;0.7188940092165899;faces\\Linda.bmp, faces\\Keith.bmp, faces\\Jonah.bmp, faces\\Cindy.bmp, faces\\Megan.bmp, faces\\Polly.bmp;1-7;10;22;3.5282125337127566;male;60.86613385842221;cheat_first
7;1.0;24.769348971956788;0.8351273722801125;other;0.5;5;3;1, 1, 1, 1, 1, 1, 1;1461854555.336;dotscs_9_10;;0.9821428571428571;7;0.42857142857142855;44;10;5;left;2.2326172985085577;experiment;faces\\Lena.bmp, faces\\Ethan.bmp, faces\\Timmy.bmp, faces\\Lisa.bmp, faces\\Jacob.bmp, faces\\Ella.bmp, faces\\Liam.bmp;0;instructions;right;1, 1, 0, 1, 0, 1, 0;faces;1, 1, 0, 1, 0, 1, 0;2x4+1=9 ?, 2x2-2=2 ?, 2x2+5=8 ?, 4+2x2=8 ?, 2x4-7=3 ?, 4/2-2=0 ?, 3x3-3=7 ?;cheat;1.351936224320525, 2.8485380729543976, 2.6618481951409194, 1.4825491726878681, 1.7665513895190088, 1.9592292616143823, 2.143918186728115;0.7098214285714286;faces\\Lena.bmp, faces\\Lisa.bmp, faces\\Timmy.bmp, faces\\Ella.bmp, faces\\Jacob.bmp, faces\\Rachel.bmp, faces\\Tony.bmp;1-7;8;22;3.485730229591837;male;60.86613385842221;cheat_first
4;1.0;5.440402115757024;0.7425357103202259;other;0.5;4;4;1, 1, 1, 1;1461854613.995;dotscs_9_10;;0.9824561403508771;4;1.0;45;10;5;left;1.772040384279535;experiment;faces\\Timmy.bmp, faces\\Lucia.bmp, faces\\Sonya.bmp, faces\\Megan.bmp;1;instructions;left;1, 0, 0, 0;faces;1, 0, 0, 0;4+8/4=6 ?, 4/2-1=3 ?, 2x2-1=4 ?, 3x2+2=9 ?;accuracy;1.6125541202127351, 2.4991782433389744, 1.3745543509576237, 4.214594214296085;0.7149122807017544;faces\\Timmy.bmp, faces\\Lucia.bmp, faces\\Sonya.bmp, faces\\Megan.bmp;1-7;8;22;3.5118497999384424;male;60.86613385842221;cheat_first
3;1.0;5.759158056862361;0.6334632619582408;other;0.5;3;3;1, 1, 1;1461854641.249;dotscs_9_10;;0.9826839826839827;3;1.0;46;14;5;left;1.5746768712670018;experiment;faces\\George.bmp, faces\\Ethan.bmp, faces\\David.bmp;0;instructions;right;1, 0, 0;faces;1, 0, 0;3x3-1=8 ?, 2x3-2=3 ?, 2+2x3=9 ?;cheat;1.9240681980154477, 2.0218795365581173, 3.107900684230117;0.7186147186147186;faces\\George.bmp, faces\\Ethan.bmp, faces\\David.bmp;1-7;6;22;3.530855868518206;male;60.86613385842221;cheat_first
2;1.0;4.224978358990484;0.9910155312718416;other;0.5;2;2;1, 1;1461854663.792;dotscs_9_10;;0.9828326180257511;2;1.0;47;10;5;left;1.0300447259287466;experiment;faces\\Kelly.bmp, faces\\Olivia.bmp;0;instructions;right;1, 1;faces;1, 1;3x2-2=4 ?, 4x2-3=5 ?;cheat;3.0497835191417835, 2.36721693455911;0.721030042918455;faces\\Kelly.bmp, faces\\Olivia.bmp;1-7;4;22;3.5432592237838234;male;60.86613385842221;cheat_first
2;1.0;6.635089434163092;1.2319958494554157;other;5;2;2;1, 1;1461854682.061;dotscs_9_10;;0.9829787234042553;2;1.0;48;10;0.5;left;2.5273154462629464;experiment;faces\\Jake.bmp, faces\\Julian.bmp;1;instructions;left;1, 0;faces;1, 0;2+9/3=5 ?, 2+8/4=3 ?;cheat;2.400488877970929, 2.479258253133594;0.723404255319149;faces\\Jake.bmp, faces\\Julian.bmp;1-7;4;22;0.3555454956994115;male;60.86613385842221;cheat_first
1;1.0;1.6145161438726063;0.9986629643972265;self;0.5;1;1;1;1461854706.523;dotscs_9_10;;0.9830508474576272;1;1.0;49;12;5;left;0.5691839835999417;experiment;faces\\Anders.bmp;0;instructions;right;0;faces;0;9/3-2=3 ?;cheat;4.014493635808321;0.7245762711864406;faces\\Anders.bmp;1-7;2;22;3.56147658718759;male;64.4276104456098;cheat_first
5;1.0;24.045500616848585;0.9830895785562461;self;5;5;3;1, 1, 1, 1, 1;1461854719.471;dotscs_9_10;;0.983402489626556;5;0.6;50;14;0.5;right;1.8739180380871403;experiment;faces\\Bobby.bmp, faces\\Jeff.bmp, faces\\Damon.bmp, faces\\Tanya.bmp, faces\\Regina.bmp;0;instructions;left;1, 0, 1, 1, 0;faces;1, 0, 1, 1, 0;4/2+2=4 ?, 9/3-1=4 ?, 2x4-8=0 ?, 2x4-3=5 ?, 5+2x2=8 ?;cheat;1.4652898054737307, 2.4053404981641506, 1.6678910439841275, 1.6399261905353342, 1.6132760769723973;0.7219917012448133;faces\\Bobby.bmp, faces\\Jeff.bmp, faces\\Damon.bmp, faces\\Regina.bmp, faces\\Tanya.bmp;1-7;8;22;3.5500421824693094;male;67.97765262807911;cheat_first
1;1.0;2.834109908715618;1.044085723162425;self;0.5;1;1;1;1461854768.411;dotscs_9_10;;0.9834710743801653;1;1.0;51;12;5;left;1.846732827161759;experiment;faces\\Anna.bmp;0;instructions;right;0;faces;0;6/3+5=5 ?;cheat;2.5452121880443883;0.7231404958677686;faces\\Anna.bmp;1-7;2;22;3.555938801994399;male;71.53359143007351;cheat_first
4;1.0;11.284369211516605;0.8928315356388339;self;0.5;4;4;1, 1, 1, 1;1461854780.267;dotscs_9_10;;0.983739837398374;4;1.0;52;12;5;left;2.223360326494003;experiment;faces\\Donna.bmp, faces\\Jonah.bmp, faces\\Angie.bmp, faces\\Mark.bmp;0;instructions;right;0, 1, 0, 1;faces;0, 1, 0, 1;3x3-9=2 ?, 7+4/2=9 ?, 4/2+2=6 ?, 6/2-2=1 ?;cheat;2.1792922983477183, 2.6511940244636207, 1.3278978954986087, 2.4578678068864974;0.7276422764227642;faces\\Donna.bmp, faces\\Jonah.bmp, faces\\Angie.bmp, faces\\Mark.bmp;1-7;8;22;3.579053473461564;male;75.11264490353508;cheat_first
3;1.0;7.375084847612015;0.7757750948985631;self;5;3;3;1, 1, 1;1461854812.826;dotscs_9_10;;0.9839357429718876;3;1.0;53;10;0.5;right;2.6059836059175723;experiment;faces\\Tina.bmp, faces\\Sarah.bmp, faces\\Lana.bmp;1;instructions;right;1, 0, 0;faces;1, 0, 0;2+6/2=5 ?, 3x3-1=9 ?, 9/3+4=8 ?;accuracy;2.755320007334376, 2.2121285904104298, 2.714591383093648;0.7309236947791165;faces\\Tina.bmp, faces\\Sarah.bmp, faces\\Lana.bmp;1-7;6;22;3.5959097433912355;male;78.70855464692632;cheat_first
5;1.0;19.307373089555767;0.9468930024704605;self;0.5;4;4;1, 1, 1, 1, 1;1461854840.049;dotscs_9_10;;0.984251968503937;5;0.8;54;10;5;left;13.509062326811545;experiment;faces\\Matt.bmp, faces\\Liam.bmp, faces\\Jane.bmp, faces\\Alex.bmp, faces\\Emma.bmp;0;instructions;right;1, 1, 1, 1, 0;faces;1, 1, 1, 1, 0;6/3+6=8 ?, 8/2-2=2 ?, 4+8/2=8 ?, 9/3+4=7 ?, 6/3+3=6 ?;cheat;6.24788385273132, 3.2605322520030313, 2.3052461483275692, 4.259846746983385, 3.568508741693222;0.7322834645669292;faces\\Matt.bmp, faces\\Liam.bmp, faces\\Jane.bmp, faces\\Alex.bmp, faces\\Noah.bmp;1-7;8;22;3.6037572075144153;male;82.31231185444074;cheat_first
4;1.0;6.93828119083264;0.8158645750700089;other;5;4;4;1, 1, 1, 1;1461854904.964;dotscs_9_10;;0.9844961240310077;4;1.0;55;10;0.5;right;1.41063378601757;experiment;faces\\Daniel.bmp, faces\\Nathan.bmp, faces\\Andre.bmp, faces\\Jeff.bmp;0;instructions;left;1, 1, 1, 1;faces;1, 1, 1, 1;8/4+6=8 ?, 1+6/3=3 ?, 3+2x2=7 ?, 3x3-2=7 ?;cheat;2.2946064875613956, 1.6019003034343768, 2.720515675311617, 1.6026254452954163;0.7364341085271318;faces\\Daniel.bmp, faces\\Nathan.bmp, faces\\Andre.bmp, faces\\Jeff.bmp;1-7;8;22;3.6250826272459586;male;82.31231185444074;cheat_first
5;1.0;13.785577781283791;0.7923379861822468;other;0.5;5;5;1, 1, 1, 1, 1;1461854932.936;dotscs_9_10;;0.9847908745247148;5;1.0;56;14;5;left;3.311859130666562;experiment;faces\\Olivia.bmp, faces\\Noah.bmp, faces\\Niclas.bmp, faces\\Chloe.bmp, faces\\Joshua.bmp;1;instructions;left;1, 1, 1, 1, 1;faces;1, 1, 1, 1, 1;1+8/4=3 ?, 2+6/3=4 ?, 2+2x2=6 ?, 3x2-5=1 ?, 2+2x2=6 ?;accuracy;1.3632210454634333, 2.083425642344082, 2.014533626552293, 2.061154338072811, 1.793322537014319;0.7414448669201521;faces\\Olivia.bmp, faces\\Noah.bmp, faces\\Niclas.bmp, faces\\Chloe.bmp, faces\\Joshua.bmp;1-7;10;22;3.650840694530787;male;82.31231185444074;cheat_first
6;1.0;14.560255785032496;0.7588381309251417;other;5;6;4;1, 1, 1, 1, 1, 1;1461854971.906;dotscs_9_10;;0.9851301115241635;6;0.6666666666666666;57;10;0.5;right;1.3999566118145594;experiment;faces\\Leah.bmp, faces\\Donald.bmp, faces\\Kristen.bmp, faces\\Eddie.bmp, faces\\Bruce.bmp, faces\\Simon.bmp;1;instructions;right;1, 0, 1, 0, 0, 1;faces;1, 0, 1, 0, 0, 1;2x3-1=5 ?, 4/2+7=8 ?, 2x4-2=6 ?, 2x2-2=4 ?, 9/3+4=5 ?, 8/2+3=7 ?;accuracy;1.9959124507113302, 1.9152875759027665, 1.8612236317676434, 1.8899426469033642, 2.845183097437257, 2.306540008081356;0.7397769516728625;faces\\Leah.bmp, faces\\Donald.bmp, faces\\Kristen.bmp, faces\\Eddie.bmp, faces\\Simon.bmp, faces\\Bruce.bmp;1-7;10;22;3.6438827545224637;male;82.31231185444074;cheat_first
4;1.0;6.301274324458063;0.7834494244525558;other;0.5;4;2;1, 1, 1, 1;1461855015.994;dotscs_9_10;;0.9853479853479854;4;0.5;58;14;5;left;1.2863535308970313;experiment;faces\\Steve.bmp, faces\\Liam.bmp, faces\\Kristen.bmp, faces\\Nana.bmp;0;instructions;right;0, 0, 1, 1;faces;0, 0, 1, 1;2x2-1=5 ?, 2x2+3=5 ?, 1+4/2=3 ?, 4x2-6=2 ?;cheat;2.2478725279179343, 2.0446084340110247, 3.329853195045871, 1.8039292850444326;0.7362637362637363;faces\\Steve.bmp, faces\\Liam.bmp, faces\\Nana.bmp, faces\\Kristen.bmp;1-7;6;22;3.627379946061265;male;82.31231185444074;cheat_first
1;1.0;3.3379015972932393;0.7429388028394897;other;5;1;1;1;1461855043.311;dotscs_9_10;;0.9854014598540146;1;1.0;59;12;0.5;right;5.025941605024855;experiment;faces\\Jane.bmp;1;instructions;right;1;faces;1;4x2-7=1 ?;accuracy;2.3079156188287016;0.7372262773722628;faces\\Jane.bmp;1-7;2;22;3.6323192498268417;male;82.31231185444074;cheat_first
6;1.0;22.024916355647292;0.783709187322529;other;0.5;5;4;1, 1, 1, 1, 1, 1;1461855058.162;dotscs_9_10;;0.9857142857142858;6;0.6666666666666666;60;10;5;left;4.8592368350837205;experiment;faces\\Scott.bmp, faces\\Jenny.bmp, faces\\Nicole.bmp, faces\\Lulu.bmp, faces\\Kiki.bmp, faces\\Hanna.bmp;0;instructions;right;0, 0, 1, 0, 1, 1;faces;0, 0, 1, 0, 1, 1;4/2-2=1 ?, 8/4+2=5 ?, 7+6/3=9 ?, 4+4/2=8 ?, 3x3-4=5 ?, 7+6/3=9 ?;cheat;2.637976907295524, 3.0112908374503604, 2.6179305746591126, 1.7919214454414032, 2.3591993216432456, 1.5998841330183495;0.7357142857142858;faces\\Scott.bmp, faces\\Jenny.bmp, faces\\Hanna.bmp, faces\\Lulu.bmp, faces\\Kiki.bmp, faces\\Kristen.bmp;1-7;9;22;3.626020408163266;male;82.31231185444074;cheat_first
5;1.0;8.653727951121255;0.9318440969764197;self;0.5;5;5;1, 1, 1, 1, 1;1461855113.529;dotscs_9_10;;0.9859649122807017;5;1.0;61;12;5;left;1.5853278568429232;experiment;faces\\Julian.bmp, faces\\Linda.bmp, faces\\Andrea.bmp, faces\\Haley.bmp, faces\\Erin.bmp;0;instructions;right;0, 0, 1, 0, 1;faces;0, 0, 1, 0, 1;2x3+2=9 ?, 9/3-2=0 ?, 9/3-3=0 ?, 3x3-6=4 ?, 8/2-2=2 ?;cheat;1.891993145658489, 3.1912205103653832, 1.6225323411854333, 1.2845751815330004, 1.7279854504486138;0.7403508771929824;faces\\Julian.bmp, faces\\Linda.bmp, faces\\Andrea.bmp, faces\\Haley.bmp, faces\\Erin.bmp;1-7;10;22;3.649799938442597;male;85.96211179288333;cheat_first
1;1.0;1.8100223877372628;0.883492458739056;self;5;1;1;1;1461855146.353;dotscs_9_10;;0.986013986013986;1;1.0;62;14;0.5;right;3.2285170088071027;experiment;faces\\Regina.bmp;0;instructions;left;0;faces;0;3x3-1=6 ?;cheat;1.913318474238622;0.7412587412587412;faces\\Regina.bmp;1-7;2;22;3.654457430681207;male;89.61656922356454;cheat_first
3;1.0;6.033735906799848;0.8599842726653151;self;5;3;3;1, 1, 1;1461855158.054;dotscs_9_10;;0.986159169550173;3;1.0;63;14;0.5;right;2.715862593227939;experiment;faces\\Casper.bmp, faces\\John.bmp, faces\\Erica.bmp;1;instructions;right;1, 0, 1;faces;1, 0, 1;2x2-3=1 ?, 2x2+4=6 ?, 5+9/3=8 ?;accuracy;2.2786551361205056, 3.5787219525118417, 1.7627221875009127;0.7439446366782007;faces\\Casper.bmp, faces\\John.bmp, faces\\Erica.bmp;1-7;6;22;3.6682391254893973;male;93.28480834905393;cheat_first
7;1.0;22.17613904603786;0.8001354730622552;self;5;7;4;1, 1, 1, 1, 1, 1, 1;1461855185.168;dotscs_9_10;;0.9864864864864865;7;0.5714285714285714;64;14;0.5;right;2.348511530428368;experiment;faces\\Thomas.bmp, faces\\Tina.bmp, faces\\Andrea.bmp, faces\\Donna.bmp, faces\\Jake.bmp, faces\\James.bmp, faces\\Lana.bmp;0;instructions;left;0, 1, 0, 0, 0, 1, 1;faces;0, 1, 0, 0, 0, 1, 1;9/3+2=3 ?, 9/3+4=7 ?, 3+8/4=4 ?, 3+2x2=6 ?, 4/2+6=6 ?, 6/2+6=9 ?, 8/4+7=9 ?;cheat;2.9547237559891073, 1.275275033673097, 1.863275900021108, 1.6432139249882312, 1.8246006057343038, 2.0065644979877106, 1.5332100108498707;0.7398648648648649;faces\\Thomas.bmp, faces\\Tina.bmp, faces\\Andrea.bmp, faces\\Donna.bmp, faces\\Lana.bmp, faces\\Jake.bmp, faces\\James.bmp;1-7;11;22;3.6493334550766985;male;96.93414180413063;cheat_first
6;0.8571428571428571;15.519605726673035;0.8156221533135977;self;5;7;5;1, 0, 1, 1, 1, 1, 1;1461855240.379;dotscs_9_10;;0.9834983498349835;7;0.7142857142857143;65;14;0.5;right;1.7453279842484335;experiment;faces\\Kristen.bmp, faces\\Justin.bmp, faces\\Carl.bmp, faces\\Gary.bmp, faces\\Lulu.bmp, faces\\Mary.bmp, faces\\Shane.bmp;0;instructions;left;0, 1, 1, 0, 1, 1, 1;faces;0, 0, 1, 0, 1, 1, 1;3x3-4=4 ?, 8/4-1=1 ?, 5+2x2=9 ?, 7+4/2=8 ?, 5+2x2=9 ?, 4/2+6=8 ?, 9/3+2=5 ?;cheat;2.3206015315372497, 1.522631928750343, 1.6766284902550979, 1.512550722771266, 1.5792704980849521, 1.8271996500625391, 2.6252644520500326;0.7392739273927392;faces\\Kristen.bmp, faces\\Justin.bmp, faces\\Carl.bmp, faces\\Gary.bmp, faces\\Lulu.bmp, faces\\Shane.bmp, faces\\Mary.bmp;1-7;12;22;3.6353734383339322;male;100.56951524246456;cheat_first
2;1.0;3.2499028543461463;0.8080101102277695;self;0.5;2;2;1, 1;1461855287.118;dotscs_9_10;;0.9836065573770492;2;1.0;66;12;5;left;2.0781592509192706;experiment;faces\\Oliver.bmp, faces\\Britt.bmp;0;instructions;right;0, 0;faces;0, 0;5+6/2=7 ?, 9/3+6=7 ?;cheat;1.8353326344949892, 1.9607290913882025;0.740983606557377;faces\\Oliver.bmp, faces\\Britt.bmp;1-7;4;22;3.6441816715936577;male;104.21369691405822;cheat_first
7;1.0;21.459570067672757;0.8761440714260971;other;5;7;4;1, 1, 1, 1, 1, 1, 1;1461855305.137;dotscs_9_10;;0.9839743589743589;7;0.5714285714285714;67;12;0.5;right;2.2625983223697403;experiment;faces\\Billy.bmp, faces\\Kurt.bmp, faces\\Tony.bmp, faces\\Benny.bmp, faces\\Julia.bmp, faces\\Olga.bmp, faces\\Nathan.bmp;0;instructions;left;1, 0, 0, 1, 1, 0, 0;faces;1, 0, 0, 1, 1, 0, 0;2x3-4=2 ?, 1+4/2=1 ?, 8/2+4=6 ?, 9/3-3=0 ?, 1+8/4=3 ?, 3x3-8=2 ?, 6+8/4=7 ?;cheat;2.1385958790451696, 4.491860645357519, 1.7672952881002857, 1.9672203320042172, 1.3992158983346599, 1.4065444672269223, 1.9652215027017519;0.7371794871794872;faces\\Billy.bmp, faces\\Kurt.bmp, faces\\Tony.bmp, faces\\Benny.bmp, faces\\Olga.bmp, faces\\Nathan.bmp, faces\\Julia.bmp;1-7;11;22;3.6268285667324127;male;104.21369691405822;cheat_first
5;1.0;20.121467101067537;0.7082788621664804;other;0.5;5;5;1, 1, 1, 1, 1;1461855360.504;dotscs_9_10;;0.9842271293375394;5;1.0;68;12;5;left;1.4106465264339931;experiment;faces\\Andre.bmp, faces\\Sonya.bmp, faces\\Emily.bmp, faces\\Timmy.bmp, faces\\Mary.bmp;1;instructions;left;1, 1, 0, 0, 0;faces;1, 1, 0, 0, 0;1+2x4=9 ?, 4x2-7=1 ?, 4x2-2=4 ?, 3x3-5=2 ?, 2x4+1=8 ?;accuracy;1.5626523983482912, 2.1866052956211206, 1.641901308510569, 2.2073204999614973, 1.5899041425436735;0.7413249211356467;faces\\Andre.bmp, faces\\Sonya.bmp, faces\\Emily.bmp, faces\\Timmy.bmp, faces\\Mary.bmp;1-7;10;22;3.6481604951785767;male;104.21369691405822;cheat_first
2;1.0;2.850494434209395;0.8455900828594167;other;5;2;2;1, 1;1461855407.945;dotscs_9_10;;0.9843260188087775;2;1.0;69;14;0.5;right;0.9106762540650379;experiment;faces\\James.bmp, faces\\Bobby.bmp;0;instructions;left;1, 0;faces;1, 0;3x2-5=1 ?, 3x2-6=1 ?;cheat;1.9792370191098598, 1.34655623087383;0.7429467084639498;faces\\James.bmp, faces\\Bobby.bmp;1-7;4;22;3.656508878647026;male;104.21369691405822;cheat_first
4;0.8;10.550331003018073;0.8001230865484104;other;0.5;5;5;1, 1, 1, 0, 1;1461855422.155;dotscs_9_10;;0.9814814814814815;5;1.0;70;12;5;left;4.534668788182898;experiment;faces\\Casper.bmp, faces\\Justin.bmp, faces\\Joseph.bmp, faces\\Mike.bmp, faces\\Molly.bmp;0;instructions;right;0, 0, 0, 0, 1;faces;0, 0, 0, 1, 1;1+9/3=6 ?, 2x2+5=8 ?, 3x2-6=1 ?, 2x4+1=7 ?, 6+4/2=8 ?;cheat;1.6465161693558912, 2.1951831328260596, 2.738504785087571, 1.9159015930454188, 2.1979393089168298;0.7469135802469136;faces\\Casper.bmp, faces\\Justin.bmp, faces\\Joseph.bmp, faces\\Mike.bmp, faces\\Molly.bmp;1-7;10;22;3.665409236396891;male;104.21369691405822;cheat_first
3;1.0;4.10530977961389;0.8916066864512686;other;0.5;3;3;1, 1, 1;1461855465.361;dotscs_9_10;;0.981651376146789;3;1.0;71;12;5;left;1.1045255363897013;experiment;faces\\Polly.bmp, faces\\Emma.bmp, faces\\Nicole.bmp;0;instructions;right;0, 1, 0;faces;0, 1, 0;4/2-2=1 ?, 9/3+6=9 ?, 3x3-4=4 ?;cheat;1.631968740686716, 1.9493225285223161, 2.037882911354245;0.7492354740061162;faces\\Polly.bmp, faces\\Emma.bmp, faces\\Nicole.bmp;1-7;6;22;3.677440170580479;male;104.21369691405822;cheat_first
4;1.0;5.952644237404456;0.6987277989464928;other;5;4;4;1, 1, 1, 1;1461855484.64;dotscs_9_10;;0.9818731117824774;4;1.0;72;12;0.5;right;1.3760739991521405;experiment;faces\\Thomas.bmp, faces\\Jason.bmp, faces\\Andrea.bmp, faces\\Simon.bmp;1;instructions;right;0, 1, 0, 1;faces;0, 1, 0, 1;3x2-3=1 ?, 7+4/2=9 ?, 2x2+5=7 ?, 3x3-7=2 ?;accuracy;2.2126226353284437, 2.186466566679883, 1.8819094623759156, 1.6293028091895394;0.7522658610271903;faces\\Thomas.bmp, faces\\Jason.bmp, faces\\Andrea.bmp, faces\\Simon.bmp;1-7;8;22;3.69314810927246;male;104.21369691405822;cheat_first
1;1.0;2.2933858851793048;0.8424063951206335;self;0.5;1;1;1;1461855513.371;dotscs_9_10;;0.9819277108433735;1;1.0;73;10;5;left;3.5244435447493743;experiment;faces\\Robert.bmp;0;instructions;right;0;faces;0;4/2-1=2 ?;cheat;1.906659130949265;0.7530120481927711;faces\\Robert.bmp;1-7;2;22;3.697016983597039;male;107.91071389765526;cheat_first
2;1.0;2.313163607435854;0.7255573399997957;self;5;2;2;1, 1;1461855530.341;dotscs_9_10;;0.9820359281437125;2;1.0;74;10;0.5;right;1.7534255786449648;experiment;faces\\Tony.bmp, faces\\Scott.bmp;1;instructions;right;0, 0;faces;0, 0;9/3-1=3 ?, 3x3-3=5 ?;accuracy;3.2972830360704393, 1.36468088449692;0.7544910179640718;faces\\Tony.bmp, faces\\Scott.bmp;1-7;4;22;3.704686435512209;male;111.61540033316747;cheat_first
3;1.0;3.734539685323398;0.6509767296338396;self;0.5;3;3;1, 1, 1;1461855546.282;dotscs_9_10;;0.9821958456973294;3;1.0;75;10;5;left;15.406575964359945;experiment;faces\\Mike.bmp, faces\\Leslie.bmp, faces\\Jacob.bmp;0;instructions;right;0, 1, 0;faces;0, 1, 0;6/3+7=7 ?, 2x2-3=1 ?, 1+2x2=7 ?;cheat;2.1600861251936294, 1.792604473157553, 1.1919268955098232;0.7566765578635015;faces\\Mike.bmp, faces\\Leslie.bmp, faces\\Jacob.bmp;1-7;6;22;3.7160228583504304;male;115.3314231915179;cheat_first
5;0.8333333333333334;12.1409663037266;0.8653168434648251;self;5;6;4;1, 1, 1, 0, 1, 1;1461855578.819;dotscs_9_10;;0.9795918367346939;6;0.6666666666666666;76;14;0.5;right;1.693252606299211;experiment;faces\\Hanna.bmp, faces\\Leslie.bmp, faces\\Maria.bmp, faces\\Milla.bmp, faces\\Britt.bmp, faces\\Mark.bmp;0;instructions;left;0, 0, 1, 1, 0, 0;faces;0, 0, 1, 0, 0, 0;2x2+2=4 ?, 9/3-3=1 ?, 2x4-3=5 ?, 6/3+1=3 ?, 2x2-3=3 ?, 5+4/2=6 ?;cheat;1.8119093845161842, 1.378648270456324, 2.0585804206748435, 1.3591798571214895, 1.3199684037754196, 1.6655018625751836;0.7551020408163265;faces\\Hanna.bmp, faces\\Leslie.bmp, faces\\Maria.bmp, faces\\Milla.bmp, faces\\Mark.bmp, faces\\Britt.bmp;1-7;10;22;3.6984589754269055;male;119.0298821669448;cheat_first
4;0.6666666666666666;33.11982464944231;0.7652759325792431;self;5;6;6;1, 1, 0, 1, 1, 0;1461855621.931;dotscs_9_10;;0.9742120343839542;6;1.0;77;14;0.5;right;3.943115469905024;experiment;faces\\Vicky.bmp, faces\\Tony.bmp, faces\\Peter.bmp, faces\\Jeff.bmp, faces\\Kate.bmp, faces\\Erin.bmp;0;instructions;left;1, 1, 0, 1, 1, 0;faces;1, 1, 1, 1, 1, 1;1+2x2=5 ?, 4/2+2=4 ?, 4/2+2=2 ?, 8/2+4=8 ?, 3x3-1=8 ?, 3x2-6=2 ?;cheat;1.42414180929336, 1.5181221763159556, 2.2721026707440615, 1.3961447509136633, 2.12338594888206, 1.7573453791555949;0.7593123209169055;faces\\Vicky.bmp, faces\\Tony.bmp, faces\\Peter.bmp, faces\\Jeff.bmp, faces\\Kate.bmp, faces\\Erin.bmp;1-7;12;22;3.6986560044663017;male;122.7285381714111;cheat_first
2;1.0;3.198462727566948;0.8336190488989814;self;5;2;2;1, 1;1461855685.882;dotscs_9_10;;0.9743589743589743;2;1.0;78;12;0.5;right;1.532733660951635;experiment;faces\\Chris.bmp, faces\\Sofia.bmp;0;instructions;left;1, 1;faces;1, 1;8/2+4=8 ?, 3x3-8=1 ?;cheat;2.036006885486131, 1.649190948359319;0.7606837606837606;faces\\Chris.bmp, faces\\Sofia.bmp;1-7;4;22;3.7058952443567827;male;126.43443341576788;cheat_first
2;1.0;3.494453319479362;0.9495171737253258;other;0.5;2;2;1, 1;1461855700.778;dotscs_9_10;;0.9745042492917847;2;1.0;79;14;5;left;1.5766123523972055;experiment;faces\\Maria.bmp, faces\\Kevin.bmp;0;instructions;right;1, 0;faces;1, 0;4+2x2=8 ?, 3+3x2=8 ?;cheat;1.6199003841247759, 1.9538765184988733;0.7620396600566572;faces\\Maria.bmp, faces\\Kevin.bmp;1-7;4;22;3.713054434270398;male;126.43443341576788;cheat_first
5;1.0;13.391029474947572;0.7487625873509387;other;5;5;3;1, 1, 1, 1, 1;1461855715.925;dotscs_9_10;;0.9748603351955307;5;0.6;80;10;0.5;right;1.1305290739765042;experiment;faces\\Milla.bmp, faces\\Anna.bmp, faces\\Sarah.bmp, faces\\Gary.bmp, faces\\Sofia.bmp;0;instructions;left;1, 0, 1, 1, 1;faces;1, 0, 1, 1, 1;6/2-2=1 ?, 6/2+3=7 ?, 6/2+1=4 ?, 3x3-7=2 ?, 2x4-4=4 ?;cheat;3.419189681397256, 2.321274650046689, 1.5472195109541644, 1.9085110915912082, 1.8635009806566813;0.7597765363128491;faces\\Milla.bmp, faces\\Anna.bmp, faces\\Sarah.bmp, faces\\Sofia.bmp, faces\\Gary.bmp;1-7;8;22;3.7033800443182177;male;126.43443341576788;cheat_first
1;1.0;1.9952096045744838;0.8474930051597767;other;0.5;1;1;1;1461855753.77;dotscs_9_10;;0.9749303621169917;1;1.0;81;10;5;left;1.280576815137465;experiment;faces\\Nina.bmp;0;instructions;right;1;faces;1;2x3-3=3 ?;cheat;3.338550650576508;0.7604456824512534;faces\\Nina.bmp;1-7;2;22;3.706907922812517;male;126.43443341576788;cheat_first
1;1.0;2.242551989733329;0.9152309518467519;other;0.5;1;1;1;1461855765.626;dotscs_9_10;;0.975;1;1.0;82;10;5;left;0.7265518000422162;experiment;faces\\Amanda.bmp;0;instructions;right;0;faces;0;3x2+1=6 ?;cheat;2.13994530115815;0.7611111111111111;faces\\Amanda.bmp;1-7;2;22;3.7104166666666667;male;126.43443341576788;cheat_first
7;1.0;14.082949646348425;0.7756498141643533;other;0.5;7;7;1, 1, 1, 1, 1, 1, 1;1461855775.516;dotscs_9_10;;0.9754768392370572;7;1.0;83;14;5;left;2.3471780338295503;experiment;faces\\Jason.bmp, faces\\Lily.bmp, faces\\Kelly.bmp, faces\\Angie.bmp, faces\\Vicky.bmp, faces\\Nina.bmp, faces\\Tanya.bmp;0;instructions;right;0, 1, 0, 0, 0, 1, 1;faces;0, 1, 0, 0, 0, 1, 1;3x2+2=6 ?, 3+9/3=6 ?, 2x2-1=1 ?, 2x3-2=5 ?, 9/3+6=7 ?, 2+6/2=5 ?, 3x3-4=5 ?;cheat;2.7265528617426753, 1.9846824841260968, 2.0080275221225747, 1.9905462593815173, 1.325999927801604, 3.2718761745090887, 2.4439959740302584;0.7656675749318801;faces\\Jason.bmp, faces\\Lily.bmp, faces\\Kelly.bmp, faces\\Angie.bmp, faces\\Vicky.bmp, faces\\Nina.bmp, faces\\Tanya.bmp;1-7;14;22;3.734454929504265;male;126.43443341576788;cheat_first
4;1.0;5.791790148403379;0.7502578164203442;other;5;4;4;1, 1, 1, 1;1461855827.572;dotscs_9_10;;0.9757412398921833;4;1.0;84;12;0.5;right;1.1092992984995362;experiment;faces\\Fiona.bmp, faces\\Peter.bmp, faces\\Haley.bmp, faces\\Keith.bmp;0;instructions;left;1, 0, 0, 1;faces;1, 0, 0, 1;2x2+5=9 ?, 3x2+2=7 ?, 1+9/3=6 ?, 4/2-2=0 ?;cheat;1.6360145297330746, 1.8732842025237915, 1.605199716595962, 1.771906256039074;0.7681940700808625;faces\\Fiona.bmp, faces\\Peter.bmp, faces\\Haley.bmp, faces\\Keith.bmp;1-7;8;22;3.7477931720926176;male;126.43443341576788;cheat_first
;;;1.715185935714544;self;0.2;;;;;dotscs_9_10;;;1;;1;10;2;right;;controlDotsCheat;;1;instructions;right;;faces;;;cheat;;;;1-7;;22;0.2;male;;cheat_first
;;;1.7298728011301137;self;0.2;;;;;dotscs_9_10;;;1;;2;12;2;right;;controlDotsCheat;;1;instructions;right;;faces;;;cheat;;;;1-7;;22;0.2;male;;cheat_first
;;;0.709065936593106;self;0.2;;;;;dotscs_9_10;;;1;;3;10;2;right;;controlDotsCheat;;1;instructions;right;;faces;;;cheat;;;;1-7;;22;0.2;male;;cheat_first
;;;0.742776008668443;self;2;;;;;dotscs_9_10;;;1;;4;12;0.2;left;;controlDotsCheat;;1;instructions;left;;faces;;;cheat;;;;1-7;;22;0.2;male;;cheat_first
;;;0.8167468486935832;self;2;;;;;dotscs_9_10;;;1;;5;10;0.2;left;;controlDotsCheat;;1;instructions;left;;faces;;;cheat;;;;1-7;;22;0.2;male;;cheat_first
;;;0.6609903406424564;self;2;;;;;dotscs_9_10;;;1;;6;14;0.2;right;;controlDotsCheat;;0;instructions;left;;faces;;;cheat;;;;1-7;;22;2;male;;cheat_first
;;;0.9500685505008732;other;2;;;;;dotscs_9_10;;;1;;7;14;0.2;right;;controlDotsCheat;;0;instructions;left;;faces;;;cheat;;;;1-7;;22;2;male;;cheat_first
;;;0.8605122920234862;other;2;;;;;dotscs_9_10;;;1;;8;14;0.2;right;;controlDotsCheat;;0;instructions;left;;faces;;;cheat;;;;1-7;;22;2;male;;cheat_first
;;;0.6835327326007246;other;0.2;;;;;dotscs_9_10;;;1;;9;10;2;right;;controlDotsCheat;;1;instructions;right;;faces;;;cheat;;;;1-7;;22;0.2;male;;cheat_first
;;;0.8102099549323611;other;0.2;;;;;dotscs_9_10;;;1;;10;14;2;right;;controlDotsCheat;;1;instructions;right;;faces;;;cheat;;;;1-7;;22;0.2;male;;cheat_first
;;;0.726832443040621;other;0.2;;;;;dotscs_9_10;;;1;;11;14;2;right;;controlDotsCheat;;1;instructions;right;;faces;;;cheat;;;;1-7;;22;0.2;male;;cheat_first
;;;0.5597677564182959;other;2;;;;;dotscs_9_10;;;1;;12;12;0.2;left;;controlDotsCheat;;1;instructions;left;;faces;;;cheat;;;;1-7;;22;0.2;male;;cheat_first
;;;0.6094277643314854;self;2;;;;;dotscs_9_10;;;1;;13;12;0.2;left;;controlDotsCheat;;1;instructions;left;;faces;;;cheat;;;;1-7;;22;0.2;male;;cheat_first
;;;1.7496774198116327;self;2;;;;;dotscs_9_10;;;1;;14;14;0.2;left;;controlDotsCheat;;1;instructions;left;;faces;;;cheat;;;;1-7;;22;0.2;male;;cheat_first
;;;2.073851929500961;self;2;;;;;dotscs_9_10;;;1;;15;12;0.2;right;;controlDotsCheat;;0;instructions;left;;faces;;;cheat;;;;1-7;;22;2;male;;cheat_first
;;;0.7666947191719373;self;0.2;;;;;dotscs_9_10;;;1;;16;14;2;right;;controlDotsCheat;;1;instructions;right;;faces;;;cheat;;;;1-7;;22;0.2;male;;cheat_first
;;;1.0768912258899945;self;0.2;;;;;dotscs_9_10;;;1;;17;14;2;left;;controlDotsCheat;;0;instructions;right;;faces;;;cheat;;;;1-7;;22;2;male;;cheat_first
;;;1.2611954612984846;self;0.2;;;;;dotscs_9_10;;;1;;18;12;2;right;;controlDotsCheat;;1;instructions;right;;faces;;;cheat;;;;1-7;;22;0.2;male;;cheat_first
;;;1.8058329151390353;other;2;;;;;dotscs_9_10;;;1;;19;12;0.2;left;;controlDotsCheat;;1;instructions;left;;faces;;;cheat;;;;1-7;;22;0.2;male;;cheat_first
;;;0.7000726203550585;other;2;;;;;dotscs_9_10;;;1;;20;10;0.2;left;;controlDotsCheat;;1;instructions;left;;faces;;;cheat;;;;1-7;;22;0.2;male;;cheat_first
;;;0.7333233297504194;other;0.2;;;;;dotscs_9_10;;;1;;21;12;2;right;;controlDotsCheat;;1;instructions;right;;faces;;;cheat;;;;1-7;;22;0.2;male;;cheat_first
;;;1.2333650899927306;other;2;;;;;dotscs_9_10;;;1;;22;10;0.2;left;;controlDotsCheat;;1;instructions;left;;faces;;;cheat;;;;1-7;;22;0.2;male;;cheat_first
;;;0.7500429988976975;other;2;;;;;dotscs_9_10;;;1;;23;10;0.2;left;;controlDotsCheat;;1;instructions;left;;faces;;;cheat;;;;1-7;;22;0.2;male;;cheat_first
;;;0.8600490364369762;other;2;;;;;dotscs_9_10;;;1;;24;14;0.2;right;;controlDotsCheat;;0;instructions;left;;faces;;;cheat;;;;1-7;;22;2;male;;cheat_first
;;;1.250072372626164;self;0.2;;;;;dotscs_9_10;;;1;;25;10;2;right;;controlDotsCheat;;1;instructions;right;;faces;;;cheat;;;;1-7;;22;0.2;male;;cheat_first
;;;1.0600568930203735;self;0.2;;;;;dotscs_9_10;;;1;;26;14;2;right;;controlDotsCheat;;1;instructions;right;;faces;;;cheat;;;;1-7;;22;0.2;male;;cheat_first
;;;0.933347819653136;self;2;;;;;dotscs_9_10;;;1;;27;12;0.2;left;;controlDotsCheat;;1;instructions;left;;faces;;;cheat;;;;1-7;;22;0.2;male;;cheat_first
;;;0.7756944056127395;self;0.2;;;;;dotscs_9_10;;;1;;28;10;2;right;;controlDotsCheat;;1;instructions;right;;faces;;;cheat;;;;1-7;;22;0.2;male;;cheat_first
;;;1.1500470333594421;self;0.2;;;;;dotscs_9_10;;;1;;29;12;2;right;;controlDotsCheat;;1;instructions;right;;faces;;;cheat;;;;1-7;;22;0.2;male;;cheat_first
;;;1.3525357315520523;self;0.2;;;;;dotscs_9_10;;;1;;30;10;2;right;;controlDotsCheat;;1;instructions;right;;faces;;;cheat;;;;1-7;;22;0.2;male;;cheat_first
;;;1.6532770820485894;other;2;;;;;dotscs_9_10;;;1;;31;10;0.2;left;;controlDotsCheat;;1;instructions;left;;faces;;;cheat;;;;1-7;;22;0.2;male;;cheat_first
;;;1.4378600493910199;other;0.2;;;;;dotscs_9_10;;;1;;32;12;2;right;;controlDotsCheat;;1;instructions;right;;faces;;;cheat;;;;1-7;;22;0.2;male;;cheat_first
;;;1.0833081474229402;other;2;;;;;dotscs_9_10;;;1;;33;14;0.2;right;;controlDotsCheat;;0;instructions;left;;faces;;;cheat;;;;1-7;;22;2;male;;cheat_first
;;;0.7832031097932486;other;2;;;;;dotscs_9_10;;;1;;34;12;0.2;left;;controlDotsCheat;;1;instructions;left;;faces;;;cheat;;;;1-7;;22;0.2;male;;cheat_first
;;;0.8267063129460439;other;0.2;;;;;dotscs_9_10;;;1;;35;14;2;left;;controlDotsCheat;;0;instructions;right;;faces;;;cheat;;;;1-7;;22;2;male;;cheat_first
;;;0.8757781384410919;other;0.2;;;;;dotscs_9_10;;;1;;36;10;2;right;;controlDotsCheat;;1;instructions;right;;faces;;;cheat;;;;1-7;;22;0.2;male;;cheat_first
;;;0.7167572533653583;self;0.2;;;;;dotscs_9_10;;;1;;37;12;2;right;;controlDotsCheat;;1;instructions;right;;faces;;;cheat;;;;1-7;;22;0.2;male;;cheat_first
;;;0.8001337035602774;self;0.2;;;;;dotscs_9_10;;;1;;38;10;2;right;;controlDotsCheat;;1;instructions;right;;faces;;;cheat;;;;1-7;;22;0.2;male;;cheat_first
;;;0.5667583504582581;self;2;;;;;dotscs_9_10;;;1;;39;12;0.2;left;;controlDotsCheat;;1;instructions;left;;faces;;;cheat;;;;1-7;;22;0.2;male;;cheat_first
;;;0.6601317783424747;self;2;;;;;dotscs_9_10;;;1;;40;14;0.2;left;;controlDotsCheat;;1;instructions;left;;faces;;;cheat;;;;1-7;;22;0.2;male;;cheat_first
;;;1.0435973406492849;self;2;;;;;dotscs_9_10;;;1;;41;14;0.2;right;;controlDotsCheat;;0;instructions;left;;faces;;;cheat;;;;1-7;;22;2;male;;cheat_first
;;;0.6591199771792162;self;0.2;;;;;dotscs_9_10;;;1;;42;10;2;right;;controlDotsCheat;;1;instructions;right;;faces;;;cheat;;;;1-7;;22;0.2;male;;cheat_first
;;;1.8538886926726263;self;2;;;;;dotscs_9_10;;;1;;1;14;0.2;right;;controlDotsAccuracy;;1;instructions;right;;faces;;;accuracy;;;;1-7;;22;2;male;;cheat_first
;;;2.4705073586519575;self;2;;;;;dotscs_9_10;;;1;;2;10;0.2;right;;controlDotsAccuracy;;1;instructions;right;;faces;;;accuracy;;;;1-7;;22;2;male;;cheat_first
;;;1.4291537463541317;self;2;;;;;dotscs_9_10;;;1;;3;12;0.2;left;;controlDotsAccuracy;;0;instructions;right;;faces;;;accuracy;;;;1-7;;22;0.2;male;;cheat_first
;;;0.726645229740825;self;0.2;;;;;dotscs_9_10;;;1;;4;14;2;left;;controlDotsAccuracy;;1;instructions;left;;faces;;;accuracy;;;;1-7;;22;2;male;;cheat_first
;;;0.6933042757518706;self;0.2;;;;;dotscs_9_10;;;1;;5;12;2;left;;controlDotsAccuracy;;1;instructions;left;;faces;;;accuracy;;;;1-7;;22;2;male;;cheat_first
;;;0.608830026605574;self;2;;;;;dotscs_9_10;;;1;;6;10;0.2;right;;controlDotsAccuracy;;1;instructions;right;;faces;;;accuracy;;;;1-7;;22;2;male;;cheat_first
;;;0.8166576658004487;other;0.2;;;;;dotscs_9_10;;;1;;7;14;2;right;;controlDotsAccuracy;;0;instructions;left;;faces;;;accuracy;;;;1-7;;22;0.2;male;;cheat_first
;;;0.7501923448508023;other;2;;;;;dotscs_9_10;;;1;;8;10;0.2;right;;controlDotsAccuracy;;1;instructions;right;;faces;;;accuracy;;;;1-7;;22;2;male;;cheat_first
;;;0.6929772718103777;other;0.2;;;;;dotscs_9_10;;;1;;9;12;2;left;;controlDotsAccuracy;;1;instructions;left;;faces;;;accuracy;;;;1-7;;22;2;male;;cheat_first
;;;0.6833267625806911;other;2;;;;;dotscs_9_10;;;1;;10;14;0.2;left;;controlDotsAccuracy;;0;instructions;right;;faces;;;accuracy;;;;1-7;;22;0.2;male;;cheat_first
;;;0.6000104754530184;other;2;;;;;dotscs_9_10;;;1;;11;12;0.2;right;;controlDotsAccuracy;;1;instructions;right;;faces;;;accuracy;;;;1-7;;22;2;male;;cheat_first
;;;0.5600632632304041;other;0.2;;;;;dotscs_9_10;;;1;;12;14;2;left;;controlDotsAccuracy;;1;instructions;left;;faces;;;accuracy;;;;1-7;;22;2;male;;cheat_first
;;;0.5999435882804391;self;0.2;;;;;dotscs_9_10;;;1;;13;12;2;left;;controlDotsAccuracy;;1;instructions;left;;faces;;;accuracy;;;;1-7;;22;2;male;;cheat_first
;;;0.533360772409651;self;2;;;;;dotscs_9_10;;;1;;14;14;0.2;right;;controlDotsAccuracy;;1;instructions;right;;faces;;;accuracy;;;;1-7;;22;2;male;;cheat_first
;;;0.6332919741762453;self;0.2;;;;;dotscs_9_10;;;1;;15;14;2;left;;controlDotsAccuracy;;1;instructions;left;;faces;;;accuracy;;;;1-7;;22;2;male;;cheat_first
;;;0.876059135338437;self;0.2;;;;;dotscs_9_10;;;1;;16;12;2;right;;controlDotsAccuracy;;0;instructions;left;;faces;;;accuracy;;;;1-7;;22;0.2;male;;cheat_first
;;;0.5500054146759794;self;2;;;;;dotscs_9_10;;;1;;17;10;0.2;right;;controlDotsAccuracy;;1;instructions;right;;faces;;;accuracy;;;;1-7;;22;2;male;;cheat_first
;;;1.0660841702483594;self;2;;;;;dotscs_9_10;;;1;;18;12;0.2;left;;controlDotsAccuracy;;0;instructions;right;;faces;;;accuracy;;;;1-7;;22;0.2;male;;cheat_first
;;;0.7168499752588104;other;2;;;;;dotscs_9_10;;;1;;19;14;0.2;right;;controlDotsAccuracy;;1;instructions;right;;faces;;;accuracy;;;;1-7;;22;2;male;;cheat_first
;;;0.7323320548093761;other;2;;;;;dotscs_9_10;;;1;;20;12;0.2;right;;controlDotsAccuracy;;1;instructions;right;;faces;;;accuracy;;;;1-7;;22;2;male;;cheat_first
;;;0.7022498154401546;other;2;;;;;dotscs_9_10;;;1;;21;12;0.2;right;;controlDotsAccuracy;;1;instructions;right;;faces;;;accuracy;;;;1-7;;22;2;male;;cheat_first
;;;0.6150409781221242;other;0.2;;;;;dotscs_9_10;;;1;;22;12;2;left;;controlDotsAccuracy;;1;instructions;left;;faces;;;accuracy;;;;1-7;;22;2;male;;cheat_first
;;;0.5502145697973901;other;2;;;;;dotscs_9_10;;;1;;23;12;0.2;right;;controlDotsAccuracy;;1;instructions;right;;faces;;;accuracy;;;;1-7;;22;2;male;;cheat_first
;;;0.8145852252237091;other;0.2;;;;;dotscs_9_10;;;1;;24;14;2;left;;controlDotsAccuracy;;1;instructions;left;;faces;;;accuracy;;;;1-7;;22;2;male;;cheat_first
;;;0.5705068631905306;self;0.2;;;;;dotscs_9_10;;;1;;25;12;2;left;;controlDotsAccuracy;;1;instructions;left;;faces;;;accuracy;;;;1-7;;22;2;male;;cheat_first
;;;0.616564519223175;self;2;;;;;dotscs_9_10;;;1;;26;14;0.2;left;;controlDotsAccuracy;;0;instructions;right;;faces;;;accuracy;;;;1-7;;22;0.2;male;;cheat_first
;;;0.583549153576314;self;2;;;;;dotscs_9_10;;;1;;27;12;0.2;right;;controlDotsAccuracy;;1;instructions;right;;faces;;;accuracy;;;;1-7;;22;2;male;;cheat_first
;;;0.6354585522494745;self;0.2;;;;;dotscs_9_10;;;1;;28;10;2;left;;controlDotsAccuracy;;1;instructions;left;;faces;;;accuracy;;;;1-7;;22;2;male;;cheat_first
;;;0.648967991128302;self;0.2;;;;;dotscs_9_10;;;1;;29;10;2;left;;controlDotsAccuracy;;1;instructions;left;;faces;;;accuracy;;;;1-7;;22;2;male;;cheat_first
;;;0.5434232216684904;self;0.2;;;;;dotscs_9_10;;;1;;30;10;2;left;;controlDotsAccuracy;;1;instructions;left;;faces;;;accuracy;;;;1-7;;22;2;male;;cheat_first
;;;0.550014616084809;other;0.2;;;;;dotscs_9_10;;;1;;31;14;2;left;;controlDotsAccuracy;;1;instructions;left;;faces;;;accuracy;;;;1-7;;22;2;male;;cheat_first
;;;0.4809130912690307;other;2;;;;;dotscs_9_10;;;1;;32;10;0.2;left;;controlDotsAccuracy;;0;instructions;right;;faces;;;accuracy;;;;1-7;;22;0.2;male;;cheat_first
;;;0.4149644648641697;other;2;;;;;dotscs_9_10;;;1;;33;10;0.2;right;;controlDotsAccuracy;;1;instructions;right;;faces;;;accuracy;;;;1-7;;22;2;male;;cheat_first
;;;0.4940661524742609;other;0.2;;;;;dotscs_9_10;;;1;;34;10;2;left;;controlDotsAccuracy;;1;instructions;left;;faces;;;accuracy;;;;1-7;;22;2;male;;cheat_first
;;;0.5129226720637234;other;0.2;;;;;dotscs_9_10;;;1;;35;12;2;left;;controlDotsAccuracy;;1;instructions;left;;faces;;;accuracy;;;;1-7;;22;2;male;;cheat_first
;;;0.5144762946911214;other;2;;;;;dotscs_9_10;;;1;;36;14;0.2;right;;controlDotsAccuracy;;1;instructions;right;;faces;;;accuracy;;;;1-7;;22;2;male;;cheat_first
;;;0.4344887944498623;self;0.2;;;;;dotscs_9_10;;;1;;37;10;2;left;;controlDotsAccuracy;;1;instructions;left;;faces;;;accuracy;;;;1-7;;22;2;male;;cheat_first
;;;0.4821559893753147;self;2;;;;;dotscs_9_10;;;1;;38;10;0.2;right;;controlDotsAccuracy;;1;instructions;right;;faces;;;accuracy;;;;1-7;;22;2;male;;cheat_first
;;;0.400029515290953;self;0.2;;;;;dotscs_9_10;;;1;;39;10;2;left;;controlDotsAccuracy;;1;instructions;left;;faces;;;accuracy;;;;1-7;;22;2;male;;cheat_first
;;;0.4687835099393851;self;0.2;;;;;dotscs_9_10;;;1;;40;10;2;left;;controlDotsAccuracy;;1;instructions;left;;faces;;;accuracy;;;;1-7;;22;2;male;;cheat_first
;;;0.4338386794734106;self;0.2;;;;;dotscs_9_10;;;1;;41;14;2;left;;controlDotsAccuracy;;1;instructions;left;;faces;;;accuracy;;;;1-7;;22;2;male;;cheat_first
;;;0.6484187377500348;self;2;;;;;dotscs_9_10;;;1;;42;14;0.2;left;;controlDotsAccuracy;;0;instructions;right;;faces;;;accuracy;;;;1-7;;22;0.2;male;;cheat_first
;;5.817;;qStress;self;0.5;;;[];;dotscs_9_10;[];;2;;1;12;;;accuracy;['faces\\Micha.bmp', 'faces\\Julia.bmp'];;instructions;left;[0, 0];faces;[];['2x4-3=3 ?', '9/3-2=3 ?'];5;[];;5;1-7;;22;;male;;cheat_first
;;5.181;;qSatisfied;self;5;;;[];;dotscs_9_10;[];;2;;1;12;;;cheat;['faces\\Nicole.bmp', 'faces\\Greg.bmp'];;instructions;left;[1, 0];faces;[];['9/3+2=5 ?', '9/3-1=0 ?'];0.5;[];;5;1-7;;22;;male;;cheat_first
;;3.395;;qFrustration;self;5;;;[];;dotscs_9_10;[];;2;;1;10;;;accuracy;['faces\\Emma.bmp', 'faces\\Olga.bmp'];;instructions;right;[1, 0];faces;[];['3x3-2=7 ?', '3x3-8=3 ?'];0.5;[];;3;1-7;;22;;male;;cheat_first
;;4.8;;qDifficulty;self;5;;;[];;dotscs_9_10;[];;2;;1;12;;;cheat;['faces\\Vicky.bmp', 'faces\\Regina.bmp'];;instructions;left;[0, 0];faces;[];['8/2+2=5 ?', '6/3-1=2 ?'];0.5;[];;5;1-7;;22;;male;;cheat_first
;;1.865;;qEffort;self;0.5;;;[];;dotscs_9_10;[];;2;;1;14;;;accuracy;['faces\\Sonya.bmp', 'faces\\Lucas.bmp'];;instructions;left;[0, 1];faces;[];['5+6/3=6 ?', '3x3-9=0 ?'];5;[];;5;1-7;;22;;male;;cheat_first
;;4.583;;qAttitude;self;5;;;[];;dotscs_9_10;[];;2;;1;14;;;cheat;['faces\\Greg.bmp', 'faces\\Tanya.bmp'];;instructions;left;[1, 1];faces;[];['3x3-4=5 ?', '1+4/2=3 ?'];0.5;[];;3;1-7;;22;;male;;cheat_first
;;8.265166931265412;;qBirthweight;self;5;;;[];;dotscs_9_10;[];;1;;1;10;;;accuracy;[];;instructions;right;[];faces;[];[];0.5;[];;4100;1-7;;22;;male;;cheat_first
;;5.725956539619801;;qFriends;self;0.5;;;[];;dotscs_9_10;[];;1;;1;12;;;accuracy;[];;instructions;left;[];faces;[];[];5;[];;350;1-7;;22;;male;;cheat_first
;;56.598801551783254;;qAbout;self;5;;;[];;dotscs_9_10;[];;1;;1;14;;;accuracy;[];;instructions;right;[];faces;[];[];0.5;[];;how payments affect out judgement and willingness to perform at maximum efficiency.;1-7;;22;;male;;cheat_first
;;49.078560220041254;;qFeedback;self;5;;;[];;dotscs_9_10;[];;1;;1;10;;;accuracy;[];;instructions;right;[];faces;[];[];0.5;[];;if it doesnt affect the study direct, tell people it's okay to take breaks during the study.;1-7;;22;;male;;cheat_first
