equationScore;equationProportion;recallRT;dotsRT;dotsReceiver;dotsMoneyRight;recallIntersection;recallLocation;equationScores;utc_start;id;recallRTs;equationRateCumulative;span;recallProportion;no;dotsN;dotsMoneyLeft;dotsAns;pauseRT;condition;encode;dotsCorrect;start_at;dotsSide;equationCorrect;stimType;equationAnss;equationText;dotsIncentive;equationRTs;recallLocationRateCumulative;recallAns;level;recallSum;age;moneyEarned;gender;moneyEarnedCumulative;order
;;;2.7177751409262783;self;5;;;;;dotscs_5_14;;;1;;1;14;0.5;right;;practiceDots;;1;instructions;right;;faces;;;accuracy;;;;1-7;;19;5;female;;cheat_first
;;;1.5959031920961024;self;0.5;;;;;dotscs_5_14;;;1;;2;14;5;left;;practiceDots;;1;instructions;left;;faces;;;accuracy;;;;1-7;;19;5;female;;cheat_first
;;;0.7833096995818778;self;0.5;;;;;dotscs_5_14;;;1;;3;12;5;right;;practiceDots;;1;instructions;right;;faces;;;cheat;;;;1-7;;19;0.5;female;;cheat_first
;;;1.050114287796987;self;0.5;;;;;dotscs_5_14;;;1;;4;12;5;left;;practiceDots;;1;instructions;left;;faces;;;accuracy;;;;1-7;;19;5;female;;cheat_first
;;;0.8920305008100513;self;5;;;;;dotscs_5_14;;;1;;5;10;0.5;right;;practiceDots;;1;instructions;right;;faces;;;accuracy;;;;1-7;;19;5;female;;cheat_first
;;;0.6501253998480934;self;5;;;;;dotscs_5_14;;;1;;6;12;0.5;left;;practiceDots;;1;instructions;left;;faces;;;cheat;;;;1-7;;19;0.5;female;;cheat_first
2;1.0;21.415274681758092;;self;5;2;2;1, 1;1461325617.956;dotscs_5_14;;1.0;2;1.0;1;12;0.5;;6.78769258971306;practiceCS;faces\\Donna.bmp, faces\\Ella.bmp;;instructions;right;0, 0;faces;0, 0;4x2-4=5 ?, 9/3-3=2 ?;accuracy;3.4289609064599063, 2.3658653368065643;1.0;faces\\Donna.bmp, faces\\Ella.bmp;1-7;4;19;;female;;cheat_first
2;0.6666666666666666;14.54383792542967;;self;0.5;3;3;1, 1, 0;1461325657.034;dotscs_5_14;;0.8;3;1.0;2;10;5;;6.272383262420135;practiceCS;faces\\Brian.bmp, faces\\Kristen.bmp, faces\\Steve.bmp;;instructions;left;1, 0, 1;faces;1, 0, 0;4/2+1=3 ?, 3x2-1=7 ?, 1+9/3=4 ?;accuracy;2.595914516479297, 3.2492461322808595, 5.317795807925904;1.0;faces\\Brian.bmp, faces\\Kristen.bmp, faces\\Steve.bmp;1-7;6;19;;female;;cheat_first
2;1.0;11.26197155385762;;self;5;1;1;1, 1;1461325695.598;dotscs_5_14;;0.8571428571428571;2;0.5;3;10;0.5;;3.7298090673630213;practiceCS;faces\\Lana.bmp, faces\\Erica.bmp;;instructions;left;0, 1;faces;0, 1;6/3+1=5 ?, 4x2-7=1 ?;cheat;4.387719626677608, 2.5226238170885154;0.8571428571428571;faces\\Lana.bmp, faces\\Damon.bmp;1-7;2;19;;female;;cheat_first
4;0.8;20.042385396358895;;self;5;4;2;1, 1, 0, 1, 1;1461325722.025;dotscs_5_14;;0.8333333333333334;5;0.4;4;10;0.5;;8.47079990133625;practiceCS;faces\\Keith.bmp, faces\\Hanna.bmp, faces\\Carl.bmp, faces\\Anna.bmp, faces\\David.bmp;;instructions;right;0, 1, 1, 0, 0;faces;0, 1, 0, 0, 0;2+2x2=4 ?, 2+2x2=6 ?, 2x2-4=0 ?, 9/3+3=5 ?, 2x3-5=3 ?;accuracy;2.5952421312349543, 2.3539389920092617, 2.273227282845255, 2.261183093686668, 4.143777198425596;0.6666666666666666;faces\\Keith.bmp, faces\\David.bmp, faces\\Hanna.bmp, faces\\Anna.bmp, faces\\Olga.bmp;1-7;6;19;;female;;cheat_first
7;1.0;33.908608689836;;self;5;6;1;1, 1, 1, 1, 1, 1, 1;1461325774.831;dotscs_5_14;;0.8947368421052632;7;0.14285714285714285;5;10;0.5;;9.664203023539812;practiceCS;faces\\Polly.bmp, faces\\Damon.bmp, faces\\Peter.bmp, faces\\Niclas.bmp, faces\\Angie.bmp, faces\\Karen.bmp, faces\\Paul.bmp;;instructions;right;0, 1, 0, 1, 0, 1, 1;faces;0, 1, 0, 1, 0, 1, 1;6+4/2=6 ?, 8/2-2=2 ?, 2x2-3=0 ?, 4+4/2=6 ?, 6+6/3=7 ?, 9/3-2=1 ?, 8/4+3=5 ?;accuracy;3.1785476549503073, 2.5465745333735867, 3.1458477910910005, 2.6740708078282296, 3.3718562893322996, 3.4744736019783886, 2.8611881896590603;0.47368421052631576;faces\\Peter.bmp, faces\\Polly.bmp, faces\\Karen.bmp, faces\\Niclas.bmp, faces\\Paul.bmp, faces\\Angie.bmp, faces\\Gary.bmp;1-7;7;19;;female;;cheat_first
4;1.0;44.33800027673942;;self;5;3;1;1, 1, 1, 1;1461325854.391;dotscs_5_14;;0.9130434782608695;4;0.25;6;10;0.5;;4.133084857495305;practiceCS;faces\\Zach.bmp, faces\\Leah.bmp, faces\\Kelly.bmp, faces\\Nicole.bmp;;instructions;left;1, 1, 1, 0;faces;1, 1, 1, 0;3x3-3=6 ?, 3x3-2=7 ?, 6/3-2=0 ?, 3x2-3=5 ?;cheat;2.2192719058684816, 3.271993632865815, 4.027933714139181, 6.713579810889314;0.43478260869565216;faces\\Zach.bmp, faces\\Kelly.bmp, faces\\Nicole.bmp, faces\\Billy.bmp;1-7;4;19;;female;;cheat_first
2;1.0;12.500107404695427;1.4247043539771767;self;5;2;2;1, 1;1461325980.971;dotscs_5_14;;0.92;2;1.0;1;10;0.5;right;5.5976259138687965;practiceExp;faces\\Sofia.bmp, faces\\Olga.bmp;1;instructions;right;0, 1;faces;0, 1;3x2-1=3 ?, 2x3-5=1 ?;accuracy;2.7246186071643024, 2.318584621983973;0.48;faces\\Sofia.bmp, faces\\Olga.bmp;1-7;4;19;5;female;;cheat_first
6;1.0;31.615352466114473;1.0079129126634143;self;0.5;6;6;1, 1, 1, 1, 1, 1;1461326014.979;dotscs_5_14;;0.9354838709677419;6;1.0;2;10;5;left;6.1824060845910935;practiceExp;faces\\Scott.bmp, faces\\Andrea.bmp, faces\\Lily.bmp, faces\\Julia.bmp, faces\\David.bmp, faces\\Lana.bmp;1;instructions;left;0, 0, 0, 0, 0, 1;faces;0, 0, 0, 0, 0, 1;9/3+4=9 ?, 9/3-3=2 ?, 8/2-4=1 ?, 4/2+7=8 ?, 9/3-1=1 ?, 8/4+2=4 ?;accuracy;4.671129299328641, 4.459239829553553, 2.6531787366302524, 2.7539112472713896, 2.538711164886081, 2.611842261253514;0.5806451612903226;faces\\Scott.bmp, faces\\Andrea.bmp, faces\\Lily.bmp, faces\\Julia.bmp, faces\\David.bmp, faces\\Lana.bmp;1-7;12;19;5;female;;cheat_first
4;1.0;11.994019310196109;1.5031005806931717;self;5;4;4;1, 1, 1, 1;1461326090.764;dotscs_5_14;;0.9428571428571428;4;1.0;3;14;0.5;left;3.278482858246207;practiceExp;faces\\Tanya.bmp, faces\\Jane.bmp, faces\\Maria.bmp, faces\\Jake.bmp;1;instructions;left;0, 1, 0, 0;faces;0, 1, 0, 0;1+2x2=3 ?, 9/3+1=4 ?, 8/2-4=1 ?, 9/3+5=7 ?;cheat;2.9172038965780303, 2.7099637938244996, 2.271218266512733, 5.03510841858224;0.6285714285714286;faces\\Tanya.bmp, faces\\Jane.bmp, faces\\Maria.bmp, faces\\Jake.bmp;1-7;8;19;0.5;female;;cheat_first
5;1.0;36.47700955600976;1.451393447641749;self;5;5;2;1, 1, 1, 1, 1;1461326144.366;dotscs_5_14;;0.95;5;0.4;1;14;0.5;left;8.905456972475804;experiment;faces\\Tina.bmp, faces\\Mark.bmp, faces\\Joseph.bmp, faces\\Erica.bmp, faces\\Fiona.bmp;1;instructions;left;0, 1, 0, 1, 0;faces;0, 1, 0, 1, 0;4x2-8=1 ?, 4+6/3=6 ?, 8/2-2=3 ?, 2+4/2=4 ?, 6+4/2=7 ?;cheat;2.2572195596158053, 4.025618939464948, 2.159404847047881, 2.159924353120914, 3.2624425774156407;0.6;faces\\Tina.bmp, faces\\Mark.bmp, faces\\Erica.bmp, faces\\Fiona.bmp, faces\\Joseph.bmp;1-7;7;19;0.285;female;0.285;cheat_first
5;1.0;36.307083649324795;1.1318784568120464;self;0.5;5;5;1, 1, 1, 1, 1;1461326219.41;dotscs_5_14;;0.9555555555555556;5;1.0;2;14;5;left;5.8782504960609;experiment;faces\\Linda.bmp, faces\\Jeff.bmp, faces\\Olga.bmp, faces\\Robert.bmp, faces\\Anders.bmp;0;instructions;right;0, 1, 0, 0, 0;faces;0, 1, 0, 0, 0;3x3-8=3 ?, 2x3-4=2 ?, 4+4/2=5 ?, 3x3-5=3 ?, 3+2x2=8 ?;cheat;2.821304066409539, 4.410447663478408, 1.8732178694517643, 4.027914250355934, 4.28180514912583;0.6444444444444445;faces\\Linda.bmp, faces\\Jeff.bmp, faces\\Olga.bmp, faces\\Robert.bmp, faces\\Anders.bmp;1-7;10;19;3.0790123456790126;female;3.3640123456790127;cheat_first
5;1.0;15.242974547387348;1.1501514105402748;self;5;5;5;1, 1, 1, 1, 1;1461326294.468;dotscs_5_14;;0.96;5;1.0;3;12;0.5;right;8.83013460798702;experiment;faces\\Thomas.bmp, faces\\Rachel.bmp, faces\\Andrea.bmp, faces\\Joan.bmp, faces\\Susan.bmp;1;instructions;right;0, 0, 0, 1, 1;faces;0, 0, 0, 1, 1;6/3+3=3 ?, 4/2+2=5 ?, 6/3+5=9 ?, 8/2+2=6 ?, 4x2-8=0 ?;accuracy;4.077184871614918, 2.8251929303296492, 3.431150051261284, 2.027291763174617, 2.729198258451106;0.68;faces\\Thomas.bmp, faces\\Rachel.bmp, faces\\Andrea.bmp, faces\\Joan.bmp, faces\\Susan.bmp;1-7;10;19;3.2640000000000002;female;6.6280123456790125;cheat_first
3;1.0;12.961866555593133;1.0071325918934235;self;5;3;3;1, 1, 1;1461326347.217;dotscs_5_14;;0.9622641509433962;3;1.0;4;10;0.5;right;3.3603493005957716;experiment;faces\\Sofia.bmp, faces\\Joan.bmp, faces\\Lulu.bmp;1;instructions;right;0, 0, 1;faces;0, 0, 1;3x3-8=2 ?, 8/2-1=2 ?, 2x4-4=4 ?;accuracy;2.1359039211029085, 4.873162663084258, 2.5312869701292584;0.6981132075471698;faces\\Sofia.bmp, faces\\Joan.bmp, faces\\Lulu.bmp;1-7;6;19;3.3588465646137413;female;9.986858910292753;cheat_first
2;1.0;11.790281626790147;0.9754037938810143;self;5;2;2;1, 1;1461326382.695;dotscs_5_14;;0.9636363636363636;2;1.0;5;10;0.5;right;3.0125930678495934;experiment;faces\\Chris.bmp, faces\\Lucas.bmp;1;instructions;right;1, 1;faces;1, 1;3x3-3=6 ?, 2x2-4=0 ?;accuracy;2.823844267084496, 2.0459900890418794;0.7090909090909091;faces\\Chris.bmp, faces\\Lucas.bmp;1-7;4;19;3.416528925619835;female;13.403387835912588;cheat_first
5;0.8333333333333334;36.74641981398963;1.5799598762951064;self;5;5;0;1, 0, 1, 1, 1, 1;1461326410.466;dotscs_5_14;;0.9508196721311475;6;0.0;6;12;0.5;left;10.83380229254999;experiment;faces\\Jonah.bmp, faces\\Peter.bmp, faces\\Gary.bmp, faces\\Ella.bmp, faces\\Lisa.bmp, faces\\Amber.bmp;1;instructions;left;0, 1, 0, 0, 0, 0;faces;0, 0, 0, 0, 0, 0;3x3-8=3 ?, 3x2-1=5 ?, 8/4+6=7 ?, 2x4-8=2 ?, 9/3-1=3 ?, 3x3-8=2 ?;cheat;1.7379569609747705, 2.1313033904843905, 3.8124660932044208, 2.5392402259076334, 4.563103885997407, 2.513855913503903;0.639344262295082;faces\\Molly.bmp, faces\\Jonah.bmp, faces\\Ella.bmp, faces\\Peter.bmp, faces\\Gary.bmp, faces\\Lisa.bmp;1-7;5;19;0.3039505509271701;female;13.707338386839758;cheat_first
2;0.6666666666666666;14.929907731050207;1.3438004841882503;other;5;3;3;1, 0, 1;1461326491.512;dotscs_5_14;;0.9375;3;1.0;7;10;0.5;left;3.9930008234950947;experiment;faces\\George.bmp, faces\\Sarah.bmp, faces\\Olga.bmp;1;instructions;left;0, 1, 1;faces;0, 0, 1;6+6/3=6 ?, 6/3-1=1 ?, 1+9/3=4 ?;cheat;3.729915941227773, 1.58005577966469, 2.611257286090222;0.65625;faces\\George.bmp, faces\\Sarah.bmp, faces\\Olga.bmp;1-7;6;19;0.3076171875;female;13.707338386839758;cheat_first
1;1.0;5.826459845683985;1.4082125133718364;other;0.5;1;1;1;1461326528.704;dotscs_5_14;;0.9384615384615385;1;1.0;8;14;5;left;2.5884595335555787;experiment;faces\\Gary.bmp;0;instructions;right;0;faces;0;4/2+3=3 ?;cheat;2.388709448534428;0.6615384615384615;faces\\Gary.bmp;1-7;2;19;3.1041420118343193;female;13.707338386839758;cheat_first
4;1.0;17.96888590365552;0.9837438481172285;other;5;4;4;1, 1, 1, 1;1461326545.006;dotscs_5_14;;0.9420289855072463;4;1.0;9;12;0.5;right;2.9605670826367714;experiment;faces\\Oliver.bmp, faces\\Leah.bmp, faces\\Adam.bmp, faces\\Mike.bmp;0;instructions;left;0, 1, 0, 0;faces;0, 1, 0, 0;4x2-5=1 ?, 9/3-1=2 ?, 2x3-3=1 ?, 1+9/3=5 ?;cheat;4.219584741950712, 1.9453694066833123, 3.010574496569461, 3.7691513896616016;0.6811594202898551;faces\\Oliver.bmp, faces\\Leah.bmp, faces\\Adam.bmp, faces\\Mike.bmp;1-7;8;19;3.2083595883217813;female;13.707338386839758;cheat_first
1;1.0;6.194204322304358;1.2427675235094284;other;0.5;1;1;1;1461326589.921;dotscs_5_14;;0.9428571428571428;1;1.0;10;14;5;right;2.712604498398832;experiment;faces\\Tina.bmp;0;instructions;left;0;faces;0;3x3-2=6 ?;accuracy;4.529075884336635;0.6857142857142857;faces\\Tina.bmp;1-7;2;19;0.32326530612244897;female;13.707338386839758;cheat_first
1;1.0;6.4882107864041245;1.4243419737194927;other;5;1;1;1;1461326608.875;dotscs_5_14;;0.9436619718309859;1;1.0;11;12;0.5;left;1.4026295925232262;experiment;faces\\Kiki.bmp;1;instructions;left;0;faces;0;9/3-1=1 ?;cheat;2.0212880707176737;0.6901408450704225;faces\\Kiki.bmp;1-7;2;19;0.3256298353501289;female;13.707338386839758;cheat_first
2;1.0;9.420688798521951;1.2003025025824172;other;0.5;2;2;1, 1;1461326624.913;dotscs_5_14;;0.9452054794520548;2;1.0;12;10;5;right;3.0738855833878915;experiment;faces\\Donna.bmp, faces\\Brian.bmp;1;instructions;right;0, 1;faces;0, 1;4/2-2=2 ?, 2x2-2=2 ?;cheat;2.6686273184459424, 2.6566730165786794;0.6986301369863014;faces\\Donna.bmp, faces\\Brian.bmp;1-7;4;19;0.33017451679489584;female;13.707338386839758;cheat_first
4;1.0;13.497252952390681;1.0086709385541326;self;0.5;4;4;1, 1, 1, 1;1461326649.608;dotscs_5_14;;0.948051948051948;4;1.0;13;10;5;left;2.603300137556289;experiment;faces\\Vicky.bmp, faces\\Simon.bmp, faces\\Peter.bmp, faces\\Amber.bmp;0;instructions;right;1, 1, 0, 1;faces;1, 1, 0, 1;4x2-3=5 ?, 2+8/2=6 ?, 6+6/3=6 ?, 2x4-2=6 ?;cheat;2.7733116848876307, 1.7633695843351234, 2.2352895379335678, 2.9685695287043927;0.7142857142857143;faces\\Vicky.bmp, faces\\Simon.bmp, faces\\Peter.bmp, faces\\Amber.bmp;1-7;8;19;3.385899814471243;female;17.093238201311003;cheat_first
3;1.0;13.962433482520282;1.4097211335283646;self;5;3;3;1, 1, 1;1461326686.504;dotscs_5_14;;0.95;3;1.0;14;14;0.5;right;3.5384708756337204;experiment;faces\\Linda.bmp, faces\\Emily.bmp, faces\\Jason.bmp;0;instructions;left;1, 1, 0;faces;1, 1, 0;9/3-1=2 ?, 4/2-2=0 ?, 4/2+3=7 ?;cheat;2.7678413000958244, 2.18385666728409, 4.727065735566612;0.725;faces\\Linda.bmp, faces\\Emily.bmp, faces\\Jason.bmp;1-7;6;19;3.4437499999999996;female;20.536988201311004;cheat_first
5;0.8333333333333334;30.98017065137492;1.009850797713625;self;0.5;6;3;1, 0, 1, 1, 1, 1;1461326722.853;dotscs_5_14;;0.9418604651162791;6;0.5;15;14;5;right;3.740469912352637;experiment;faces\\Susan.bmp, faces\\Sonya.bmp, faces\\Kristen.bmp, faces\\Polly.bmp, faces\\Chloe.bmp, faces\\Lana.bmp;1;instructions;right;1, 1, 0, 0, 1, 0;faces;1, 0, 0, 0, 1, 0;2x4-8=0 ?, 6/3-1=1 ?, 1+3x2=9 ?, 9/3+1=2 ?, 3x3-2=7 ?, 3x2-3=2 ?;cheat;2.2386298770488793, 1.9239019152719266, 1.7980367058644333, 3.876486369513259, 4.904396373224699, 3.139190823286299;0.7093023255813954;faces\\Susan.bmp, faces\\Polly.bmp, faces\\Kristen.bmp, faces\\Chloe.bmp, faces\\Sonya.bmp, faces\\Lana.bmp;1-7;9;19;0.33403190914007574;female;20.87102011045108;cheat_first
2;1.0;8.857435218335922;1.0169048266998288;self;5;2;2;1, 1;1461326790.606;dotscs_5_14;;0.9431818181818182;2;1.0;16;12;0.5;right;3.1490908112900797;experiment;faces\\Fiona.bmp, faces\\Erica.bmp;0;instructions;left;1, 0;faces;1, 0;2x2+2=6 ?, 6+6/3=7 ?;cheat;2.815221811045376, 2.693211846295526;0.7159090909090909;faces\\Fiona.bmp, faces\\Erica.bmp;1-7;4;19;3.376162190082645;female;24.247182300533726;cheat_first
5;1.0;16.77766767960884;1.1001599215223905;self;5;5;3;1, 1, 1, 1, 1;1461326816.393;dotscs_5_14;;0.946236559139785;5;0.6;17;12;0.5;right;3.9132070971327266;experiment;faces\\Maria.bmp, faces\\Donald.bmp, faces\\Mona.bmp, faces\\Karen.bmp, faces\\Kate.bmp;0;instructions;left;0, 1, 0, 0, 0;faces;0, 1, 0, 0, 0;3x3-5=3 ?, 3x3-3=6 ?, 3x2+1=8 ?, 3x3-8=2 ?, 5+2x2=8 ?;cheat;3.0551677937373825, 2.546784034459961, 2.435889305571436, 2.401216875737191, 2.9578694022602576;0.7096774193548387;faces\\Maria.bmp, faces\\Donald.bmp, faces\\Karen.bmp, faces\\Mona.bmp, faces\\Kate.bmp;1-7;8;19;3.3576135969476244;female;27.604795897481353;cheat_first
6;1.0;30.534085154406057;1.6659961688192197;self;0.5;6;6;1, 1, 1, 1, 1, 1;1461326863.459;dotscs_5_14;;0.9494949494949495;6;1.0;18;10;5;left;3.6325043059196105;experiment;faces\\Hanna.bmp, faces\\Noah.bmp, faces\\Jane.bmp, faces\\Tanya.bmp, faces\\Kurt.bmp, faces\\Justin.bmp;0;instructions;right;0, 1, 1, 0, 0, 1;faces;0, 1, 1, 0, 0, 1;3+4/2=4 ?, 3x3-8=1 ?, 3x2-4=2 ?, 2+8/4=5 ?, 2x2-4=2 ?, 9/3-1=2 ?;cheat;2.1926206781108704, 2.8158673008792903, 2.582634554019023, 3.221804321030504, 1.7319062015503732, 3.0778144365358457;0.7272727272727273;faces\\Hanna.bmp, faces\\Noah.bmp, faces\\Jane.bmp, faces\\Tanya.bmp, faces\\Kurt.bmp, faces\\Justin.bmp;1-7;12;19;3.452708907254362;female;31.057504804735714;cheat_first
6;1.0;29.848992182990514;1.2822616633184225;other;5;6;6;1, 1, 1, 1, 1, 1;1461326929.199;dotscs_5_14;;0.9523809523809523;6;1.0;19;12;0.5;left;6.197388951153698;experiment;faces\\Donna.bmp, faces\\Nicole.bmp, faces\\James.bmp, faces\\Julian.bmp, faces\\Jenny.bmp, faces\\Jake.bmp;1;instructions;left;0, 0, 0, 1, 0, 0;faces;0, 0, 0, 1, 0, 0;6/2+6=7 ?, 3x3-3=7 ?, 2x2+1=7 ?, 3x3-8=1 ?, 3x2-4=0 ?, 4x2-8=2 ?;cheat;2.830498049906055, 2.9805903613223563, 3.8684372103653004, 2.8885156954183913, 1.9958566913483082, 2.5471864039454886;0.7428571428571429;faces\\Donna.bmp, faces\\Nicole.bmp, faces\\James.bmp, faces\\Julian.bmp, faces\\Jenny.bmp, faces\\Jake.bmp;1-7;12;19;0.35374149659863946;female;31.057504804735714;cheat_first
2;1.0;7.423478843397788;1.2168410562680947;other;0.5;2;2;1, 1;1461326997.824;dotscs_5_14;;0.9532710280373832;2;1.0;20;10;5;left;1.907879682676139;experiment;faces\\Andre.bmp, faces\\Steve.bmp;0;instructions;right;0, 0;faces;0, 0;2x2-3=2 ?, 8/4+2=2 ?;cheat;2.259021552070408, 4.775088197480727;0.7476635514018691;faces\\Andre.bmp, faces\\Steve.bmp;1-7;4;19;3.5636300113547033;female;31.057504804735714;cheat_first
5;0.8333333333333334;30.858865983358555;1.277347234957233;other;5;6;2;0, 1, 1, 1, 1, 1;1461327020.991;dotscs_5_14;;0.9469026548672567;6;0.3333333333333333;21;14;0.5;left;2.6291568890646886;experiment;faces\\Emma.bmp, faces\\George.bmp, faces\\Tony.bmp, faces\\Leslie.bmp, faces\\Cindy.bmp, faces\\Eddie.bmp;1;instructions;left;1, 1, 0, 0, 1, 0;faces;0, 1, 0, 0, 1, 0;1+6/3=3 ?, 2x4-2=6 ?, 2x2-1=5 ?, 2x3-4=4 ?, 2x2-1=3 ?, 4/2+4=4 ?;cheat;2.813228365739633, 3.2678669569013437, 2.33600966252925, 3.929259056232695, 3.371192043488918, 2.4819834373820413;0.7256637168141593;faces\\Emma.bmp, faces\\Cindy.bmp, faces\\George.bmp, faces\\Tony.bmp, faces\\Leslie.bmp, faces\\Eddie.bmp;1-7;8;19;0.34356644999608427;female;31.057504804735714;cheat_first
6;1.0;27.3249163676619;1.3966605809910106;other;0.5;6;3;1, 1, 1, 1, 1, 1;1461327088.025;dotscs_5_14;;0.9495798319327731;6;0.5;22;12;5;left;9.420933688305922;experiment;faces\\Kevin.bmp, faces\\Zach.bmp, faces\\Lulu.bmp, faces\\Molly.bmp, faces\\Will.bmp, faces\\Amanda.bmp;1;instructions;left;1, 0, 0, 1, 1, 1;faces;1, 0, 0, 1, 1, 1;2x3-5=1 ?, 3x3-3=5 ?, 2x3+2=9 ?, 9/3-3=0 ?, 4/2+4=6 ?, 3x2-5=1 ?;accuracy;4.123820804377829, 2.6379739829380924, 2.723216860874345, 2.1093606288714, 2.031871768347628, 2.3892020591983965;0.7142857142857143;faces\\Kevin.bmp, faces\\Zach.bmp, faces\\Lulu.bmp, faces\\Amanda.bmp, faces\\Molly.bmp, faces\\Will.bmp;1-7;9;19;3.3913565426170464;female;31.057504804735714;cheat_first
6;1.0;25.183134030089604;1.1086793964532262;other;0.5;5;5;1, 1, 1, 1, 1, 1;1461327156.244;dotscs_5_14;;0.952;6;0.8333333333333334;23;10;5;left;6.172785313407985;experiment;faces\\Nana.bmp, faces\\Timmy.bmp, faces\\Megan.bmp, faces\\Niclas.bmp, faces\\Polly.bmp, faces\\Angie.bmp;1;instructions;left;1, 0, 1, 1, 1, 0;faces;1, 0, 1, 1, 1, 0;3+8/4=5 ?, 2x2-2=4 ?, 5+8/4=7 ?, 8/2+1=5 ?, 3x2+3=9 ?, 2+6/2=7 ?;accuracy;3.700572695284791, 3.3751715024727673, 4.911161984329738, 5.841791290911715, 3.839214285992057, 4.204578164961276;0.72;faces\\Nana.bmp, faces\\Timmy.bmp, faces\\Megan.bmp, faces\\Niclas.bmp, faces\\Polly.bmp, faces\\Emily.bmp;1-7;10;19;3.4271999999999996;female;31.057504804735714;cheat_first
5;1.0;27.882533590066487;1.2330002431208413;other;0.5;5;5;1, 1, 1, 1, 1;1461327228.397;dotscs_5_14;;0.9538461538461539;5;1.0;24;14;5;left;2.621386592851195;experiment;faces\\Mary.bmp, faces\\Daniel.bmp, faces\\Regina.bmp, faces\\Vicky.bmp, faces\\Nathan.bmp;1;instructions;left;1, 0, 0, 0, 0;faces;1, 0, 0, 0, 0;3x3-1=8 ?, 2x3-6=2 ?, 6/2-1=1 ?, 4/2+3=6 ?, 2x2-4=1 ?;accuracy;2.21922448501482, 2.265192279177427, 4.597120563274984, 2.243921548920298, 1.9053798251161425;0.7307692307692307;faces\\Mary.bmp, faces\\Daniel.bmp, faces\\Regina.bmp, faces\\Vicky.bmp, faces\\Nathan.bmp;1-7;10;19;3.4852071005917162;female;31.057504804735714;cheat_first
1;1.0;2.2847215316505753;1.0833955879488713;self;5;1;1;1;1461327285.26;dotscs_5_14;;0.9541984732824428;1;1.0;25;12;0.5;right;4.036829017032687;experiment;faces\\Kevin.bmp;1;instructions;right;0;faces;0;9/3-3=2 ?;accuracy;3.157166511959076;0.732824427480916;faces\\Kevin.bmp;1-7;2;19;3.4962997494318513;female;34.55380455416756;cheat_first
1;1.0;2.0513143185144145;0.8491815125207722;self;5;1;1;1;1461327299.66;dotscs_5_14;;0.9545454545454546;1;1.0;26;10;0.5;right;2.006647766743299;experiment;faces\\Chloe.bmp;0;instructions;left;0;faces;0;3x3-3=4 ?;cheat;3.5546141375716616;0.7348484848484849;faces\\Chloe.bmp;1-7;2;19;3.5072314049586777;female;38.061035959126244;cheat_first
4;1.0;10.127370644579969;0.8431077504428686;self;0.5;4;4;1, 1, 1, 1;1461327311.828;dotscs_5_14;;0.9558823529411765;4;1.0;27;14;5;left;2.3925795564455257;experiment;faces\\Leslie.bmp, faces\\Karen.bmp, faces\\Lily.bmp, faces\\Kate.bmp;0;instructions;right;0, 0, 0, 0;faces;0, 0, 0, 0;2x4-5=1 ?, 4x2-6=3 ?, 4+2x2=7 ?, 8/2+3=5 ?;cheat;2.7331908112546444, 2.0626974468113985, 2.3792567736618366, 4.634441483197406;0.7426470588235294;faces\\Leslie.bmp, faces\\Karen.bmp, faces\\Lily.bmp, faces\\Kate.bmp;1-7;8;19;3.549416089965398;female;41.61045204909164;cheat_first
6;1.0;26.73429670803671;0.891562662234719;self;5;6;2;1, 1, 1, 1, 1, 1;1461327347.569;dotscs_5_14;;0.9577464788732394;6;0.3333333333333333;28;14;0.5;right;6.759530618477584;experiment;faces\\Steve.bmp, faces\\Andrea.bmp, faces\\Linda.bmp, faces\\Joseph.bmp, faces\\Nathan.bmp, faces\\Billy.bmp;1;instructions;right;1, 1, 0, 1, 0, 0;faces;1, 1, 0, 1, 0, 0;6/3+7=9 ?, 2x2-2=2 ?, 3x2-4=0 ?, 6/3-2=0 ?, 4x2-8=2 ?, 6+8/4=6 ?;accuracy;3.9471621980774216, 2.6046211976172344, 2.1312856961358193, 4.069153760703557, 4.921190433303309, 3.5952764582716554;0.7253521126760564;faces\\Steve.bmp, faces\\Linda.bmp, faces\\Andrea.bmp, faces\\Joseph.bmp, faces\\Billy.bmp, faces\\Nathan.bmp;1-7;8;19;3.473517159293791;female;45.08396920838543;cheat_first
2;1.0;11.004152509713094;1.343150747709842;self;5;2;2;1, 1;1461327418.145;dotscs_5_14;;0.9583333333333334;2;1.0;29;14;0.5;right;3.7118397486556205;experiment;faces\\Kurt.bmp, faces\\Lisa.bmp;0;instructions;left;0, 1;faces;0, 1;3x3-1=7 ?, 2+8/4=4 ?;cheat;2.56851517166524, 3.5765176177319518;0.7291666666666666;faces\\Kurt.bmp, faces\\Lisa.bmp;1-7;4;19;3.493923611111111;female;48.57789281949655;cheat_first
4;1.0;8.66830634296366;1.101121432421678;self;0.5;4;4;1, 1, 1, 1;1461327447.661;dotscs_5_14;;0.9594594594594594;4;1.0;30;10;5;left;7.670891841171397;experiment;faces\\Diana.bmp, faces\\Thomas.bmp, faces\\Anna.bmp, faces\\Rachel.bmp;1;instructions;left;1, 1, 0, 1;faces;1, 1, 0, 1;4x2-8=0 ?, 3x2+3=9 ?, 2x2-1=1 ?, 4+6/2=7 ?;accuracy;2.34987955456927, 2.9824712705712955, 3.774648315975355, 5.16647727815689;0.7364864864864865;faces\\Diana.bmp, faces\\Thomas.bmp, faces\\Anna.bmp, faces\\Rachel.bmp;1-7;8;19;3.533144631117604;female;52.11103745061415;cheat_first
2;1.0;7.141694219716555;1.2988975359203323;other;5;2;2;1, 1;1461327490.078;dotscs_5_14;;0.96;2;1.0;31;14;0.5;right;1.8936350243357083;experiment;faces\\Kenny.bmp, faces\\Britt.bmp;1;instructions;right;0, 1;faces;0, 1;6/2-1=1 ?, 3x3-3=6 ?;accuracy;2.434618497459269, 2.127991716213728;0.74;faces\\Kenny.bmp, faces\\Britt.bmp;1-7;4;19;3.5519999999999996;female;52.11103745061415;cheat_first
1;1.0;7.192146823457733;-0.6331650128940964;other;0.5;1;1;1;1461327510.951;dotscs_5_14;;0.9602649006622517;1;1.0;32;14;5;right;9.246098661564247;experiment;faces\\Hanna.bmp;1;instructions;right;0;faces;0;2x4-8=1 ?;cheat;2.9078244763095427;0.7417218543046358;faces\\Hanna.bmp;1-7;2;19;0.3561247313714311;female;52.11103745061415;cheat_first
5;1.0;32.22143026250251;1.7204165532757543;other;0.5;5;3;1, 1, 1, 1, 1;1461327534.274;dotscs_5_14;;0.9615384615384616;5;0.6;33;10;5;right;5.065029915835112;experiment;faces\\Adam.bmp, faces\\Kristen.bmp, faces\\Mike.bmp, faces\\Alex.bmp, faces\\Haley.bmp;1;instructions;right;0, 1, 1, 0, 0;faces;0, 1, 1, 0, 0;4x2-2=5 ?, 7+8/4=9 ?, 3+2x2=7 ?, 2x3-1=4 ?, 3x2-1=3 ?;cheat;2.2380003121279515, 2.371229201619826, 3.723161300619722, 2.8051650511142725, 1.8198902879612433;0.7371794871794872;faces\\Adam.bmp, faces\\Kristen.bmp, faces\\Alex.bmp, faces\\Mike.bmp, faces\\Haley.bmp;1-7;8;19;0.3544132149901381;female;52.11103745061415;cheat_first
6;1.0;38.04238150360197;1.761284836190498;other;5;5;1;1, 1, 1, 1, 1, 1;1461327598.172;dotscs_5_14;;0.9629629629629629;6;0.16666666666666666;34;10;0.5;left;6.136450676473032;experiment;faces\\Sonya.bmp, faces\\Oliver.bmp, faces\\Brian.bmp, faces\\Chris.bmp, faces\\Benny.bmp, faces\\Lily.bmp;1;instructions;left;1, 1, 1, 0, 0, 0;faces;1, 1, 1, 0, 0, 0;8/4+2=4 ?, 4x2-6=2 ?, 8/2+5=9 ?, 4x2-3=3 ?, 6/3+6=6 ?, 2x4+1=8 ?;cheat;1.5955167475231065, 2.9306516014621593, 3.04466478233644, 5.353741876966524, 3.6345511881581842, 3.5438343865598654;0.7160493827160493;faces\\Sonya.bmp, faces\\Brian.bmp, faces\\Chris.bmp, faces\\Benny.bmp, faces\\Lily.bmp, faces\\Jacob.bmp;1-7;6;19;0.3447645176040237;female;52.11103745061415;cheat_first
4;1.0;14.120509130106257;1.332675693379315;other;0.5;4;4;1, 1, 1, 1;1461327680.916;dotscs_5_14;;0.963855421686747;4;1.0;35;10;5;right;3.3059052057124063;experiment;faces\\Polly.bmp, faces\\Eric.bmp, faces\\Mona.bmp, faces\\Matt.bmp;1;instructions;right;0, 0, 1, 0;faces;0, 0, 1, 0;8/4+2=5 ?, 2x4-6=3 ?, 8/4+2=4 ?, 3x3-9=1 ?;cheat;3.5911742005082488, 3.222505725006158, 4.236527788443709, 2.2979236389774087;0.7228915662650602;faces\\Polly.bmp, faces\\Eric.bmp, faces\\Mona.bmp, faces\\Matt.bmp;1-7;8;19;0.3483814777181013;female;52.11103745061415;cheat_first
2;1.0;10.334055498678026;1.5331137346720425;other;5;2;2;1, 1;1461327722.849;dotscs_5_14;;0.9642857142857143;2;1.0;36;14;0.5;right;5.589581001365332;experiment;faces\\Wendy.bmp, faces\\Sonya.bmp;0;instructions;left;1, 1;faces;1, 1;2+6/3=4 ?, 9/3-1=2 ?;cheat;2.951930117232223, 4.136489604039525;0.7261904761904762;faces\\Wendy.bmp, faces\\Sonya.bmp;1-7;4;19;3.5012755102040813;female;52.11103745061415;cheat_first
7;1.0;58.04339185090248;1.0974463162319807;self;5;7;5;1, 1, 1, 1, 1, 1, 1;1461327753.41;dotscs_5_14;;0.9657142857142857;7;0.7142857142857143;37;14;0.5;right;5.185784643499574;experiment;faces\\Ella.bmp, faces\\Scott.bmp, faces\\Shane.bmp, faces\\Lucas.bmp, faces\\Chris.bmp, faces\\Eric.bmp, faces\\Benny.bmp;0;instructions;left;1, 0, 0, 1, 0, 0, 0;faces;1, 0, 0, 1, 0, 0, 0;3x3-6=3 ?, 3+8/2=9 ?, 2x2-3=3 ?, 3x3-7=2 ?, 3+2x3=7 ?, 6/3-2=2 ?, 4+9/3=9 ?;cheat;2.9298843745100385, 4.563842801991996, 3.92382299847759, 5.237742682414137, 2.9951404241191995, 2.8419339073616356, 4.919054371547645;0.7257142857142858;faces\\Ella.bmp, faces\\Scott.bmp, faces\\Shane.bmp, faces\\Lucas.bmp, faces\\Benny.bmp, faces\\Eric.bmp, faces\\Chris.bmp;1-7;12;19;3.504163265306123;female;55.615200715920274;cheat_first
2;1.0;6.02756142504586;1.2501570373433424;self;0.5;2;2;1, 1;1461327861.331;dotscs_5_14;;0.9661016949152542;2;1.0;38;10;5;left;2.757920078874122;experiment;faces\\Damon.bmp, faces\\Jacob.bmp;0;instructions;right;0, 0;faces;0, 0;2+2x2=7 ?, 2+2x3=6 ?;cheat;2.137218965086504, 2.3385718041972723;0.7288135593220338;faces\\Damon.bmp, faces\\Jacob.bmp;1-7;4;19;3.5205400746911804;female;59.13574079061146;cheat_first
7;1.0;25.912455795093592;1.1591737588560136;self;5;7;3;1, 1, 1, 1, 1, 1, 1;1461327881.954;dotscs_5_14;;0.967391304347826;7;0.42857142857142855;39;12;0.5;right;8.368068637085344;experiment;faces\\Olivia.bmp, faces\\Donald.bmp, faces\\Greg.bmp, faces\\Jake.bmp, faces\\Daniel.bmp, faces\\Diana.bmp, faces\\Alex.bmp;0;instructions;left;1, 1, 1, 1, 0, 1, 0;faces;1, 1, 1, 1, 0, 1, 0;2x2+2=6 ?, 6/2-2=1 ?, 8/4+4=6 ?, 5+6/2=8 ?, 6/3+7=7 ?, 2x2+2=6 ?, 6/3+5=6 ?;cheat;2.253252132788475, 3.4258551944058127, 3.0638755365371253, 4.243814321168429, 5.225085914908959, 3.431090952136401, 5.34104299691262;0.717391304347826;faces\\Olivia.bmp, faces\\Donald.bmp, faces\\Greg.bmp, faces\\Daniel.bmp, faces\\Jake.bmp, faces\\Alex.bmp, faces\\Diana.bmp;1-7;10;19;3.4699905482041586;female;62.605731338815616;cheat_first
3;1.0;13.785910768815484;1.1741325611046705;self;5;3;3;1, 1, 1;1461327962.498;dotscs_5_14;;0.9679144385026738;3;1.0;40;10;0.5;right;2.992584652417463;experiment;faces\\Eddie.bmp, faces\\David.bmp, faces\\Shane.bmp;0;instructions;left;1, 0, 1;faces;1, 0, 1;7+8/4=9 ?, 2x2-3=2 ?, 4/2+2=4 ?;cheat;4.519193944568542, 3.5610863763786256, 2.409911170831947;0.7219251336898396;faces\\Eddie.bmp, faces\\David.bmp, faces\\Shane.bmp;1-7;6;19;3.4938088020818436;female;66.09954014089746;cheat_first
5;1.0;17.412164369174207;1.359074953614254;self;0.5;5;5;1, 1, 1, 1, 1;1461327999.564;dotscs_5_14;;0.96875;5;1.0;41;12;5;left;3.8320325038102965;experiment;faces\\Lena.bmp, faces\\Paul.bmp, faces\\Matt.bmp, faces\\Lucia.bmp, faces\\Steve.bmp;0;instructions;right;0, 1, 0, 1, 0;faces;0, 1, 0, 1, 0;2x3-1=3 ?, 5+8/4=7 ?, 3x3-9=2 ?, 8/2+3=7 ?, 9/3+5=6 ?;cheat;3.315255961138064, 3.0379695947394794, 1.971273225159166, 4.9790955427588415, 2.954548526927283;0.7291666666666666;faces\\Lena.bmp, faces\\Paul.bmp, faces\\Matt.bmp, faces\\Lucia.bmp, faces\\Steve.bmp;1-7;10;19;3.531901041666666;female;69.63144118256413;cheat_first
1;1.0;2.5904625338098413;0.8484932023620786;self;0.5;1;1;1;1461328050.373;dotscs_5_14;;0.9689119170984456;1;1.0;42;14;5;left;3.716458327508917;experiment;faces\\Joshua.bmp;0;instructions;right;1;faces;1;2x3-1=5 ?;cheat;2.042042125996886;0.7305699481865285;faces\\Joshua.bmp;1-7;2;19;3.539289645359607;female;73.17073082792373;cheat_first
7;1.0;20.522696010029904;1.1260417990051792;other;5;7;5;1, 1, 1, 1, 1, 1, 1;1461328063.789;dotscs_5_14;;0.97;7;0.7142857142857143;43;12;0.5;right;7.132284011280717;experiment;faces\\Justin.bmp, faces\\Niclas.bmp, faces\\Donna.bmp, faces\\Adam.bmp, faces\\Ethan.bmp, faces\\Kurt.bmp, faces\\Gary.bmp;0;instructions;left;1, 0, 1, 0, 1, 0, 1;faces;1, 0, 1, 0, 1, 0, 1;3x3-2=7 ?, 1+6/3=4 ?, 6/2+1=4 ?, 4/2+5=6 ?, 6+8/4=8 ?, 6/2-2=3 ?, 3x2-6=0 ?;cheat;2.2946381523415766, 2.4098595033337915, 2.1526951500845826, 2.713206106249345, 2.3081194764872635, 3.382518549870838, 2.958531170895185;0.73;faces\\Justin.bmp, faces\\Donna.bmp, faces\\Niclas.bmp, faces\\Adam.bmp, faces\\Ethan.bmp, faces\\Kurt.bmp, faces\\Gary.bmp;1-7;12;19;3.5404999999999998;female;73.17073082792373;cheat_first
7;1.0;23.49797948234118;1.4590402373023608;other;5;7;7;1, 1, 1, 1, 1, 1, 1;1461328128.405;dotscs_5_14;;0.9710144927536232;7;1.0;44;14;0.5;right;2.226529065975228;experiment;faces\\Jason.bmp, faces\\Robert.bmp, faces\\Lisa.bmp, faces\\Joshua.bmp, faces\\Keith.bmp, faces\\Julian.bmp, faces\\Lucia.bmp;0;instructions;left;0, 1, 0, 1, 1, 1, 1;faces;0, 1, 0, 1, 1, 1, 1;4x2-4=2 ?, 6/2+5=8 ?, 2x2+1=6 ?, 8/2-2=2 ?, 3x3-4=5 ?, 3x3-8=1 ?, 3x3-8=1 ?;cheat;6.131035144160705, 3.5251916209472256, 2.3753084567315454, 6.20698318081395, 4.429843854451974, 3.411867104117846, 3.3465639875421402;0.7391304347826086;faces\\Jason.bmp, faces\\Robert.bmp, faces\\Lisa.bmp, faces\\Joshua.bmp, faces\\Keith.bmp, faces\\Julian.bmp, faces\\Lucia.bmp;1-7;14;19;3.588531821045998;female;73.17073082792373;cheat_first
3;0.75;11.787218735059469;1.3929408750427683;other;5;4;4;1, 1, 1, 0;1461328200.901;dotscs_5_14;;0.966824644549763;4;1.0;45;14;0.5;left;8.249478636020285;experiment;faces\\Regina.bmp, faces\\Noah.bmp, faces\\Casper.bmp, faces\\Lucia.bmp;1;instructions;left;0, 1, 1, 1;faces;0, 1, 1, 0;8/4+5=9 ?, 3x3-8=1 ?, 3+2x2=7 ?, 6/3-2=0 ?;cheat;3.9198368156403376, 2.0579312970912724, 3.4369322104739695, 4.362115550466115;0.7440758293838863;faces\\Regina.bmp, faces\\Noah.bmp, faces\\Casper.bmp, faces\\Lucia.bmp;1-7;8;19;0.35969542463107296;female;73.17073082792373;cheat_first
2;1.0;10.10272949481623;1.6886431655048;other;5;2;2;1, 1;1461328246.005;dotscs_5_14;;0.9671361502347418;2;1.0;46;14;0.5;right;2.4152676040184815;experiment;faces\\James.bmp, faces\\Nathan.bmp;0;instructions;left;0, 1;faces;0, 1;3x3-6=4 ?, 2x3+3=9 ?;cheat;2.6726294261970907, 2.668550171086281;0.7464788732394366;faces\\James.bmp, faces\\Nathan.bmp;1-7;4;19;3.6097335184817823;female;73.17073082792373;cheat_first
6;1.0;55.54886099709074;1.422720463619953;other;5;6;4;1, 1, 1, 1, 1, 1;1461328272.028;dotscs_5_14;;0.9680365296803652;6;0.6666666666666666;47;14;0.5;right;10.02288374706859;experiment;faces\\Emily.bmp, faces\\Chloe.bmp, faces\\Lucas.bmp, faces\\Shane.bmp, faces\\Mary.bmp, faces\\Nicole.bmp;0;instructions;left;0, 0, 0, 1, 1, 0;faces;0, 0, 0, 1, 1, 0;1+9/3=6 ?, 4/2+5=8 ?, 3x2+3=8 ?, 8/2-1=3 ?, 4+2x2=8 ?, 5+8/4=6 ?;cheat;2.6391895846818443, 2.0925881558987385, 2.2559147783549633, 3.4604292436624746, 1.8251961153118827, 5.190962009879513;0.7442922374429224;faces\\Emily.bmp, faces\\Chloe.bmp, faces\\Lucas.bmp, faces\\Shane.bmp, faces\\Nicole.bmp, faces\\Mary.bmp;1-7;10;19;3.602510373011405;female;73.17073082792373;cheat_first
1;1.0;5.848322274955535;1.0153247213756913;other;0.5;1;1;1;1461328370.849;dotscs_5_14;;0.9681818181818181;1;1.0;48;10;5;left;2.2926783262992103;experiment;faces\\Liam.bmp;1;instructions;left;1;faces;1;8/2+4=8 ?;accuracy;3.592588686728959;0.7454545454545455;faces\\Liam.bmp;1-7;2;19;3.608677685950413;female;73.17073082792373;cheat_first
4;0.8;23.29390348299148;1.0834486709954945;self;5;5;5;1, 1, 1, 1, 0;1461328387.589;dotscs_5_14;;0.9644444444444444;5;1.0;49;12;0.5;right;4.662397138328743;experiment;faces\\Scott.bmp, faces\\Ricky.bmp, faces\\Bruce.bmp, faces\\Sofia.bmp, faces\\Micha.bmp;0;instructions;left;0, 0, 0, 0, 1;faces;0, 0, 0, 0, 0;9/3-3=2 ?, 4/2+7=8 ?, 5+4/2=9 ?, 8/2-1=2 ?, 3x3-2=7 ?;cheat;3.444561659673127, 5.9616559928463175, 2.5625861493599587, 5.003115974776847, 4.009773296467756;0.7511111111111111;faces\\Scott.bmp, faces\\Ricky.bmp, faces\\Bruce.bmp, faces\\Sofia.bmp, faces\\Micha.bmp;1-7;10;19;3.6220246913580247;female;76.79275551928176;cheat_first
2;0.6666666666666666;10.545364593820523;0.959729432178392;self;5;3;3;1, 1, 0;1461328451.057;dotscs_5_14;;0.9605263157894737;3;1.0;50;14;0.5;right;5.233734204697612;experiment;faces\\Will.bmp, faces\\Julian.bmp, faces\\Jane.bmp;0;instructions;left;1, 0, 0;faces;1, 0, 1;2+2x2=6 ?, 8/2-4=1 ?, 6/3+4=8 ?;cheat;2.029256189748594, 3.3385873752240514, 7.899707016977118;0.7543859649122807;faces\\Will.bmp, faces\\Julian.bmp, faces\\Jane.bmp;1-7;6;19;3.6230378578024007;female;80.41579337708416;cheat_first
5;1.0;21.46352398522049;0.9835984005721912;self;5;5;5;1, 1, 1, 1, 1;1461328489.202;dotscs_5_14;;0.9613733905579399;5;1.0;51;10;0.5;right;3.48967340125364;experiment;faces\\Lana.bmp, faces\\Victor.bmp, faces\\Kiki.bmp, faces\\Erin.bmp, faces\\Wendy.bmp;1;instructions;right;0, 1, 0, 0, 0;faces;0, 1, 0, 0, 0;4x2-8=2 ?, 5+4/2=7 ?, 8/4+3=4 ?, 4+9/3=8 ?, 2x2-3=3 ?;accuracy;3.98987741709243, 3.86114713877123, 2.537950661785544, 6.570944251831861, 3.899147167789124;0.759656652360515;faces\\Lana.bmp, faces\\Victor.bmp, faces\\Kiki.bmp, faces\\Erin.bmp, faces\\Wendy.bmp;1-7;10;19;3.651568457698613;female;84.06736183478277;cheat_first
1;1.0;3.355930313992758;1.2075950513863063;self;0.5;1;1;1;1461328548.625;dotscs_5_14;;0.9615384615384616;1;1.0;52;12;5;left;1.2019972672851509;experiment;faces\\Bruce.bmp;0;instructions;right;1;faces;1;4+2x2=8 ?;cheat;2.329360126352185;0.7606837606837606;faces\\Bruce.bmp;1-7;2;19;3.6571334648257725;female;87.72449529960855;cheat_first
3;1.0;13.019854828487041;0.8747767415570706;self;5;3;3;1, 1, 1;1461328560.544;dotscs_5_14;;0.9620253164556962;3;1.0;53;14;0.5;right;1.6412534534947554;experiment;faces\\Ethan.bmp, faces\\Scott.bmp, faces\\Nana.bmp;0;instructions;left;0, 0, 1;faces;0, 0, 1;3x3-2=5 ?, 4/2+7=8 ?, 3+2x3=9 ?;cheat;3.2832090187384892, 2.463321561873272, 1.9080382240390463;0.7637130801687764;faces\\Ethan.bmp, faces\\Scott.bmp, faces\\Nana.bmp;1-7;6;19;3.673556588153608;female;91.39805188776215;cheat_first
7;1.0;24.20538644280259;1.1091974869777914;self;0.5;7;7;1, 1, 1, 1, 1, 1, 1;1461328592.026;dotscs_5_14;;0.9631147540983607;7;1.0;54;12;5;left;3.4992499365653202;experiment;faces\\Britt.bmp, faces\\Regina.bmp, faces\\Jane.bmp, faces\\Vicky.bmp, faces\\Jenny.bmp, faces\\Fiona.bmp, faces\\Mona.bmp;0;instructions;right;0, 0, 1, 0, 1, 0, 1;faces;0, 0, 1, 0, 1, 0, 1;3x3-5=2 ?, 2x2-2=4 ?, 3x3-8=1 ?, 4/2-1=2 ?, 2+2x2=6 ?, 6/2+3=5 ?, 6/2+6=9 ?;cheat;3.7184839765286597, 2.3926312239427716, 2.1279120916451575, 3.601977308059759, 1.6646609532790535, 4.6051916634132795, 4.04379988258097;0.7704918032786885;faces\\Britt.bmp, faces\\Regina.bmp, faces\\Jane.bmp, faces\\Vicky.bmp, faces\\Jenny.bmp, faces\\Fiona.bmp, faces\\Mona.bmp;1-7;14;19;3.710360118247783;female;95.10841200600993;cheat_first
1;0.5;5.467047637785981;0.9819627349934308;other;0.5;2;2;1, 0;1461328658.626;dotscs_5_14;;0.959349593495935;2;1.0;55;12;5;left;4.998584806004146;experiment;faces\\Amanda.bmp, faces\\Kelly.bmp;0;instructions;right;0, 1;faces;0, 0;2x2-4=2 ?, 8/4-1=1 ?;cheat;1.942605195556098, 2.5439515231473706;0.7723577235772358;faces\\Amanda.bmp, faces\\Kelly.bmp;1-7;4;19;3.704805340736334;female;95.10841200600993;cheat_first
4;1.0;8.426254378909107;1.3152248190835962;other;5;4;4;1, 1, 1, 1;1461328680.451;dotscs_5_14;;0.96;4;1.0;56;10;0.5;left;1.7903474497670686;experiment;faces\\Erin.bmp, faces\\Billy.bmp, faces\\Benny.bmp, faces\\Mary.bmp;1;instructions;left;1, 0, 1, 0;faces;1, 0, 1, 0;8/2-1=3 ?, 6+8/4=7 ?, 2x2-3=1 ?, 4x2-6=0 ?;cheat;2.8592184547815123, 4.2480117745271855, 2.7245527841878356, 2.2065602858838247;0.776;faces\\Erin.bmp, faces\\Billy.bmp, faces\\Benny.bmp, faces\\Mary.bmp;1-7;8;19;0.37248;female;95.10841200600993;cheat_first
6;0.8571428571428571;26.96901224130397;1.1072688029880737;other;5;6;3;1, 1, 1, 0, 1, 1, 1;1461328714.055;dotscs_5_14;;0.9571984435797666;7;0.42857142857142855;57;10;0.5;left;8.248046455450094;experiment;faces\\Amber.bmp, faces\\Thomas.bmp, faces\\Karen.bmp, faces\\Olga.bmp, faces\\John.bmp, faces\\Liam.bmp, faces\\Amanda.bmp;1;instructions;left;0, 0, 1, 0, 0, 0, 1;faces;0, 0, 1, 1, 0, 0, 1;3x2-5=2 ?, 3+9/3=4 ?, 3x2-2=4 ?, 6/3+1=2 ?, 6/3+5=5 ?, 9/3+5=7 ?, 9/3+1=4 ?;cheat;2.225911533211729, 2.231905316833945, 1.7493549525242997, 3.254571069528538, 3.8591275058288375, 2.495843066699308, 5.323066600465609;0.7665369649805448;faces\\Amber.bmp, faces\\Thomas.bmp, faces\\Karen.bmp, faces\\Amanda.bmp, faces\\Mary.bmp, faces\\Olga.bmp, faces\\John.bmp;1-7;9;19;0.36686399491286775;female;95.10841200600993;cheat_first
6;0.8571428571428571;21.383316211101373;1.3595643792950796;other;0.5;7;4;1, 1, 0, 1, 1, 1, 1;1461328788.049;dotscs_5_14;;0.9545454545454546;7;0.5714285714285714;58;14;5;left;5.268284897412741;experiment;faces\\Emily.bmp, faces\\Carl.bmp, faces\\Peter.bmp, faces\\Jeff.bmp, faces\\Maria.bmp, faces\\Erin.bmp, faces\\Nina.bmp;1;instructions;left;1, 1, 0, 1, 0, 0, 1;faces;1, 1, 1, 1, 0, 0, 1;4/2-2=0 ?, 2x4-1=7 ?, 2x2-2=0 ?, 5+8/2=9 ?, 4x2-3=7 ?, 3x3-5=2 ?, 3x2+2=8 ?;accuracy;1.8768399025957478, 4.608563144583059, 2.1353157609582922, 4.456542856950364, 4.069129696390519, 5.745017713812558, 2.0986130815736033;0.7613636363636364;faces\\Emily.bmp, faces\\Carl.bmp, faces\\Peter.bmp, faces\\Maria.bmp, faces\\Erin.bmp, faces\\Jeff.bmp, faces\\Nina.bmp;1-7;11;19;3.6337809917355375;female;95.10841200600993;cheat_first
3;1.0;7.963002886655886;1.4013226879415015;other;5;3;3;1, 1, 1;1461328858.141;dotscs_5_14;;0.9550561797752809;3;1.0;59;14;0.5;right;2.1538626232013485;experiment;faces\\Jenny.bmp, faces\\Paul.bmp, faces\\Carl.bmp;1;instructions;right;0, 1, 1;faces;0, 1, 1;4/2+4=8 ?, 4x2-1=7 ?, 3x3-1=8 ?;accuracy;2.7192112142538463, 2.297294427943598, 1.4358931983279035;0.7640449438202247;faces\\Jenny.bmp, faces\\Paul.bmp, faces\\Carl.bmp;1-7;6;19;3.6485292261078146;female;95.10841200600993;cheat_first
2;1.0;5.120295028489636;1.00803004925001;other;5;2;2;1, 1;1461328887.33;dotscs_5_14;;0.9553903345724907;2;1.0;60;12;0.5;right;1.7292647892018067;experiment;faces\\Micha.bmp, faces\\Susan.bmp;1;instructions;right;1, 1;faces;1, 1;3x2-3=3 ?, 4x2-2=6 ?;accuracy;3.2851529198687786, 2.192658190129805;0.7657992565055762;faces\\Micha.bmp, faces\\Susan.bmp;1-7;4;19;3.6581860394411354;female;95.10841200600993;cheat_first
3;1.0;13.3918010051093;1.332060283937608;self;5;3;3;1, 1, 1;1461328906.721;dotscs_5_14;;0.9558823529411765;3;1.0;61;12;0.5;right;6.1903278444287935;experiment;faces\\Ricky.bmp, faces\\Donald.bmp, faces\\Justin.bmp;0;instructions;left;1, 0, 0;faces;1, 0, 0;4/2+3=5 ?, 4/2-1=2 ?, 2+6/3=6 ?;cheat;2.4852784789654834, 4.12854590320967, 2.9465981022458436;0.7683823529411765;faces\\Ricky.bmp, faces\\Donald.bmp, faces\\Justin.bmp;1-7;6;19;3.672415657439447;female;98.78082766344937;cheat_first
3;1.0;9.063375494247339;1.292715484431028;self;0.5;3;3;1, 1, 1;1461328947.251;dotscs_5_14;;0.9563636363636364;3;1.0;62;12;5;left;1.7632970375061632;experiment;faces\\Emma.bmp, faces\\Victor.bmp, faces\\Milla.bmp;0;instructions;right;0, 0, 1;faces;0, 0, 1;2+4/2=3 ?, 3x3-8=0 ?, 3x3-7=2 ?;cheat;2.308499551094428, 2.4312112737061398, 2.26122803733233;0.7709090909090909;faces\\Emma.bmp, faces\\Victor.bmp, faces\\Milla.bmp;1-7;6;19;3.6863471074380167;female;102.46717477088738;cheat_first
5;0.8333333333333334;28.05851910334877;1.5004234257603457;self;5;5;5;1, 0, 1, 1, 1, 1;1461328975.706;dotscs_5_14;;0.9537366548042705;6;0.8333333333333334;63;10;0.5;right;6.8761689329003275;experiment;faces\\Anna.bmp, faces\\Nina.bmp, faces\\Olivia.bmp, faces\\Jacob.bmp, faces\\Milla.bmp, faces\\Damon.bmp;0;instructions;left;0, 1, 0, 0, 0, 0;faces;0, 0, 0, 0, 0, 0;4+4/2=4 ?, 8/4-1=1 ?, 3x3-6=4 ?, 3x3-1=6 ?, 9/3-3=2 ?, 3x3-4=7 ?;cheat;2.161901873512761, 2.674682324513924, 3.3584839623736116, 1.8632640906289453, 3.3711386065560873, 4.891187542046282;0.7722419928825622;faces\\Anna.bmp, faces\\Nina.bmp, faces\\Olivia.bmp, faces\\Jacob.bmp, faces\\Milla.bmp, faces\\George.bmp;1-7;10;19;3.6825774749559907;female;106.14975224584337;cheat_first
7;1.0;66.13493179359466;1.1989085418053946;self;0.5;7;5;1, 1, 1, 1, 1, 1, 1;1461329045.939;dotscs_5_14;;0.9548611111111112;7;0.7142857142857143;64;10;5;left;4.448398502208875;experiment;faces\\Noah.bmp, faces\\Kate.bmp, faces\\Brian.bmp, faces\\Cindy.bmp, faces\\Milla.bmp, faces\\Anna.bmp, faces\\Rachel.bmp;0;instructions;right;1, 1, 1, 0, 1, 0, 0;faces;1, 1, 1, 0, 1, 0, 0;4+2x2=8 ?, 4+4/2=6 ?, 4+6/2=7 ?, 3x2-5=0 ?, 1+8/2=5 ?, 3x2-5=0 ?, 6/3+4=7 ?;cheat;2.401940928478325, 2.1846026610173794, 4.223866774295857, 2.83796471109963, 4.691228663712536, 2.2945606510947982, 3.9771392555840066;0.7708333333333334;faces\\Noah.bmp, faces\\Kate.bmp, faces\\Brian.bmp, faces\\Cindy.bmp, faces\\Milla.bmp, faces\\Rachel.bmp, faces\\Anna.bmp;1-7;12;19;3.6801938657407414;female;109.82994611158412;cheat_first
2;1.0;4.435742088590814;1.0409974516596776;self;0.5;2;2;1, 1;1461329157.621;dotscs_5_14;;0.9551724137931035;2;1.0;65;12;5;left;1.7766736111079808;experiment;faces\\Megan.bmp, faces\\Kristen.bmp;0;instructions;right;1, 1;faces;1, 1;2x2+1=5 ?, 9/3-1=2 ?;cheat;2.7033117804367066, 3.3063443794435443;0.7724137931034483;faces\\Megan.bmp, faces\\Kristen.bmp;1-7;4;19;3.6889417360285375;female;113.51888784761266;cheat_first
3;0.75;10.40882579949266;1.017012762225022;self;0.5;4;4;1, 1, 0, 1;1461329176.591;dotscs_5_14;;0.9523809523809523;4;1.0;66;14;5;left;2.5499215963418465;experiment;faces\\Daniel.bmp, faces\\Maria.bmp, faces\\Jeff.bmp, faces\\Timmy.bmp;0;instructions;right;1, 1, 0, 1;faces;1, 1, 1, 1;3x3-3=6 ?, 4x2-4=4 ?, 4/2+6=7 ?, 2+4/2=4 ?;cheat;2.0079805050745563, 1.6385766524490464, 5.171802569290776, 3.459816665315884;0.7755102040816326;faces\\Daniel.bmp, faces\\Maria.bmp, faces\\Jeff.bmp, faces\\Timmy.bmp;1-7;8;19;3.69290573372206;female;117.21179358133472;cheat_first
7;1.0;23.546926297021855;0.9919458864360422;other;5;6;5;1, 1, 1, 1, 1, 1, 1;1461329212.832;dotscs_5_14;;0.9534883720930233;7;0.7142857142857143;67;10;0.5;right;4.331121067917593;experiment;faces\\Lily.bmp, faces\\Mike.bmp, faces\\Ricky.bmp, faces\\Matt.bmp, faces\\Casper.bmp, faces\\Bruce.bmp, faces\\Tina.bmp;0;instructions;left;1, 0, 1, 1, 0, 0, 0;faces;1, 0, 1, 1, 0, 0, 0;9/3-2=1 ?, 6/2+6=8 ?, 6/3+4=6 ?, 1+8/2=5 ?, 7+4/2=7 ?, 4x2-3=7 ?, 2x2-3=2 ?;cheat;3.0852145669787205, 5.527796936825325, 1.8499501550195419, 3.2304812756638057, 2.612605595448258, 4.675091771738153, 3.703239233608656;0.7740863787375415;faces\\Lily.bmp, faces\\Mike.bmp, faces\\Ricky.bmp, faces\\Matt.bmp, faces\\Tina.bmp, faces\\Bruce.bmp, faces\\Kevin.bmp;1-7;11;19;3.6904118056092097;female;117.21179358133472;cheat_first
3;0.75;9.720857850327775;1.3240072320340914;other;0.5;4;4;1, 0, 1, 1;1461329282.692;dotscs_5_14;;0.9508196721311475;4;1.0;68;12;5;left;2.7598342534984113;experiment;faces\\Mark.bmp, faces\\Keith.bmp, faces\\Nina.bmp, faces\\Lana.bmp;0;instructions;right;1, 1, 1, 0;faces;1, 0, 1, 0;2x3+1=7 ?, 6/3+6=8 ?, 2x2-2=2 ?, 2+8/2=7 ?;cheat;2.6745892522403665, 3.942513538831008, 2.559860511911211, 2.6885957446511384;0.7770491803278688;faces\\Mark.bmp, faces\\Keith.bmp, faces\\Nina.bmp, faces\\Lana.bmp;1-7;8;19;3.6941682343456055;female;117.21179358133472;cheat_first
5;1.0;21.577257241500774;1.4261722771325367;other;5;4;4;1, 1, 1, 1, 1;1461329318.153;dotscs_5_14;;0.9516129032258065;5;0.8;69;10;0.5;left;1.7359267114243266;experiment;faces\\Leah.bmp, faces\\Eric.bmp, faces\\Bobby.bmp, faces\\Ethan.bmp, faces\\Keith.bmp;1;instructions;left;1, 0, 1, 1, 0;faces;1, 0, 1, 1, 0;3x3-3=6 ?, 3x3-5=5 ?, 4/2-1=1 ?, 3x3-7=2 ?, 4/2+7=8 ?;cheat;2.6327293780332184, 2.9665208770311438, 3.686273892236386, 4.841557725511848, 3.870924327994544;0.7774193548387097;faces\\Leah.bmp, faces\\Eric.bmp, faces\\Bobby.bmp, faces\\Ethan.bmp, faces\\Emily.bmp;1-7;8;19;0.369901144640999;female;117.21179358133472;cheat_first
6;0.8571428571428571;21.647361188720424;1.2500713966965122;other;0.5;6;4;1, 1, 1, 1, 1, 1, 0;1461329372.788;dotscs_5_14;;0.9495268138801262;7;0.5714285714285714;70;12;5;left;3.4684564618164586;experiment;faces\\Andre.bmp, faces\\Leah.bmp, faces\\Jacob.bmp, faces\\Sarah.bmp, faces\\Mark.bmp, faces\\James.bmp, faces\\Timmy.bmp;1;instructions;left;1, 1, 0, 0, 0, 1, 1;faces;1, 1, 0, 0, 0, 1, 0;3+2x3=9 ?, 5+2x2=9 ?, 3+9/3=8 ?, 4/2-1=0 ?, 9/3-3=1 ?, 2+8/2=6 ?, 4/2-2=0 ?;accuracy;2.0758924763986215, 3.1198374526366024, 2.7219343744927755, 2.851864329644741, 4.128565720880033, 4.602555913256765, 2.993059922619068;0.7728706624605678;faces\\Andre.bmp, faces\\Casper.bmp, faces\\Jacob.bmp, faces\\Sarah.bmp, faces\\Mark.bmp, faces\\Timmy.bmp, faces\\James.bmp;1-7;10;19;3.669307088338027;female;117.21179358133472;cheat_first
1;1.0;7.034147969343394;1.6673490787088667;other;5;1;1;1;1461329437.406;dotscs_5_14;;0.949685534591195;1;1.0;71;10;0.5;left;2.558419484166734;experiment;faces\\Tony.bmp;1;instructions;left;0;faces;0;2+6/3=6 ?;cheat;2.9791348242124513;0.7735849056603774;faces\\Tony.bmp;1-7;2;19;0.3673311973418773;female;117.21179358133472;cheat_first
3;0.75;26.588331072585788;1.7876901125036966;other;5;4;4;1, 0, 1, 1;1461329456.034;dotscs_5_14;;0.9472049689440993;4;1.0;72;12;0.5;left;1.9546019638610233;experiment;faces\\Angie.bmp, faces\\Greg.bmp, faces\\Alex.bmp, faces\\Bobby.bmp;1;instructions;left;0, 1, 1, 1;faces;0, 0, 1, 1;3+2x3=7 ?, 3+9/3=6 ?, 4/2-2=0 ?, 2+4/2=4 ?;cheat;3.470412748990384, 3.778417212212844, 2.522451828021076, 1.5886102894055512;0.7763975155279503;faces\\Angie.bmp, faces\\Greg.bmp, faces\\Alex.bmp, faces\\Bobby.bmp;1-7;8;19;0.36770379229196404;female;117.21179358133472;cheat_first
3;1.0;10.275326186468192;0.9835470869620622;self;0.5;3;3;1, 1, 1;1461329510.324;dotscs_5_14;;0.9476923076923077;3;1.0;73;10;5;left;1.7746348682703683;experiment;faces\\Robert.bmp, faces\\Olivia.bmp, faces\\Cindy.bmp;0;instructions;right;1, 1, 0;faces;1, 1, 0;2x4-6=2 ?, 2x2-1=3 ?, 9/3+3=8 ?;cheat;2.48458769159879, 2.143972544033204, 3.1692687385802856;0.7784615384615384;faces\\Robert.bmp, faces\\Olivia.bmp, faces\\Cindy.bmp;1-7;6;19;3.6887100591715978;female;120.90050364050632;cheat_first
4;1.0;11.679066984079327;1.0909716002170171;self;5;4;4;1, 1, 1, 1;1461329542.461;dotscs_5_14;;0.9483282674772037;4;1.0;74;12;0.5;right;9.490291641791373;experiment;faces\\Joseph.bmp, faces\\Ella.bmp, faces\\Lena.bmp, faces\\John.bmp;1;instructions;right;0, 1, 1, 0;faces;0, 1, 1, 0;4/2+7=8 ?, 3x2-6=0 ?, 9/3-3=0 ?, 3x3-3=8 ?;accuracy;2.546631509175313, 2.2913441724194854, 3.742499808015964, 2.311942871318024;0.7811550151975684;faces\\Joseph.bmp, faces\\Ella.bmp, faces\\Lena.bmp, faces\\John.bmp;1-7;8;19;3.703956910967193;female;124.60446055147351;cheat_first
5;0.7142857142857143;36.924640831266515;0.9924243416198806;self;5;5;4;1, 0, 1, 1, 1, 1, 0;1461329586.673;dotscs_5_14;;0.9434523809523809;7;0.5714285714285714;75;10;0.5;right;2.5564646125412764;experiment;faces\\Lena.bmp, faces\\Erica.bmp, faces\\Tanya.bmp, faces\\Emma.bmp, faces\\Kevin.bmp, faces\\Paul.bmp, faces\\Eddie.bmp;1;instructions;right;1, 1, 1, 0, 0, 0, 0;faces;1, 0, 1, 0, 0, 0, 1;4/2-1=1 ?, 9/3-3=0 ?, 2x3-1=5 ?, 4+9/3=8 ?, 4+9/3=5 ?, 4x2-5=4 ?, 6/3+3=6 ?;accuracy;2.5678169526718193, 1.7040676830065422, 2.4745857841480756, 5.582409481906325, 3.950513153801694, 6.847008292633291, 1.5560395942902687;0.7767857142857143;faces\\Lena.bmp, faces\\Erica.bmp, faces\\Tanya.bmp, faces\\Emma.bmp, faces\\Paul.bmp, faces\\John.bmp, faces\\Wendy.bmp;1-7;9;19;3.6643016581632653;female;128.26876220963678;cheat_first
3;1.0;9.670683047857892;1.0168726229858294;self;0.5;3;3;1, 1, 1;1461329669.043;dotscs_5_14;;0.943952802359882;3;1.0;76;12;5;left;1.433822959549616;experiment;faces\\Anders.bmp, faces\\Andrea.bmp, faces\\Molly.bmp;0;instructions;right;1, 0, 0;faces;1, 0, 0;4x2-7=1 ?, 2x4-6=0 ?, 2x2-1=4 ?;cheat;2.7007004484803474, 2.44724872344068, 4.3158834027371995;0.7787610619469026;faces\\Anders.bmp, faces\\Andrea.bmp, faces\\Molly.bmp;1-7;6;19;3.675568433967682;female;131.94433064360445;cheat_first
1;1.0;3.777141449683768;0.9921115055376504;self;0.5;1;1;1;1461329699.042;dotscs_5_14;;0.9441176470588235;1;1.0;77;10;5;left;2.6073082613847873;experiment;faces\\Zach.bmp;0;instructions;right;0;faces;0;2x3-2=3 ?;cheat;3.0338733530543323;0.7794117647058824;faces\\Zach.bmp;1-7;2;19;3.679282006920415;female;135.62361265052485;cheat_first
4;0.8;27.425595795257323;0.8914111986114222;self;5;5;5;1, 1, 1, 0, 1;1461329714.081;dotscs_5_14;;0.9420289855072463;5;1.0;78;10;0.5;right;4.711741368078037;experiment;faces\\Greg.bmp, faces\\Sarah.bmp, faces\\Jason.bmp, faces\\Carl.bmp, faces\\Andre.bmp;0;instructions;left;0, 0, 1, 0, 0;faces;0, 0, 1, 1, 0;2x3-1=3 ?, 8/2-1=4 ?, 4/2+3=5 ?, 3+8/4=7 ?, 4/2+1=5 ?;cheat;2.5559695246702177, 1.5085911370424583, 3.5111154128035196, 3.5537598544251523, 2.2906590472448443;0.782608695652174;faces\\Greg.bmp, faces\\Sarah.bmp, faces\\Jason.bmp, faces\\Carl.bmp, faces\\Andre.bmp;1-7;10;19;3.6862003780718338;female;139.3098130285967;cheat_first
5;1.0;32.876844857013566;0.9820168797004953;other;0.5;3;2;1, 1, 1, 1, 1;1461329772.973;dotscs_5_14;;0.9428571428571428;5;0.4;79;14;5;left;4.407030530890552;experiment;faces\\Diana.bmp, faces\\John.bmp, faces\\Casper.bmp, faces\\Britt.bmp, faces\\David.bmp;0;instructions;right;1, 1, 0, 1, 1;faces;1, 1, 0, 1, 1;4/2-2=0 ?, 4x2-6=2 ?, 2x2-1=5 ?, 4/2+2=4 ?, 5+2x2=9 ?;cheat;2.429936572837505, 3.36323914159766, 5.30701711857364, 3.933902053287966, 2.655220310563891;0.7771428571428571;faces\\Diana.bmp, faces\\John.bmp, faces\\Anders.bmp, faces\\David.bmp, faces\\Tony.bmp;1-7;5;19;3.6636734693877546;female;139.3098130285967;cheat_first
3;1.0;8.357537668613077;1.3459882134402505;other;5;3;3;1, 1, 1;1461329841.053;dotscs_5_14;;0.943342776203966;3;1.0;80;12;0.5;right;1.7806045875786367;experiment;faces\\Haley.bmp, faces\\Nicole.bmp, faces\\Jonah.bmp;1;instructions;right;0, 0, 0;faces;0, 0, 0;3x3-7=4 ?, 2x2-2=3 ?, 6/2-2=2 ?;accuracy;4.777115969822262, 2.953165182760131, 2.9698247657888714;0.7790368271954674;faces\\Haley.bmp, faces\\Nicole.bmp, faces\\Jonah.bmp;1-7;6;19;3.674493816658508;female;139.3098130285967;cheat_first
1;1.0;4.494466800270857;1.2588764584124874;other;0.5;1;1;1;1461329872.316;dotscs_5_14;;0.943502824858757;1;1.0;81;12;5;left;4.622136479340952;experiment;faces\\Niclas.bmp;0;instructions;right;0;faces;0;5+9/3=6 ?;cheat;2.175863422277871;0.7796610169491526;faces\\Niclas.bmp;1-7;2;19;3.6780618596188837;female;139.3098130285967;cheat_first
3;0.75;7.568994688510429;1.6834569519496654;other;5;4;4;1, 1, 1, 0;1461329888.883;dotscs_5_14;;0.9413407821229051;4;1.0;82;14;0.5;right;2.551794366190734;experiment;faces\\Julia.bmp, faces\\Jake.bmp, faces\\Tanya.bmp, faces\\Simon.bmp;1;instructions;right;1, 0, 1, 1;faces;1, 0, 1, 0;5+8/2=9 ?, 4x2-6=4 ?, 9/3+1=4 ?, 4+8/4=6 ?;accuracy;4.1351727906212545, 2.22471822634634, 2.502558425853749, 1.9452547473047161;0.7821229050279329;faces\\Julia.bmp, faces\\Jake.bmp, faces\\Tanya.bmp, faces\\Simon.bmp;1-7;8;19;3.6812209356761647;female;139.3098130285967;cheat_first
7;1.0;24.28317186060667;2.0098270872877038;other;0.5;6;3;1, 1, 1, 1, 1, 1, 1;1461329922.408;dotscs_5_14;;0.9424657534246575;7;0.42857142857142855;83;14;5;left;4.039221646840815;experiment;faces\\Damon.bmp, faces\\Will.bmp, faces\\George.bmp, faces\\Bobby.bmp, faces\\David.bmp, faces\\Kiki.bmp, faces\\Megan.bmp;0;instructions;right;0, 1, 0, 0, 1, 0, 1;faces;0, 1, 0, 0, 1, 0, 1;8/4+7=7 ?, 9/3+1=4 ?, 3x3-9=2 ?, 3x2-5=2 ?, 4x2-6=2 ?, 9/3-1=1 ?, 1+8/2=5 ?;cheat;3.917795595593816, 2.4319590368759236, 2.253303800285721, 2.5859741853610103, 2.8811728946648145, 2.3092250193849395, 6.471754334495927;0.7753424657534247;faces\\Damon.bmp, faces\\Will.bmp, faces\\George.bmp, faces\\David.bmp, faces\\Bobby.bmp, faces\\Megan.bmp, faces\\Adam.bmp;1-7;9;19;3.653668605742166;female;139.3098130285967;cheat_first
5;0.8333333333333334;19.460957243021767;1.4626813803433834;other;0.5;4;3;1, 1, 1, 0, 1, 1;1461329991.517;dotscs_5_14;;0.9407008086253369;6;0.5;84;12;5;right;2.7366281153990712;experiment;faces\\Julia.bmp, faces\\Kenny.bmp, faces\\Kelly.bmp, faces\\Joshua.bmp, faces\\Billy.bmp, faces\\Liam.bmp;1;instructions;right;0, 0, 1, 1, 0, 0;faces;0, 0, 1, 0, 0, 0;2x3-1=3 ?, 1+4/2=4 ?, 9/3+4=7 ?, 8/4+1=3 ?, 3x3-1=9 ?, 3x2-5=3 ?;cheat;3.004581420721479, 3.2593442969882744, 3.591111208625989, 1.6066464927507695, 2.517253936196539, 2.5832496095745228;0.77088948787062;faces\\Julia.bmp, faces\\Kenny.bmp, faces\\Kelly.bmp, faces\\Niclas.bmp, faces\\John.bmp, faces\\Joshua.bmp;1-7;7;19;0.362588182300332;female;139.3098130285967;cheat_first
;;;1.3167206993093714;self;2;;;;;dotscs_5_14;;;1;;1;14;0.2;right;;controlDotsCheat;;0;instructions;left;;faces;;;cheat;;;;1-7;;19;2;female;;cheat_first
;;;0.9418422152475614;self;2;;;;;dotscs_5_14;;;1;;2;10;0.2;left;;controlDotsCheat;;1;instructions;left;;faces;;;cheat;;;;1-7;;19;0.2;female;;cheat_first
;;;1.1500215340220166;self;0.2;;;;;dotscs_5_14;;;1;;3;12;2;right;;controlDotsCheat;;1;instructions;right;;faces;;;cheat;;;;1-7;;19;0.2;female;;cheat_first
;;;0.9000170219633219;self;2;;;;;dotscs_5_14;;;1;;4;12;0.2;left;;controlDotsCheat;;1;instructions;left;;faces;;;cheat;;;;1-7;;19;0.2;female;;cheat_first
;;;1.1002487471514542;self;0.2;;;;;dotscs_5_14;;;1;;5;12;2;right;;controlDotsCheat;;1;instructions;right;;faces;;;cheat;;;;1-7;;19;0.2;female;;cheat_first
;;;1.621889466236098;self;2;;;;;dotscs_5_14;;;1;;6;14;0.2;left;;controlDotsCheat;;1;instructions;left;;faces;;;cheat;;;;1-7;;19;0.2;female;;cheat_first
;;;1.166681470937874;other;2;;;;;dotscs_5_14;;;1;;7;14;0.2;right;;controlDotsCheat;;0;instructions;left;;faces;;;cheat;;;;1-7;;19;2;female;;cheat_first
;;;1.507960864348206;other;0.2;;;;;dotscs_5_14;;;1;;8;12;2;left;;controlDotsCheat;;0;instructions;right;;faces;;;cheat;;;;1-7;;19;2;female;;cheat_first
;;;0.8001423333398634;other;0.2;;;;;dotscs_5_14;;;1;;9;12;2;right;;controlDotsCheat;;1;instructions;right;;faces;;;cheat;;;;1-7;;19;0.2;female;;cheat_first
;;;0.8334031080485147;other;2;;;;;dotscs_5_14;;;1;;10;10;0.2;left;;controlDotsCheat;;1;instructions;left;;faces;;;cheat;;;;1-7;;19;0.2;female;;cheat_first
;;;1.9345670069051266;other;0.2;;;;;dotscs_5_14;;;1;;11;12;2;left;;controlDotsCheat;;0;instructions;right;;faces;;;cheat;;;;1-7;;19;2;female;;cheat_first
;;;1.0499921967921182;other;0.2;;;;;dotscs_5_14;;;1;;12;14;2;right;;controlDotsCheat;;1;instructions;right;;faces;;;cheat;;;;1-7;;19;0.2;female;;cheat_first
;;;0.6756845324143796;self;0.2;;;;;dotscs_5_14;;;1;;13;12;2;left;;controlDotsCheat;;0;instructions;right;;faces;;;cheat;;;;1-7;;19;2;female;;cheat_first
;;;1.4679206769433222;self;2;;;;;dotscs_5_14;;;1;;14;10;0.2;left;;controlDotsCheat;;1;instructions;left;;faces;;;cheat;;;;1-7;;19;0.2;female;;cheat_first
;;;0.8921709939368156;self;0.2;;;;;dotscs_5_14;;;1;;15;10;2;right;;controlDotsCheat;;1;instructions;right;;faces;;;cheat;;;;1-7;;19;0.2;female;;cheat_first
;;;1.0334656752638693;self;0.2;;;;;dotscs_5_14;;;1;;16;10;2;right;;controlDotsCheat;;1;instructions;right;;faces;;;cheat;;;;1-7;;19;0.2;female;;cheat_first
;;;0.9762594925750818;self;0.2;;;;;dotscs_5_14;;;1;;17;14;2;left;;controlDotsCheat;;0;instructions;right;;faces;;;cheat;;;;1-7;;19;2;female;;cheat_first
;;;0.8918751444307418;self;0.2;;;;;dotscs_5_14;;;1;;18;10;2;right;;controlDotsCheat;;1;instructions;right;;faces;;;cheat;;;;1-7;;19;0.2;female;;cheat_first
;;;1.1757452240299244;other;0.2;;;;;dotscs_5_14;;;1;;19;12;2;right;;controlDotsCheat;;1;instructions;right;;faces;;;cheat;;;;1-7;;19;0.2;female;;cheat_first
;;;0.6669923606414159;other;0.2;;;;;dotscs_5_14;;;1;;20;12;2;right;;controlDotsCheat;;1;instructions;right;;faces;;;cheat;;;;1-7;;19;0.2;female;;cheat_first
;;;0.6591406704246765;other;2;;;;;dotscs_5_14;;;1;;21;12;0.2;left;;controlDotsCheat;;1;instructions;left;;faces;;;cheat;;;;1-7;;19;0.2;female;;cheat_first
;;;0.9834221648616222;other;0.2;;;;;dotscs_5_14;;;1;;22;14;2;right;;controlDotsCheat;;1;instructions;right;;faces;;;cheat;;;;1-7;;19;0.2;female;;cheat_first
;;;1.0927155552080876;other;2;;;;;dotscs_5_14;;;1;;23;12;0.2;left;;controlDotsCheat;;1;instructions;left;;faces;;;cheat;;;;1-7;;19;0.2;female;;cheat_first
;;;0.7501232411368619;other;2;;;;;dotscs_5_14;;;1;;24;10;0.2;left;;controlDotsCheat;;1;instructions;left;;faces;;;cheat;;;;1-7;;19;0.2;female;;cheat_first
;;;1.1254479766694203;self;2;;;;;dotscs_5_14;;;1;;25;10;0.2;right;;controlDotsCheat;;0;instructions;left;;faces;;;cheat;;;;1-7;;19;2;female;;cheat_first
;;;1.2256266542008234;self;2;;;;;dotscs_5_14;;;1;;26;12;0.2;right;;controlDotsCheat;;0;instructions;left;;faces;;;cheat;;;;1-7;;19;2;female;;cheat_first
;;;1.066657088125794;self;0.2;;;;;dotscs_5_14;;;1;;27;14;2;left;;controlDotsCheat;;0;instructions;right;;faces;;;cheat;;;;1-7;;19;2;female;;cheat_first
;;;0.8593585940216144;self;2;;;;;dotscs_5_14;;;1;;28;12;0.2;left;;controlDotsCheat;;1;instructions;left;;faces;;;cheat;;;;1-7;;19;0.2;female;;cheat_first
;;;0.7000418648285631;self;2;;;;;dotscs_5_14;;;1;;29;10;0.2;left;;controlDotsCheat;;1;instructions;left;;faces;;;cheat;;;;1-7;;19;0.2;female;;cheat_first
;;;1.0753000696095114;self;2;;;;;dotscs_5_14;;;1;;30;10;0.2;left;;controlDotsCheat;;1;instructions;left;;faces;;;cheat;;;;1-7;;19;0.2;female;;cheat_first
;;;1.4526033871934487;other;0.2;;;;;dotscs_5_14;;;1;;31;14;2;left;;controlDotsCheat;;0;instructions;right;;faces;;;cheat;;;;1-7;;19;2;female;;cheat_first
;;;0.5920663495608096;other;0.2;;;;;dotscs_5_14;;;1;;32;10;2;right;;controlDotsCheat;;1;instructions;right;;faces;;;cheat;;;;1-7;;19;0.2;female;;cheat_first
;;;0.8601810273403316;other;0.2;;;;;dotscs_5_14;;;1;;33;14;2;right;;controlDotsCheat;;1;instructions;right;;faces;;;cheat;;;;1-7;;19;0.2;female;;cheat_first
;;;0.6167655367880798;other;2;;;;;dotscs_5_14;;;1;;34;10;0.2;left;;controlDotsCheat;;1;instructions;left;;faces;;;cheat;;;;1-7;;19;0.2;female;;cheat_first
;;;0.7263455755810355;other;0.2;;;;;dotscs_5_14;;;1;;35;14;2;left;;controlDotsCheat;;0;instructions;right;;faces;;;cheat;;;;1-7;;19;2;female;;cheat_first
;;;0.9593182155176692;other;2;;;;;dotscs_5_14;;;1;;36;12;0.2;left;;controlDotsCheat;;1;instructions;left;;faces;;;cheat;;;;1-7;;19;0.2;female;;cheat_first
;;;1.0437970514840345;self;0.2;;;;;dotscs_5_14;;;1;;37;14;2;left;;controlDotsCheat;;0;instructions;right;;faces;;;cheat;;;;1-7;;19;2;female;;cheat_first
;;;0.9419989871757934;self;2;;;;;dotscs_5_14;;;1;;38;10;0.2;left;;controlDotsCheat;;1;instructions;left;;faces;;;cheat;;;;1-7;;19;0.2;female;;cheat_first
;;;1.0764162291143293;self;0.2;;;;;dotscs_5_14;;;1;;39;14;2;left;;controlDotsCheat;;0;instructions;right;;faces;;;cheat;;;;1-7;;19;2;female;;cheat_first
;;;0.8000393522306695;self;2;;;;;dotscs_5_14;;;1;;40;14;0.2;left;;controlDotsCheat;;1;instructions;left;;faces;;;cheat;;;;1-7;;19;0.2;female;;cheat_first
;;;0.9001040781577103;self;2;;;;;dotscs_5_14;;;1;;41;14;0.2;right;;controlDotsCheat;;0;instructions;left;;faces;;;cheat;;;;1-7;;19;2;female;;cheat_first
;;;2.897138859230836;self;2;;;;;dotscs_5_14;;;1;;42;10;0.2;right;;controlDotsCheat;;0;instructions;left;;faces;;;cheat;;;;1-7;;19;2;female;;cheat_first
;;;0.992036835386898;self;0.2;;;;;dotscs_5_14;;;1;;1;10;2;left;;controlDotsAccuracy;;1;instructions;left;;faces;;;accuracy;;;;1-7;;19;2;female;;cheat_first
;;;0.6919824429596702;self;2;;;;;dotscs_5_14;;;1;;2;10;0.2;right;;controlDotsAccuracy;;1;instructions;right;;faces;;;accuracy;;;;1-7;;19;2;female;;cheat_first
;;;0.892957330786885;self;0.2;;;;;dotscs_5_14;;;1;;3;14;2;right;;controlDotsAccuracy;;0;instructions;left;;faces;;;accuracy;;;;1-7;;19;0.2;female;;cheat_first
;;;0.6000457929740151;self;0.2;;;;;dotscs_5_14;;;1;;4;14;2;left;;controlDotsAccuracy;;1;instructions;left;;faces;;;accuracy;;;;1-7;;19;2;female;;cheat_first
;;;0.6668550524973398;self;2;;;;;dotscs_5_14;;;1;;5;10;0.2;right;;controlDotsAccuracy;;1;instructions;right;;faces;;;accuracy;;;;1-7;;19;2;female;;cheat_first
;;;0.7501908335489134;self;0.2;;;;;dotscs_5_14;;;1;;6;12;2;left;;controlDotsAccuracy;;1;instructions;left;;faces;;;accuracy;;;;1-7;;19;2;female;;cheat_first
;;;0.7924056563870181;other;2;;;;;dotscs_5_14;;;1;;7;12;0.2;right;;controlDotsAccuracy;;1;instructions;right;;faces;;;accuracy;;;;1-7;;19;2;female;;cheat_first
;;;0.775732979541317;other;2;;;;;dotscs_5_14;;;1;;8;12;0.2;right;;controlDotsAccuracy;;1;instructions;right;;faces;;;accuracy;;;;1-7;;19;2;female;;cheat_first
;;;0.9257768084416966;other;0.2;;;;;dotscs_5_14;;;1;;9;12;2;left;;controlDotsAccuracy;;1;instructions;left;;faces;;;accuracy;;;;1-7;;19;2;female;;cheat_first
;;;1.016711604414013;other;0.2;;;;;dotscs_5_14;;;1;;10;14;2;left;;controlDotsAccuracy;;1;instructions;left;;faces;;;accuracy;;;;1-7;;19;2;female;;cheat_first
;;;0.866756601142697;other;2;;;;;dotscs_5_14;;;1;;11;10;0.2;right;;controlDotsAccuracy;;1;instructions;right;;faces;;;accuracy;;;;1-7;;19;2;female;;cheat_first
;;;0.6833865284434069;other;0.2;;;;;dotscs_5_14;;;1;;12;14;2;left;;controlDotsAccuracy;;1;instructions;left;;faces;;;accuracy;;;;1-7;;19;2;female;;cheat_first
;;;0.6423674896777811;self;0.2;;;;;dotscs_5_14;;;1;;13;10;2;left;;controlDotsAccuracy;;1;instructions;left;;faces;;;accuracy;;;;1-7;;19;2;female;;cheat_first
;;;1.0924674804418828;self;2;;;;;dotscs_5_14;;;1;;14;12;0.2;right;;controlDotsAccuracy;;1;instructions;right;;faces;;;accuracy;;;;1-7;;19;2;female;;cheat_first
;;;1.0666386860038983;self;2;;;;;dotscs_5_14;;;1;;15;12;0.2;left;;controlDotsAccuracy;;0;instructions;right;;faces;;;accuracy;;;;1-7;;19;0.2;female;;cheat_first
;;;1.0098306261570542;self;0.2;;;;;dotscs_5_14;;;1;;16;14;2;left;;controlDotsAccuracy;;1;instructions;left;;faces;;;accuracy;;;;1-7;;19;2;female;;cheat_first
;;;0.8666624672077887;self;2;;;;;dotscs_5_14;;;1;;17;14;0.2;left;;controlDotsAccuracy;;0;instructions;right;;faces;;;accuracy;;;;1-7;;19;0.2;female;;cheat_first
;;;0.8833255891067893;self;2;;;;;dotscs_5_14;;;1;;18;14;0.2;right;;controlDotsAccuracy;;1;instructions;right;;faces;;;accuracy;;;;1-7;;19;2;female;;cheat_first
;;;0.6672273415906602;other;0.2;;;;;dotscs_5_14;;;1;;19;10;2;left;;controlDotsAccuracy;;1;instructions;left;;faces;;;accuracy;;;;1-7;;19;2;female;;cheat_first
;;;1.166723229600393;other;0.2;;;;;dotscs_5_14;;;1;;20;12;2;left;;controlDotsAccuracy;;1;instructions;left;;faces;;;accuracy;;;;1-7;;19;2;female;;cheat_first
;;;0.892476398393228;other;2;;;;;dotscs_5_14;;;1;;21;12;0.2;right;;controlDotsAccuracy;;1;instructions;right;;faces;;;accuracy;;;;1-7;;19;2;female;;cheat_first
;;;0.7585783086396987;other;2;;;;;dotscs_5_14;;;1;;22;10;0.2;right;;controlDotsAccuracy;;1;instructions;right;;faces;;;accuracy;;;;1-7;;19;2;female;;cheat_first
;;;1.0834196522637285;other;2;;;;;dotscs_5_14;;;1;;23;10;0.2;right;;controlDotsAccuracy;;1;instructions;right;;faces;;;accuracy;;;;1-7;;19;2;female;;cheat_first
;;;0.658698311711305;other;0.2;;;;;dotscs_5_14;;;1;;24;10;2;left;;controlDotsAccuracy;;1;instructions;left;;faces;;;accuracy;;;;1-7;;19;2;female;;cheat_first
;;;1.3625964828588621;self;0.2;;;;;dotscs_5_14;;;1;;25;14;2;left;;controlDotsAccuracy;;1;instructions;left;;faces;;;accuracy;;;;1-7;;19;2;female;;cheat_first
;;;0.9597258933081321;self;2;;;;;dotscs_5_14;;;1;;26;14;0.2;right;;controlDotsAccuracy;;1;instructions;right;;faces;;;accuracy;;;;1-7;;19;2;female;;cheat_first
;;;1.0092109700717629;self;2;;;;;dotscs_5_14;;;1;;27;12;0.2;right;;controlDotsAccuracy;;1;instructions;right;;faces;;;accuracy;;;;1-7;;19;2;female;;cheat_first
;;;0.9333506973871408;self;0.2;;;;;dotscs_5_14;;;1;;28;14;2;right;;controlDotsAccuracy;;0;instructions;left;;faces;;;accuracy;;;;1-7;;19;0.2;female;;cheat_first
;;;0.866641587876984;self;0.2;;;;;dotscs_5_14;;;1;;29;14;2;left;;controlDotsAccuracy;;1;instructions;left;;faces;;;accuracy;;;;1-7;;19;2;female;;cheat_first
;;;0.9763341627258342;self;2;;;;;dotscs_5_14;;;1;;30;14;0.2;left;;controlDotsAccuracy;;0;instructions;right;;faces;;;accuracy;;;;1-7;;19;0.2;female;;cheat_first
;;;0.9596512231573797;other;0.2;;;;;dotscs_5_14;;;1;;31;14;2;left;;controlDotsAccuracy;;1;instructions;left;;faces;;;accuracy;;;;1-7;;19;2;female;;cheat_first
;;;1.0334161310884156;other;2;;;;;dotscs_5_14;;;1;;32;12;0.2;right;;controlDotsAccuracy;;1;instructions;right;;faces;;;accuracy;;;;1-7;;19;2;female;;cheat_first
;;;0.8667958825963069;other;0.2;;;;;dotscs_5_14;;;1;;33;10;2;left;;controlDotsAccuracy;;1;instructions;left;;faces;;;accuracy;;;;1-7;;19;2;female;;cheat_first
;;;1.3946646584763585;other;2;;;;;dotscs_5_14;;;1;;34;12;0.2;left;;controlDotsAccuracy;;0;instructions;right;;faces;;;accuracy;;;;1-7;;19;0.2;female;;cheat_first
;;;0.9501281247776205;other;2;;;;;dotscs_5_14;;;1;;35;10;0.2;right;;controlDotsAccuracy;;1;instructions;right;;faces;;;accuracy;;;;1-7;;19;2;female;;cheat_first
;;;0.8093717055335219;other;0.2;;;;;dotscs_5_14;;;1;;36;12;2;left;;controlDotsAccuracy;;1;instructions;left;;faces;;;accuracy;;;;1-7;;19;2;female;;cheat_first
;;;1.0333117344316634;self;2;;;;;dotscs_5_14;;;1;;37;12;0.2;right;;controlDotsAccuracy;;1;instructions;right;;faces;;;accuracy;;;;1-7;;19;2;female;;cheat_first
;;;0.8335857137244602;self;2;;;;;dotscs_5_14;;;1;;38;10;0.2;right;;controlDotsAccuracy;;1;instructions;right;;faces;;;accuracy;;;;1-7;;19;2;female;;cheat_first
;;;0.8263653578633239;self;0.2;;;;;dotscs_5_14;;;1;;39;14;2;left;;controlDotsAccuracy;;1;instructions;left;;faces;;;accuracy;;;;1-7;;19;2;female;;cheat_first
;;;0.6001286025248191;self;0.2;;;;;dotscs_5_14;;;1;;40;10;2;left;;controlDotsAccuracy;;1;instructions;left;;faces;;;accuracy;;;;1-7;;19;2;female;;cheat_first
;;;0.6087315947816023;self;0.2;;;;;dotscs_5_14;;;1;;41;10;2;left;;controlDotsAccuracy;;1;instructions;left;;faces;;;accuracy;;;;1-7;;19;2;female;;cheat_first
;;;0.7668444004993944;self;2;;;;;dotscs_5_14;;;1;;42;12;0.2;right;;controlDotsAccuracy;;1;instructions;right;;faces;;;accuracy;;;;1-7;;19;2;female;;cheat_first
;;5.472;;qStress;self;0.5;;;[];;dotscs_5_14;[];;2;;1;12;;;cheat;['faces\\Regina.bmp', 'faces\\Andrea.bmp'];;instructions;right;[0, 0];faces;[];['2x4-5=2 ?', '2x2-3=2 ?'];5;[];;6;1-7;;19;;female;;cheat_first
;;3.898;;qSatisfied;self;5;;;[];;dotscs_5_14;[];;2;;1;14;;;cheat;['faces\\Erica.bmp', 'faces\\Brian.bmp'];;instructions;left;[0, 1];faces;[];['2+6/2=4 ?', '2x2+2=6 ?'];0.5;[];;5;1-7;;19;;female;;cheat_first
;;4.562;;qFrustration;self;5;;;[];;dotscs_5_14;[];;2;;1;12;;;accuracy;['faces\\Jeff.bmp', 'faces\\Milla.bmp'];;instructions;right;[1, 0];faces;[];['2x2-2=2 ?', '4/2+2=5 ?'];0.5;[];;5;1-7;;19;;female;;cheat_first
;;3.116;;qDifficulty;self;0.5;;;[];;dotscs_5_14;[];;2;;1;10;;;cheat;['faces\\Kristen.bmp', 'faces\\Lisa.bmp'];;instructions;right;[1, 0];faces;[];['2x4-7=1 ?', '4+4/2=8 ?'];5;[];;6;1-7;;19;;female;;cheat_first
;;4.333;;qEffort;self;0.5;;;[];;dotscs_5_14;[];;2;;1;12;;;cheat;['faces\\Eric.bmp', 'faces\\Kristen.bmp'];;instructions;right;[1, 1];faces;[];['4+8/4=6 ?', '2x3-3=3 ?'];5;[];;5;1-7;;19;;female;;cheat_first
;;5.465;;qAttitude;self;0.5;;;[];;dotscs_5_14;[];;2;;1;14;;;accuracy;['faces\\Andrea.bmp', 'faces\\Molly.bmp'];;instructions;left;[0, 0];faces;[];['5+8/4=8 ?', '2x3-6=2 ?'];5;[];;3;1-7;;19;;female;;cheat_first
;;19.738256349352014;;qBirthweight;self;5;;;[];;dotscs_5_14;[];;1;;1;10;;;cheat;[];;instructions;left;[];faces;[];[];0.5;[];;3500;1-7;;19;;female;;cheat_first
;;7.284359859167125;;qFriends;self;0.5;;;[];;dotscs_5_14;[];;1;;1;14;;;cheat;[];;instructions;right;[];faces;[];[];5;[];;715;1-7;;19;;female;;cheat_first
;;24.943348712081388;;qAbout;self;0.5;;;[];;dotscs_5_14;[];;1;;1;14;;;cheat;[];;instructions;right;[];faces;[];[];5;[];;will people put in more effort when they earn for others;1-7;;19;;female;;cheat_first
;;52.97497594453307;;qFeedback;self;0.5;;;[];;dotscs_5_14;[];;1;;1;14;;;cheat;[];;instructions;right;[];faces;[];[];5;[];;i'm not sure if that was the purpose but i got really tired of thinking ;1-7;;19;;female;;cheat_first
