equationScore;equationProportion;recallRT;dotsRT;dotsReceiver;dotsMoneyRight;recallIntersection;recallLocation;equationScores;id;recallRTs;equationRateCumulative;span;recallProportion;no;dotsN;dotsMoneyLeft;dotsAns;pauseRT;condition;encode;dotsCorrect;start_at;dotsSide;equationCorrect;stimType;equationAnss;equationText;dotsIncentive;equationRTs;recallLocationRateCumulative;recallAns;level;recallSum;age;moneyEarned;gender;moneyEarnedCumulative;order;
;;;2.6006555425;self;0.5;;;;dotscs_1_9;;;1;;1;12;5;right;;practiceDots;;1;instructions;right;;lettersGrid;;;cheat;;;;1-7;;23;0.5;female;;cheat_first;
;;;1.6638444081;self;0.5;;;;dotscs_1_9;;;1;;2;10;5;right;;practiceDots;;1;instructions;right;;lettersGrid;;;cheat;;;;1-7;;23;0.5;female;;cheat_first;
;;;2.0220748396;self;5;;;;dotscs_1_9;;;1;;3;10;0.5;right;;practiceDots;;1;instructions;right;;lettersGrid;;;accuracy;;;;1-7;;23;5;female;;cheat_first;
;;;1.0246306203;self;0.5;;;;dotscs_1_9;;;1;;4;10;5;left;;practiceDots;;1;instructions;left;;lettersGrid;;;accuracy;;;;1-7;;23;5;female;;cheat_first;
;;;1.1671888287;self;0.5;;;;dotscs_1_9;;;1;;5;10;5;left;;practiceDots;;1;instructions;left;;lettersGrid;;;accuracy;;;;1-7;;23;5;female;;cheat_first;
;;;1.0255093248;self;0.5;;;;dotscs_1_9;;;1;;6;10;5;left;;practiceDots;;1;instructions;left;;lettersGrid;;;accuracy;;;;1-7;;23;5;female;;cheat_first;
2;1;11.7315867534;;self;0.5;1;1;1, 1;1461230077.481;dotscs_1_9;;1;2;0.5;1;12;5;;10.2434138748;practiceCS;M, P;;instructions;left;0, 1;lettersGrid;0, 1;8/2-1=1 ?, 9/3-3=0 ?;accuracy;2.6135087628031215, 3.1408464510850536;0.5;M, R;1-7;2;23;;female;;cheat_first
3;1;27.3973842706;;self;0.5;2;0;1, 1, 1;1461230107.169;dotscs_1_9;;1;3;0;2;14;5;;8.1232914719;practiceCS;S, Y, L;;instructions;right;0, 0, 1;lettersGrid;0, 0, 1;7+6/3=8 ?, 4x2-8=2 ?, 4/2-2=0 ?;cheat;5.344528941155659, 6.577974138556783, 3.898755410508329;0.2;B, S, Y;1-7;2;23;;female;;cheat_first
2;1;4.6692748229;;self;0.5;2;2;1, 1;1461230161.242;dotscs_1_9;;1;2;1;3;14;5;;11.4260697422;practiceCS;I, B;;instructions;left;1, 1;lettersGrid;1, 1;4x2-2=6 ?, 2+6/3=4 ?;accuracy;4.057832767289256, 5.82725158727726;0.4285714286;I, B;1-7;4;23;;female;;cheat_first
5;1;8.5910534934;;self;5;5;5;1, 1, 1, 1, 1;1461230189.058;dotscs_1_9;;1;5;1;4;10;0.5;;36.7825908935;practiceCS;V, G, D, U, K;;instructions;left;0, 1, 0, 1, 1;lettersGrid;0, 1, 0, 1, 1;4/2-2=1 ?, 3x2-2=4 ?, 2x2-2=4 ?, 3x3-3=6 ?, 2x3-4=2 ?;cheat;2.6447924817152852, 2.794110309082498, 4.840475328505818, 5.049822153473542, 7.098428347012941;0.6666666667;V, G, D, U, K;1-7;10;23;;female;;cheat_first
7;1;22.9835597687;;self;5;6;5;1, 1, 1, 1, 1, 1, 1;1461230261.224;dotscs_1_9;;1;7;0.7142857143;5;14;0.5;;35.3056199927;practiceCS;J, Z, X, R, N, Q, E;;instructions;right;1, 0, 0, 0, 1, 0, 0;lettersGrid;1, 0, 0, 0, 1, 0, 0;8/2+4=8 ?, 3x2+3=7 ?, 4+6/2=8 ?, 8/4-2=2 ?, 5+2x2=9 ?, 9/3+4=6 ?, 8/4+7=7 ?;accuracy;3.2297509582408566, 6.147619871673214, 13.301279199759392, 10.304710853858069, 5.58136191051517, 8.64132260768929, 8.714806789416343;0.6842105263;J, Z, X, R, N, E, K;1-7;11;23;;female;;cheat_first
4;1;6.8589210444;;self;5;4;4;1, 1, 1, 1;1461230381.428;dotscs_1_9;;1;4;1;6;10;0.5;;6.7532510826;practiceCS;T, W, A, F;;instructions;right;0, 1, 0, 1;lettersGrid;0, 1, 0, 1;2+3x2=7 ?, 5+6/2=8 ?, 9/3-3=1 ?, 9/3+1=4 ?;accuracy;4.987124130894699, 3.346474618605953, 4.764596031285237, 6.220724331336896;0.7391304348;T, W, A, F;1-7;8;23;;female;;cheat_first
2;1;3.6592067029;3.0492460234;self;5;2;2;1, 1;1461230486.903;dotscs_1_9;;1;2;1;1;12;0.5;right;12.698395577;practiceExp;S, Z;1;instructions;right;0, 1;lettersGrid;0, 1;1+3x2=5 ?, 3x3-9=0 ?;accuracy;6.733997793860908, 3.7147423817596064;0.76;S, Z;1-7;4;23;5;female;;cheat_first
6;1;34.5356062866;2.1697378856;self;0.5;6;4;1, 1, 1, 1, 1, 1;1461230524.668;dotscs_1_9;;1;6;0.6666666667;2;10;5;right;9.4417646849;practiceExp;C, X, H, P, V, Q;1;instructions;right;0, 1, 1, 0, 0, 0;lettersGrid;0, 1, 1, 0, 0, 0;1+4/2=4 ?, 2x3-6=0 ?, 2+2x3=8 ?, 6/3+5=9 ?, 3x3-4=7 ?, 4x2-2=8 ?;cheat;4.552933007897536, 3.592438611894522, 4.648352951126981, 5.494533665563722, 6.417816361031328, 9.279545154544849;0.7419354839;C, X, H, P, Q, V;1-7;10;23;0.5;female;;cheat_first
4;1;9.9919501046;1.8461265695;self;0.5;4;4;1, 1, 1, 1;1461230614.273;dotscs_1_9;;1;4;1;3;14;5;left;7.0684780789;practiceExp;I, K, R, U;1;instructions;left;1, 0, 1, 1;lettersGrid;1, 0, 1, 1;6/3-1=1 ?, 3x3-9=1 ?, 2x2-3=1 ?, 2x3-3=3 ?;accuracy;4.467331693415417, 2.3734423167502428, 6.564193377264928, 5.948305777827045;0.7714285714;I, K, R, U;1-7;8;23;5;female;;cheat_first
4;1;11.5102268388;2.2274213121;self;5;4;4;1, 1, 1, 1;1461230669.412;dotscs_1_9;;1;4;1;1;14;0.5;left;13.7195803877;experiment;Z, P, C, B;1;instructions;left;1, 1, 0, 1;lettersGrid;1, 1, 0, 1;3+8/4=5 ?, 3x3-3=6 ?, 8/2+2=8 ?, 9/3+5=8 ?;cheat;4.637607489124093, 2.3874431965168696, 6.885016408027241, 8.245289836223947;0.7948717949;Z, P, C, B;1-7;8;23;0.3974358974;female;0.3974358974;cheat_first
3;1;9.4487210657;2.0746774928;self;5;3;3;1, 1, 1;1461230727.56;dotscs_1_9;;1;3;1;2;14;0.5;right;12.123826197;experiment;R, H, Z;0;instructions;left;1, 0, 0;lettersGrid;1, 0, 0;4+8/2=8 ?, 6+9/3=7 ?, 3x3-9=2 ?;cheat;5.704541907620296, 6.989528447481462, 3.289850733486219;0.8095238095;R, H, Z;1-7;6;23;4.0476190476;female;4.4450549451;cheat_first
6;1;10.4191452113;1.1697771672;self;0.5;6;6;1, 1, 1, 1, 1, 1;1461230771.854;dotscs_1_9;;1;6;1;3;12;5;right;14.830817365;experiment;E, Q, P, R, T, R;1;instructions;right;1, 0, 1, 0, 0, 1;lettersGrid;1, 0, 1, 0, 0, 1;3x2-4=2 ?, 8/4+2=5 ?, 5+8/4=7 ?, 1+9/3=6 ?, 8/2-1=1 ?, 3x3-3=6 ?;cheat;4.31925990648142, 2.371081528414834, 3.265959385664246, 6.906568908584177, 5.74645324375706, 8.953226593567706;0.8333333333;E, Q, P, R, T, R;1-7;12;23;0.4166666667;female;4.8617216117;cheat_first
4;1;8.5957513596;1.1696522447;self;0.5;4;4;1, 1, 1, 1;1461230866.028;dotscs_1_9;;1;4;1;4;14;5;left;14.7902508041;experiment;T, A, I, X;1;instructions;left;0, 0, 1, 0;lettersGrid;0, 0, 1, 0;2x3-4=4 ?, 6/2+4=5 ?, 2x2+3=7 ?, 4/2-1=3 ?;accuracy;5.306064830199375, 5.987290104470958, 3.1318028375467293, 8.782264254706206;0.8461538462;T, A, I, X;1-7;8;23;4.2307692308;female;9.0924908425;cheat_first
4;1;8.0699566239;2.6086803119;self;0.5;4;4;1, 1, 1, 1;1461230922.257;dotscs_1_9;;1;4;1;5;14;5;left;13.7785678922;experiment;J, N, M, Q;0;instructions;right;1, 0, 0, 1;lettersGrid;1, 0, 0, 1;7+8/4=9 ?, 3x3-3=8 ?, 3x3-1=9 ?, 4x2-4=4 ?;cheat;4.00710996828775, 2.4480692035499487, 4.6777256736349955, 7.673731691150351;0.8571428571;J, N, M, Q;1-7;8;23;4.2857142857;female;13.3782051282;cheat_first
5;1;8.53087834;1.3317882574;self;0.5;5;5;1, 1, 1, 1, 1;1461230971.65;dotscs_1_9;;1;5;1;6;10;5;right;11.6412182107;experiment;O, L, W, U, Z;1;instructions;right;1, 1, 0, 1, 0;lettersGrid;1, 1, 0, 1, 0;2x3+3=9 ?, 2x2-1=3 ?, 1+6/3=1 ?, 2x2-1=3 ?, 3+2x2=6 ?;cheat;4.776613013673341, 1.7810012276381713, 4.421840070126564, 3.6233999386358846, 6.998455985683449;0.868852459;O, L, W, U, Z;1-7;10;23;0.4344262295;female;13.8126313577;cheat_first
3;0.75;7.7105314658;1.9724437857;other;5;4;4;1, 1, 0, 1;1461231020.73;dotscs_1_9;;0.9846153846;4;1;7;14;0.5;left;16.979572864;experiment;F, E, W, U;1;instructions;left;1, 1, 0, 1;lettersGrid;1, 1, 1, 1;3x2-5=1 ?, 5+4/2=7 ?, 4x2-1=5 ?, 4+6/2=7 ?;cheat;2.0685453176870396, 2.5531909924120555, 3.762151725329204, 3.6907321274948117;0.8769230769;F, E, W, U;1-7;8;23;0.4317159763;female;13.8126313577;cheat_first
1;1;8.8501895602;2.3103114889;other;0.5;1;1;1;1461231064.74;dotscs_1_9;;0.9848484848;1;1;8;14;5;right;7.6698881112;experiment;D;1;instructions;right;1;lettersGrid;1;6+9/3=9 ?;cheat;3.6973993816;0.8787878788;D;1-7;2;23;0.4327364555;female;13.8126313577;cheat_first
7;1;9.4925550765;1.4078607775;other;0.5;6;6;1, 1, 1, 1, 1, 1, 1;1461231090.403;dotscs_1_9;;0.9863013699;7;0.8571428571;9;12;5;right;9.6337182576;experiment;J, W, F, I, D, Q, E;1;instructions;right;0, 0, 1, 1, 0, 1, 0;lettersGrid;0, 0, 1, 1, 0, 1, 0;4+8/2=6 ?, 4/2+5=8 ?, 2x4-3=5 ?, 4+8/4=6 ?, 3+2x2=9 ?, 4x2-8=0 ?, 9/3+4=9 ?;cheat;3.5004443066641215, 5.425736733349822, 4.32189778929569, 2.53451631088501, 4.372119128684972, 6.117753475094105, 9.622464965950712;0.8767123288;J, U, F, I, D, Q, E;1-7;12;23;0.4323512854;female;13.8126313577;cheat_first
7;1;9.8535642383;1.9684834226;other;5;7;7;1, 1, 1, 1, 1, 1, 1;1461231157.127;dotscs_1_9;;0.9875;7;1;10;10;0.5;left;7.9696816882;experiment;Z, O, L, V, G, E, C;1;instructions;left;0, 0, 0, 0, 0, 0, 1;lettersGrid;0, 0, 0, 0, 0, 0, 1;2+8/4=5 ?, 7+4/2=8 ?, 2x2-1=4 ?, 4/2-2=1 ?, 3x3-8=2 ?, 3+3x2=7 ?, 2x2-4=0 ?;cheat;3.8782490035391675, 2.3663592439670538, 2.34138959872962, 2.889061350416341, 6.3984186858642715, 6.886677913234507, 6.181166351882894;0.8875;Z, O, L, V, G, E, C;1-7;14;23;0.438203125;female;13.8126313577;cheat_first
5;1;15.6378304387;1.8227784401;other;5;5;5;1, 1, 1, 1, 1;1461231218.205;dotscs_1_9;;0.9882352941;5;1;11;10;0.5;left;12.6788733331;experiment;G, D, Y, H, R;1;instructions;left;0, 0, 1, 1, 0;lettersGrid;0, 0, 1, 1, 0;3+8/4=3 ?, 4+4/2=5 ?, 2+8/4=4 ?, 3+8/2=7 ?, 9/3-2=0 ?;cheat;3.529975924984228, 5.617773823666539, 5.488023537813206, 7.0649866177168406, 5.9173402044270915;0.8941176471;G, D, Y, H, R;1-7;10;23;0.441799308;female;13.8126313577;cheat_first
3;1;4.7610886451;1.1786537455;other;0.5;2;2;1, 1, 1;1461231282.166;dotscs_1_9;;0.9886363636;3;0.6666666667;12;12;5;left;14.1716917025;experiment;X, A, N;1;instructions;left;0, 1, 0;lettersGrid;0, 1, 0;6/3+7=7 ?, 8/4-1=1 ?, 3+9/3=4 ?;accuracy;4.779575765875961, 5.561711559157175, 2.8228626655354674;0.8863636364;G, A, N;1-7;4;23;4.3814566116;female;13.8126313577;cheat_first
2;1;3.9251296381;1.326093842;self;0.5;2;2;1, 1;1461231319.997;dotscs_1_9;;0.9888888889;2;1;13;14;5;left;7.2030009014;experiment;S, K;0;instructions;right;1, 1;lettersGrid;1, 1;5+4/2=7 ?, 6/2+5=8 ?;cheat;3.4203608173543216, 3.3837542656801816;0.8888888889;S, K;1-7;4;23;4.3950617284;female;18.2076930861;cheat_first
4;0.6666666667;32.5237510311;1.1452937644;self;5;6;6;0, 1, 0, 1, 1, 1;1461231346.378;dotscs_1_9;;0.96875;6;1;14;10;0.5;left;9.3955482985;experiment;X, O, W, V, B, F;1;instructions;left;1, 0, 0, 0, 1, 1;lettersGrid;0, 0, 1, 0, 1, 1;1+6/3=3 ?, 1+9/3=2 ?, 2x2+5=7 ?, 3x2-1=3 ?, 8/2-4=0 ?, 3x3-1=8 ?;cheat;5.060927519798952, 4.852973244988789, 3.3688814053325586, 6.448845988199537, 6.38821785783648, 4.189556333873497;0.8958333333;X, O, W, V, B, F;1-7;12;23;0.4339192708;female;18.6416123569;cheat_first
3;1;24.603465415;1.9174276148;self;5;3;3;1, 1, 1;1461231427.001;dotscs_1_9;;0.9696969697;3;1;15;14;0.5;right;27.1271676096;experiment;F, U, G;0;instructions;left;1, 0, 1;lettersGrid;1, 0, 1;6/2-3=0 ?, 4x2-1=8 ?, 8/2+4=8 ?;cheat;5.179901201485791, 8.83659742135842, 3.823546377582261;0.898989899;F, U, G;1-7;6;23;4.3587389042;female;23.0003512611;cheat_first
1;1;4.9608012171;1.9421166267;self;0.5;1;1;1;1461231504.317;dotscs_1_9;;0.97;1;1;16;10;5;right;6.1050446412;experiment;R;1;instructions;right;1;lettersGrid;1;4+4/2=6 ?;cheat;4.2526698212;0.9;R;1-7;2;23;0.4365;female;23.4368512611;cheat_first
5;0.8333333333;22.4688576594;1.5803975651;self;5;5;5;1, 0, 1, 1, 1, 1;1461231524.676;dotscs_1_9;;0.9622641509;6;0.8333333333;17;14;0.5;right;8.652909262;experiment;K, Y, H, R, U, P;1;instructions;right;0, 0, 0, 0, 1, 0;lettersGrid;0, 1, 0, 0, 1, 0;6/3-2=2 ?, 3x2-5=2 ?, 3x3-7=4 ?, 8/2+3=8 ?, 2x4-6=2 ?, 4x2-8=2 ?;accuracy;5.73186349398793, 5.189549256109331, 8.22253553126211, 5.396931647551355, 4.342776132787549, 7.730390257315776;0.8962264151;K, Y, N, R, U, P;1-7;10;23;4.3120327519;female;27.748884013;cheat_first
3;1;5.92412318;1.9219081936;self;5;3;3;1, 1, 1;1461231600.478;dotscs_1_9;;0.9633027523;3;1;18;10;0.5;right;8.6686165908;experiment;A, N, Z;0;instructions;left;1, 0, 0;lettersGrid;1, 0, 0;1+2x2=5 ?, 2x2+5=8 ?, 2x2-3=0 ?;cheat;4.7764512867552185, 2.5727992310717127, 4.055956451930797;0.8990825688;A, N, Z;1-7;6;23;4.3304435654;female;32.0793275784;cheat_first
7;1;45.9475346554;3.4915769295;other;0.5;5;5;1, 1, 1, 1, 1, 1, 1;1461231648.793;dotscs_1_9;;0.9655172414;7;0.7142857143;19;14;5;left;11.9051069963;experiment;R, G, S, J, O, V, A;0;instructions;right;0, 1, 1, 0, 1, 1, 0;lettersGrid;0, 1, 1, 0, 1, 1, 0;9/3+2=6 ?, 2+4/2=4 ?, 4/2+2=4 ?, 7+6/3=8 ?, 7+4/2=9 ?, 2x4-4=4 ?, 3x3-7=1 ?;cheat;4.801905051082031, 4.107428432299912, 3.9442629587674674, 4.271355119400141, 8.844298029090169, 7.95849952808976, 3.5212164836884767;0.8879310345;R, G, S, J, T, V, W;1-7;10;23;4.2865636147;female;32.0793275784;cheat_first
2;1;3.8926568548;4.5449234557;other;5;2;2;1, 1;1461231755.53;dotscs_1_9;;0.9661016949;2;1;20;14;0.5;left;10.0390919087;experiment;B, U;0;instructions;right;0, 0;lettersGrid;0, 0;2x3-5=2 ?, 2x4-7=3 ?;accuracy;4.917083989353614, 4.326936449814639;0.8898305085;B, U;1-7;4;23;0.4298333812;female;32.0793275784;cheat_first
7;1;28.5408824061;3.2339459492;other;5;4;3;1, 1, 1, 1, 1, 1, 1;1461231787.105;dotscs_1_9;;0.968;7;0.4285714286;21;14;0.5;left;8.6689227041;experiment;E, T, I, Y, W, Q, B;0;instructions;right;0, 1, 1, 1, 1, 0, 0;lettersGrid;0, 1, 1, 1, 1, 0, 0;3x3-5=5 ?, 3x2-3=3 ?, 8/4+6=8 ?, 2x4-6=2 ?, 2x2-1=3 ?, 1+9/3=2 ?, 4x2-6=4 ?;accuracy;4.653685338871128, 9.151791859933837, 5.235992484829694, 4.066615565207485, 3.0790473045926774, 3.1559638481944603, 5.944964011337106;0.864;J, E, I, Y, W, R, S;1-7;7;23;0.418176;female;32.0793275784;cheat_first
2;1;2.7213172711;2.0738005578;other;5;2;2;1, 1;1461231870.411;dotscs_1_9;;0.968503937;2;1;22;10;0.5;left;6.9011692821;experiment;S, T;1;instructions;left;1, 0;lettersGrid;1, 0;1+2x2=5 ?, 2+6/2=4 ?;cheat;4.267587979266409, 4.296567885846798;0.8661417323;S, T;1-7;4;23;0.4194308389;female;32.0793275784;cheat_first
7;1;40.5618010929;2.3886365076;other;0.5;7;2;1, 1, 1, 1, 1, 1, 1;1461231894.295;dotscs_1_9;;0.9701492537;7;0.2857142857;23;12;5;right;37.6029597088;experiment;H, P, R, X, S, V, N;1;instructions;right;0, 0, 1, 1, 1, 0, 1;lettersGrid;0, 0, 1, 1, 1, 0, 1;2+9/3=3 ?, 3x3-5=2 ?, 3x3-8=1 ?, 4/2-2=0 ?, 3x3-5=4 ?, 3x3-3=4 ?, 2x4-4=4 ?;cheat;4.015885334553786, 3.3836778258237246, 3.205845808778122, 7.939837940426969, 4.9563008205605, 5.449042042274868, 6.60080700670369;0.8358208955;P, R, V, X, S, N, H;1-7;9;23;0.405435509;female;32.0793275784;cheat_first
1;1;1.8640570241;1.7992682299;other;5;1;1;1;1461232018.551;dotscs_1_9;;0.9703703704;1;1;24;10;0.5;right;5.9695825995;experiment;E;1;instructions;right;1;lettersGrid;1;8/2-4=0 ?;accuracy;5.8691905267;0.837037037;E;1-7;2;23;4.0611796982;female;32.0793275784;cheat_first
2;1;2.8059156663;1.8350466832;self;5;2;2;1, 1;1461232037.802;dotscs_1_9;;0.9708029197;2;1;25;12;0.5;left;7.5076084198;experiment;I, M;1;instructions;left;0, 0;lettersGrid;0, 0;2+4/2=3 ?, 4/2+3=6 ?;cheat;2.363041541876555, 2.4456376375692344;0.8394160584;I, M;1-7;4;23;0.4074537802;female;32.4867813585;cheat_first
5;1;7.2732356814;1.4951897743;self;0.5;5;5;1, 1, 1, 1, 1;1461232065.306;dotscs_1_9;;0.9718309859;5;1;26;10;5;left;20.587914151;experiment;Q, H, R, X, G;1;instructions;left;0, 0, 0, 1, 1;lettersGrid;0, 0, 0, 1, 1;9/3+1=3 ?, 8/2-2=0 ?, 3+4/2=3 ?, 2x4-7=1 ?, 8/4+6=8 ?;accuracy;3.25543935045971, 4.079817365366125, 8.316409690733508, 7.311071640778209, 8.658562980248462;0.8450704225;Q, H, R, X, G;1-7;10;23;4.1063281095;female;36.593109468;cheat_first
4;1;4.8919200595;1.8848691905;self;0.5;4;4;1, 1, 1, 1;1461232132.309;dotscs_1_9;;0.9726027397;4;1;27;10;5;left;8.7779475262;experiment;J, E, E, F;0;instructions;right;0, 0, 0, 1;lettersGrid;0, 0, 0, 1;2x3-6=2 ?, 2x3+2=6 ?, 3x3-1=9 ?, 2x2-1=3 ?;cheat;3.2682939862711464, 2.850460992493481, 4.486700703635961, 3.197700717437783;0.8493150685;J, E, E, F;1-7;8;23;4.1302308125;female;40.7233402806;cheat_first
4;1;6.8592349432;1.3883247321;self;0.5;3;3;1, 1, 1, 1;1461232166.926;dotscs_1_9;;0.9733333333;4;0.75;28;10;5;left;35.0327109501;experiment;G, Z, L, W;1;instructions;left;1, 1, 1, 1;lettersGrid;1, 1, 1, 1;2x2-3=1 ?, 2x4-4=4 ?, 8/2+5=9 ?, 8/2+3=7 ?;accuracy;2.645941556775597, 4.04592584413831, 9.244983015134494, 3.129877685613792;0.8466666667;G, Z, F, W;1-7;6;23;4.1204444444;female;44.843784725;cheat_first
4;1;20.558210543;3.1159189185;self;0.5;4;4;1, 1, 1, 1;1461232234.522;dotscs_1_9;;0.974025974;4;1;29;10;5;left;6.4823952995;experiment;D, I, B, L;0;instructions;right;1, 1, 1, 0;lettersGrid;1, 1, 1, 0;9/3-2=1 ?, 3x3-8=1 ?, 2x4-3=5 ?, 2x2-2=1 ?;cheat;9.77308191698421, 2.7050086861863747, 2.4883597316252235, 4.597870796117604;0.8506493506;D, I, B, L;1-7;8;23;4.1427728116;female;48.9865575366;cheat_first
5;1;6.143208655;2.492445725;self;0.5;5;5;1, 1, 1, 1, 1;1461232290.901;dotscs_1_9;;0.9748427673;5;1;30;10;5;right;17.5957725928;experiment;O, V, K, S, L;1;instructions;right;0, 1, 0, 0, 0;lettersGrid;0, 1, 0, 0, 0;3x3-7=0 ?, 3x3-9=0 ?, 4x2-7=3 ?, 3x3-7=3 ?, 2x3-2=6 ?;cheat;3.5301298663612215, 3.2422156092316072, 5.97553039882132, 2.6675467866771214, 6.891003488984097;0.8553459119;O, V, K, S, L;1-7;10;23;0.4169138879;female;49.4034714245;cheat_first
6;1;29.3590245567;4.8741138197;other;0.5;3;1;1, 1, 1, 1, 1, 1;1461232349.714;dotscs_1_9;;0.9757575758;6;0.1666666667;31;14;5;left;6.0821374566;experiment;B, F, D, N, W, I;0;instructions;right;0, 1, 1, 1, 0, 1;lettersGrid;0, 1, 1, 1, 0, 1;6/2+3=7 ?, 2x3-5=1 ?, 2x2-1=3 ?, 2x4-5=3 ?, 6/2-3=2 ?, 1+4x2=9 ?;cheat;5.699845810901934, 3.8361355972274396, 2.9424970565341937, 6.274190825731239, 7.758475534468744, 3.347426224037008;0.8303030303;P, F, N, W, K, S;1-7;4;23;4.05087236;female;49.4034714245;cheat_first
3;0.75;33.1743373708;2.1981855443;other;0.5;3;3;0, 1, 1, 1;1461232426.405;dotscs_1_9;;0.9704142012;4;0.75;32;12;5;left;6.9613019689;experiment;I, X, J, A;1;instructions;left;0, 0, 1, 0;lettersGrid;1, 0, 1, 0;3x2-3=2 ?, 6+4/2=9 ?, 1+2x2=5 ?, 9/3+6=8 ?;accuracy;4.625176457515408, 5.585764280008334, 3.8122962709740023, 4.9593626614660025;0.8284023669;I, X, J, F;1-7;6;23;4.0194671055;female;49.4034714245;cheat_first
3;1;4.8988796253;1.96783333;other;5;3;3;1, 1, 1;1461232492.862;dotscs_1_9;;0.9709302326;3;1;33;12;0.5;left;5.3338043586;experiment;P, Q, O;1;instructions;left;0, 1, 0;lettersGrid;0, 1, 0;2x2-1=1 ?, 3x2-1=5 ?, 9/3-1=1 ?;cheat;6.805186302684888, 2.9561465252954804, 2.219068842229717;0.8313953488;P, Q, O;1-7;6;23;0.4036134397;female;49.4034714245;cheat_first
1;0.5;12.1330527708;1.9260433775;other;5;1;1;0, 1;1461232521.738;dotscs_1_9;;0.9655172414;2;0.5;34;10;0.5;right;5.4162719928;experiment;U, Z;1;instructions;right;1, 0;lettersGrid;0, 0;9/3-2=1 ?, 3x3-8=2 ?;accuracy;6.579123567504212, 4.525055463132048;0.8275862069;U, Q;1-7;2;23;3.9952437574;female;49.4034714245;cheat_first
6;1;11.7109653328;2.1518141549;other;0.5;6;4;1, 1, 1, 1, 1, 1;1461232555.997;dotscs_1_9;;0.9666666667;6;0.6666666667;35;10;5;left;6.3872457269;experiment;D, S, J, C, I, N;1;instructions;left;1, 1, 1, 0, 1, 1;lettersGrid;1, 1, 1, 0, 1, 1;2x2-3=1 ?, 8/2-4=0 ?, 2x3+1=7 ?, 4+8/4=8 ?, 2x3-4=2 ?, 4/2+7=9 ?;accuracy;3.179713640727641, 4.145273238866139, 4.313056599819902, 7.789862234853899, 6.256008402721818, 9.210040091997143;0.8222222222;D, S, J, I, C, N;1-7;10;23;3.9740740741;female;49.4034714245;cheat_first
3;1;4.9193078229;1.8551857542;other;5;3;3;1, 1, 1;1461232617.805;dotscs_1_9;;0.9672131148;3;1;36;12;0.5;left;3.5585923884;experiment;C, L, E;1;instructions;left;1, 0, 0;lettersGrid;1, 0, 0;1+6/3=3 ?, 6/2-1=3 ?, 2x4-7=3 ?;cheat;7.658439473259023, 2.318007142172064, 3.8049102698714705;0.825136612;C, L, E;1-7;6;23;0.3990414763;female;49.4034714245;cheat_first
6;1;15.261092007;1.3614331199;self;0.5;6;6;1, 1, 1, 1, 1, 1;1461232646.572;dotscs_1_9;;0.9682539683;6;1;37;12;5;left;6.8674922171;experiment;A, U, O, W, C, M;1;instructions;left;0, 0, 0, 0, 1, 1;lettersGrid;0, 0, 0, 0, 1, 1;4x2-6=4 ?, 3+2x2=6 ?, 3x3-8=3 ?, 3x3-5=2 ?, 6/2+6=9 ?, 4x2-1=7 ?;accuracy;5.218669656314887, 3.6364485051935844, 3.1667422218024512, 6.112219724950592, 9.249933911374683, 9.92517776690238;0.8306878307;A, U, O, W, C, M;1-7;12;23;4.0215839422;female;53.4250553667;cheat_first
3;1;4.3315883105;2.089243886;self;5;3;3;1, 1, 1;1461232748.27;dotscs_1_9;;0.96875;3;1;38;10;0.5;right;8.4474544997;experiment;O, X, Q;0;instructions;left;1, 1, 1;lettersGrid;1, 1, 1;6/2-3=0 ?, 3x3-9=0 ?, 1+8/4=3 ?;cheat;5.3637532110933535, 2.045492331065361, 9.812798084473798;0.8333333333;O, X, Q;1-7;6;23;4.0364583333;female;57.4615137001;cheat_first
6;1;7.4332519037;2.0910536703;self;0.5;6;6;1, 1, 1, 1, 1, 1;1461232784.931;dotscs_1_9;;0.9696969697;6;1;39;10;5;left;13.3373977396;experiment;G, T, U, Y, M, H;0;instructions;right;1, 0, 0, 0, 1, 1;lettersGrid;1, 0, 0, 0, 1, 1;1+6/2=4 ?, 3x3-2=5 ?, 6+9/3=8 ?, 2x4-2=5 ?, 6/3+7=9 ?, 4+2x2=8 ?;cheat;3.62375807351782, 4.1914737002653055, 3.0769830745884974, 7.945932957291916, 4.897030559310224, 3.9466007443688795;0.8383838384;G, T, U, Y, M, H;1-7;12;23;4.0648913376;female;61.5264050377;cheat_first
3;1;6.3877259532;1.6174829275;self;0.5;3;3;1, 1, 1;1461232842.137;dotscs_1_9;;0.9701492537;3;1;40;10;5;left;9.120296162;experiment;D, Y, G;0;instructions;right;1, 0, 1;lettersGrid;1, 0, 1;4/2-2=0 ?, 4x2-6=0 ?, 2x3-2=4 ?;cheat;5.138580504793026, 5.71076113925119, 4.154354718444665;0.8407960199;D, Y, G;1-7;6;23;4.0784881562;female;65.6048931939;cheat_first
5;1;7.1224768212;1.7905420541;self;0.5;5;5;1, 1, 1, 1, 1;1461232878.486;dotscs_1_9;;0.9708737864;5;1;41;12;5;left;9.5887160617;experiment;M, C, S, I, J;0;instructions;right;0, 0, 1, 1, 0;lettersGrid;0, 0, 1, 1, 0;4/2+2=6 ?, 4x2-6=4 ?, 4+4/2=6 ?, 8/2+2=6 ?, 2x2+2=4 ?;cheat;6.013358218753638, 3.3337109320673335, 2.614725076625291, 7.783314948840598, 5.44999010882475;0.8446601942;M, C, S, I, J;1-7;10;23;4.1002922047;female;69.7051853987;cheat_first
2;1;6.2522341848;1.6033949913;self;0.5;2;2;1, 1;1461232929.281;dotscs_1_9;;0.9711538462;2;1;42;14;5;left;7.429828389;experiment;R, W;0;instructions;right;1, 0;lettersGrid;1, 0;9/3+1=4 ?, 4/2+5=5 ?;cheat;7.053003608598374, 4.0215139267402265;0.8461538462;R, W;1-7;4;23;4.1087278107;female;73.8139132093;cheat_first
7;1;25.1677147066;2.3747683359;other;5;6;6;1, 1, 1, 1, 1, 1, 1;1461232959.077;dotscs_1_9;;0.9720930233;7;0.8571428571;43;10;0.5;left;7.9768751741;experiment;K, V, Q, R, W, O, U;1;instructions;left;1, 1, 1, 0, 0, 0, 0;lettersGrid;1, 1, 1, 0, 0, 0, 0;2x2-1=3 ?, 2x2-2=2 ?, 3x2+3=9 ?, 4x2-7=2 ?, 3x2-4=4 ?, 2x2+5=7 ?, 4+9/3=9 ?;cheat;3.448052924691183, 3.4827983782006413, 10.160656052143167, 3.116263251786222, 7.151291461987057, 9.491040434914794, 3.5651793098550115;0.8465116279;K, V, Q, R, W, D, U;1-7;12;23;0.4114440238;female;73.8139132093;cheat_first
7;1;13.8521561171;3.2711721592;other;5;7;7;1, 1, 1, 1, 1, 1, 1;1461233046.532;dotscs_1_9;;0.972972973;7;1;44;14;0.5;right;19.680013561;experiment;F, U, H, D, K, M, Z;0;instructions;left;1, 1, 1, 0, 1, 1, 0;lettersGrid;1, 1, 1, 0, 1, 1, 0;9/3+3=6 ?, 6/3+3=5 ?, 6/2-2=1 ?, 3+6/2=5 ?, 4+6/3=6 ?, 4/2+3=5 ?, 4/2+4=7 ?;cheat;4.587804799502919, 5.467542256908018, 3.072325551685026, 4.956043897710515, 5.9932410888295635, 4.869058880276498, 5.142957748224035;0.8513513514;F, U, H, D, K, M, Z;1-7;14;23;4.1417092768;female;73.8139132093;cheat_first
1;1;2.1944700718;2.0423377714;other;0.5;1;1;1;1461233125.017;dotscs_1_9;;0.9730941704;1;1;45;12;5;right;2.4651365248;experiment;Q;1;instructions;right;0;lettersGrid;0;6+6/2=7 ?;cheat;3.9141548565;0.8520179372;Q;1-7;2;23;0.4145468439;female;73.8139132093;cheat_first
4;1;5.6147908998;2.0265016274;other;5;4;4;1, 1, 1, 1;1461233138.402;dotscs_1_9;;0.9735682819;4;1;46;12;0.5;left;3.7661425228;experiment;U, Y, C, K;1;instructions;left;0, 0, 0, 0;lettersGrid;0, 0, 0, 0;8/2+4=6 ?, 3+9/3=5 ?, 2x3-3=1 ?, 4/2+6=6 ?;cheat;2.457669483263089, 3.1370141955176223, 4.21450333026587, 7.80566617511613;0.8546255507;U, Y, C, K;1-7;8;23;0.4160181645;female;73.8139132093;cheat_first
5;1;7.4138676762;1.9320916811;other;5;5;5;1, 1, 1, 1, 1;1461233172.457;dotscs_1_9;;0.974137931;5;1;47;14;0.5;left;10.9045145874;experiment;G, Y, E, A, N;1;instructions;left;0, 0, 0, 0, 1;lettersGrid;0, 0, 0, 0, 1;3x3-4=3 ?, 2x4-7=3 ?, 7+4/2=8 ?, 3+2x2=9 ?, 8/4+6=8 ?;cheat;6.389215822625374, 4.1481347790377185, 4.230033714930869, 6.84593405434498, 5.856453735661489;0.8577586207;G, Y, E, A, N;1-7;10;23;0.417787604;female;73.8139132093;cheat_first
5;1;27.6720075477;2.8369010575;other;5;4;2;1, 1, 1, 1, 1;1461233225.981;dotscs_1_9;;0.9746835443;5;0.4;48;14;0.5;left;6.2835908047;experiment;X, Q, P, H, O;1;instructions;left;0, 1, 1, 0, 0;lettersGrid;0, 1, 1, 0, 0;3x2-3=4 ?, 2x4-7=1 ?, 3+2x2=7 ?, 2x2-4=2 ?, 5+2x2=7 ?;cheat;7.064625297841303, 6.528739793421664, 5.879671988083828, 7.99569034922024, 5.356534599120096;0.8481012658;O, Q, P, X, S;1-7;6;23;0.4133151739;female;73.8139132093;cheat_first
5;1;22.3328591231;2.0273283102;self;0.5;4;4;1, 1, 1, 1, 1;1461233301.408;dotscs_1_9;;0.9752066116;5;0.8;49;14;5;left;4.9488337791;experiment;K, W, M, D, U;1;instructions;left;0, 1, 0, 1, 0;lettersGrid;0, 1, 0, 1, 0;5+8/4=6 ?, 3x3-9=0 ?, 4x2-8=1 ?, 2x3-6=0 ?, 4x2-1=6 ?;accuracy;7.08337111090168, 3.598862037029903, 10.392722147138556, 4.314333782416725, 5.24687596323929;0.847107438;K, W, M, D, Z;1-7;8;23;4.1305238713;female;77.9444370806;cheat_first
3;1;4.2849699071;1.1468972319;self;5;3;3;1, 1, 1;1461233371.718;dotscs_1_9;;0.9755102041;3;1;50;10;0.5;right;8.1695099816;experiment;M, V, H;1;instructions;right;0, 1, 1;lettersGrid;0, 1, 1;5+8/4=8 ?, 4/2+1=3 ?, 2x4-3=5 ?;accuracy;4.7359325007755615, 5.151556524265288, 5.0487410249525055;0.8489795918;M, V, H;1-7;6;23;4.1409412745;female;82.0853783551;cheat_first
2;1;2.4884513887;1.3912793449;self;5;2;2;1, 1;1461233414.104;dotscs_1_9;;0.975708502;2;1;51;10;0.5;right;18.993902152;experiment;V, K;0;instructions;left;1, 0;lettersGrid;1, 0;4/2-2=0 ?, 3x2+2=9 ?;cheat;3.1937969764494483, 6.8941898985440275;0.8502024291;V, K;1-7;4;23;4.1477486928;female;86.2331270479;cheat_first
5;1;9.325489047;1.13402384;self;5;5;3;1, 1, 1, 1, 1;1461233451.498;dotscs_1_9;;0.9761904762;5;0.6;52;12;0.5;right;22.3325494709;experiment;B, V, Z, C, R;1;instructions;right;0, 1, 1, 1, 1;lettersGrid;0, 1, 1, 1, 1;2x3-6=2 ?, 4+9/3=7 ?, 2+6/3=4 ?, 3x3-9=0 ?, 6/2+5=8 ?;accuracy;3.623343670408758, 3.567789589386848, 3.1707875180791234, 6.656454514215511, 4.636791422882197;0.8452380952;V, B, Z, C, R;1-7;8;23;4.1255668934;female;90.3586939413;cheat_first
2;1;2.3837447107;1.2802946898;self;0.5;2;2;1, 1;1461233511.855;dotscs_1_9;;0.9763779528;2;1;53;10;5;left;6.6082248577;experiment;G, L;0;instructions;right;1, 0;lettersGrid;1, 0;2x2-1=3 ?, 2x2+2=4 ?;cheat;2.8851604405344915, 3.1164260403693334;0.8464566929;G, L;1-7;4;23;4.1323082646;female;94.4910022059;cheat_first
5;1;7.3894844238;1.4592899374;self;0.5;5;5;1, 1, 1, 1, 1;1461233532.573;dotscs_1_9;;0.9768339768;5;1;54;14;5;left;9.2663550327;experiment;T, F, L, S, B;0;instructions;right;1, 0, 1, 0, 1;lettersGrid;1, 0, 1, 0, 1;2x2-4=0 ?, 4/2+2=3 ?, 3x3-5=4 ?, 3x3-7=3 ?, 3+2x2=7 ?;cheat;2.384418867763088, 3.8918652068068695, 7.497050518605647, 7.063811354928475, 8.666963932773797;0.8494208494;T, F, L, S, B;1-7;10;23;4.1487157317;female;98.6397179377;cheat_first
4;1;6.8657758592;2.3483657973;other;0.5;4;4;1, 1, 1, 1;1461233586.019;dotscs_1_9;;0.9771863118;4;1;55;12;5;right;9.492081928;experiment;H, Q, B, T;1;instructions;right;0, 0, 1, 0;lettersGrid;0, 0, 1, 0;1+6/3=1 ?, 3+9/3=7 ?, 3x3-1=8 ?, 2x3-5=0 ?;cheat;5.525781995653233, 7.771692905708733, 4.791626013757195, 5.320936628882009;0.8517110266;H, Q, B, T;1-7;8;23;0.4161401784;female;98.6397179377;cheat_first
3;1;5.219405036;2.9920396383;other;0.5;3;3;1, 1, 1;1461233633.694;dotscs_1_9;;0.977443609;3;1;56;14;5;left;12.4170328525;experiment;C, P, M;0;instructions;right;0, 0, 1;lettersGrid;0, 0, 1;8/4+3=7 ?, 3+4/2=6 ?, 8/2+1=5 ?;cheat;3.52906607836303, 4.110793201524757, 2.3767706354874463;0.8533834586;C, P, M;1-7;6;23;4.1706710385;female;98.6397179377;cheat_first
7;1;46.516570993;2.3749672211;other;0.5;6;6;1, 1, 1, 1, 1, 1, 1;1461233671.525;dotscs_1_9;;0.978021978;7;0.8571428571;57;12;5;right;5.0456575969;experiment;U, Z, L, M, C, G, O;0;instructions;left;1, 0, 0, 1, 0, 1, 1;lettersGrid;1, 0, 0, 1, 0, 1, 1;9/3+4=7 ?, 9/3-2=0 ?, 2x2-4=2 ?, 2x3-3=3 ?, 9/3+2=4 ?, 6/3+7=9 ?, 4+4/2=6 ?;accuracy;4.994938690635536, 4.9691823518769525, 2.6226330628569485, 7.320876467883863, 6.668611990227873, 6.629636864677195, 4.885567411990451;0.8534798535;B, Z, L, M, C, G, O;1-7;12;23;0.4173610273;female;98.6397179377;cheat_first
2;0.6666666667;9.1746509158;2.4861748257;other;0.5;2;2;1, 1, 0;1461233771.038;dotscs_1_9;;0.9746376812;3;0.6666666667;58;12;5;right;3.2662948717;experiment;K, Y, S;1;instructions;right;1, 1, 0;lettersGrid;1, 1, 1;3+9/3=6 ?, 3+4/2=5 ?, 3+6/3=6 ?;cheat;7.658046303443371, 4.8119041628224295, 6.640734445461931;0.8514492754;Q, Y, S;1-7;4;23;0.4149272737;female;98.6397179377;cheat_first
1;1;2.2112886096;1.357329786;other;0.5;1;1;1;1461233809.43;dotscs_1_9;;0.9747292419;1;1;59;14;5;left;5.4067591235;experiment;A;1;instructions;left;1;lettersGrid;1;2x2-1=3 ?;accuracy;2.3814147106;0.8519855596;A;1-7;2;23;4.1522761928;female;98.6397179377;cheat_first
1;1;3.0555271855;2.7527839502;other;5;1;1;1;1461233823.159;dotscs_1_9;;0.9748201439;1;1;60;14;0.5;left;5.398813979;experiment;N;1;instructions;left;0;lettersGrid;0;3x3-7=1 ?;cheat;2.5625768159;0.8525179856;N;1-7;2;23;0.4155258527;female;98.6397179377;cheat_first
1;1;2.3323470469;1.7385236703;self;5;1;1;1;1461233873.469;dotscs_1_9;;0.9749103943;1;1;61;12;0.5;right;2.784907092;experiment;Y;0;instructions;left;0;lettersGrid;0;4+2x2=7 ?;cheat;6.6792859668;0.853046595;Y;1-7;2;23;4.1582199612;female;102.7979378989;cheat_first
2;1;3.1438852893;2.1727756621;self;5;2;2;1, 1;1461233896.152;dotscs_1_9;;0.975088968;2;1;62;14;0.5;right;4.9299587968;experiment;T, F;0;instructions;left;1, 1;lettersGrid;1, 1;6/2+6=9 ?, 3x3-7=2 ?;cheat;2.456981878445731, 2.75836405967857;0.8540925267;T, F;1-7;4;23;4.164081002;female;106.9620189009;cheat_first
4;1;5.3794849582;2.0445357712;self;5;4;4;1, 1, 1, 1;1461233975.183;dotscs_1_9;;0.9754385965;4;1;63;12;0.5;right;2.8464330367;experiment;O, V, D, S;0;instructions;left;0, 0, 0, 0;lettersGrid;0, 0, 0, 0;3x3-2=5 ?, 2x2-1=1 ?, 9/3+4=6 ?, 9/3-2=0 ?;cheat;2.622981642756713, 3.744310450566445, 3.7239905426913538, 2.8973154393288496;0.8561403509;O, V, D, S;1-7;8;23;4.1755617113;female;111.1375806122;cheat_first
6;1;9.1239571356;2.1051108183;self;5;6;6;1, 1, 1, 1, 1, 1;1461234003.216;dotscs_1_9;;0.9759450172;6;1;64;10;0.5;right;5.3718728225;experiment;J, I, Z, A, L, K;0;instructions;left;1, 1, 0, 1, 0, 0;lettersGrid;1, 1, 0, 1, 0, 0;2x4-5=3 ?, 2x2-1=3 ?, 9/3-1=0 ?, 2x2-3=1 ?, 4+8/2=7 ?, 8/2-2=4 ?;cheat;4.487616920245273, 2.7700643121070243, 4.195908981365392, 2.903929964105373, 3.776630000307705, 4.284550903458694;0.8591065292;J, I, Z, A, L, K;1-7;12;23;4.1922036821;female;115.3297842942;cheat_first
1;1;3.3662173348;1.2663274294;self;0.5;1;1;1;1461234050.407;dotscs_1_9;;0.9760273973;1;1;65;12;5;right;2.4588079417;experiment;J;1;instructions;right;1;lettersGrid;1;2x2-1=3 ?;cheat;2.1105451259;0.8595890411;J;1-7;2;23;0.4194912272;female;115.7492755215;cheat_first
4;1;7.6506153585;1.5437496085;self;5;4;4;1, 1, 1, 1;1461234063.043;dotscs_1_9;;0.9763513514;4;1;66;10;0.5;right;3.0529253993;experiment;M, N, P, R;0;instructions;left;0, 0, 1, 0;lettersGrid;0, 0, 1, 0;2x3-6=1 ?, 2x2+2=7 ?, 3x3-1=8 ?, 2x3-4=3 ?;cheat;2.303859044905039, 5.587641303143755, 2.6083186381247287, 7.404327203636058;0.8614864865;M, N, P, R;1-7;8;23;4.2055674763;female;119.9548429978;cheat_first
6;1;13.7852337308;2.0835112506;other;0.5;3;0;1, 1, 1, 1, 1, 1;1461234098.268;dotscs_1_9;;0.9768211921;6;0;67;12;5;right;2.7722686818;experiment;Y, X, Q, V, Z, E;1;instructions;right;1, 0, 0, 0, 1, 0;lettersGrid;1, 0, 0, 0, 1, 0;3+8/4=5 ?, 4x2+1=7 ?, 4/2+7=7 ?, 9/3-1=0 ?, 3+2x2=7 ?, 4+2x2=7 ?;cheat;4.916367365701262, 3.625762850299907, 4.070410308621831, 4.96721473335765, 4.9955289761910535, 3.9798556206824287;0.8443708609;D, I, X, Q, V, M;1-7;3;23;0.4123996755;female;119.9548429978;cheat_first
7;1;37.2901738334;2.0729112367;other;5;7;5;1, 1, 1, 1, 1, 1, 1;1461234150.388;dotscs_1_9;;0.9773462783;7;0.7142857143;68;12;0.5;left;2.2626289436;experiment;F, X, I, M, Y, L, A;1;instructions;left;0, 1, 1, 0, 1, 0, 1;lettersGrid;0, 1, 1, 0, 1, 0, 1;8/2-2=0 ?, 2x4-1=7 ?, 6+9/3=9 ?, 1+6/2=5 ?, 2x4-3=5 ?, 3x3-3=5 ?, 3x2-6=0 ?;cheat;2.9187688511838132, 5.207219956748304, 5.994659472827152, 8.270127481154304, 4.6657313400928615, 6.279187019662459, 3.6270400328976393;0.8414239482;F, X, Y, M, I, L, A;1-7;12;23;0.4111812821;female;119.9548429978;cheat_first
1;1;2.9086649885;2.1798396249;other;0.5;0;0;1;1461234237.079;dotscs_1_9;;0.9774193548;1;0;69;10;5;right;8.4540877806;experiment;W;1;instructions;right;0;lettersGrid;0;3x2-4=3 ?;cheat;4.5081243889;0.8387096774;U;1-7;0;23;0.4098855359;female;119.9548429978;cheat_first
6;1;7.178420887;2.0287516487;other;5;6;6;1, 1, 1, 1, 1, 1;1461234257.655;dotscs_1_9;;0.9778481013;6;1;70;14;0.5;left;1.3625729939;experiment;L, P, D, H, G, B;1;instructions;left;0, 0, 1, 1, 0, 1;lettersGrid;0, 0, 1, 1, 0, 1;2x4-6=1 ?, 6+6/3=7 ?, 4/2+4=6 ?, 9/3+5=8 ?, 3x2-5=2 ?, 3x3-5=4 ?;cheat;2.235259228432369, 3.873096391012041, 3.9035534270360586, 4.713430518117093, 3.903112482310462, 6.739520219581209;0.8417721519;L, P, D, H, G, B;1-7;12;23;0.4115626502;female;119.9548429978;cheat_first
2;1;2.4322688022;1.3377647217;other;0.5;2;2;1, 1;1461234300.774;dotscs_1_9;;0.9779874214;2;1;71;12;5;left;3.4895940937;experiment;J, I;1;instructions;left;1, 1;lettersGrid;1, 1;6/3+5=7 ?, 2+6/3=4 ?;accuracy;1.984904897848537, 3.4947576768090585;0.8427672956;J, I;1-7;4;23;4.1210790712;female;119.9548429978;cheat_first
5;1;6.0164211213;2.1490124218;other;0.5;5;5;1, 1, 1, 1, 1;1461234316.718;dotscs_1_9;;0.9783281734;5;1;72;12;5;right;4.0980118206;experiment;K, N, F, V, Y;1;instructions;right;0, 0, 1, 0, 0;lettersGrid;0, 0, 1, 0, 0;3x3-1=6 ?, 6/3+2=2 ?, 8/2+1=5 ?, 9/3+1=2 ?, 4x2+1=7 ?;cheat;3.9855429583139994, 2.714694252960726, 4.808705367175207, 7.86169658968538, 3.2731833059597193;0.8452012384;K, N, F, V, Y;1-7;10;23;0.4134420918;female;119.9548429978;cheat_first
7;1;8.3113533358;2.1550136583;self;5;7;7;1, 1, 1, 1, 1, 1, 1;1461234358.23;dotscs_1_9;;0.9787878788;7;1;73;10;0.5;right;4.0139039144;experiment;A, G, D, T, B, C, A;0;instructions;left;1, 0, 1, 0, 1, 0, 0;lettersGrid;1, 0, 1, 0, 1, 0, 0;2x3-1=5 ?, 9/3+3=4 ?, 9/3-3=0 ?, 3x3-5=3 ?, 3x3-9=0 ?, 9/3-2=2 ?, 3x3-1=7 ?;cheat;2.7673351261310017, 3.3951331876023687, 3.9078089329168506, 3.637257139783287, 5.220067514795119, 5.246454482366062, 6.587866376053171;0.8484848485;A, G, D, T, B, C, A;1-7;14;23;4.1524334252;female;124.1072764229;cheat_first
2;1;3.4475344784;1.5101419056;self;0.5;2;2;1, 1;1461234411.676;dotscs_1_9;;0.9789156627;2;1;74;12;5;left;4.2892360296;experiment;C, H;0;instructions;right;0, 0;lettersGrid;0, 0;6/2+1=5 ?, 8/2-2=3 ?;cheat;6.090241496862291, 3.8492821908230326;0.8493975904;C, H;1-7;4;23;4.1574430251;female;128.264719448;cheat_first
6;0.8571428571;9.0224386367;1.3903783454;self;5;7;7;1, 1, 1, 1, 0, 1, 1;1461234434.249;dotscs_1_9;;0.9764011799;7;1;75;10;0.5;right;6.7624206804;experiment;N, E, J, S, P, Z, H;1;instructions;right;0, 0, 1, 0, 1, 0, 0;lettersGrid;0, 0, 1, 0, 0, 0, 0;3x3-8=2 ?, 6/3-2=2 ?, 2+2x2=6 ?, 2x4+1=7 ?, 2x4-3=5 ?, 3x3-2=8 ?, 8/2+1=7 ?;accuracy;3.8359345887165546, 3.3874623064803018, 2.6467070170019724, 5.519625756126516, 3.7006986815185883, 3.4168930666573942, 5.594601576713103;0.8525073746;N, E, J, S, P, Z, H;1-7;14;23;4.1619460325;female;132.4266654805;cheat_first
2;1;3.8003946561;1.359966961;self;5;2;2;1, 1;1461234487.024;dotscs_1_9;;0.9765395894;2;1;76;12;0.5;right;4.8345618563;experiment;X, B;0;instructions;left;0, 0;lettersGrid;0, 0;9/3+3=4 ?, 3x2+2=7 ?;cheat;1.8148131240159273, 2.7524997779355544;0.853372434;X, B;1-7;4;23;4.1667598318;female;136.5934253123;cheat_first
7;1;8.3660007552;1.270333798;self;0.5;7;7;1, 1, 1, 1, 1, 1, 1;1461234505.073;dotscs_1_9;;0.9770114943;7;1;77;14;5;left;7.1096731453;experiment;Y, B, T, K, P, C, N;0;instructions;right;1, 0, 1, 1, 1, 1, 1;lettersGrid;1, 0, 1, 1, 1, 1, 1;6+9/3=9 ?, 8/2-3=3 ?, 3x3-4=5 ?, 4/2+3=5 ?, 4/2+4=6 ?, 1+6/3=3 ?, 9/3+4=7 ?;cheat;7.411631102670071, 2.5221058047927727, 4.812660775843142, 5.005766254706032, 5.530005651594365, 5.664967295419956, 5.116549193470746;0.8563218391;Y, B, T, K, P, C, N;1-7;14;23;4.1831813978;female;140.7766067101;cheat_first
6;1;10.2125955189;1.1826601141;self;5;6;4;1, 1, 1, 1, 1, 1;1461234565.508;dotscs_1_9;;0.9774011299;6;0.6666666667;78;12;0.5;right;4.971721146;experiment;I, N, J, F, S, K;0;instructions;left;0, 1, 1, 0, 0, 1;lettersGrid;0, 1, 1, 0, 0, 1;3x2-4=1 ?, 3x3-2=7 ?, 8/4+6=8 ?, 2x2+1=7 ?, 1+4x2=8 ?, 9/3-1=2 ?;cheat;3.5660148399492755, 1.9517020431030687, 3.619636337383781, 2.982990008674278, 5.864199641086998, 10.569393056925946;0.8531073446;I, N, F, J, S, K;1-7;10;23;4.169140413;female;144.9457471231;cheat_first
1;1;1.1338100915;2.3292579566;other;0.5;1;1;1;1461234619.156;dotscs_1_9;;0.9774647887;1;1;79;14;5;right;1.9346846201;experiment;P;1;instructions;right;1;lettersGrid;1;2x4-2=6 ?;cheat;3.8451208192;0.8535211268;P;1-7;2;23;0.4171434239;female;144.9457471231;cheat_first
1;1;1.6709426981;2.1768237895;other;0.5;1;1;1;1461234630.794;dotscs_1_9;;0.9775280899;1;1;80;10;5;right;1.3947255084;experiment;F;1;instructions;right;0;lettersGrid;0;2x3-1=7 ?;cheat;3.1356711897;0.8539325843;F;1-7;2;23;0.417371544;female;144.9457471231;cheat_first
1;1;1.3657183524;2.0201107599;other;5;1;1;1;1461234641.761;dotscs_1_9;;0.9775910364;1;1;81;12;0.5;right;0.9337422158;experiment;O;1;instructions;right;1;lettersGrid;1;8/2+2=6 ?;accuracy;4.6444509796;0.8543417367;O;1-7;2;23;4.1759841191;female;144.9457471231;cheat_first
3;1;4.6893339151;1.9093671028;other;0.5;3;3;1, 1, 1;1461234653.336;dotscs_1_9;;0.9777777778;3;1;82;14;5;left;3.2491985316;experiment;V, W, T;1;instructions;left;0, 0, 1;lettersGrid;0, 0, 1;7+4/2=7 ?, 7+4/2=8 ?, 3x3-9=0 ?;accuracy;3.3536061740751393, 4.891517334683158, 1.7404321895310204;0.8555555556;V, W, T;1-7;6;23;4.1827160494;female;144.9457471231;cheat_first
5;1;6.0661774516;2.1410028697;other;0.5;5;5;1, 1, 1, 1, 1;1461234677.375;dotscs_1_9;;0.9780821918;5;1;83;12;5;right;2.2829941492;experiment;A, D, E, T, P;1;instructions;right;0, 1, 1, 0, 1;lettersGrid;0, 1, 1, 0, 1;8/2+3=6 ?, 4+4/2=6 ?, 2+2x2=6 ?, 4/2-1=0 ?, 4/2+7=9 ?;cheat;2.1052877624397297, 2.790404391611446, 2.4937575886906416, 5.703059823742478, 2.3888895376840082;0.8575342466;A, D, E, T, P;1-7;10;23;0.4193694877;female;144.9457471231;cheat_first
6;1;6.6234788557;2.2295948935;other;0.5;6;6;1, 1, 1, 1, 1, 1;1461234709.09;dotscs_1_9;;0.9784366577;6;1;84;14;5;right;2.2157925451;experiment;X, M, T, Q, S, J;1;instructions;right;1, 0, 0, 1, 0, 0;lettersGrid;1, 0, 0, 1, 0, 0;2x2+2=6 ?, 4+4/2=4 ?, 3x3-2=9 ?, 2x2-3=1 ?, 4x2-2=8 ?, 4x2-7=0 ?;cheat;2.2538192501751837, 3.463115115237997, 1.8129265458983355, 3.8957785027769205, 2.115355528494547, 3.7251003361579933;0.8598382749;X, M, T, Q, S, J;1-7;12;23;0.4206486439;female;144.9457471231;cheat_first
;;;2.6937950301;self;0.2;;;;dotscs_1_9;;;1;;1;10;2;right;;controlDotsCheat;;1;instructions;right;;lettersGrid;;;cheat;;;;1-7;;23;0.2;female;;cheat_first;
;;;1.8745643194;self;0.2;;;;dotscs_1_9;;;1;;2;12;2;right;;controlDotsCheat;;1;instructions;right;;lettersGrid;;;cheat;;;;1-7;;23;0.2;female;;cheat_first;
;;;2.1417513433;self;0.2;;;;dotscs_1_9;;;1;;3;14;2;left;;controlDotsCheat;;0;instructions;right;;lettersGrid;;;cheat;;;;1-7;;23;2;female;;cheat_first;
;;;2.747880475;self;0.2;;;;dotscs_1_9;;;1;;4;12;2;right;;controlDotsCheat;;1;instructions;right;;lettersGrid;;;cheat;;;;1-7;;23;0.2;female;;cheat_first;
;;;2.0678187852;self;2;;;;dotscs_1_9;;;1;;5;12;0.2;right;;controlDotsCheat;;0;instructions;left;;lettersGrid;;;cheat;;;;1-7;;23;2;female;;cheat_first;
;;;1.2001206051;self;0.2;;;;dotscs_1_9;;;1;;6;10;2;right;;controlDotsCheat;;1;instructions;right;;lettersGrid;;;cheat;;;;1-7;;23;0.2;female;;cheat_first;
;;;2.0279978668;other;2;;;;dotscs_1_9;;;1;;7;10;0.2;left;;controlDotsCheat;;1;instructions;left;;lettersGrid;;;cheat;;;;1-7;;23;0.2;female;;cheat_first;
;;;1.8429284817;other;0.2;;;;dotscs_1_9;;;1;;8;14;2;left;;controlDotsCheat;;0;instructions;right;;lettersGrid;;;cheat;;;;1-7;;23;2;female;;cheat_first;
;;;1.1171762834;other;2;;;;dotscs_1_9;;;1;;9;10;0.2;left;;controlDotsCheat;;1;instructions;left;;lettersGrid;;;cheat;;;;1-7;;23;0.2;female;;cheat_first;
;;;2.0309124902;other;2;;;;dotscs_1_9;;;1;;10;14;0.2;left;;controlDotsCheat;;1;instructions;left;;lettersGrid;;;cheat;;;;1-7;;23;0.2;female;;cheat_first;
;;;2.4055789063;other;0.2;;;;dotscs_1_9;;;1;;11;12;2;left;;controlDotsCheat;;0;instructions;right;;lettersGrid;;;cheat;;;;1-7;;23;2;female;;cheat_first;
;;;1.341344301;other;2;;;;dotscs_1_9;;;1;;12;14;0.2;left;;controlDotsCheat;;1;instructions;left;;lettersGrid;;;cheat;;;;1-7;;23;0.2;female;;cheat_first;
;;;0.889214584;self;0.2;;;;dotscs_1_9;;;1;;13;14;2;left;;controlDotsCheat;;0;instructions;right;;lettersGrid;;;cheat;;;;1-7;;23;2;female;;cheat_first;
;;;0.9014067411;self;2;;;;dotscs_1_9;;;1;;14;12;0.2;right;;controlDotsCheat;;0;instructions;left;;lettersGrid;;;cheat;;;;1-7;;23;2;female;;cheat_first;
;;;1.4582509216;self;0.2;;;;dotscs_1_9;;;1;;15;10;2;left;;controlDotsCheat;;0;instructions;right;;lettersGrid;;;cheat;;;;1-7;;23;2;female;;cheat_first;
;;;1.0876899628;self;0.2;;;;dotscs_1_9;;;1;;16;14;2;left;;controlDotsCheat;;0;instructions;right;;lettersGrid;;;cheat;;;;1-7;;23;2;female;;cheat_first;
;;;1.2201789896;self;2;;;;dotscs_1_9;;;1;;17;12;0.2;right;;controlDotsCheat;;0;instructions;left;;lettersGrid;;;cheat;;;;1-7;;23;2;female;;cheat_first;
;;;1.472940114;self;0.2;;;;dotscs_1_9;;;1;;18;10;2;right;;controlDotsCheat;;1;instructions;right;;lettersGrid;;;cheat;;;;1-7;;23;0.2;female;;cheat_first;
;;;0.8548421287;other;0.2;;;;dotscs_1_9;;;1;;19;12;2;left;;controlDotsCheat;;0;instructions;right;;lettersGrid;;;cheat;;;;1-7;;23;2;female;;cheat_first;
;;;1.2211291795;other;0.2;;;;dotscs_1_9;;;1;;20;10;2;left;;controlDotsCheat;;0;instructions;right;;lettersGrid;;;cheat;;;;1-7;;23;2;female;;cheat_first;
;;;1.3750160577;other;2;;;;dotscs_1_9;;;1;;21;12;0.2;right;;controlDotsCheat;;0;instructions;left;;lettersGrid;;;cheat;;;;1-7;;23;2;female;;cheat_first;
;;;1.5230821824;other;2;;;;dotscs_1_9;;;1;;22;12;0.2;left;;controlDotsCheat;;1;instructions;left;;lettersGrid;;;cheat;;;;1-7;;23;0.2;female;;cheat_first;
;;;0.920399922;other;2;;;;dotscs_1_9;;;1;;23;14;0.2;right;;controlDotsCheat;;0;instructions;left;;lettersGrid;;;cheat;;;;1-7;;23;2;female;;cheat_first;
;;;0.967488289;other;2;;;;dotscs_1_9;;;1;;24;10;0.2;right;;controlDotsCheat;;0;instructions;left;;lettersGrid;;;cheat;;;;1-7;;23;2;female;;cheat_first;
;;;1.3432199086;self;0.2;;;;dotscs_1_9;;;1;;25;12;2;left;;controlDotsCheat;;0;instructions;right;;lettersGrid;;;cheat;;;;1-7;;23;2;female;;cheat_first;
;;;0.9409116373;self;2;;;;dotscs_1_9;;;1;;26;14;0.2;right;;controlDotsCheat;;0;instructions;left;;lettersGrid;;;cheat;;;;1-7;;23;2;female;;cheat_first;
;;;0.7665894836;self;2;;;;dotscs_1_9;;;1;;27;14;0.2;right;;controlDotsCheat;;0;instructions;left;;lettersGrid;;;cheat;;;;1-7;;23;2;female;;cheat_first;
;;;0.8183155558;self;0.2;;;;dotscs_1_9;;;1;;28;14;2;left;;controlDotsCheat;;0;instructions;right;;lettersGrid;;;cheat;;;;1-7;;23;2;female;;cheat_first;
;;;0.9708066988;self;2;;;;dotscs_1_9;;;1;;29;14;0.2;right;;controlDotsCheat;;0;instructions;left;;lettersGrid;;;cheat;;;;1-7;;23;2;female;;cheat_first;
;;;1.3680763096;self;0.2;;;;dotscs_1_9;;;1;;30;14;2;left;;controlDotsCheat;;0;instructions;right;;lettersGrid;;;cheat;;;;1-7;;23;2;female;;cheat_first;
;;;0.7020041752;other;2;;;;dotscs_1_9;;;1;;31;12;0.2;right;;controlDotsCheat;;0;instructions;left;;lettersGrid;;;cheat;;;;1-7;;23;2;female;;cheat_first;
;;;1.1287710771;other;2;;;;dotscs_1_9;;;1;;32;12;0.2;right;;controlDotsCheat;;0;instructions;left;;lettersGrid;;;cheat;;;;1-7;;23;2;female;;cheat_first;
;;;0.7942511566;other;0.2;;;;dotscs_1_9;;;1;;33;10;2;left;;controlDotsCheat;;0;instructions;right;;lettersGrid;;;cheat;;;;1-7;;23;2;female;;cheat_first;
;;;3.4047932744;other;0.2;;;;dotscs_1_9;;;1;;34;10;2;left;;controlDotsCheat;;0;instructions;right;;lettersGrid;;;cheat;;;;1-7;;23;2;female;;cheat_first;
;;;1.2276690338;other;2;;;;dotscs_1_9;;;1;;35;10;0.2;left;;controlDotsCheat;;1;instructions;left;;lettersGrid;;;cheat;;;;1-7;;23;0.2;female;;cheat_first;
;;;1.5892104435;other;2;;;;dotscs_1_9;;;1;;36;10;0.2;left;;controlDotsCheat;;1;instructions;left;;lettersGrid;;;cheat;;;;1-7;;23;0.2;female;;cheat_first;
;;;1.3207218187;self;0.2;;;;dotscs_1_9;;;1;;37;14;2;left;;controlDotsCheat;;0;instructions;right;;lettersGrid;;;cheat;;;;1-7;;23;2;female;;cheat_first;
;;;1.1097000408;self;0.2;;;;dotscs_1_9;;;1;;38;12;2;left;;controlDotsCheat;;0;instructions;right;;lettersGrid;;;cheat;;;;1-7;;23;2;female;;cheat_first;
;;;0.9390990218;self;2;;;;dotscs_1_9;;;1;;39;10;0.2;right;;controlDotsCheat;;0;instructions;left;;lettersGrid;;;cheat;;;;1-7;;23;2;female;;cheat_first;
;;;0.7992714149;self;0.2;;;;dotscs_1_9;;;1;;40;12;2;left;;controlDotsCheat;;0;instructions;right;;lettersGrid;;;cheat;;;;1-7;;23;2;female;;cheat_first;
;;;0.5254893301;self;2;;;;dotscs_1_9;;;1;;41;10;0.2;right;;controlDotsCheat;;0;instructions;left;;lettersGrid;;;cheat;;;;1-7;;23;2;female;;cheat_first;
;;;0.7590460023;self;2;;;;dotscs_1_9;;;1;;42;14;0.2;right;;controlDotsCheat;;0;instructions;left;;lettersGrid;;;cheat;;;;1-7;;23;2;female;;cheat_first;
;;;2.0060433492;self;2;;;;dotscs_1_9;;;1;;1;12;0.2;right;;controlDotsAccuracy;;1;instructions;right;;lettersGrid;;;accuracy;;;;1-7;;23;2;female;;cheat_first;
;;;0.8761458458;self;2;;;;dotscs_1_9;;;1;;2;12;0.2;right;;controlDotsAccuracy;;1;instructions;right;;lettersGrid;;;accuracy;;;;1-7;;23;2;female;;cheat_first;
;;;0.9336342799;self;0.2;;;;dotscs_1_9;;;1;;3;14;2;left;;controlDotsAccuracy;;1;instructions;left;;lettersGrid;;;accuracy;;;;1-7;;23;2;female;;cheat_first;
;;;1.2608796741;self;2;;;;dotscs_1_9;;;1;;4;10;0.2;right;;controlDotsAccuracy;;1;instructions;right;;lettersGrid;;;accuracy;;;;1-7;;23;2;female;;cheat_first;
;;;0.9161865288;self;2;;;;dotscs_1_9;;;1;;5;12;0.2;right;;controlDotsAccuracy;;1;instructions;right;;lettersGrid;;;accuracy;;;;1-7;;23;2;female;;cheat_first;
;;;0.9994132533;self;2;;;;dotscs_1_9;;;1;;6;14;0.2;right;;controlDotsAccuracy;;1;instructions;right;;lettersGrid;;;accuracy;;;;1-7;;23;2;female;;cheat_first;
;;;0.8012124918;other;2;;;;dotscs_1_9;;;1;;7;10;0.2;right;;controlDotsAccuracy;;1;instructions;right;;lettersGrid;;;accuracy;;;;1-7;;23;2;female;;cheat_first;
;;;1.077462947;other;2;;;;dotscs_1_9;;;1;;8;14;0.2;left;;controlDotsAccuracy;;0;instructions;right;;lettersGrid;;;accuracy;;;;1-7;;23;0.2;female;;cheat_first;
;;;0.9958085479;other;0.2;;;;dotscs_1_9;;;1;;9;14;2;left;;controlDotsAccuracy;;1;instructions;left;;lettersGrid;;;accuracy;;;;1-7;;23;2;female;;cheat_first;
;;;0.61824131;other;0.2;;;;dotscs_1_9;;;1;;10;12;2;left;;controlDotsAccuracy;;1;instructions;left;;lettersGrid;;;accuracy;;;;1-7;;23;2;female;;cheat_first;
;;;1.1078824709;other;0.2;;;;dotscs_1_9;;;1;;11;14;2;right;;controlDotsAccuracy;;0;instructions;left;;lettersGrid;;;accuracy;;;;1-7;;23;0.2;female;;cheat_first;
;;;0.5818389518;other;0.2;;;;dotscs_1_9;;;1;;12;10;2;left;;controlDotsAccuracy;;1;instructions;left;;lettersGrid;;;accuracy;;;;1-7;;23;2;female;;cheat_first;
;;;0.6509632307;self;0.2;;;;dotscs_1_9;;;1;;13;12;2;left;;controlDotsAccuracy;;1;instructions;left;;lettersGrid;;;accuracy;;;;1-7;;23;2;female;;cheat_first;
;;;0.5404060726;self;0.2;;;;dotscs_1_9;;;1;;14;12;2;left;;controlDotsAccuracy;;1;instructions;left;;lettersGrid;;;accuracy;;;;1-7;;23;2;female;;cheat_first;
;;;0.9462641967;self;2;;;;dotscs_1_9;;;1;;15;10;0.2;left;;controlDotsAccuracy;;0;instructions;right;;lettersGrid;;;accuracy;;;;1-7;;23;0.2;female;;cheat_first;
;;;0.6709756097;self;2;;;;dotscs_1_9;;;1;;16;10;0.2;right;;controlDotsAccuracy;;1;instructions;right;;lettersGrid;;;accuracy;;;;1-7;;23;2;female;;cheat_first;
;;;0.5100063664;self;0.2;;;;dotscs_1_9;;;1;;17;10;2;left;;controlDotsAccuracy;;1;instructions;left;;lettersGrid;;;accuracy;;;;1-7;;23;2;female;;cheat_first;
;;;0.6170179184;self;0.2;;;;dotscs_1_9;;;1;;18;10;2;left;;controlDotsAccuracy;;1;instructions;left;;lettersGrid;;;accuracy;;;;1-7;;23;2;female;;cheat_first;
;;;0.6521459251;other;2;;;;dotscs_1_9;;;1;;19;12;0.2;left;;controlDotsAccuracy;;0;instructions;right;;lettersGrid;;;accuracy;;;;1-7;;23;0.2;female;;cheat_first;
;;;1.0006281516;other;2;;;;dotscs_1_9;;;1;;20;12;0.2;left;;controlDotsAccuracy;;0;instructions;right;;lettersGrid;;;accuracy;;;;1-7;;23;0.2;female;;cheat_first;
;;;0.7044421111;other;0.2;;;;dotscs_1_9;;;1;;21;14;2;right;;controlDotsAccuracy;;0;instructions;left;;lettersGrid;;;accuracy;;;;1-7;;23;0.2;female;;cheat_first;
;;;0.6905565989;other;2;;;;dotscs_1_9;;;1;;22;12;0.2;right;;controlDotsAccuracy;;1;instructions;right;;lettersGrid;;;accuracy;;;;1-7;;23;2;female;;cheat_first;
;;;0.6047107477;other;0.2;;;;dotscs_1_9;;;1;;23;10;2;left;;controlDotsAccuracy;;1;instructions;left;;lettersGrid;;;accuracy;;;;1-7;;23;2;female;;cheat_first;
;;;0.808756681;other;2;;;;dotscs_1_9;;;1;;24;14;0.2;left;;controlDotsAccuracy;;0;instructions;right;;lettersGrid;;;accuracy;;;;1-7;;23;0.2;female;;cheat_first;
;;;0.7261032554;self;0.2;;;;dotscs_1_9;;;1;;25;14;2;right;;controlDotsAccuracy;;0;instructions;left;;lettersGrid;;;accuracy;;;;1-7;;23;0.2;female;;cheat_first;
;;;0.6127503803;self;0.2;;;;dotscs_1_9;;;1;;26;12;2;left;;controlDotsAccuracy;;1;instructions;left;;lettersGrid;;;accuracy;;;;1-7;;23;2;female;;cheat_first;
;;;1.1086592555;self;2;;;;dotscs_1_9;;;1;;27;12;0.2;right;;controlDotsAccuracy;;1;instructions;right;;lettersGrid;;;accuracy;;;;1-7;;23;2;female;;cheat_first;
;;;0.908999059;self;2;;;;dotscs_1_9;;;1;;28;12;0.2;right;;controlDotsAccuracy;;1;instructions;right;;lettersGrid;;;accuracy;;;;1-7;;23;2;female;;cheat_first;
;;;0.6071759331;self;2;;;;dotscs_1_9;;;1;;29;12;0.2;right;;controlDotsAccuracy;;1;instructions;right;;lettersGrid;;;accuracy;;;;1-7;;23;2;female;;cheat_first;
;;;0.8551804458;self;2;;;;dotscs_1_9;;;1;;30;10;0.2;right;;controlDotsAccuracy;;1;instructions;right;;lettersGrid;;;accuracy;;;;1-7;;23;2;female;;cheat_first;
;;;0.8260250107;other;0.2;;;;dotscs_1_9;;;1;;31;14;2;left;;controlDotsAccuracy;;1;instructions;left;;lettersGrid;;;accuracy;;;;1-7;;23;2;female;;cheat_first;
;;;0.6671033647;other;0.2;;;;dotscs_1_9;;;1;;32;14;2;left;;controlDotsAccuracy;;1;instructions;left;;lettersGrid;;;accuracy;;;;1-7;;23;2;female;;cheat_first;
;;;1.1011423158;other;0.2;;;;dotscs_1_9;;;1;;33;14;2;left;;controlDotsAccuracy;;1;instructions;left;;lettersGrid;;;accuracy;;;;1-7;;23;2;female;;cheat_first;
;;;1.2646383209;other;2;;;;dotscs_1_9;;;1;;34;14;0.2;right;;controlDotsAccuracy;;1;instructions;right;;lettersGrid;;;accuracy;;;;1-7;;23;2;female;;cheat_first;
;;;0.60614081;other;0.2;;;;dotscs_1_9;;;1;;35;10;2;left;;controlDotsAccuracy;;1;instructions;left;;lettersGrid;;;accuracy;;;;1-7;;23;2;female;;cheat_first;
;;;0.6310375543;other;0.2;;;;dotscs_1_9;;;1;;36;14;2;left;;controlDotsAccuracy;;1;instructions;left;;lettersGrid;;;accuracy;;;;1-7;;23;2;female;;cheat_first;
;;;0.5898194852;self;0.2;;;;dotscs_1_9;;;1;;37;14;2;left;;controlDotsAccuracy;;1;instructions;left;;lettersGrid;;;accuracy;;;;1-7;;23;2;female;;cheat_first;
;;;0.5054652728;self;0.2;;;;dotscs_1_9;;;1;;38;10;2;left;;controlDotsAccuracy;;1;instructions;left;;lettersGrid;;;accuracy;;;;1-7;;23;2;female;;cheat_first;
;;;0.5822798966;self;2;;;;dotscs_1_9;;;1;;39;12;0.2;right;;controlDotsAccuracy;;1;instructions;right;;lettersGrid;;;accuracy;;;;1-7;;23;2;female;;cheat_first;
;;;0.4993691942;self;2;;;;dotscs_1_9;;;1;;40;10;0.2;right;;controlDotsAccuracy;;1;instructions;right;;lettersGrid;;;accuracy;;;;1-7;;23;2;female;;cheat_first;
;;;0.523631063;self;2;;;;dotscs_1_9;;;1;;41;10;0.2;right;;controlDotsAccuracy;;1;instructions;right;;lettersGrid;;;accuracy;;;;1-7;;23;2;female;;cheat_first;
;;;0.5015505612;self;0.2;;;;dotscs_1_9;;;1;;42;10;2;left;;controlDotsAccuracy;;1;instructions;left;;lettersGrid;;;accuracy;;;;1-7;;23;2;female;;cheat_first;
;;4.374;;qStress;self;0.5;;;[];dotscs_1_9;[];;2;;1;14;;;accuracy;['J', 'H'];;instructions;left;[0, 0];lettersGrid;[];['9/3-3=2 ?', '2x2+2=8 ?'];5;[];;6;1-7;;23;;female;;cheat_first;
;;3.311;;qSatisfied;self;0.5;;;[];dotscs_1_9;[];;2;;1;12;;;accuracy;['B', 'M'];;instructions;left;[1, 1];lettersGrid;[];['9/3-3=0 ?', '2+8/2=6 ?'];5;[];;3;1-7;;23;;female;;cheat_first;
;;2.397;;qFrustration;self;5;;;[];dotscs_1_9;[];;2;;1;10;;;accuracy;['Q', 'B'];;instructions;right;[0, 1];lettersGrid;[];['3x3-3=8 ?', '2x4-2=6 ?'];0.5;[];;5;1-7;;23;;female;;cheat_first;
;;1.766;;qDifficulty;self;5;;;[];dotscs_1_9;[];;2;;1;14;;;cheat;['Z', 'X'];;instructions;left;[1, 0];lettersGrid;[];['6/3+4=6 ?', '5+2x2=7 ?'];0.5;[];;5;1-7;;23;;female;;cheat_first;
;;2.542;;qEffort;self;0.5;;;[];dotscs_1_9;[];;2;;1;10;;;accuracy;['R', 'I'];;instructions;left;[1, 0];lettersGrid;[];['2+2x3=8 ?', '1+3x2=9 ?'];5;[];;5;1-7;;23;;female;;cheat_first;
;;7.534;;qAttitude;self;0.5;;;[];dotscs_1_9;[];;2;;1;12;;;cheat;['J', 'V'];;instructions;right;[1, 1];lettersGrid;[];['3x3-2=7 ?', '3+9/3=6 ?'];5;[];;2;1-7;;23;;female;;cheat_first;
