equationScore;equationProportion;recallRT;dotsRT;dotsReceiver;dotsMoneyRight;recallIntersection;recallLocation;equationScores;utc_start;id;recallRTs;equationRateCumulative;span;recallProportion;no;dotsN;dotsMoneyLeft;dotsAns;pauseRT;condition;encode;dotsCorrect;start_at;dotsSide;equationCorrect;stimType;equationAnss;equationText;dotsIncentive;equationRTs;recallLocationRateCumulative;recallAns;level;recallSum;age;moneyEarned;gender;moneyEarnedCumulative;order
;;;2.5242413957967074;self;5;;;;;dotscs_8_3;;;1;;1;12;0.5;left;;practiceDots;;0;instructions;right;;lettersGrid;;;accuracy;;;;1-7;;21;0.5;female;;cheat_first
;;;1.4501874414090707;self;5;;;;;dotscs_8_3;;;1;;2;12;0.5;right;;practiceDots;;1;instructions;right;;lettersGrid;;;accuracy;;;;1-7;;21;5;female;;cheat_first
;;;0.9088209823949001;self;0.5;;;;;dotscs_8_3;;;1;;3;10;5;left;;practiceDots;;1;instructions;left;;lettersGrid;;;accuracy;;;;1-7;;21;5;female;;cheat_first
;;;0.8499803410359164;self;5;;;;;dotscs_8_3;;;1;;4;12;0.5;right;;practiceDots;;1;instructions;right;;lettersGrid;;;accuracy;;;;1-7;;21;5;female;;cheat_first
;;;0.8256874532635265;self;0.5;;;;;dotscs_8_3;;;1;;5;12;5;left;;practiceDots;;1;instructions;left;;lettersGrid;;;accuracy;;;;1-7;;21;5;female;;cheat_first
;;;0.825902268585196;self;0.5;;;;;dotscs_8_3;;;1;;6;12;5;left;;practiceDots;;1;instructions;left;;lettersGrid;;;accuracy;;;;1-7;;21;5;female;;cheat_first
2;1.0;15.50100984434539;;self;5;1;1;1, 1;1461843691.963;dotscs_8_3;;1.0;2;0.5;1;14;0.5;;24.310849447727378;practiceCS;N, J;;instructions;left;0, 1;lettersGrid;0, 1;2x4-7=2 ?, 3x2+1=7 ?;cheat;3.0266873531090823, 5.4965946286265535;0.5;N, I;1-7;2;21;;female;;cheat_first
2;0.6666666666666666;11.828440062103255;;self;5;3;3;1, 0, 1;1461843742.15;dotscs_8_3;;0.8;3;1.0;2;14;0.5;;7.201356273864803;practiceCS;U, V, G;;instructions;right;0, 1, 0;lettersGrid;0, 0, 0;2x3-1=6 ?, 6/3+4=6 ?, 8/2-3=3 ?;accuracy;4.2426510687855625, 3.6399992497390485, 4.7572565641658;0.8;U, V, G;1-7;6;21;;female;;cheat_first
2;1.0;6.761802367780547;;self;0.5;2;2;1, 1;1461843776.596;dotscs_8_3;;0.8571428571428571;2;1.0;3;12;5;;3.552127043267319;practiceCS;L, P;;instructions;left;1, 1;lettersGrid;1, 1;2x2-1=3 ?, 5+4/2=7 ?;accuracy;2.937360984937186, 3.7874181215665885;0.8571428571428571;L, P;1-7;4;21;;female;;cheat_first
5;1.0;22.740931307582287;;self;5;5;5;1, 1, 1, 1, 1;1461843795.55;dotscs_8_3;;0.9166666666666666;5;1.0;4;12;0.5;;5.997007803069209;practiceCS;F, D, O, T, K;;instructions;right;1, 1, 1, 0, 0;lettersGrid;1, 1, 1, 0, 0;9/3-3=0 ?, 9/3-1=2 ?, 4x2-7=1 ?, 3x3-6=5 ?, 2x2-4=2 ?;accuracy;2.922673208566266, 3.036694491207527, 1.92280910491354, 3.724768489601047, 2.654850880300728;0.9166666666666666;F, D, O, T, K;1-7;10;21;;female;;cheat_first
6;0.8571428571428571;21.909491616715968;;self;0.5;7;2;1, 1, 1, 1, 0, 1, 1;1461843842.898;dotscs_8_3;;0.8947368421052632;7;0.2857142857142857;5;12;5;;6.8880773250220955;practiceCS;Z, Q, E, B, W, M, C;;instructions;left;1, 1, 1, 0, 1, 0, 1;lettersGrid;1, 1, 1, 0, 0, 0, 1;8/4+6=8 ?, 3x3-2=7 ?, 3x2-1=5 ?, 2x4-7=3 ?, 3x3-5=4 ?, 4+2x2=9 ?, 3x3-3=6 ?;accuracy;3.0853248577423074, 2.7053653930761357, 2.157006642288252, 3.733303771159626, 2.199489114665994, 2.918714519639252, 3.0973361130745616;0.6842105263157895;Z, Q, B, W, M, C, E;1-7;9;21;;female;;cheat_first
4;1.0;9.046750467055972;;self;5;4;4;1, 1, 1, 1;1461843897.515;dotscs_8_3;;0.9130434782608695;4;1.0;6;10;0.5;;6.074622666448704;practiceCS;R, H, A, X;;instructions;right;1, 1, 0, 1;lettersGrid;1, 1, 0, 1;2x2+4=8 ?, 2x4-6=2 ?, 2x3-3=5 ?, 5+4/2=7 ?;accuracy;2.8842428538519016, 2.3261045205708797, 5.111973990005936, 5.074644608046583;0.7391304347826086;R, H, A, X;1-7;8;21;;female;;cheat_first
2;1.0;6.702929167920956;2.6675175523942016;self;0.5;2;2;1, 1;1461844017.904;dotscs_8_3;;0.92;2;1.0;1;10;5;right;4.656072885740286;practiceExp;V, Q;1;instructions;right;0, 0;lettersGrid;0, 0;2x2-1=5 ?, 2x4-7=2 ?;cheat;4.5994161411599634, 3.2235409987606545;0.76;V, Q;1-7;4;21;0.5;female;;cheat_first
6;1.0;17.63439635656141;2.6167287696462154;self;5;6;6;1, 1, 1, 1, 1, 1;1461844052.491;dotscs_8_3;;0.9354838709677419;6;1.0;2;14;0.5;right;18.41492446250959;practiceExp;Z, R, H, T, I, O;0;instructions;left;0, 0, 0, 0, 1, 1;lettersGrid;0, 0, 0, 0, 1, 1;3x3-2=9 ?, 3x3-1=9 ?, 8/2+2=8 ?, 2x2+5=7 ?, 4+9/3=7 ?, 6/3+7=9 ?;cheat;1.614004118649973, 2.3581987080633553, 2.6786681308549305, 3.3786801279547944, 6.330744460718051, 6.452707186192129;0.8064516129032258;Z, R, H, T, I, O;1-7;12;21;5;female;;cheat_first
4;1.0;16.476293342175268;3.815419493270383;self;5;4;2;1, 1, 1, 1;1461844122.069;dotscs_8_3;;0.9428571428571428;4;0.5;3;12;0.5;right;7.960038334094861;practiceExp;Y, X, J, W;1;instructions;right;1, 1, 1, 1;lettersGrid;1, 1, 1, 1;8/4-2=0 ?, 2x3-2=4 ?, 4+6/3=6 ?, 3x3-9=0 ?;accuracy;2.916806662318777, 4.127315413654287, 2.697464648368623, 3.8607579123345204;0.7714285714285715;W, X, J, Y;1-7;6;21;5;female;;cheat_first
3;1.0;25.649494299254002;3.405437906516454;self;5;3;3;1, 1, 1;1461844183.052;dotscs_8_3;;0.9473684210526315;3;1.0;1;14;0.5;left;16.749782265031172;experiment;V, Y, Q;1;instructions;left;0, 1, 0;lettersGrid;0, 1, 0;8/4+2=6 ?, 3x3-1=8 ?, 3x3-2=6 ?;cheat;6.236146446717612, 2.881994193970968, 2.3740447884629248;0.7894736842105263;V, Y, Q;1-7;6;21;0.3739612188365651;female;0.3739612188365651;cheat_first
6;0.8571428571428571;17.49523601904366;2.2809221699681075;self;0.5;7;7;1, 1, 1, 1, 0, 1, 1;1461844245.439;dotscs_8_3;;0.9333333333333333;7;1.0;2;14;5;left;17.397540700780155;experiment;L, R, D, N, M, H, R;0;instructions;right;1, 1, 1, 0, 1, 1, 0;lettersGrid;1, 1, 1, 0, 0, 1, 0;1+2x3=7 ?, 2x2+1=5 ?, 1+9/3=4 ?, 6/3+3=7 ?, 3x3-2=7 ?, 8/2+3=7 ?, 2x3-1=3 ?;cheat;2.48202328428124, 1.3901775252197694, 3.989300993776851, 2.7000173055512278, 4.064455213128895, 3.1813384587021574, 5.085284513514125;0.8222222222222222;L, R, D, N, M, H, R;1-7;14;21;3.837037037037037;female;4.210998255873602;cheat_first
3;1.0;9.411858301160464;1.0834566368557716;self;0.5;3;3;1, 1, 1;1461844313.036;dotscs_8_3;;0.9375;3;1.0;3;14;5;right;6.849495856398789;experiment;I, A, J;0;instructions;left;0, 0, 0;lettersGrid;0, 0, 0;2+4/2=6 ?, 6/2+5=7 ?, 2+3x2=7 ?;accuracy;1.8141861631320353, 5.380702647820726, 5.412620948634867;0.8333333333333334;I, A, J;1-7;6;21;0.390625;female;4.601623255873602;cheat_first
5;1.0;17.439887630707744;1.4004490241823078;self;5;4;4;1, 1, 1, 1, 1;1461844351.664;dotscs_8_3;;0.9433962264150944;5;0.8;4;14;0.5;right;5.489934999784964;experiment;K, B, Z, A, X;0;instructions;left;0, 1, 0, 0, 1;lettersGrid;0, 1, 0, 0, 1;6/3+1=1 ?, 2x4-5=3 ?, 2x2+3=6 ?, 3+2x2=6 ?, 8/4+6=8 ?;cheat;2.5894751817522774, 4.0288160419986525, 2.8987837630775175, 4.75796506543702, 4.246796615188941;0.8301886792452831;K, B, Z, A, D;1-7;8;21;3.9159843360626563;female;8.517607591936258;cheat_first
6;0.8571428571428571;28.834042601381952;0.9502739691597526;self;0.5;5;3;1, 1, 1, 1, 1, 1, 0;1461844401.242;dotscs_8_3;;0.9333333333333333;7;0.42857142857142855;5;10;5;right;13.726568762313036;experiment;H, T, C, E, N, P, X;1;instructions;right;0, 1, 0, 0, 0, 0, 1;lettersGrid;0, 1, 0, 0, 0, 0, 0;3x3-3=4 ?, 3x3-7=2 ?, 2x4-7=3 ?, 6+6/2=8 ?, 2+8/2=4 ?, 2x2-2=4 ?, 9/3-1=2 ?;cheat;1.8434555468538747, 2.736702241547391, 1.8746971971013409, 2.934777184844279, 6.7366350011670875, 5.64259295894044, 2.671944446705311;0.7833333333333333;H, T, E, N, O, P, D;1-7;8;21;0.3655555555555556;female;8.883163147491814;cheat_first
2;1.0;4.40693205855132;0.7753555512063031;self;0.5;2;2;1, 1;1461844478.403;dotscs_8_3;;0.9354838709677419;2;1.0;6;10;5;right;3.995868963362227;experiment;T, O;1;instructions;right;1, 1;lettersGrid;1, 1;4/2-2=0 ?, 5+8/2=9 ?;cheat;2.8442454443757015, 2.7860142131994508;0.7903225806451613;T, O;1-7;4;21;0.3696670135275754;female;9.25283016101939;cheat_first
1;1.0;16.991926907583547;0.7154797618841258;other;5;0;0;1;1461844497.139;dotscs_8_3;;0.9365079365079365;1;0.0;7;12;0.5;right;10.363165648801441;experiment;H;1;instructions;right;1;lettersGrid;1;8/4-1=1 ?;accuracy;5.426881217745176;0.7777777777777778;Q;1-7;0;21;3.6419753086419755;female;9.25283016101939;cheat_first
2;1.0;4.048302304257959;1.257905079939519;other;5;2;2;1, 1;1461844535.283;dotscs_8_3;;0.9384615384615385;2;1.0;8;12;0.5;left;4.130911712318266;experiment;W, M;1;instructions;left;1, 0;lettersGrid;1, 0;9/3-3=0 ?, 8/4+5=9 ?;cheat;1.8494502037210623, 2.9747788410786598;0.7846153846153846;W, M;1-7;4;21;0.3681656804733728;female;9.25283016101939;cheat_first
6;1.0;18.410285584050143;1.150168649490297;other;0.5;5;5;1, 1, 1, 1, 1, 1;1461844553.098;dotscs_8_3;;0.9436619718309859;6;0.8333333333333334;9;12;5;right;7.1681816396248905;experiment;F, R, I, S, X, D;1;instructions;right;1, 1, 0, 0, 1, 0;lettersGrid;1, 1, 0, 0, 1, 0;2x3-4=2 ?, 8/4+7=9 ?, 3x3-7=1 ?, 8/2-1=5 ?, 2+9/3=5 ?, 1+6/2=6 ?;cheat;3.0773508564125223, 1.849385086719849, 1.7428143921297305, 3.3760163471979467, 2.527484505515531, 6.7218746759645;0.7887323943661971;F, R, I, S, X, O;1-7;10;21;0.37214838325729016;female;9.25283016101939;cheat_first
3;1.0;5.613477520302695;1.4003637350688223;other;5;3;3;1, 1, 1;1461844605.813;dotscs_8_3;;0.9459459459459459;3;1.0;10;10;0.5;right;6.586010886572694;experiment;L, E, B;0;instructions;left;0, 1, 1;lettersGrid;0, 1, 1;3x3-1=6 ?, 8/4-1=1 ?, 9/3-2=1 ?;cheat;2.837287480584564, 1.8354896851487865, 4.193322817880471;0.7972972972972973;L, E, B;1-7;6;21;3.7710007304601896;female;9.25283016101939;cheat_first
7;1.0;38.7069515582607;1.4227331940619479;other;5;7;1;1, 1, 1, 1, 1, 1, 1;1461844632.396;dotscs_8_3;;0.9506172839506173;7;0.14285714285714285;11;10;0.5;left;7.2852896096264885;experiment;H, A, N, O, G, Y, P;1;instructions;left;0, 1, 0, 1, 0, 0, 1;lettersGrid;0, 1, 0, 1, 0, 0, 1;2x2+2=7 ?, 4/2-2=0 ?, 3+6/3=6 ?, 2x4-8=0 ?, 4x2-6=4 ?, 4+4/2=7 ?, 1+2x2=5 ?;cheat;2.382032591765892, 3.6380191974822083, 3.42666923359684, 4.289951491375177, 1.781382412676976, 2.9799673211746267, 3.0934566970172455;0.7407407407407407;H, N, O, G, Y, P, A;1-7;8;21;0.3520804755372656;female;9.25283016101939;cheat_first
2;1.0;4.823820647963657;0.9002057201760181;other;5;1;1;1, 1;1461844709.011;dotscs_8_3;;0.9518072289156626;2;0.5;12;14;0.5;right;5.0600155785341485;experiment;A, O;0;instructions;left;1, 0;lettersGrid;1, 0;3x3-1=8 ?, 4/2+1=2 ?;cheat;3.4426119278050464, 4.2254559340181;0.7349397590361446;I, O;1-7;2;21;3.497604877340688;female;9.25283016101939;cheat_first
1;1.0;4.017362174030495;1.125251487870628;self;5;1;1;1;1461844731.413;dotscs_8_3;;0.9523809523809523;1;1.0;13;10;0.5;right;6.438848235984551;experiment;F;1;instructions;right;1;lettersGrid;1;4+9/3=7 ?;accuracy;3.768602139731229;0.7380952380952381;F;1-7;2;21;3.5147392290249435;female;12.767569390044333;cheat_first
1;1.0;4.279663713163245;1.1763414367414953;self;5;1;1;1;1461844754.331;dotscs_8_3;;0.9529411764705882;1;1.0;14;12;0.5;left;2.721588019603587;experiment;A;1;instructions;left;1;lettersGrid;1;3x3-8=1 ?;cheat;1.5953817183326464;0.7411764705882353;A;1-7;2;21;0.35314878892733564;female;13.120718178971668;cheat_first
4;1.0;10.101394954777788;1.3176233852136647;self;5;4;4;1, 1, 1, 1;1461844766.749;dotscs_8_3;;0.9550561797752809;4;1.0;15;12;0.5;right;5.934627840420944;experiment;I, P, U, Y;0;instructions;left;0, 0, 1, 1;lettersGrid;0, 0, 1, 1;2x4-1=5 ?, 2x4-6=1 ?, 3x2-3=3 ?, 2x2-4=0 ?;cheat;2.2467053098298493, 3.892095822495321, 3.549927221136386, 3.0567006277779;0.7528089887640449;I, P, U, Y;1-7;8;21;3.5948743845474054;female;16.715592563519074;cheat_first
6;1.0;30.971914754769386;0.8574369453344843;self;5;6;6;1, 1, 1, 1, 1, 1;1461844805.423;dotscs_8_3;;0.9578947368421052;6;1.0;16;10;0.5;right;17.4829621723311;experiment;H, A, B, M, E, G;1;instructions;right;1, 0, 1, 0, 1, 0;lettersGrid;1, 0, 1, 0, 1, 0;3x3-9=0 ?, 3x3-4=7 ?, 3x2-2=4 ?, 9/3-1=1 ?, 3x2-1=5 ?, 2x3-3=4 ?;accuracy;1.4914019017705868, 3.7748204593353876, 5.789424008284186, 7.485341420109762, 6.473440934458267, 3.6374501315258385;0.7684210526315789;H, A, B, M, E, G;1-7;12;21;3.6803324099722987;female;20.395924973491372;cheat_first
5;1.0;23.454190367425326;0.7591070902144565;self;0.5;3;3;1, 1, 1, 1, 1;1461844890.056;dotscs_8_3;;0.96;5;0.6;17;10;5;right;6.138034238094406;experiment;I, M, N, P, B;1;instructions;right;0, 0, 0, 0, 1;lettersGrid;0, 0, 0, 0, 1;9/3-2=0 ?, 6/2-2=0 ?, 4/2+2=5 ?, 2x2-2=3 ?, 5+4/2=7 ?;cheat;4.597383712187366, 2.868685907089457, 4.568003912683707, 4.105974024687384, 7.668545268523303;0.76;I, M, N, F, Y;1-7;6;21;0.3648;female;20.76072497349137;cheat_first
1;1.0;4.324832615689957;1.0109350553466356;self;0.5;1;1;1;1461844949.947;dotscs_8_3;;0.9603960396039604;1;1.0;18;14;5;left;3.829284459721748;experiment;U;1;instructions;left;0;lettersGrid;0;4x2-4=3 ?;accuracy;3.9099881338424893;0.7623762376237624;U;1-7;2;21;3.660915596510146;female;24.421640570001518;cheat_first
1;1.0;4.502923010119048;2.067370614466199;other;0.5;1;1;1;1461844965.563;dotscs_8_3;;0.9607843137254902;1;1.0;19;14;5;left;1.1921942411790951;experiment;J;0;instructions;right;1;lettersGrid;1;3x3-7=2 ?;cheat;2.731416793745666;0.7647058823529411;J;1-7;2;21;3.67358708189158;female;24.421640570001518;cheat_first
3;1.0;9.11516153793491;1.158950950974031;other;0.5;3;3;1, 1, 1;1461844978.854;dotscs_8_3;;0.9619047619047619;3;1.0;20;10;5;right;1.3300738263988023;experiment;P, D, U;1;instructions;right;0, 1, 1;lettersGrid;0, 1, 1;4x2-2=8 ?, 2x4-2=6 ?, 4/2+5=7 ?;cheat;3.0420185137536464, 1.6314204388818325, 2.1656215506118315;0.7714285714285715;P, D, U;1-7;6;21;0.3710204081632653;female;24.421640570001518;cheat_first
4;0.8;13.237071886689591;0.8605728243401245;other;5;5;5;1, 1, 0, 1, 1;1461845001.288;dotscs_8_3;;0.9545454545454546;5;1.0;21;12;0.5;right;7.02323190534662;experiment;R, H, Y, O, R;1;instructions;right;0, 0, 1, 1, 0;lettersGrid;0, 0, 0, 1, 0;4x2-1=6 ?, 6/2+4=9 ?, 4x2-2=6 ?, 8/4-1=1 ?, 3+2x3=8 ?;accuracy;5.401291652318832, 3.0559992044400133, 1.4294076865680836, 5.169967402571274, 5.9880605857051705;0.7818181818181819;R, H, Y, O, R;1-7;10;21;3.7314049586776865;female;24.421640570001518;cheat_first
7;1.0;28.050701724148894;1.0601422735671804;other;0.5;6;4;1, 1, 1, 1, 1, 1, 1;1461845049.463;dotscs_8_3;;0.9572649572649573;7;0.5714285714285714;22;14;5;right;3.389187322145517;experiment;K, V, S, Q, D, W, U;1;instructions;right;1, 1, 1, 1, 0, 0, 0;lettersGrid;1, 1, 1, 1, 0, 0, 0;3x3-5=4 ?, 2x4-1=7 ?, 6+6/3=8 ?, 4/2-1=1 ?, 8/2+5=7 ?, 9/3-2=0 ?, 4/2+2=6 ?;cheat;4.966640985559934, 2.0313768388023163, 3.2133356784888747, 2.948115906845487, 3.2933464227935474, 6.112690984798974, 7.411146614816971;0.7692307692307693;K, V, S, Q, U, D, I;1-7;10;21;0.36817882971729127;female;24.421640570001518;cheat_first
6;1.0;23.18005452133184;0.8435058001905418;other;5;5;4;1, 1, 1, 1, 1, 1;1461845119.291;dotscs_8_3;;0.959349593495935;6;0.6666666666666666;23;14;0.5;right;6.027270221040453;experiment;O, L, E, H, M, U;0;instructions;left;1, 1, 0, 1, 1, 0;lettersGrid;1, 1, 0, 1, 1, 0;4/2+2=4 ?, 2x4+1=9 ?, 9/3+4=6 ?, 3x3-7=2 ?, 6/3+1=3 ?, 3x2-1=4 ?;cheat;1.858853593981621, 1.5100519060342776, 3.130161097335076, 2.282761017424491, 5.711937255522571, 2.186857832248279;0.7642276422764228;O, L, Y, H, M, E;1-7;9;21;3.665807389781215;female;24.421640570001518;cheat_first
2;1.0;4.432769705588726;0.9917124461589992;other;5;2;2;1, 1;1461845172.409;dotscs_8_3;;0.96;2;1.0;24;14;0.5;right;2.277674813487465;experiment;T, J;1;instructions;right;0, 0;lettersGrid;0, 0;2+8/2=5 ?, 2x3-2=5 ?;accuracy;4.111326712869413, 6.505975015597869;0.768;T, J;1-7;4;21;3.6864;female;24.421640570001518;cheat_first
2;1.0;4.932784746200923;0.8432361308750842;self;5;2;2;1, 1;1461845194.217;dotscs_8_3;;0.9606299212598425;2;1.0;25;14;0.5;right;2.275374484681379;experiment;Y, K;0;instructions;left;0, 1;lettersGrid;0, 1;4+8/4=5 ?, 3x2+3=9 ?;cheat;2.5194361858702905, 3.0033560027786734;0.7716535433070866;Y, K;1-7;4;21;3.706367412734825;female;28.128007982736342;cheat_first
6;1.0;21.95345125408494;0.815360038615836;self;0.5;5;5;1, 1, 1, 1, 1, 1;1461845212.624;dotscs_8_3;;0.9624060150375939;6;0.8333333333333334;26;10;5;right;3.049385228279789;experiment;D, P, T, W, K, Q;1;instructions;right;1, 1, 1, 0, 1, 1;lettersGrid;1, 1, 1, 0, 1, 1;2x2+1=5 ?, 4+6/3=6 ?, 2x3-5=1 ?, 3x2-2=5 ?, 4/2-1=1 ?, 2x2-3=1 ?;cheat;1.4308406144646142, 1.1634128810619586, 3.2053432745287864, 4.004669667474445, 3.4677789405250223, 4.616739740446064;0.7744360902255639;D, P, T, W, K, U;1-7;10;21;0.3726609757476398;female;28.50066895848398;cheat_first
1;1.0;3.0934237846213364;1.0822838230615162;self;5;1;1;1;1461845262.683;dotscs_8_3;;0.9626865671641791;1;1.0;27;12;0.5;right;2.991368104630965;experiment;X;0;instructions;left;1;lettersGrid;1;2x4-5=3 ?;cheat;4.189417567364217;0.7761194029850746;X;1-7;2;21;3.7357986188460686;female;32.236467577330046;cheat_first
5;1.0;15.693771028101764;1.0167941697636707;self;5;5;5;1, 1, 1, 1, 1;1461845279.469;dotscs_8_3;;0.9640287769784173;5;1.0;28;14;0.5;right;2.852931485946101;experiment;C, P, J, E, N;0;instructions;left;1, 1, 0, 0, 0;lettersGrid;1, 1, 0, 0, 0;3x2+3=9 ?, 6/3-1=1 ?, 4/2-2=2 ?, 2x3-2=5 ?, 3x3-3=8 ?;cheat;1.9900484236914053, 2.413371917515178, 2.4600891182763007, 3.5607748639886267, 2.5533373701164237;0.7841726618705036;C, P, J, E, N;1-7;10;21;3.779825060814658;female;36.016292638144705;cheat_first
5;1.0;15.106113460002234;0.7431247595723107;self;5;5;5;1, 1, 1, 1, 1;1461845317.734;dotscs_8_3;;0.9652777777777778;5;1.0;29;14;0.5;right;4.953023392929026;experiment;I, M, S, D, W;0;instructions;left;1, 1, 0, 1, 0;lettersGrid;1, 1, 0, 1, 0;3x3-3=6 ?, 3x2-2=4 ?, 3x3-6=4 ?, 2+4/2=4 ?, 1+8/4=2 ?;cheat;1.972724470508183, 3.8600164986655727, 3.3381373636038916, 2.204131178195894, 5.963261271699594;0.7916666666666666;I, M, S, D, W;1-7;10;21;3.8208912037037033;female;39.83718384184841;cheat_first
4;1.0;7.611928514274041;0.8253664689200377;self;0.5;4;4;1, 1, 1, 1;1461845361.725;dotscs_8_3;;0.9662162162162162;4;1.0;30;14;5;left;4.033385202799764;experiment;E, X, K, O;1;instructions;left;0, 1, 1, 0;lettersGrid;0, 1, 1, 0;3x2+3=7 ?, 3x3-1=8 ?, 2x2-4=0 ?, 2x3-5=2 ?;accuracy;1.9568645881354314, 2.6694869877483143, 1.8740584134884557, 2.9005967760713247;0.7972972972972973;E, X, K, O;1-7;8;21;3.851807888970051;female;43.68899173081846;cheat_first
4;1.0;9.475316941072379;1.1819397292620124;other;5;4;4;1, 1, 1, 1;1461845389.056;dotscs_8_3;;0.9671052631578947;4;1.0;31;14;0.5;right;1.30210182812516;experiment;L, A, T, G;0;instructions;left;0, 1, 1, 0;lettersGrid;0, 1, 1, 0;4x2-8=1 ?, 6+6/2=9 ?, 4/2+5=7 ?, 2x2-3=0 ?;cheat;1.2301146306926967, 3.9559950638486043, 3.244846644156496, 2.0581378024362493;0.8026315789473685;L, A, T, G;1-7;8;21;3.8811461218836567;female;43.68899173081846;cheat_first
7;1.0;11.740131500950156;0.884042548297657;other;0.5;7;7;1, 1, 1, 1, 1, 1, 1;1461845417.01;dotscs_8_3;;0.9685534591194969;7;1.0;32;10;5;right;1.9074782981660974;experiment;K, U, M, I, A, D, K;1;instructions;right;1, 0, 0, 1, 0, 1, 1;lettersGrid;1, 0, 0, 1, 0, 1, 1;6/3-1=1 ?, 2x3-6=2 ?, 4/2+6=6 ?, 3x3-7=2 ?, 1+4/2=1 ?, 2x4-1=7 ?, 2x4-4=4 ?;cheat;2.4920410392824124, 1.4154988369173225, 3.06062286533961, 2.2987621045940614, 4.046047628131419, 6.195478402920344, 4.3616785747017275;0.8113207547169812;K, U, M, I, A, D, K;1-7;14;21;0.3929037617182865;female;43.68899173081846;cheat_first
3;1.0;6.504621714466339;0.7321642236602202;other;0.5;3;3;1, 1, 1;1461845462.874;dotscs_8_3;;0.9691358024691358;3;1.0;33;10;5;right;1.5781773822473042;experiment;W, Q, N;1;instructions;right;1, 1, 1;lettersGrid;1, 1, 1;9/3-2=1 ?, 2+8/2=6 ?, 7+4/2=9 ?;cheat;3.2455009992281703, 2.3226437643570534, 1.6527420096317655;0.8148148148148148;W, Q, N;1-7;6;21;0.3948331047096479;female;43.68899173081846;cheat_first
7;1.0;30.493980039516828;0.742490930511849;other;5;6;6;1, 1, 1, 1, 1, 1, 1;1461845482.983;dotscs_8_3;;0.9704142011834319;7;0.8571428571428571;34;10;0.5;right;3.6168002567883377;experiment;L, Y, V, Z, Q, O, S;1;instructions;right;0, 1, 0, 1, 1, 1, 0;lettersGrid;0, 1, 0, 1, 1, 1, 0;4+2x2=6 ?, 2x2+4=8 ?, 8/2-1=1 ?, 3x3-8=1 ?, 3+4/2=5 ?, 3x2-3=3 ?, 3x3-2=8 ?;accuracy;2.416039237239602, 5.7666047465336305, 4.431315189991437, 2.2373521729095955, 3.403344961201583, 6.314589074570904, 7.90915789209248;0.8165680473372781;N, Y, V, Z, Q, O, S;1-7;12;21;3.9620461468435977;female;43.68899173081846;cheat_first
5;1.0;14.653793790741474;0.8252903811207943;other;0.5;5;5;1, 1, 1, 1, 1;1461845560.454;dotscs_8_3;;0.9712643678160919;5;1.0;35;10;5;right;3.7932004403883184;experiment;Q, B, O, L, N;1;instructions;right;0, 0, 0, 1, 0;lettersGrid;0, 0, 0, 1, 0;2x3+2=9 ?, 8/4+6=6 ?, 4x2-1=6 ?, 3x3-9=0 ?, 2+9/3=3 ?;cheat;2.5934374096450483, 1.712759357649702, 1.3235536328738817, 1.779991952387718, 9.437045485994531;0.8218390804597702;Q, B, O, L, N;1-7;10;21;0.3991115074646585;female;43.68899173081846;cheat_first
7;1.0;22.389741170542038;0.7485974187475222;other;5;6;4;1, 1, 1, 1, 1, 1, 1;1461845602.215;dotscs_8_3;;0.9723756906077348;7;0.5714285714285714;36;14;0.5;right;2.778448254812247;experiment;X, A, L, J, Z, T, B;1;instructions;right;1, 0, 0, 1, 0, 1, 1;lettersGrid;1, 0, 0, 1, 0, 1, 1;3x3-3=6 ?, 4+6/2=8 ?, 6+9/3=7 ?, 1+6/3=3 ?, 3x3-6=2 ?, 2x2-3=1 ?, 9/3-2=1 ?;accuracy;2.6206803806362586, 5.283260011827224, 7.079356743131939, 3.1634829526174144, 5.7400536436689436, 5.053298264525438, 8.433831395808738;0.8121546961325967;X, I, J, L, Z, T, B;1-7;10;21;3.9485974176612437;female;43.68899173081846;cheat_first
5;0.8333333333333334;24.233915127775617;0.7592829768946103;self;5;6;6;1, 1, 0, 1, 1, 1;1461845673.149;dotscs_8_3;;0.9679144385026738;6;1.0;37;12;0.5;right;4.300549990923173;experiment;V, K, J, Z, Y, P;1;instructions;right;0, 1, 1, 0, 0, 0;lettersGrid;0, 1, 0, 0, 0, 0;2x3-4=3 ?, 2x2-3=1 ?, 2x4-1=7 ?, 8/4+6=9 ?, 1+6/3=5 ?, 2x3+2=6 ?;accuracy;3.1161450169747695, 3.7666896817518136, 3.3660060240290477, 2.6080168936150585, 10.454434202280027, 5.13192916544358;0.8181818181818182;V, K, J, Z, Y, P;1-7;12;21;3.9596499756927566;female;47.648641706511214;cheat_first
2;1.0;5.578082891817758;1.0090647110810096;self;5;2;2;1, 1;1461845741.01;dotscs_8_3;;0.9682539682539683;2;1.0;38;10;0.5;right;2.982308702001319;experiment;L, R;0;instructions;left;0, 0;lettersGrid;0, 0;1+2x2=6 ?, 4x2+1=8 ?;cheat;3.8906600634254573, 2.5742491284418065;0.8201058201058201;L, R;1-7;4;21;3.970353573528177;female;51.61899528003939;cheat_first
4;0.8;27.59552858547795;0.8089753875428869;self;0.5;4;2;1, 1, 1, 1, 0;1461845760.246;dotscs_8_3;;0.9639175257731959;5;0.4;39;10;5;left;2.9542315963954024;experiment;V, P, Z, D, K;1;instructions;left;1, 0, 1, 1, 1;lettersGrid;1, 0, 1, 1, 0;9/3-1=2 ?, 9/3-3=2 ?, 8/4-1=1 ?, 6+4/2=8 ?, 2x2-2=2 ?;accuracy;3.013971843267427, 8.396527848311962, 4.140035524154882, 2.6533468191573775, 10.234515690543049;0.8092783505154639;R, P, Z, K, D;1-7;6;21;3.900387926453396;female;55.51938320649279;cheat_first
2;1.0;2.4881945356210053;0.9927730746876477;self;0.5;2;2;1, 1;1461845825.971;dotscs_8_3;;0.9642857142857143;2;1.0;40;12;5;left;5.80200857633281;experiment;V, P;0;instructions;right;1, 1;lettersGrid;1, 1;2x3+3=9 ?, 8/2+3=7 ?;cheat;4.2434009759763285, 2.696674750846796;0.8112244897959183;V, P;1-7;4;21;3.9112609329446064;female;59.4306441394374;cheat_first
3;1.0;6.015398401024868;1.2584649445816467;self;0.5;3;3;1, 1, 1;1461845850.214;dotscs_8_3;;0.964824120603015;3;1.0;41;12;5;left;2.788783455185694;experiment;Z, T, D;0;instructions;right;0, 0, 1;lettersGrid;0, 0, 1;2x2-1=4 ?, 1+4x2=8 ?, 3x3-4=5 ?;cheat;1.476024380654053, 1.5920331473844271, 4.207412862659112;0.8140703517587939;Z, T, D;1-7;6;21;3.927173556223327;female;63.35781769566073;cheat_first
6;1.0;14.202416548494512;0.724676476447712;self;0.5;6;6;1, 1, 1, 1, 1, 1;1461845871.727;dotscs_8_3;;0.9658536585365853;6;1.0;42;12;5;right;1.7841282974768546;experiment;N, G, A, Q, T, W;1;instructions;right;0, 1, 0, 1, 0, 0;lettersGrid;0, 1, 0, 1, 0, 0;4/2+5=9 ?, 3x3-6=3 ?, 3+9/3=7 ?, 3x3-6=3 ?, 3x2-1=7 ?, 3x3-8=0 ?;cheat;3.4280062554789765, 1.8981240995544795, 2.9973447127649706, 1.924741381109925, 5.054669968287271, 4.186615412982064;0.8195121951219512;N, G, A, Q, T, W;1-7;12;21;0.3957644259369423;female;63.75358212159767;cheat_first
6;1.0;20.072979523889444;0.8320522861195059;other;0.5;6;4;1, 1, 1, 1, 1, 1;1461845914.441;dotscs_8_3;;0.966824644549763;6;0.6666666666666666;43;10;5;right;3.091442670674951;experiment;V, T, O, C, X, V;1;instructions;right;0, 0, 0, 0, 0, 1;lettersGrid;0, 0, 0, 0, 0, 1;6/3+3=4 ?, 4+2x2=7 ?, 4/2+3=3 ?, 3x2+3=8 ?, 9/3-3=1 ?, 4+4/2=6 ?;cheat;2.8813554103544448, 1.9974073524881533, 6.900550769494657, 5.087955372204306, 4.299953321020439, 6.1913689539833285;0.8151658767772512;V, T, O, X, C, V;1-7;10;21;0.3940612295321309;female;63.75358212159767;cheat_first
4;1.0;5.184243597035675;0.7488543477793428;other;0.5;4;4;1, 1, 1, 1;1461845972.475;dotscs_8_3;;0.9674418604651163;4;1.0;44;10;5;right;3.286049072030437;experiment;Z, X, R, H;1;instructions;right;0, 0, 0, 0;lettersGrid;0, 0, 0, 0;1+2x4=8 ?, 3x3-8=0 ?, 3x3-3=4 ?, 2+3x2=7 ?;cheat;1.7925475009051297, 2.558960435406334, 1.6248485764335783, 1.6947378739932901;0.8186046511627907;Z, X, R, H;1-7;8;21;0.39597620335316386;female;63.75358212159767;cheat_first
3;0.75;18.4270100361573;0.9169485749098385;other;5;4;4;1, 1, 1, 0;1461845994.597;dotscs_8_3;;0.9634703196347032;4;1.0;45;10;0.5;right;2.2481088642980467;experiment;C, F, Z, D;0;instructions;left;0, 0, 1, 1;lettersGrid;0, 0, 1, 0;9/3-1=0 ?, 3x3-1=9 ?, 2x2+1=5 ?, 2x3-3=3 ?;cheat;3.5579957128957176, 3.405741903816306, 2.093545525098307, 3.904750108204098;0.821917808219178;C, F, Z, D;1-7;8;21;3.9594670669919307;female;63.75358212159767;cheat_first
4;0.8;18.786292376038546;0.9922100249750656;other;0.5;3;3;1, 1, 0, 1, 1;1461846034.113;dotscs_8_3;;0.9598214285714286;5;0.6;46;10;5;right;2.134801037484067;experiment;D, H, R, Y, U;1;instructions;right;0, 0, 1, 0, 0;lettersGrid;0, 0, 0, 0, 0;4x2-5=5 ?, 2x3-4=4 ?, 3x3-2=7 ?, 6/2+2=4 ?, 2x2-2=1 ?;cheat;3.8599651836375415, 2.496852265452617, 2.076066919042205, 2.5520760821364092, 4.432764043242059;0.8169642857142857;D, H, R, Z, M;1-7;6;21;0.39206991390306123;female;63.75358212159767;cheat_first
4;1.0;6.99543331647692;0.8170099052149453;other;5;4;4;1, 1, 1, 1;1461846077.591;dotscs_8_3;;0.9605263157894737;4;1.0;47;10;0.5;right;1.681495058008295;experiment;O, Q, N, X;1;instructions;right;0, 0, 1, 0;lettersGrid;0, 0, 1, 0;3x3-1=7 ?, 3x3-4=6 ?, 2+9/3=5 ?, 3x3-1=6 ?;accuracy;2.5440797853116237, 1.9934755597150797, 4.256640606890869, 3.7253318932089314;0.8201754385964912;O, Q, N, X;1-7;8;21;3.939000461680517;female;63.75358212159767;cheat_first
1;1.0;4.2469381738865195;1.5920150986512454;other;5;1;1;1;1461846104.72;dotscs_8_3;;0.9606986899563319;1;1.0;48;12;0.5;left;3.362136870980976;experiment;Y;1;instructions;left;1;lettersGrid;1;6+6/2=9 ?;cheat;4.561382858586512;0.8209606986899564;Y;1-7;2;21;0.394347933868538;female;63.75358212159767;cheat_first
7;1.0;32.81841487527163;0.9487249631310988;self;0.5;7;2;1, 1, 1, 1, 1, 1, 1;1461846123.176;dotscs_8_3;;0.961864406779661;7;0.2857142857142857;49;12;5;right;9.094455393616954;experiment;F, G, J, W, B, R, K;1;instructions;right;1, 1, 1, 1, 1, 1, 1;lettersGrid;1, 1, 1, 1, 1, 1, 1;4x2-7=1 ?, 6/3+4=6 ?, 3+4/2=5 ?, 8/2-1=3 ?, 8/4-2=0 ?, 9/3+5=8 ?, 4x2-7=1 ?;cheat;4.236661366472617, 2.1628031169802853, 3.0820831636101502, 3.447389533786918, 5.428589831202771, 3.4506450298922573, 4.847608878984829;0.8050847457627118;F, G, W, B, R, K, J;1-7;9;21;0.38719118069520253;female;64.14077330229287;cheat_first
4;1.0;5.531972623964975;0.9419074963479943;self;0.5;4;4;1, 1, 1, 1;1461846200.164;dotscs_8_3;;0.9625;4;1.0;50;14;5;left;1.593708140650051;experiment;S, Q, C, W;0;instructions;right;1, 1, 0, 1;lettersGrid;1, 1, 0, 1;3x2-6=0 ?, 4/2-1=1 ?, 8/4+5=6 ?, 3+4/2=5 ?;cheat;2.0974539606886538, 1.9647338360318827, 4.117312876214783, 3.846724844932396;0.8083333333333333;S, Q, C, W;1-7;8;21;3.890104166666667;female;68.03087746895955;cheat_first
3;1.0;6.482309232847911;1.3083169626606832;self;5;3;3;1, 1, 1;1461846226.576;dotscs_8_3;;0.9629629629629629;3;1.0;51;14;0.5;right;1.7800910434762045;experiment;F, W, E;0;instructions;left;1, 0, 1;lettersGrid;1, 0, 1;9/3-3=0 ?, 2x4-3=4 ?, 3x2-5=1 ?;cheat;3.1840199342950655, 4.968094085570556, 2.9290196387919423;0.8106995884773662;F, W, E;1-7;6;21;3.9033683889650965;female;71.93424585792464;cheat_first
1;1.0;4.366368414290264;0.7486324545243406;self;5;1;1;1;1461846251.552;dotscs_8_3;;0.9631147540983607;1;1.0;52;10;0.5;right;2.0688251300653064;experiment;D;0;instructions;left;0;lettersGrid;0;3x2-3=1 ?;cheat;2.2261067501203797;0.8114754098360656;D;1-7;2;21;3.9077196990056438;female;75.84196555693028;cheat_first
6;1.0;19.18154017984307;0.7835471990310907;self;5;5;5;1, 1, 1, 1, 1, 1;1461846264.22;dotscs_8_3;;0.964;6;0.8333333333333334;53;10;0.5;right;3.5221155380841083;experiment;U, N, I, Z, F, L;0;instructions;left;0, 0, 0, 0, 0, 0;lettersGrid;0, 0, 0, 0, 0, 0;4+6/2=8 ?, 4+2x2=6 ?, 9/3-2=0 ?, 3x3-8=0 ?, 5+9/3=6 ?, 6/2+6=8 ?;cheat;2.2280662763641885, 2.2023107333698135, 1.4013680940133781, 1.9840824324601272, 2.391475264565088, 4.510716170214437;0.812;B, N, I, Z, F, L;1-7;10;21;3.91384;female;79.75580555693027;cheat_first
3;1.0;6.213302412195844;0.8260441811762576;self;0.5;3;3;1, 1, 1;1461846309.103;dotscs_8_3;;0.9644268774703557;3;1.0;54;12;5;right;0.8909092067297024;experiment;S, B, L;1;instructions;right;1, 1, 0;lettersGrid;1, 1, 0;4x2-1=7 ?, 9/3-3=0 ?, 9/3-2=2 ?;cheat;3.9553382315007184, 2.0447166224948887, 3.777997744262393;0.8142292490118577;S, B, L;1-7;6;21;0.3926322860847693;female;80.14843784301505;cheat_first
2;1.0;4.1028055871811375;0.7437051502238319;other;5;2;2;1, 1;1461846330.896;dotscs_8_3;;0.9647058823529412;2;1.0;55;14;0.5;right;0.6082448031156673;experiment;C, F;0;instructions;left;1, 0;lettersGrid;1, 0;9/3+1=4 ?, 2x2-4=2 ?;cheat;1.9747038149707805, 1.9348235453162488;0.8156862745098039;C, F;1-7;4;21;3.934486735870819;female;80.14843784301505;cheat_first
4;1.0;5.881396108479748;0.9095365616030904;other;5;4;4;1, 1, 1, 1;1461846344.079;dotscs_8_3;;0.9652509652509652;4;1.0;56;14;0.5;left;4.052263470459366;experiment;J, V, F, Z;1;instructions;left;1, 1, 1, 1;lettersGrid;1, 1, 1, 1;3+3x2=9 ?, 9/3-2=1 ?, 2x4-7=1 ?, 2x4-8=0 ?;cheat;2.1333957135320816, 2.711354387593019, 2.882114518861272, 4.67655324394218;0.8185328185328186;J, V, F, Z;1-7;8;21;0.3950447965891981;female;80.14843784301505;cheat_first
2;1.0;2.7777482470610266;0.9579393725343834;other;5;2;2;1, 1;1461846372.02;dotscs_8_3;;0.9655172413793104;2;1.0;57;12;0.5;left;1.4556296654645848;experiment;G, H;0;instructions;right;1, 1;lettersGrid;1, 1;4/2-1=1 ?, 2x4-1=7 ?;accuracy;1.94810741332185, 1.8136493017791508;0.8199233716475096;G, H;1-7;4;21;0.3958250759677633;female;80.14843784301505;cheat_first
6;1.0;11.392650555635555;0.8152740417099267;other;5;6;4;1, 1, 1, 1, 1, 1;1461846384.547;dotscs_8_3;;0.9662921348314607;6;0.6666666666666666;58;12;0.5;left;3.22882856994147;experiment;R, Y, S, J, C, B;1;instructions;left;1, 1, 1, 1, 1, 0;lettersGrid;1, 1, 1, 1, 1, 0;2x2-4=0 ?, 3x3-6=3 ?, 3+4/2=5 ?, 2+6/3=4 ?, 4/2+3=5 ?, 3+8/4=3 ?;cheat;1.1668877931460884, 1.6877278873816977, 2.563061390821531, 6.283445453718741, 6.143323932656131, 4.26479297217702;0.8164794007490637;R, Y, S, J, B, C;1-7;10;21;0.39447881159786224;female;80.14843784301505;cheat_first
6;0.8571428571428571;19.126995491002162;0.7432249123485235;other;5;6;4;1, 1, 1, 1, 1, 0, 1;1461846430.553;dotscs_8_3;;0.9635036496350365;7;0.5714285714285714;59;14;0.5;left;3.672146167848041;experiment;O, N, G, F, E, P, Y;1;instructions;left;0, 0, 1, 0, 0, 0, 0;lettersGrid;0, 0, 1, 0, 0, 1, 0;6/3+5=9 ?, 4x2-6=0 ?, 4/2-2=0 ?, 3x2-2=2 ?, 2x2+4=7 ?, 2+8/2=4 ?, 6/3+2=5 ?;cheat;2.306264007675054, 3.7327647864258324, 2.2306079627469444, 11.09244773741375, 3.096018909409395, 3.235292493885936, 5.1933104314957745;0.8102189781021898;O, N, G, F, Y, E, M;1-7;10;21;0.3903244712025148;female;80.14843784301505;cheat_first
5;1.0;11.795444145716829;0.7766430275441962;other;0.5;5;5;1, 1, 1, 1, 1;1461846492.347;dotscs_8_3;;0.96415770609319;5;1.0;60;14;5;right;3.904765679661068;experiment;Q, G, F, L, U;0;instructions;left;0, 0, 0, 1, 1;lettersGrid;0, 0, 0, 1, 1;2x2-2=3 ?, 4/2+2=3 ?, 6/3-1=0 ?, 4+8/2=8 ?, 4x2-7=1 ?;accuracy;2.132722955830104, 1.6871973961697222, 2.098041783172448, 5.645677522921687, 3.2826502477455506;0.8136200716845878;Q, G, F, L, U;1-7;10;21;0.3922290309733945;female;80.14843784301505;cheat_first
5;1.0;9.0859877063358;1.1759217152102792;self;0.5;5;5;1, 1, 1, 1, 1;1461846529.57;dotscs_8_3;;0.9647887323943662;5;1.0;61;12;5;left;5.4939959648691;experiment;Y, H, C, S, M;0;instructions;right;0, 1, 0, 1, 0;lettersGrid;0, 1, 0, 1, 0;4+4/2=7 ?, 9/3-3=0 ?, 4x2-6=0 ?, 1+4/2=3 ?, 9/3+4=9 ?;cheat;1.6341238560726197, 2.1600317516149516, 2.5846961601855583, 2.3127056361245195, 4.043291126428812;0.8169014084507042;Y, H, C, S, M;1-7;10;21;3.9406863717516365;female;84.08912421476668;cheat_first
6;1.0;16.85797805344737;3.032011729554142;self;0.5;6;6;1, 1, 1, 1, 1, 1;1461846563.782;dotscs_8_3;;0.9655172413793104;6;1.0;62;14;5;left;13.436450231678464;experiment;W, B, F, L, C, V;0;instructions;right;0, 1, 1, 0, 1, 1;lettersGrid;0, 1, 1, 0, 1, 1;4/2+6=6 ?, 6+4/2=8 ?, 6/3+7=9 ?, 5+6/3=8 ?, 3+6/2=6 ?, 8/4-1=1 ?;cheat;1.9167086329216545, 1.535520438776075, 3.6893473188611097, 3.5566799248190364, 3.053341086029832, 6.802592505953726;0.8206896551724138;W, B, F, L, C, V;1-7;12;21;3.961950059453032;female;88.05107427421972;cheat_first
2;1.0;4.140307670748371;0.8502001109118282;self;5;2;2;1, 1;1461846624.593;dotscs_8_3;;0.9657534246575342;2;1.0;63;10;0.5;right;2.851653210924269;experiment;N, Q;0;instructions;left;0, 0;lettersGrid;0, 0;7+6/3=8 ?, 4/2-1=2 ?;cheat;3.0520079570142116, 2.7773596684419317;0.821917808219178;N, Q;1-7;4;21;3.9688496903734283;female;92.01992396459315;cheat_first
6;0.8571428571428571;23.409541693104984;0.7336873952244787;self;5;6;6;1, 1, 0, 1, 1, 1, 1;1461846643.439;dotscs_8_3;;0.9632107023411371;7;0.8571428571428571;64;12;0.5;right;5.583496804134484;experiment;M, V, O, P, F, I, X;0;instructions;left;1, 0, 1, 1, 0, 0, 0;lettersGrid;1, 0, 0, 1, 0, 0, 0;8/2+2=6 ?, 4x2-2=5 ?, 2x3+3=9 ?, 6/3-1=1 ?, 3x3-4=6 ?, 4/2-1=2 ?, 4/2+2=3 ?;cheat;2.352699860528446, 2.650032576195372, 5.495282025620327, 2.186792007454642, 2.5460485128733126, 4.419294025550698, 3.1540172765307943;0.822742474916388;M, V, O, P, F, I, N;1-7;12;21;3.9623717855504976;female;95.98229575014365;cheat_first
6;1.0;11.19928916300887;0.96683067421327;self;5;6;6;1, 1, 1, 1, 1, 1;1461846703.688;dotscs_8_3;;0.9639344262295082;6;1.0;65;14;0.5;right;3.605529353435486;experiment;X, J, R, E, S, M;0;instructions;left;1, 1, 1, 1, 0, 1;lettersGrid;1, 1, 1, 1, 0, 1;2x2+1=5 ?, 2x2+5=9 ?, 3x2-2=4 ?, 3x3-6=3 ?, 6+6/2=8 ?, 2x3-4=2 ?;cheat;1.3367681371200888, 1.2893788864494127, 2.821975430364546, 2.420695102740865, 4.051362449361477, 2.5527056644368713;0.8262295081967214;X, J, R, E, S, M;1-7;12;21;3.9821553345874765;female;99.96445108473112;cheat_first
1;1.0;2.6302278068706073;1.099250694434886;self;0.5;1;1;1;1461846740.35;dotscs_8_3;;0.9640522875816994;1;1.0;66;14;5;left;3.0668627726481645;experiment;Z;0;instructions;right;1;lettersGrid;1;7+8/4=9 ?;cheat;1.5908490088950202;0.826797385620915;Z;1-7;2;21;3.9853795548720576;female;103.94983063960318;cheat_first
3;1.0;7.607987874082028;0.9818928733329813;other;5;3;3;1, 1, 1;1461846751.286;dotscs_8_3;;0.9644012944983819;3;1.0;67;14;0.5;left;2.0928653355658753;experiment;O, N, M;1;instructions;left;0, 0, 1;lettersGrid;0, 0, 1;4x2-8=2 ?, 4/2-1=2 ?, 2x2-3=1 ?;cheat;2.2848040633016353, 1.8728679048563208, 1.8127826086656569;0.8284789644012945;O, N, M;1-7;6;21;0.39949309286664364;female;103.94983063960318;cheat_first
3;1.0;4.21873189596954;1.0406648587249947;other;5;3;3;1, 1, 1;1461846772.269;dotscs_8_3;;0.9647435897435898;3;1.0;68;10;0.5;right;2.8860452499448;experiment;V, S, M;1;instructions;right;1, 0, 0;lettersGrid;1, 0, 0;2+9/3=5 ?, 4/2+3=3 ?, 9/3-1=1 ?;accuracy;1.6201994349685265, 2.6828281870257342, 2.7268494024283427;0.8301282051282052;V, S, M;1-7;6;21;4.0043043228139386;female;103.94983063960318;cheat_first
5;1.0;9.931146204298784;0.8664712212939776;other;5;4;4;1, 1, 1, 1, 1;1461846791.785;dotscs_8_3;;0.9652996845425867;5;0.8;69;12;0.5;right;1.9642935884876351;experiment;G, E, U, J, F;0;instructions;left;1, 1, 1, 0, 0;lettersGrid;1, 1, 1, 0, 0;6+6/2=9 ?, 2x2+2=6 ?, 1+4/2=3 ?, 3x3-5=2 ?, 2x2-1=5 ?;cheat;2.7688392505460797, 1.2494306686203345, 1.6308941944316757, 7.556686648857067, 1.8695349053668906;0.8296529968454258;G, E, U, J, S;1-7;8;21;4.004318880673506;female;103.94983063960318;cheat_first
4;1.0;9.619863940859432;1.9494953963348962;other;5;4;4;1, 1, 1, 1;1461846826.559;dotscs_8_3;;0.9657320872274143;4;1.0;70;12;0.5;left;2.5687923946188675;experiment;B, V, K, L;0;instructions;right;1, 0, 0, 0;lettersGrid;1, 0, 0, 0;2x3-4=2 ?, 2x2-1=4 ?, 3x3-3=5 ?, 4x2-4=3 ?;accuracy;3.7426728334357904, 2.008113436644635, 2.502861078190108, 2.082054851871362;0.8317757009345794;B, V, K, L;1-7;8;21;0.4016362418842985;female;103.94983063960318;cheat_first
4;1.0;14.73262924397386;0.9253653010619018;other;5;4;2;1, 1, 1, 1;1461846855.841;dotscs_8_3;;0.9661538461538461;4;0.5;71;10;0.5;left;4.508854673365931;experiment;K, P, S, R;1;instructions;left;0, 1, 0, 0;lettersGrid;0, 1, 0, 0;4+9/3=5 ?, 8/2+5=9 ?, 9/3-2=0 ?, 2x4-7=2 ?;cheat;2.202184392233903, 1.8087899456513696, 1.6795185447190306, 2.7153643915480643;0.8276923076923077;K, P, R, S;1-7;6;21;0.39983905325443786;female;103.94983063960318;cheat_first
3;1.0;4.160819525757688;0.9330547694116831;other;0.5;3;3;1, 1, 1;1461846889.273;dotscs_8_3;;0.9664634146341463;3;1.0;72;12;5;right;2.456722852492021;experiment;I, X, R;1;instructions;right;1, 1, 0;lettersGrid;1, 1, 0;2+8/2=6 ?, 2x3+3=9 ?, 2x4-8=2 ?;cheat;2.362043796138096, 3.4746583392388857, 1.6947276109876839;0.8292682926829268;I, X, R;1-7;6;21;0.40072873289708505;female;103.94983063960318;cheat_first
7;1.0;15.132311373923585;0.8920827283163817;self;5;6;5;1, 1, 1, 1, 1, 1, 1;1461846908.353;dotscs_8_3;;0.9671641791044776;7;0.7142857142857143;73;12;0.5;right;3.653544293538289;experiment;Q, Z, E, A, W, B, T;1;instructions;right;0, 1, 0, 1, 0, 0, 1;lettersGrid;0, 1, 0, 1, 0, 0, 1;5+4/2=6 ?, 4/2+3=5 ?, 2x2+3=5 ?, 3x2-1=5 ?, 1+2x3=9 ?, 2x2-3=2 ?, 4/2-2=0 ?;accuracy;1.7974627727180632, 3.364770216616307, 1.2773885110254923, 6.049336744425091, 1.6787240465400828, 2.9066919396118465, 2.1973476854964247;0.826865671641791;Q, Z, E, A, W, T, R;1-7;11;21;3.9985742927155266;female;107.94840493231871;cheat_first
1;1.0;2.7288782924351835;0.9168700098343834;self;5;1;1;1;1461846955.014;dotscs_8_3;;0.9672619047619048;1;1.0;74;10;0.5;right;1.2654763467799057;experiment;C;0;instructions;left;0;lettersGrid;0;6/3+6=6 ?;cheat;2.3853532048706256;0.8273809523809523;C;1-7;2;21;4.001470379818594;female;111.94987531213731;cheat_first
4;1.0;5.808053486536664;0.7320895514476433;self;0.5;4;4;1, 1, 1, 1;1461846964.718;dotscs_8_3;;0.9676470588235294;4;1.0;75;12;5;right;3.035107972125843;experiment;T, E, M, G;1;instructions;right;0, 0, 1, 1;lettersGrid;0, 0, 1, 1;1+2x2=4 ?, 2x3-1=3 ?, 2x2-1=3 ?, 4x2-5=3 ?;cheat;1.2873754770080268, 2.5374021077386715, 2.1007229048682348, 4.7280480506851745;0.8294117647058824;T, E, M, G;1-7;8;21;0.40128892733564014;female;112.35116423947295;cheat_first
4;1.0;6.570717592880101;0.8928669634915423;self;5;3;3;1, 1, 1, 1;1461846991.005;dotscs_8_3;;0.9680232558139535;4;0.75;76;12;0.5;right;5.617463459277133;experiment;J, H, A, W;0;instructions;left;1, 1, 0, 1;lettersGrid;1, 1, 0, 1;3+3x2=9 ?, 8/4+7=9 ?, 6/2-2=2 ?, 6/3-1=1 ?;cheat;3.4507366891466518, 3.2719756603983114, 3.1646720456610637, 2.4533484470830444;0.8284883720930233;J, H, I, W;1-7;6;21;4.0099800567874535;female;116.3611442962604;cheat_first
1;1.0;1.781045856878336;0.7599854619202233;self;0.5;1;1;1;1461847022.471;dotscs_8_3;;0.9681159420289855;1;1.0;77;14;5;right;1.93058492406999;experiment;I;1;instructions;right;0;lettersGrid;0;1+9/3=3 ?;cheat;2.3001253148358956;0.8289855072463768;I;1-7;2;21;0.4012770426381012;female;116.7624213388985;cheat_first
5;1.0;6.8813232057509595;1.0486094866264466;self;5;5;5;1, 1, 1, 1, 1;1461847032.159;dotscs_8_3;;0.9685714285714285;5;1.0;78;12;0.5;right;2.212153663380377;experiment;T, W, I, A, X;0;instructions;left;0, 0, 1, 0, 1;lettersGrid;0, 0, 1, 0, 1;5+8/4=6 ?, 9/3+3=7 ?, 2x3-5=1 ?, 3x3-4=7 ?, 3x3-2=7 ?;cheat;1.3685059505969548, 1.4095027644634683, 2.0400504939862003, 5.749928424384052, 3.181923096115497;0.8314285714285714;T, W, I, A, X;1-7;10;21;4.026489795918367;female;120.78891113481687;cheat_first
2;1.0;4.642699835756503;1.7728570402268815;other;5;2;2;1, 1;1461847063.407;dotscs_8_3;;0.96875;2;1.0;79;10;0.5;right;0.9416569374552637;experiment;B, K;1;instructions;right;0, 0;lettersGrid;0, 0;2x2+4=6 ?, 2x4-5=2 ?;accuracy;2.5134319737917394, 3.755973688485028;0.8323863636363636;B, K;1-7;4;21;4.031871448863637;female;120.78891113481687;cheat_first
6;0.8571428571428571;19.02498440200179;0.7592992561440042;other;0.5;7;5;1, 1, 1, 1, 1, 1, 0;1461847080.49;dotscs_8_3;;0.9665738161559888;7;0.7142857142857143;80;12;5;right;5.301672905276064;experiment;S, H, G, Y, J, U, C;1;instructions;right;1, 1, 1, 0, 0, 1, 0;lettersGrid;1, 1, 1, 0, 0, 1, 1;3+2x2=7 ?, 3+9/3=6 ?, 5+2x2=9 ?, 2+4/2=6 ?, 2x4-6=3 ?, 9/3+3=6 ?, 1+4x2=7 ?;cheat;1.7956118927704665, 1.89896566599964, 3.4619654787875334, 3.346676538027168, 2.180165644907902, 2.580148940980507, 2.9879919297400193;0.83008356545961;S, H, G, Y, U, J, C;1-7;12;21;0.4011685197973324;female;120.78891113481687;cheat_first
3;1.0;5.155562743590053;0.9002690676898055;other;0.5;3;3;1, 1, 1;1461847131.051;dotscs_8_3;;0.9668508287292817;3;1.0;81;12;5;right;2.4509479655007453;experiment;C, U, G;0;instructions;left;1, 0, 0;lettersGrid;1, 0, 0;2+8/4=4 ?, 2x2-3=0 ?, 8/2-2=3 ?;accuracy;1.8174554612123757, 1.6081209392559686, 5.278783925868993;0.8314917127071824;C, U, G;1-7;6;21;0.4019642257562346;female;120.78891113481687;cheat_first
1;1.0;4.2168689835343685;1.2335612310362194;other;5;1;1;1;1461847152.284;dotscs_8_3;;0.9669421487603306;1;1.0;82;10;0.5;left;3.613584397116938;experiment;E;1;instructions;left;1;lettersGrid;1;3x2-1=5 ?;cheat;3.0567611441201734;0.8319559228650137;E;1-7;2;21;0.4022266238644901;female;120.78891113481687;cheat_first
6;1.0;15.707978566599195;1.2662970333185513;other;0.5;5;5;1, 1, 1, 1, 1, 1;1461847166.574;dotscs_8_3;;0.967479674796748;6;0.8333333333333334;83;14;5;left;4.709511293374817;experiment;D, Z, Q, U, T, I;1;instructions;left;0, 0, 1, 1, 0, 0;lettersGrid;0, 0, 1, 1, 0, 0;4x2-3=4 ?, 4/2+6=9 ?, 3x3-3=6 ?, 3x2-6=0 ?, 3+6/2=8 ?, 8/2-1=4 ?;accuracy;3.6093224186861335, 1.800056481919455, 2.183459361860514, 4.446634318144788, 4.284030091132081, 3.1199957673943572;0.8319783197831978;D, Z, Q, U, T, J;1-7;10;21;4.0246105713089655;female;120.78891113481687;cheat_first
2;1.0;3.6294060586405976;0.9327387396260747;other;5;2;2;1, 1;1461847214.28;dotscs_8_3;;0.967654986522911;2;1.0;84;12;0.5;left;1.9113548830482614;experiment;S, G;1;instructions;left;0, 0;lettersGrid;0, 0;4/2+7=8 ?, 2+6/2=6 ?;cheat;1.920125859835025, 1.2501115659470088;0.8328840970350404;S, G;1-7;4;21;0.4029722248457945;female;120.78891113481687;cheat_first
;;;0.8761149074398418;self;2;;;;;dotscs_8_3;;;1;;1;12;0.2;right;;controlDotsCheat;;0;instructions;left;;lettersGrid;;;cheat;;;;1-7;;21;2;female;;cheat_first
;;;0.8001046118770319;self;2;;;;;dotscs_8_3;;;1;;2;10;0.2;left;;controlDotsCheat;;1;instructions;left;;lettersGrid;;;cheat;;;;1-7;;21;0.2;female;;cheat_first
;;;0.8767289182833338;self;2;;;;;dotscs_8_3;;;1;;3;14;0.2;left;;controlDotsCheat;;1;instructions;left;;lettersGrid;;;cheat;;;;1-7;;21;0.2;female;;cheat_first
;;;1.133418009027082;self;2;;;;;dotscs_8_3;;;1;;4;12;0.2;right;;controlDotsCheat;;0;instructions;left;;lettersGrid;;;cheat;;;;1-7;;21;2;female;;cheat_first
;;;0.9597385835568275;self;2;;;;;dotscs_8_3;;;1;;5;14;0.2;left;;controlDotsCheat;;1;instructions;left;;lettersGrid;;;cheat;;;;1-7;;21;0.2;female;;cheat_first
;;;0.7932903301607439;self;2;;;;;dotscs_8_3;;;1;;6;14;0.2;left;;controlDotsCheat;;1;instructions;left;;lettersGrid;;;cheat;;;;1-7;;21;0.2;female;;cheat_first
;;;1.5300421172505594;other;0.2;;;;;dotscs_8_3;;;1;;7;10;2;left;;controlDotsCheat;;0;instructions;right;;lettersGrid;;;cheat;;;;1-7;;21;2;female;;cheat_first
;;;1.1586430608113005;other;2;;;;;dotscs_8_3;;;1;;8;10;0.2;left;;controlDotsCheat;;1;instructions;left;;lettersGrid;;;cheat;;;;1-7;;21;0.2;female;;cheat_first
;;;0.7000767602021369;other;2;;;;;dotscs_8_3;;;1;;9;10;0.2;left;;controlDotsCheat;;1;instructions;left;;lettersGrid;;;cheat;;;;1-7;;21;0.2;female;;cheat_first
;;;0.6334093385576125;other;0.2;;;;;dotscs_8_3;;;1;;10;10;2;right;;controlDotsCheat;;1;instructions;right;;lettersGrid;;;cheat;;;;1-7;;21;0.2;female;;cheat_first
;;;0.7761249227169174;other;0.2;;;;;dotscs_8_3;;;1;;11;12;2;right;;controlDotsCheat;;1;instructions;right;;lettersGrid;;;cheat;;;;1-7;;21;0.2;female;;cheat_first
;;;1.8707261217896303;other;2;;;;;dotscs_8_3;;;1;;12;14;0.2;left;;controlDotsCheat;;1;instructions;left;;lettersGrid;;;cheat;;;;1-7;;21;0.2;female;;cheat_first
;;;0.9591440370350028;self;0.2;;;;;dotscs_8_3;;;1;;13;12;2;left;;controlDotsCheat;;0;instructions;right;;lettersGrid;;;cheat;;;;1-7;;21;2;female;;cheat_first
;;;1.0667877465366473;self;2;;;;;dotscs_8_3;;;1;;14;10;0.2;left;;controlDotsCheat;;1;instructions;left;;lettersGrid;;;cheat;;;;1-7;;21;0.2;female;;cheat_first
;;;1.338728017261019;self;2;;;;;dotscs_8_3;;;1;;15;12;0.2;right;;controlDotsCheat;;0;instructions;left;;lettersGrid;;;cheat;;;;1-7;;21;2;female;;cheat_first
;;;0.6836056981628644;self;2;;;;;dotscs_8_3;;;1;;16;10;0.2;left;;controlDotsCheat;;1;instructions;left;;lettersGrid;;;cheat;;;;1-7;;21;0.2;female;;cheat_first
;;;0.7597656920479494;self;0.2;;;;;dotscs_8_3;;;1;;17;14;2;right;;controlDotsCheat;;1;instructions;right;;lettersGrid;;;cheat;;;;1-7;;21;0.2;female;;cheat_first
;;;1.395310089632403;self;0.2;;;;;dotscs_8_3;;;1;;18;10;2;right;;controlDotsCheat;;1;instructions;right;;lettersGrid;;;cheat;;;;1-7;;21;0.2;female;;cheat_first
;;;0.8335344056631584;other;0.2;;;;;dotscs_8_3;;;1;;19;12;2;right;;controlDotsCheat;;1;instructions;right;;lettersGrid;;;cheat;;;;1-7;;21;0.2;female;;cheat_first
;;;0.7334237421546277;other;0.2;;;;;dotscs_8_3;;;1;;20;10;2;left;;controlDotsCheat;;0;instructions;right;;lettersGrid;;;cheat;;;;1-7;;21;2;female;;cheat_first
;;;1.1261486161038192;other;2;;;;;dotscs_8_3;;;1;;21;12;0.2;right;;controlDotsCheat;;0;instructions;left;;lettersGrid;;;cheat;;;;1-7;;21;2;female;;cheat_first
;;;0.9927567954364349;other;2;;;;;dotscs_8_3;;;1;;22;12;0.2;left;;controlDotsCheat;;1;instructions;left;;lettersGrid;;;cheat;;;;1-7;;21;0.2;female;;cheat_first
;;;0.8833627126605279;other;0.2;;;;;dotscs_8_3;;;1;;23;12;2;right;;controlDotsCheat;;1;instructions;right;;lettersGrid;;;cheat;;;;1-7;;21;0.2;female;;cheat_first
;;;1.7720406004500546;other;0.2;;;;;dotscs_8_3;;;1;;24;12;2;left;;controlDotsCheat;;0;instructions;right;;lettersGrid;;;cheat;;;;1-7;;21;2;female;;cheat_first
;;;1.1093084397653001;self;2;;;;;dotscs_8_3;;;1;;25;12;0.2;right;;controlDotsCheat;;0;instructions;left;;lettersGrid;;;cheat;;;;1-7;;21;2;female;;cheat_first
;;;1.2257772722550726;self;0.2;;;;;dotscs_8_3;;;1;;26;12;2;left;;controlDotsCheat;;0;instructions;right;;lettersGrid;;;cheat;;;;1-7;;21;2;female;;cheat_first
;;;0.7263645638940943;self;2;;;;;dotscs_8_3;;;1;;27;14;0.2;left;;controlDotsCheat;;1;instructions;left;;lettersGrid;;;cheat;;;;1-7;;21;0.2;female;;cheat_first
;;;1.46871747467776;self;2;;;;;dotscs_8_3;;;1;;28;14;0.2;left;;controlDotsCheat;;1;instructions;left;;lettersGrid;;;cheat;;;;1-7;;21;0.2;female;;cheat_first
;;;1.2847148813234526;self;0.2;;;;;dotscs_8_3;;;1;;29;14;2;left;;controlDotsCheat;;0;instructions;right;;lettersGrid;;;cheat;;;;1-7;;21;2;female;;cheat_first
;;;1.2680643936346314;self;0.2;;;;;dotscs_8_3;;;1;;30;10;2;right;;controlDotsCheat;;1;instructions;right;;lettersGrid;;;cheat;;;;1-7;;21;0.2;female;;cheat_first
;;;1.2600521714575734;other;2;;;;;dotscs_8_3;;;1;;31;14;0.2;right;;controlDotsCheat;;0;instructions;left;;lettersGrid;;;cheat;;;;1-7;;21;2;female;;cheat_first
;;;1.0588303783551964;other;2;;;;;dotscs_8_3;;;1;;32;10;0.2;right;;controlDotsCheat;;0;instructions;left;;lettersGrid;;;cheat;;;;1-7;;21;2;female;;cheat_first
;;;1.7327131175006798;other;0.2;;;;;dotscs_8_3;;;1;;33;10;2;left;;controlDotsCheat;;0;instructions;right;;lettersGrid;;;cheat;;;;1-7;;21;2;female;;cheat_first
;;;1.2334370132812182;other;2;;;;;dotscs_8_3;;;1;;34;10;0.2;right;;controlDotsCheat;;0;instructions;left;;lettersGrid;;;cheat;;;;1-7;;21;2;female;;cheat_first
;;;1.0097233129126835;other;0.2;;;;;dotscs_8_3;;;1;;35;14;2;left;;controlDotsCheat;;0;instructions;right;;lettersGrid;;;cheat;;;;1-7;;21;2;female;;cheat_first
;;;0.8999417132072267;other;0.2;;;;;dotscs_8_3;;;1;;36;14;2;left;;controlDotsCheat;;0;instructions;right;;lettersGrid;;;cheat;;;;1-7;;21;2;female;;cheat_first
;;;1.0930252968937566;self;0.2;;;;;dotscs_8_3;;;1;;37;14;2;right;;controlDotsCheat;;1;instructions;right;;lettersGrid;;;cheat;;;;1-7;;21;0.2;female;;cheat_first
;;;1.2107462160474824;self;0.2;;;;;dotscs_8_3;;;1;;38;14;2;right;;controlDotsCheat;;1;instructions;right;;lettersGrid;;;cheat;;;;1-7;;21;0.2;female;;cheat_first
;;;0.776604452799802;self;0.2;;;;;dotscs_8_3;;;1;;39;14;2;left;;controlDotsCheat;;0;instructions;right;;lettersGrid;;;cheat;;;;1-7;;21;2;female;;cheat_first
;;;1.8000469267062726;self;0.2;;;;;dotscs_8_3;;;1;;40;12;2;right;;controlDotsCheat;;1;instructions;right;;lettersGrid;;;cheat;;;;1-7;;21;0.2;female;;cheat_first
;;;1.2907466973483679;self;2;;;;;dotscs_8_3;;;1;;41;12;0.2;right;;controlDotsCheat;;0;instructions;left;;lettersGrid;;;cheat;;;;1-7;;21;2;female;;cheat_first
;;;0.7001478934471379;self;0.2;;;;;dotscs_8_3;;;1;;42;10;2;right;;controlDotsCheat;;1;instructions;right;;lettersGrid;;;cheat;;;;1-7;;21;0.2;female;;cheat_first
;;;0.7929265243128611;self;0.2;;;;;dotscs_8_3;;;1;;1;12;2;left;;controlDotsAccuracy;;1;instructions;left;;lettersGrid;;;accuracy;;;;1-7;;21;2;female;;cheat_first
;;;0.9333120523442631;self;2;;;;;dotscs_8_3;;;1;;2;14;0.2;left;;controlDotsAccuracy;;0;instructions;right;;lettersGrid;;;accuracy;;;;1-7;;21;0.2;female;;cheat_first
;;;1.093052193045878;self;2;;;;;dotscs_8_3;;;1;;3;14;0.2;left;;controlDotsAccuracy;;0;instructions;right;;lettersGrid;;;accuracy;;;;1-7;;21;0.2;female;;cheat_first
;;;0.7166454977432295;self;2;;;;;dotscs_8_3;;;1;;4;12;0.2;right;;controlDotsAccuracy;;1;instructions;right;;lettersGrid;;;accuracy;;;;1-7;;21;2;female;;cheat_first
;;;0.958870474854848;self;2;;;;;dotscs_8_3;;;1;;5;10;0.2;right;;controlDotsAccuracy;;1;instructions;right;;lettersGrid;;;accuracy;;;;1-7;;21;2;female;;cheat_first
;;;0.7334311739850818;self;2;;;;;dotscs_8_3;;;1;;6;12;0.2;right;;controlDotsAccuracy;;1;instructions;right;;lettersGrid;;;accuracy;;;;1-7;;21;2;female;;cheat_first
;;;0.6001568470346683;other;0.2;;;;;dotscs_8_3;;;1;;7;10;2;left;;controlDotsAccuracy;;1;instructions;left;;lettersGrid;;;accuracy;;;;1-7;;21;2;female;;cheat_first
;;;0.7832750524394214;other;0.2;;;;;dotscs_8_3;;;1;;8;14;2;left;;controlDotsAccuracy;;1;instructions;left;;lettersGrid;;;accuracy;;;;1-7;;21;2;female;;cheat_first
;;;1.225866100337953;other;2;;;;;dotscs_8_3;;;1;;9;12;0.2;left;;controlDotsAccuracy;;0;instructions;right;;lettersGrid;;;accuracy;;;;1-7;;21;0.2;female;;cheat_first
;;;0.6170041013101581;other;2;;;;;dotscs_8_3;;;1;;10;10;0.2;right;;controlDotsAccuracy;;1;instructions;right;;lettersGrid;;;accuracy;;;;1-7;;21;2;female;;cheat_first
;;;0.6666476742066152;other;2;;;;;dotscs_8_3;;;1;;11;14;0.2;right;;controlDotsAccuracy;;1;instructions;right;;lettersGrid;;;accuracy;;;;1-7;;21;2;female;;cheat_first
;;;0.633336789724126;other;0.2;;;;;dotscs_8_3;;;1;;12;12;2;left;;controlDotsAccuracy;;1;instructions;left;;lettersGrid;;;accuracy;;;;1-7;;21;2;female;;cheat_first
;;;0.8926719663886615;self;0.2;;;;;dotscs_8_3;;;1;;13;12;2;left;;controlDotsAccuracy;;1;instructions;left;;lettersGrid;;;accuracy;;;;1-7;;21;2;female;;cheat_first
;;;0.9769956502550485;self;0.2;;;;;dotscs_8_3;;;1;;14;14;2;left;;controlDotsAccuracy;;1;instructions;left;;lettersGrid;;;accuracy;;;;1-7;;21;2;female;;cheat_first
;;;0.8168255250147922;self;2;;;;;dotscs_8_3;;;1;;15;10;0.2;right;;controlDotsAccuracy;;1;instructions;right;;lettersGrid;;;accuracy;;;;1-7;;21;2;female;;cheat_first
;;;0.6588070919497113;self;0.2;;;;;dotscs_8_3;;;1;;16;10;2;left;;controlDotsAccuracy;;1;instructions;left;;lettersGrid;;;accuracy;;;;1-7;;21;2;female;;cheat_first
;;;0.9832967816983;self;2;;;;;dotscs_8_3;;;1;;17;14;0.2;left;;controlDotsAccuracy;;0;instructions;right;;lettersGrid;;;accuracy;;;;1-7;;21;0.2;female;;cheat_first
;;;0.7924597345136135;self;0.2;;;;;dotscs_8_3;;;1;;18;12;2;left;;controlDotsAccuracy;;1;instructions;left;;lettersGrid;;;accuracy;;;;1-7;;21;2;female;;cheat_first
;;;0.6756373591797455;other;2;;;;;dotscs_8_3;;;1;;19;10;0.2;right;;controlDotsAccuracy;;1;instructions;right;;lettersGrid;;;accuracy;;;;1-7;;21;2;female;;cheat_first
;;;0.7499878790349612;other;0.2;;;;;dotscs_8_3;;;1;;20;14;2;left;;controlDotsAccuracy;;1;instructions;left;;lettersGrid;;;accuracy;;;;1-7;;21;2;female;;cheat_first
;;;0.6167875165047008;other;0.2;;;;;dotscs_8_3;;;1;;21;12;2;left;;controlDotsAccuracy;;1;instructions;left;;lettersGrid;;;accuracy;;;;1-7;;21;2;female;;cheat_first
;;;0.6754632419833797;other;0.2;;;;;dotscs_8_3;;;1;;22;10;2;left;;controlDotsAccuracy;;1;instructions;left;;lettersGrid;;;accuracy;;;;1-7;;21;2;female;;cheat_first
;;;0.633358731322005;other;0.2;;;;;dotscs_8_3;;;1;;23;10;2;left;;controlDotsAccuracy;;1;instructions;left;;lettersGrid;;;accuracy;;;;1-7;;21;2;female;;cheat_first
;;;0.8100434479038086;other;0.2;;;;;dotscs_8_3;;;1;;24;14;2;left;;controlDotsAccuracy;;1;instructions;left;;lettersGrid;;;accuracy;;;;1-7;;21;2;female;;cheat_first
;;;0.6001621554860321;self;2;;;;;dotscs_8_3;;;1;;25;10;0.2;right;;controlDotsAccuracy;;1;instructions;right;;lettersGrid;;;accuracy;;;;1-7;;21;2;female;;cheat_first
;;;0.675975330565052;self;0.2;;;;;dotscs_8_3;;;1;;26;10;2;left;;controlDotsAccuracy;;1;instructions;left;;lettersGrid;;;accuracy;;;;1-7;;21;2;female;;cheat_first
;;;0.8097298953925929;self;2;;;;;dotscs_8_3;;;1;;27;14;0.2;left;;controlDotsAccuracy;;0;instructions;right;;lettersGrid;;;accuracy;;;;1-7;;21;0.2;female;;cheat_first
;;;0.9427076568754273;self;2;;;;;dotscs_8_3;;;1;;28;12;0.2;right;;controlDotsAccuracy;;1;instructions;right;;lettersGrid;;;accuracy;;;;1-7;;21;2;female;;cheat_first
;;;0.8262059119861078;self;2;;;;;dotscs_8_3;;;1;;29;12;0.2;left;;controlDotsAccuracy;;0;instructions;right;;lettersGrid;;;accuracy;;;;1-7;;21;0.2;female;;cheat_first
;;;0.7093120495101175;self;0.2;;;;;dotscs_8_3;;;1;;30;12;2;left;;controlDotsAccuracy;;1;instructions;left;;lettersGrid;;;accuracy;;;;1-7;;21;2;female;;cheat_first
;;;1.3880523753032321;other;2;;;;;dotscs_8_3;;;1;;31;14;0.2;left;;controlDotsAccuracy;;0;instructions;right;;lettersGrid;;;accuracy;;;;1-7;;21;0.2;female;;cheat_first
;;;0.6588067380525899;other;0.2;;;;;dotscs_8_3;;;1;;32;10;2;left;;controlDotsAccuracy;;1;instructions;left;;lettersGrid;;;accuracy;;;;1-7;;21;2;female;;cheat_first
;;;0.6427196539752913;other;2;;;;;dotscs_8_3;;;1;;33;12;0.2;right;;controlDotsAccuracy;;1;instructions;right;;lettersGrid;;;accuracy;;;;1-7;;21;2;female;;cheat_first
;;;0.916640684747108;other;0.2;;;;;dotscs_8_3;;;1;;34;14;2;left;;controlDotsAccuracy;;1;instructions;left;;lettersGrid;;;accuracy;;;;1-7;;21;2;female;;cheat_first
;;;0.542631285958123;other;2;;;;;dotscs_8_3;;;1;;35;10;0.2;right;;controlDotsAccuracy;;1;instructions;right;;lettersGrid;;;accuracy;;;;1-7;;21;2;female;;cheat_first
;;;0.5502935042604804;other;0.2;;;;;dotscs_8_3;;;1;;36;10;2;left;;controlDotsAccuracy;;1;instructions;left;;lettersGrid;;;accuracy;;;;1-7;;21;2;female;;cheat_first
;;;0.7499627523684467;self;2;;;;;dotscs_8_3;;;1;;37;14;0.2;right;;controlDotsAccuracy;;1;instructions;right;;lettersGrid;;;accuracy;;;;1-7;;21;2;female;;cheat_first
;;;0.4758916693754145;self;0.2;;;;;dotscs_8_3;;;1;;38;12;2;left;;controlDotsAccuracy;;1;instructions;left;;lettersGrid;;;accuracy;;;;1-7;;21;2;female;;cheat_first
;;;0.7087893440275366;self;2;;;;;dotscs_8_3;;;1;;39;10;0.2;right;;controlDotsAccuracy;;1;instructions;right;;lettersGrid;;;accuracy;;;;1-7;;21;2;female;;cheat_first
;;;0.7833575103795738;self;2;;;;;dotscs_8_3;;;1;;40;14;0.2;right;;controlDotsAccuracy;;1;instructions;right;;lettersGrid;;;accuracy;;;;1-7;;21;2;female;;cheat_first
;;;0.5333655615304451;self;0.2;;;;;dotscs_8_3;;;1;;41;12;2;left;;controlDotsAccuracy;;1;instructions;left;;lettersGrid;;;accuracy;;;;1-7;;21;2;female;;cheat_first
;;;0.5431915044973721;self;0.2;;;;;dotscs_8_3;;;1;;42;14;2;right;;controlDotsAccuracy;;0;instructions;left;;lettersGrid;;;accuracy;;;;1-7;;21;0.2;female;;cheat_first
;;5.327;;qStress;self;0.5;;;[];;dotscs_8_3;[];;2;;1;10;;;cheat;['J', 'M'];;instructions;right;[1, 1];lettersGrid;[];['4/2-2=0 ?', '3x3-9=0 ?'];5;[];;6;1-7;;21;;female;;cheat_first
;;3.514;;qSatisfied;self;0.5;;;[];;dotscs_8_3;[];;2;;1;12;;;cheat;['J', 'O'];;instructions;right;[1, 1];lettersGrid;[];['9/3-3=0 ?', '2x2-4=0 ?'];5;[];;4;1-7;;21;;female;;cheat_first
;;5.547;;qFrustration;self;5;;;[];;dotscs_8_3;[];;2;;1;10;;;cheat;['N', 'V'];;instructions;left;[1, 1];lettersGrid;[];['1+3x2=7 ?', '2x2-4=0 ?'];0.5;[];;5;1-7;;21;;female;;cheat_first
;;2.983;;qDifficulty;self;0.5;;;[];;dotscs_8_3;[];;2;;1;12;;;cheat;['D', 'L'];;instructions;right;[1, 1];lettersGrid;[];['8/2-3=1 ?', '4x2-5=3 ?'];5;[];;4;1-7;;21;;female;;cheat_first
;;4.894;;qEffort;self;0.5;;;[];;dotscs_8_3;[];;2;;1;10;;;accuracy;['Q', 'U'];;instructions;left;[0, 1];lettersGrid;[];['2x4-8=2 ?', '6/2+5=8 ?'];5;[];;4;1-7;;21;;female;;cheat_first
;;7.716;;qAttitude;self;5;;;[];;dotscs_8_3;[];;2;;1;14;;;accuracy;['G', 'V'];;instructions;right;[0, 0];lettersGrid;[];['4/2+3=6 ?', '2x2-2=0 ?'];0.5;[];;5;1-7;;21;;female;;cheat_first
;;33.19044351400953;;qBirthweight;self;5;;;[];;dotscs_8_3;[];;1;;1;14;;;cheat;[];;instructions;left;[];lettersGrid;[];[];0.5;[];;0;1-7;;21;;female;;cheat_first
;;8.470758043275055;;qFriends;self;0.5;;;[];;dotscs_8_3;[];;1;;1;14;;;cheat;[];;instructions;right;[];lettersGrid;[];[];5;[];;700;1-7;;21;;female;;cheat_first
;;73.10486668178964;;qAbout;self;0.5;;;[];;dotscs_8_3;[];;1;;1;12;;;cheat;[];;instructions;right;[];lettersGrid;[];[];5;[];;to see similsrities between human mind and their ability to do by their best or by the influence of money.;1-7;;21;;female;;cheat_first
;;31.356455058828942;;qFeedback;self;0.5;;;[];;dotscs_8_3;[];;1;;1;12;;;cheat;[];;instructions;right;[];lettersGrid;[];[];5;[];;it made me want to brush up my memory skills ;1-7;;21;;female;;cheat_first
