equationScore;equationProportion;recallRT;dotsRT;dotsReceiver;dotsMoneyRight;recallIntersection;recallLocation;equationScores;utc_start;id;recallRTs;equationRateCumulative;span;recallProportion;no;dotsN;dotsMoneyLeft;dotsAns;pauseRT;condition;encode;dotsCorrect;start_at;dotsSide;timeLimit;equationCorrect;stimType;equationAnss;equationText;dotsIncentive;equationRTs;recallLocationRateCumulative;recallAns;level;recallSum;age;moneyEarned;gender;moneyEarnedCumulative;order
;;;3.358975012306473;self;0.5;;;;1474299917.915;19_3;;;1;;1;12;5;left;;practiceDots;;1;instructions;left;3348;;lettersGrid;;;accuracy;;;;1-3;;23;5;male;;cheat_first
;;;1.8852326337316754;self;0.5;;;;1474299921.808;19_3;;;1;;2;12;5;right;;practiceDots;;1;instructions;right;3348;;lettersGrid;;;cheat;;;;1-3;;23;0.5;male;;cheat_first
;;;1.868596702257264;self;0.5;;;;1474299924.231;19_3;;;1;;3;12;5;left;;practiceDots;;1;instructions;left;3348;;lettersGrid;;;accuracy;;;;1-3;;23;5;male;;cheat_first
;;;2.3566609372162475;self;5;;;;1474299926.623;19_3;;;1;;4;12;0.5;right;;practiceDots;;0;instructions;left;3348;;lettersGrid;;;cheat;;;;1-3;;23;5;male;;cheat_first
;;;1.6486530483400657;self;5;;;;1474299929.515;19_3;;;1;;5;14;0.5;right;;practiceDots;;1;instructions;right;3348;;lettersGrid;;;accuracy;;;;1-3;;23;5;male;;cheat_first
;;;1.5139140002072509;self;5;;;;1474299931.704;19_3;;;1;;6;12;0.5;right;;practiceDots;;1;instructions;right;3348;;lettersGrid;;;accuracy;;;;1-3;;23;5;male;;cheat_first
2;1.0;14.831281312472356;;self;0.5;1;1;1, 1;1474300035.901;19_3;;1.0;2;0.5;1;10;5;;7.434830599016095;practiceCS;O, G;;instructions;left;3348;1, 1;lettersGrid;1, 1;2x3-2=4 ?, 3x2-6=0 ?;accuracy;5.3950156967121075, 5.736910293936035;0.5;D, G;1-3;2;23;;male;;cheat_first
1;1.0;3.2492427676747866;;self;5;1;1;1;1474300071.303;19_3;;1.0;1;1.0;2;12;0.5;;4.69306141977836;practiceCS;M;;instructions;right;3348;1;lettersGrid;1;9/3-3=0 ?;accuracy;2.658652867856972;0.6666666666666666;M;1-3;2;23;;male;;cheat_first
3;1.0;12.316826217172093;;self;5;2;2;1, 1, 1;1474300082.963;19_3;;1.0;3;0.6666666666666666;3;14;0.5;;4.484802447207812;practiceCS;K, S, H;;instructions;right;3348;0, 0, 0;lettersGrid;0, 0, 0;2x4-2=7 ?, 2x3-1=7 ?, 2+2x2=7 ?;accuracy;3.985072640866065, 3.5045129595637263, 3.699193594906319;0.6666666666666666;G, S, H;1-3;4;23;;male;;cheat_first
1;1.0;1.9433127688887453;;self;0.5;1;1;1;1474300113.745;19_3;;1.0;1;1.0;4;14;5;;2.671930753983588;practiceCS;L;;instructions;left;3348;0;lettersGrid;0;3+2x2=6 ?;accuracy;3.6750067504176513;0.7142857142857143;L;1-3;2;23;;male;;cheat_first
3;1.0;3.3594980590999057;;self;5;3;3;1, 1, 1;1474300123.111;19_3;;1.0;3;1.0;5;10;0.5;;2.4244768912758445;practiceCS;U, N, I;;instructions;right;3348;1, 1, 1;lettersGrid;1, 1, 1;9/3+5=8 ?, 3+4/2=5 ?, 3x3-7=2 ?;accuracy;4.260412895545414, 3.15169878733127, 3.978322576900837;0.8;U, N, I;1-3;6;23;;male;;cheat_first
2;1.0;3.125231841022014;;self;5;2;2;1, 1;1474300143.059;19_3;;1.0;2;1.0;6;14;0.5;;2.454682312772775;practiceCS;X, F;;instructions;left;3348;0, 1;lettersGrid;0, 1;2x4-5=4 ?, 4/2+7=9 ?;cheat;3.071038460218233, 3.131751169865993;0.8333333333333334;X, F;1-3;4;23;;male;;cheat_first
2;1.0;2.7072349969971583;1.4569592295993061;self;5;2;2;1, 1;1474300191.198;19_3;;1.0;2;1.0;1;10;0.5;right;2.9012761563208187;practiceExp;T, X;1;instructions;right;3348;0, 1;lettersGrid;0, 1;3x3-7=0 ?, 3x3-9=0 ?;accuracy;2.650597664125371, 1.71180263229121;0.8571428571428571;T, X;1-3;4;23;5;male;;cheat_first
1;1.0;1.0208691423979417;2.678874394806826;self;0.5;1;1;1;1474300210.46;19_3;;1.0;1;1.0;2;12;5;left;1.7792155076649578;practiceExp;S;1;instructions;left;3348;1;lettersGrid;1;4/2-1=1 ?;accuracy;2.3924415137782944;0.8666666666666667;S;1-3;2;23;5;male;;cheat_first
3;1.0;4.573887791245625;1.9178409562625802;self;0.5;3;3;1, 1, 1;1474300222.589;19_3;;1.0;3;1.0;3;12;5;right;1.898478316029923;practiceExp;J, Y, H;1;instructions;right;3348;1, 1, 0;lettersGrid;1, 1, 0;2x2-1=3 ?, 7+8/4=9 ?, 3x2-3=2 ?;cheat;1.9699538282034155, 4.2430345065788515, 3.231303465875044;0.8888888888888888;J, Y, H;1-3;6;23;0.5;male;;cheat_first
3;1.0;4.5792283184187;1.4733279754655086;self;0.5;3;3;1, 1, 1;1474300253.23;19_3;;1.0;3;1.0;1;14;5;left;7.113576886286182;experiment;U, I, M;0;instructions;right;3348;1, 1, 0;lettersGrid;1, 1, 0;3x3-2=7 ?, 4/2-1=1 ?, 4x2-6=3 ?;cheat;2.0607166024183243, 1.8892935010903784, 3.8524816942469897;0.9047619047619048;U, I, M;1-3;6;23;4.523809523809524;male;4.523809523809524;cheat_first
2;1.0;2.096771442352747;1.3126092851068734;self;5;2;2;1, 1;1474300278.595;19_3;;1.0;2;1.0;2;10;0.5;right;7.360724989569235;experiment;M, X;1;instructions;right;3348;1, 1;lettersGrid;1, 1;6/2+3=6 ?, 5+8/2=9 ?;accuracy;3.6895398780714004, 3.318344043760362;0.9130434782608695;M, X;1-3;4;23;4.565217391304348;male;9.089026915113871;cheat_first
3;1.0;3.6678589160899264;1.6485436968791873;self;0.5;3;3;1, 1, 1;1474300302.446;19_3;;1.0;3;1.0;3;14;5;right;5.612952096628533;experiment;U, A, R;1;instructions;right;3348;1, 1, 1;lettersGrid;1, 1, 1;4/2+3=5 ?, 9/3+5=8 ?, 3x3-2=7 ?;cheat;2.1984357432766046, 2.6777175342060673, 2.193767249839084;0.9230769230769231;U, A, R;1-3;6;23;0.46153846153846156;male;9.550565376652333;cheat_first
1;1.0;1.4738425289417592;1.2667952696467637;self;0.5;1;1;1;1474300324.798;19_3;;1.0;1;1.0;4;10;5;left;2.0603612986424196;experiment;C;0;instructions;right;3348;1;lettersGrid;1;2x3-1=5 ?;cheat;3.5509983009826556;0.9259259259259259;C;1-3;2;23;4.62962962962963;male;14.180195006281963;cheat_first
2;1.0;2.4151537060413375;1.9612467623651355;self;5;2;2;1, 1;1474300339.292;19_3;;1.0;2;1.0;5;10;0.5;right;8.651999769264876;experiment;R, N;0;instructions;left;3348;1, 1;lettersGrid;1, 1;4/2+1=3 ?, 2x3-2=4 ?;cheat;2.694394516714283, 2.9937092829482026;0.9310344827586207;R, N;1-3;4;23;4.655172413793103;male;18.835367420075066;cheat_first
1;1.0;1.2085084637676573;2.395912803357305;self;5;1;1;1;1474300361.288;19_3;;1.0;1;1.0;6;10;0.5;right;3.477463159351373;experiment;C;0;instructions;left;3348;1;lettersGrid;1;4/2+4=6 ?;cheat;1.2718229596309811;0.9333333333333333;C;1-3;2;23;4.666666666666667;male;23.502034086741734;cheat_first
1;1.0;2.230567732259715;3.276480836421797;other;5;1;1;1;1474300372.677;19_3;;1.0;1;1.0;7;14;0.5;left;7.586097642714776;experiment;H;0;instructions;right;3348;1;lettersGrid;1;2+9/3=5 ?;accuracy;2.114397553075378;0.9354838709677419;H;1-3;2;23;0.46774193548387094;male;23.502034086741734;cheat_first
2;1.0;1.8465289404480245;2.014050070229132;other;5;2;2;1, 1;1474300394.268;19_3;;1.0;2;1.0;8;14;0.5;left;2.531748197205161;experiment;N, W;1;instructions;left;3348;1, 0;lettersGrid;1, 0;4x2-7=1 ?, 3x3-3=8 ?;cheat;3.8611869906444554, 2.8165563774018665;0.9393939393939394;N, W;1-3;4;23;0.4696969696969697;male;23.502034086741734;cheat_first
3;1.0;4.12384247585851;1.7487584716418496;other;0.5;3;3;1, 1, 1;1474300412.786;19_3;;1.0;3;1.0;9;10;5;right;3.3806067838245326;experiment;R, W, A;1;instructions;right;3348;1, 1, 0;lettersGrid;1, 1, 0;4/2+1=3 ?, 4/2+5=7 ?, 8/2+4=9 ?;cheat;1.659206349037504, 2.8559299810917764, 2.748550385366798;0.9444444444444444;R, W, A;1-3;6;23;0.4722222222222222;male;23.502034086741734;cheat_first
1;1.0;1.1490333012357041;1.8492963463518208;other;5;1;1;1;1474300433.222;19_3;;1.0;1;1.0;10;14;0.5;right;2.4275776598856282;experiment;S;0;instructions;left;3348;1;lettersGrid;1;2x2-1=3 ?;cheat;2.326438529084953;0.9459459459459459;S;1-3;2;23;4.72972972972973;male;23.502034086741734;cheat_first
3;1.0;2.8483316470560567;2.04936776099521;other;0.5;3;3;1, 1, 1;1474300443.877;19_3;;1.0;3;1.0;11;14;5;left;3.2458383629696073;experiment;X, L, A;1;instructions;left;3348;1, 1, 1;lettersGrid;1, 1, 1;8/4-1=1 ?, 1+3x2=7 ?, 5+8/4=7 ?;accuracy;3.9478312137198373, 4.757075552658534, 2.461835455423625;0.95;X, L, A;1-3;6;23;4.75;male;23.502034086741734;cheat_first
2;1.0;2.706505279481462;1.8392547680246025;other;0.5;2;2;1, 1;1474300467.456;19_3;;1.0;2;1.0;12;14;5;right;2.075935919336189;experiment;S, A;1;instructions;right;3348;1, 1;lettersGrid;1, 1;3x3-1=8 ?, 2+9/3=5 ?;cheat;2.718550219039116, 2.8173696125386414;0.9523809523809523;S, A;1-3;4;23;0.47619047619047616;male;23.502034086741734;cheat_first
1;1.0;1.0052800122871304;1.8586329793388359;self;0.5;1;1;1;1474300482.804;19_3;;1.0;1;1.0;13;10;5;left;1.7203784055991491;experiment;M;1;instructions;left;3348;0;lettersGrid;0;3x2-4=0 ?;accuracy;3.6958822628039343;0.9534883720930233;M;1-3;2;23;4.767441860465117;male;28.26947594720685;cheat_first
3;1.0;4.297290879486354;1.6370632090370236;self;5;3;3;1, 1, 1;1474300493.313;19_3;;1.0;3;1.0;14;10;0.5;right;3.000531540110842;experiment;Q, F, E;1;instructions;right;3348;0, 0, 1;lettersGrid;0, 0, 1;5+9/3=9 ?, 6+9/3=7 ?, 4x2-5=3 ?;accuracy;3.5631310048192972, 2.403952082118849, 4.874456737341461;0.9565217391304348;Q, F, E;1-3;6;23;4.782608695652174;male;33.05208464285902;cheat_first
3;1.0;7.962828996610369;1.548615571577102;self;0.5;3;3;1, 1, 1;1474300517.087;19_3;;1.0;3;1.0;15;10;5;right;3.418436373197437;experiment;R, I, Z;1;instructions;right;3348;0, 0, 0;lettersGrid;0, 0, 0;8/4+7=8 ?, 3x3-6=2 ?, 2x3-2=3 ?;cheat;2.434445568629144, 2.4877199017182647, 3.5310121097013507;0.9591836734693877;R, I, Z;1-3;6;23;0.47959183673469385;male;33.53167647959371;cheat_first
1;1.0;1.723079988293648;2.4178383021007903;self;5;1;1;1;1474300544.213;19_3;;1.0;1;1.0;16;10;0.5;left;1.7492386979606636;experiment;U;1;instructions;left;3348;0;lettersGrid;0;3x3-7=3 ?;cheat;4.154408863342724;0.96;U;1-3;2;23;0.48;male;34.01167647959371;cheat_first
2;0.6666666666666666;3.353760469340614;2.0960923308525707;self;0.5;3;3;0, 1, 1;1474300556.523;19_3;;0.9811320754716981;3;1.0;17;14;5;left;5.576959894909123;experiment;C, R, L;1;instructions;left;3348;0, 0, 1;lettersGrid;1, 0, 1;4/2-1=2 ?, 3x3-4=4 ?, 9/3+6=9 ?;accuracy;2.472421667726394, 1.6771081386859805, 3.961006472261488;0.9622641509433962;C, R, L;1-3;6;23;4.720541117835529;male;38.73221759742924;cheat_first
3;1.0;3.0331773747934676;1.8299068106139202;self;0.5;3;3;1, 1, 1;1474300579.546;19_3;;0.9821428571428571;3;1.0;18;12;5;right;3.493791208071798;experiment;H, X, K;1;instructions;right;3348;1, 0, 0;lettersGrid;1, 0, 0;2x2-1=3 ?, 4x2-6=3 ?, 6+4/2=7 ?;cheat;2.8790445442641612, 3.330998024950077, 2.69909273676285;0.9642857142857143;H, X, K;1-3;6;23;0.4735331632653061;male;39.20575076069455;cheat_first
1;1.0;1.0490924359578457;1.9672487066268332;other;0.5;1;1;1;1474300600.83;19_3;;0.9824561403508771;1;1.0;19;14;5;right;4.190533773145489;experiment;E;1;instructions;right;3348;0;lettersGrid;0;2x4-1=9 ?;cheat;3.2322515324244705;0.9649122807017544;E;1-3;2;23;0.4739919975377039;male;39.20575076069455;cheat_first
2;1.0;1.4951851737823745;2.0939021166409475;other;0.5;2;2;1, 1;1474300614.565;19_3;;0.9830508474576272;2;1.0;20;14;5;left;4.062641754351262;experiment;O, L;1;instructions;left;3348;0, 1;lettersGrid;0, 1;2+4/2=3 ?, 3x3-7=2 ?;accuracy;5.294920536169229, 4.074314049610166;0.9661016949152542;O, L;1-3;4;23;4.748635449583453;male;39.20575076069455;cheat_first
3;1.0;2.383371358622753;1.777913906781123;other;5;3;3;1, 1, 1;1474300634.862;19_3;;0.9838709677419355;3;1.0;21;12;0.5;right;1.8926391603508819;experiment;I, N, Z;0;instructions;left;3348;0, 0, 0;lettersGrid;0, 0, 0;6/2-1=4 ?, 4/2+3=7 ?, 3+2x2=6 ?;cheat;5.519571611228457, 2.848981739721239, 3.9196585261761356;0.967741935483871;I, N, Z;1-3;6;23;4.7606659729448495;male;39.20575076069455;cheat_first
3;1.0;2.438578275297459;1.6349869468326688;other;5;3;3;1, 1, 1;1474300657.071;19_3;;0.9846153846153847;3;1.0;22;10;0.5;left;2.3384608197961825;experiment;F, U, X;1;instructions;left;3348;0, 1, 0;lettersGrid;0, 1, 0;5+6/3=5 ?, 6/2+4=7 ?, 2x2-4=2 ?;cheat;3.320360852743306, 3.227015402277175, 4.321038194801986;0.9692307692307692;F, U, X;1-3;6;23;0.4771597633136095;male;39.20575076069455;cheat_first
1;1.0;1.6585162670030513;2.94789845248215;other;5;1;1;1;1474300678.464;19_3;;0.9848484848484849;1;1.0;23;12;0.5;left;1.2759089530536585;experiment;E;1;instructions;left;3348;0;lettersGrid;0;4+6/2=9 ?;cheat;2.513839329792063;0.9696969696969697;E;1-3;2;23;0.4775022956841139;male;39.20575076069455;cheat_first
3;1.0;2.8506407677109564;1.7313117822486674;other;5;3;3;1, 1, 1;1474300689.177;19_3;;0.9855072463768116;3;1.0;24;12;0.5;right;1.6384780541529835;experiment;J, E, U;0;instructions;left;3348;0, 1, 1;lettersGrid;0, 1, 1;2x2+2=8 ?, 6/3+1=3 ?, 3x3-9=0 ?;cheat;2.103883887858501, 3.8750838272731016, 3.2790755448727396;0.9710144927536232;J, E, U;1-3;6;23;4.784709094727998;male;39.20575076069455;cheat_first
3;1.0;2.8306131715075935;1.7852956612241542;self;0.5;3;3;1, 1, 1;1474300708.582;19_3;;0.9861111111111112;3;1.0;25;10;5;left;1.8180848206370683;experiment;Q, D, S;1;instructions;left;3348;1, 1, 1;lettersGrid;1, 1, 1;8/2-4=0 ?, 8/2+2=6 ?, 9/3-2=1 ?;accuracy;2.961086097112002, 2.5776959824133883, 4.19364055785536;0.9722222222222222;Q, D, S;1-3;6;23;4.793595679012346;male;43.9993464397069;cheat_first
2;1.0;1.8628039059349248;1.4432814497808977;self;5;2;2;1, 1;1474300728.738;19_3;;0.9864864864864865;2;1.0;26;10;0.5;right;1.8150265186141041;experiment;P, Y;0;instructions;left;3348;1, 0;lettersGrid;1, 0;9/3-1=2 ?, 4x2-2=7 ?;cheat;1.9537510559139264, 6.77082446400982;0.972972972972973;P, Y;1-3;4;23;4.7991234477720965;male;48.798469887478994;cheat_first
1;1.0;0.9545957871023347;1.5312272737405692;self;5;1;1;1;1474300746.639;19_3;;0.9866666666666667;1;1.0;27;12;0.5;right;3.4817388368614957;experiment;A;0;instructions;left;3348;1;lettersGrid;1;3x3-6=3 ?;cheat;2.12111682876548;0.9733333333333334;A;1-3;2;23;4.801777777777778;male;53.600247665256774;cheat_first
3;1.0;3.7605549816667008;1.5536333526911221;self;0.5;3;3;1, 1, 1;1474300756.929;19_3;;0.9871794871794872;3;1.0;28;14;5;left;3.2319429418939762;experiment;N, B, H;0;instructions;right;3348;0, 1, 1;lettersGrid;0, 1, 1;3+2x3=7 ?, 2x2-2=2 ?, 1+4/2=3 ?;cheat;2.220654261468553, 1.8505292929207826, 2.119813812328175;0.9743589743589743;N, B, H;1-3;6;23;4.809335963182117;male;58.40958362843889;cheat_first
2;1.0;1.9627631734006172;1.5716013194369225;self;0.5;2;2;1, 1;1474300775.78;19_3;;0.9875;2;1.0;29;10;5;right;0.9612556095707987;experiment;V, D;1;instructions;right;3348;1, 0;lettersGrid;1, 0;9/3+5=8 ?, 9/3+3=7 ?;cheat;2.86104048092011, 1.497811732172977;0.975;V, D;1-3;4;23;0.48140625000000004;male;58.89098987843889;cheat_first
2;1.0;2.9365474877299675;1.5944908096998915;self;0.5;2;2;1, 1;1474300787.7;19_3;;0.9878048780487805;2;1.0;30;14;5;right;1.5585339968029075;experiment;Z, B;1;instructions;right;3348;0, 1;lettersGrid;0, 1;9/3-1=3 ?, 5+9/3=8 ?;cheat;3.8419209618964487, 1.8392207947554198;0.975609756097561;Z, B;1-3;4;23;0.4818560380725758;male;59.372845916511466;cheat_first
2;1.0;2.267939036383723;1.590686511302465;other;0.5;2;2;1, 1;1474300802.933;19_3;;0.9880952380952381;2;1.0;31;12;5;right;1.9193025146232685;experiment;I, K;1;instructions;right;3348;1, 0;lettersGrid;1, 0;6/2+1=4 ?, 6/2+3=7 ?;cheat;2.577049074741808, 3.408374623241343;0.9761904761904762;I, K;1-3;4;23;0.48228458049886624;male;59.372845916511466;cheat_first
2;1.0;1.4125915553072446;2.266624341635179;other;0.5;2;2;1, 1;1474300818.151;19_3;;0.9883720930232558;2;1.0;32;12;5;right;1.4979094053228437;experiment;O, D;1;instructions;right;3348;0, 0;lettersGrid;0, 0;8/2-2=1 ?, 6/2+3=4 ?;cheat;3.468922420977833, 2.370401709138605;0.9767441860465116;O, D;1-3;4;23;0.4826933477555435;male;59.372845916511466;cheat_first
3;1.0;3.543677769201622;1.7618555208860016;other;0.5;3;3;1, 1, 1;1474300833.087;19_3;;0.9887640449438202;3;1.0;33;12;5;right;1.5333541419608991;experiment;R, P, W;1;instructions;right;3348;0, 0, 0;lettersGrid;0, 0, 0;6/2-3=2 ?, 1+2x3=9 ?, 2+9/3=7 ?;cheat;5.505990442894699, 2.9170146272617785, 2.311744736178298;0.9775280898876404;R, P, W;1-3;6;23;0.4832723141017548;male;59.372845916511466;cheat_first
2;0.6666666666666666;7.340314840196697;1.6832265121734054;other;0.5;2;2;1, 0, 1;1474300854.616;19_3;;0.9782608695652174;3;0.6666666666666666;34;12;5;left;4.788470746360872;experiment;H, B, J;0;instructions;right;3348;1, 0, 0;lettersGrid;1, 1, 0;4x2-2=6 ?, 9/3+1=6 ?, 2+6/2=4 ?;cheat;2.992396711528727, 0.11186972949826668, 5.354226540130185;0.967391304347826;H, B, G;1-3;4;23;4.731805293005671;male;59.372845916511466;cheat_first
2;1.0;2.053878066396919;1.7663799818174084;other;5;2;2;1, 1;1474300880.786;19_3;;0.9787234042553191;2;1.0;35;14;0.5;right;1.92904151852008;experiment;X, Y;0;instructions;left;3348;1, 0;lettersGrid;1, 0;3x3-7=2 ?, 9/3+4=8 ?;cheat;2.8847563001831986, 3.16869037646984;0.9680851063829787;X, Y;1-3;4;23;4.7374377546401085;male;59.372845916511466;cheat_first
1;0.5;3.3868844070125306;1.942739116078883;other;5;2;2;1, 0;1474300896.425;19_3;;0.96875;2;1.0;36;14;0.5;right;2.288688564562108;experiment;F, R;1;instructions;right;3348;1, 0;lettersGrid;1, 1;2x4-3=5 ?, 4+4/2=4 ?;accuracy;3.009701845633572, 1.5844828507538296;0.96875;F, R;1-3;4;23;4.6923828125;male;59.372845916511466;cheat_first
2;1.0;2.847865930154512;1.5031596909993823;self;5;2;2;1, 1;1474300912.58;19_3;;0.9693877551020408;2;1.0;37;10;0.5;right;2.8910940843688877;experiment;Y, J;0;instructions;left;3348;0, 0;lettersGrid;0, 0;2x3-6=2 ?, 3x3-4=3 ?;cheat;2.6551415889089185, 2.891720466523566;0.9693877551020408;Y, J;1-3;4;23;4.698563098708871;male;64.07140901522034;cheat_first
2;1.0;3.9319996701765376;1.8266089262642708;self;5;2;2;1, 1;1474300928.781;19_3;;0.97;2;1.0;38;14;0.5;right;2.9148460002311367;experiment;Q, W;0;instructions;left;3348;0, 1;lettersGrid;0, 1;2+8/2=8 ?, 9/3-1=2 ?;cheat;3.512426254118054, 3.786984415824463;0.97;Q, W;1-3;4;23;4.7044999999999995;male;68.77590901522034;cheat_first
3;1.0;3.011930987549931;1.723962585521349;self;5;3;3;1, 1, 1;1474300947.827;19_3;;0.970873786407767;3;1.0;39;14;0.5;right;1.2254073341919138;experiment;G, Y, F;0;instructions;left;3348;0, 0, 0;lettersGrid;0, 0, 0;2x4-7=3 ?, 6+4/2=7 ?, 3x3-6=2 ?;cheat;3.1025564531341843, 2.3777431203243395, 1.9217793782963781;0.970873786407767;G, Y, F;1-3;6;23;4.712979545668771;male;73.48888856088911;cheat_first
1;1.0;1.4427120436298537;1.6892415502993572;self;0.5;1;1;1;1474300968.825;19_3;;0.9711538461538461;1;1.0;40;10;5;left;1.0277455444588668;experiment;T;1;instructions;left;3348;1;lettersGrid;1;2x4-2=6 ?;accuracy;4.102707563405147;0.9711538461538461;T;1-3;2;23;4.715698964497042;male;78.20458752538615;cheat_first
2;1.0;3.004326637414124;2.5789547628223772;self;5;2;2;1, 1;1474300979.339;19_3;;0.9716981132075472;2;1.0;41;10;0.5;left;1.8992048485520172;experiment;Q, K;1;instructions;left;3348;0, 0;lettersGrid;0, 0;2x2+1=6 ?, 9/3+6=7 ?;cheat;4.661166182016586, 1.9298936813611363;0.9716981132075472;Q, K;1-3;4;23;0.4720986116055536;male;78.6766861369917;cheat_first
3;1.0;2.4378828849394267;2.075646438770036;self;5;3;3;1, 1, 1;1474300996.697;19_3;;0.9724770642201835;3;1.0;42;10;0.5;right;1.2979377871583893;experiment;M, S, N;0;instructions;left;3348;1, 0, 1;lettersGrid;1, 0, 1;3+2x2=7 ?, 4x2-5=2 ?, 3x3-8=1 ?;cheat;2.908580055355287, 2.4550570804008203, 3.1716952413712534;0.9724770642201835;M, S, N;1-3;6;23;4.728558202171535;male;83.40524433916325;cheat_first
1;1.0;0.9443892968633918;2.0566511345123217;other;0.5;1;1;1;1474301015.164;19_3;;0.9727272727272728;1;1.0;43;12;5;left;1.4463117946343118;experiment;U;0;instructions;right;3348;1;lettersGrid;1;2x4-5=3 ?;cheat;2.0437253671680082;0.9727272727272728;U;1-3;2;23;4.730991735537191;male;83.40524433916325;cheat_first
3;1.0;3.4497133682339154;2.275378828495377;other;5;3;3;1, 1, 1;1474301024.57;19_3;;0.9734513274336283;3;1.0;44;14;0.5;right;0.9266343708272871;experiment;D, F, N;0;instructions;left;3348;1, 1, 0;lettersGrid;1, 1, 0;6/2+6=9 ?, 8/2+5=9 ?, 2+2x2=7 ?;cheat;1.739188980203835, 2.092681202271706, 1.6638656413815625;0.9734513274336283;D, F, N;1-3;6;23;4.738037434411465;male;83.40524433916325;cheat_first
1;1.0;0.6579857885567435;1.5473122012517706;other;0.5;1;1;1;1474301041.506;19_3;;0.9736842105263158;1;1.0;45;12;5;left;0.8848741449614863;experiment;M;1;instructions;left;3348;0;lettersGrid;0;4/2-2=1 ?;accuracy;2.745727772900409;0.9736842105263158;M;1-3;2;23;4.740304709141275;male;83.40524433916325;cheat_first
3;1.0;2.5859401624556995;1.663972515624664;other;5;3;3;1, 1, 1;1474301049.521;19_3;;0.9743589743589743;3;1.0;46;10;0.5;right;1.5039010868258629;experiment;N, B, Z;1;instructions;right;3348;1, 1, 0;lettersGrid;1, 1, 0;2x3+2=8 ?, 2x3-3=3 ?, 2x2+2=4 ?;accuracy;2.7611091706239677, 2.4017806239826314, 2.9930680374882286;0.9743589743589743;N, B, Z;1-3;6;23;4.746877054569362;male;83.40524433916325;cheat_first
2;1.0;1.6985831377214708;1.921059569650879;other;0.5;2;2;1, 1;1474301067.488;19_3;;0.9747899159663865;2;1.0;47;10;5;right;1.37256184285161;experiment;B, V;1;instructions;right;3348;0, 1;lettersGrid;0, 1;9/3-2=3 ?, 8/4+3=5 ?;cheat;2.62730898794689, 2.737217115025487;0.9747899159663865;B, V;1-3;4;23;0.47510769013487747;male;83.40524433916325;cheat_first
1;1.0;1.3533524362196658;1.6950672582261177;other;5;1;1;1;1474301080.85;19_3;;0.975;1;1.0;48;10;0.5;right;0.7844919810695501;experiment;O;1;instructions;right;3348;1;lettersGrid;1;9/3+3=6 ?;accuracy;1.701914641453186;0.975;O;1-3;2;23;4.753125;male;83.40524433916325;cheat_first
3;1.0;2.2666013389007276;1.5464543761995628;self;0.5;3;3;1, 1, 1;1474301089.17;19_3;;0.975609756097561;3;1.0;49;10;5;left;1.8299545855243196;experiment;I, Z, T;1;instructions;left;3348;1, 1, 1;lettersGrid;1, 1, 1;6+9/3=9 ?, 1+4/2=3 ?, 2+9/3=5 ?;accuracy;2.2052318127111903, 2.4693028508172574, 3.697135734889798;0.975609756097561;I, Z, T;1-3;6;23;4.759071980963712;male;88.16431632012696;cheat_first
1;1.0;0.7247107052248793;1.7332383497341652;self;5;1;1;1;1474301107.699;19_3;;0.9758064516129032;1;1.0;50;12;0.5;right;1.3570689703374228;experiment;J;0;instructions;left;3348;1;lettersGrid;1;1+3x2=7 ?;cheat;3.0231736625059966;0.9758064516129032;J;1-3;2;23;4.760991155046827;male;92.92530747517378;cheat_first
1;1.0;1.5691835550974247;1.7783491892951133;self;5;1;1;1;1474301116.846;19_3;;0.976;1;1.0;51;14;0.5;right;0.7836727298335973;experiment;P;1;instructions;right;3348;0;lettersGrid;0;3+3x2=7 ?;accuracy;1.822600080473876;0.976;P;1-3;2;23;4.76288;male;97.68818747517378;cheat_first
3;1.0;2.931737792890999;1.6400935538908925;self;5;3;3;1, 1, 1;1474301125.01;19_3;;0.9765625;3;1.0;52;10;0.5;left;2.852536193033302;experiment;M, D, H;1;instructions;left;3348;1, 1, 0;lettersGrid;1, 1, 0;9/3+6=9 ?, 3x3-4=5 ?, 8/2+2=5 ?;cheat;1.2471251005481463, 3.5964810770656186, 2.2437302508251378;0.9765625;M, D, H;1-3;6;23;0.476837158203125;male;98.1650246333769;cheat_first
1;1.0;1.5020704230482806;1.568106319346498;self;5;1;1;1;1474301146.568;19_3;;0.9767441860465116;1;1.0;53;12;0.5;right;2.0151407537323394;experiment;P;0;instructions;left;3348;1;lettersGrid;1;8/4-1=1 ?;cheat;3.9829726681509783;0.9767441860465116;P;1-3;2;23;4.770146024878312;male;102.93517065825522;cheat_first
3;1.0;3.509766430233867;1.501263204012048;self;0.5;3;3;1, 1, 1;1474301159.072;19_3;;0.9772727272727273;3;1.0;54;10;5;right;0.8152423904298303;experiment;L, J, R;1;instructions;right;3348;0, 0, 0;lettersGrid;0, 0, 0;2x4-1=5 ?, 2+3x2=7 ?, 4x2-6=1 ?;cheat;3.318992013096249, 2.761621954659404, 2.8984344338900883;0.9772727272727273;L, J, R;1-3;6;23;0.4775309917355372;male;103.41270164999075;cheat_first
1;1.0;0.99797823658173;1.8125977837394203;other;0.5;1;1;1;1474301178.287;19_3;;0.9774436090225563;1;1.0;55;14;5;left;1.6039849229459833;experiment;A;0;instructions;right;3348;0;lettersGrid;0;8/4-1=0 ?;cheat;2.4143882458147345;0.9774436090225563;A;1-3;2;23;4.7769800440951995;male;103.41270164999075;cheat_first
1;1.0;0.8079901590763257;1.452580924504673;other;5;1;1;1;1474301187.575;19_3;;0.9776119402985075;1;1.0;56;10;0.5;right;1.0132849638912376;experiment;M;1;instructions;right;3348;1;lettersGrid;1;6/2-2=1 ?;accuracy;2.907398068690327;0.9776119402985075;M;1-3;2;23;4.778625529071063;male;103.41270164999075;cheat_first
2;1.0;1.5168183608534491;1.6824957329927201;other;5;2;2;1, 1;1474301197.144;19_3;;0.9779411764705882;2;1.0;57;10;0.5;left;3.5091796835604327;experiment;L, C;1;instructions;left;3348;1, 1;lettersGrid;1, 1;3x3-8=1 ?, 2x4-7=1 ?;cheat;1.4460194829621287, 1.7713882079492578;0.9779411764705882;L, C;1-3;4;23;0.47818447231833905;male;103.41270164999075;cheat_first
2;0.6666666666666666;4.755926123710196;1.6992410159277824;other;5;3;3;1, 1, 0;1474301210.054;19_3;;0.9712230215827338;3;1.0;58;10;0.5;right;1.7930642154951784;experiment;Q, R, N;1;instructions;right;3348;0, 0, 1;lettersGrid;0, 0, 0;3x3-8=0 ?, 6/2-3=2 ?, 9/3+3=6 ?;accuracy;3.5111646426030347, 3.8661647823887506, 2.4466809000509784;0.9784172661870504;Q, R, N;1-3;6;23;4.751306868174526;male;103.41270164999075;cheat_first
2;0.6666666666666666;3.5286768013179426;1.5457940207752472;other;5;3;3;0, 1, 1;1474301234.827;19_3;;0.9647887323943662;3;1.0;59;10;0.5;left;2.264474824568424;experiment;J, U, Z;1;instructions;left;3348;0, 0, 0;lettersGrid;1, 0, 0;2x3-1=7 ?, 1+4/2=5 ?, 2x3-6=1 ?;cheat;2.244552333167121, 4.537687857139645, 3.0031450046380996;0.9788732394366197;J, U, Z;1-3;6;23;0.4722029359254117;male;103.41270164999075;cheat_first
2;1.0;1.5860863182920184;1.616856191504212;other;0.5;2;2;1, 1;1474301256.353;19_3;;0.9652777777777778;2;1.0;60;10;5;left;2.7518450847223903;experiment;D, R;1;instructions;left;3348;1, 0;lettersGrid;1, 0;8/4+2=4 ?, 2x3-1=4 ?;accuracy;2.5137186539086542, 3.940326660062965;0.9791666666666666;D, R;1-3;4;23;4.72583912037037;male;103.41270164999075;cheat_first
3;1.0;2.537272746254075;2.2697466974268536;self;0.5;3;3;1, 1, 1;1474301272.072;19_3;;0.9659863945578231;3;1.0;61;12;5;right;1.305302908855083;experiment;J, A, K;1;instructions;right;3348;0, 1, 0;lettersGrid;0, 1, 0;3x2-1=7 ?, 9/3+5=8 ?, 2x4-3=6 ?;cheat;2.3139936958350518, 1.740556404297422, 4.733710436623369;0.9795918367346939;J, A, K;1-3;6;23;0.4731361932528113;male;103.88583784324356;cheat_first
2;1.0;2.0113138064889426;1.5883377551663216;self;0.5;2;2;1, 1;1474301290.804;19_3;;0.9664429530201343;2;1.0;62;14;5;left;0.68841309796926;experiment;H, C;1;instructions;left;3348;1, 1;lettersGrid;1, 1;2x2-2=2 ?, 4x2-2=6 ?;accuracy;1.7865310850106653, 2.857932988434186;0.9798657718120806;H, C;1-3;4;23;4.734921850367101;male;108.62075969361067;cheat_first
1;1.0;0.9065770480128776;1.9376806378195397;self;0.5;1;1;1;1474301303.011;19_3;;0.9666666666666667;1;1.0;63;14;5;right;0.8196026472251106;experiment;E;1;instructions;right;3348;0;lettersGrid;0;2x2+4=6 ?;cheat;3.9717105293425448;0.98;E;1-3;2;23;0.4736666666666667;male;109.09442636027734;cheat_first
3;1.0;3.3358055964595223;2.076369078521111;self;0.5;3;3;1, 1, 1;1474301313.064;19_3;;0.9673202614379085;3;1.0;64;10;5;right;0.7446017005745489;experiment;T, G, J;1;instructions;right;3348;0, 0, 0;lettersGrid;0, 0, 0;8/2+5=8 ?, 6/3+1=2 ?, 9/3-1=0 ?;cheat;2.75640351892298, 4.404940845814053, 2.306452337802966;0.9803921568627451;T, G, J;1-3;6;23;0.47417659874407275;male;109.5686029590214;cheat_first
1;1.0;1.0025501185346002;1.5051747305406025;self;0.5;1;1;1;1474301332.483;19_3;;0.9675324675324676;1;1.0;65;14;5;left;1.1190387971200835;experiment;T;0;instructions;right;3348;0;lettersGrid;0;3x2+1=5 ?;cheat;2.1365626341457755;0.9805194805194806;T;1-3;2;23;4.7434221622533315;male;114.31202512127473;cheat_first
2;0.6666666666666666;2.7497992569055896;1.784342640239629;self;5;3;3;1, 1, 0;1474301340.475;19_3;;0.9617834394904459;3;1.0;66;10;0.5;left;6.381720470062646;experiment;C, I, Z;1;instructions;left;3348;1, 0, 0;lettersGrid;1, 0, 1;3+9/3=6 ?, 3x2-1=7 ?, 2x2-2=4 ?;cheat;3.0237037870638233, 3.325754109261652, 1.5438458661074037;0.9808917197452229;C, I, Z;1-3;6;23;0.4717027059921295;male;114.78372782726686;cheat_first
1;1.0;0.719757331767596;2.1073236813858784;other;0.5;1;1;1;1474301363.406;19_3;;0.9620253164556962;1;1.0;67;14;5;right;1.777842775247791;experiment;C;1;instructions;right;3348;1;lettersGrid;1;6/2-1=2 ?;cheat;3.0529399087181446;0.9810126582278481;C;1-3;2;23;0.4718795064893447;male;114.78372782726686;cheat_first
2;1.0;1.7219521465267462;1.7972514209500332;other;0.5;2;2;1, 1;1474301374.3;19_3;;0.9625;2;1.0;68;14;5;left;0.8406766909042744;experiment;T, X;0;instructions;right;3348;1, 1;lettersGrid;1, 1;3x3-2=7 ?, 6/2-2=1 ?;cheat;2.3310772959121095, 2.7730405120619253;0.98125;T, X;1-3;4;23;4.722265625;male;114.78372782726686;cheat_first
2;1.0;3.449780606996228;1.4878207598617337;other;0.5;1;1;1, 1;1474301386.753;19_3;;0.9629629629629629;2;0.5;69;10;5;right;1.7652432928452981;experiment;S, Y;1;instructions;right;3348;1, 0;lettersGrid;1, 0;3x2+3=9 ?, 8/2+2=4 ?;cheat;4.873031275579706, 6.260960714514113;0.9753086419753086;X, Y;1-3;2;23;0.4695930498399634;male;114.78372782726686;cheat_first
1;1.0;1.0172814235929764;1.528404307386154;other;0.5;1;1;1;1474301407.617;19_3;;0.9631901840490797;1;1.0;70;10;5;left;1.0626286604870074;experiment;A;1;instructions;left;3348;1;lettersGrid;1;2x2+2=6 ?;accuracy;2.4539423324986274;0.9754601226993865;A;1-3;2;23;4.6977680755768;male;114.78372782726686;cheat_first
1;1.0;1.5706674084162842;1.7726080606535106;other;5;1;1;1;1474301416.091;19_3;;0.9634146341463414;1;1.0;71;14;0.5;right;1.3611280682553115;experiment;E;1;instructions;right;3348;0;lettersGrid;0;6/2+2=6 ?;accuracy;1.8565722882167393;0.975609756097561;E;1-3;2;23;4.699583581201666;male;114.78372782726686;cheat_first
1;1.0;0.8558853911758888;3.1364851326247845;other;5;1;1;1;1474301425.329;19_3;;0.9636363636363636;1;1.0;72;12;0.5;right;1.1470709910390724;experiment;P;0;instructions;left;3348;1;lettersGrid;1;2+2x2=6 ?;cheat;1.5517811017321037;0.9757575757575757;P;1-3;2;23;4.70137741046832;male;114.78372782726686;cheat_first
3;1.0;2.3005894716134208;1.2999142528838092;self;0.5;3;3;1, 1, 1;1474301434.255;19_3;;0.9642857142857143;3;1.0;73;12;5;left;1.4466041063069497;experiment;J, C, F;1;instructions;left;3348;1, 0, 0;lettersGrid;1, 0, 0;4x2-8=0 ?, 2x4-3=6 ?, 8/4+6=6 ?;accuracy;2.5237209506426552, 4.605615993765696, 2.1804338032616215;0.9761904761904762;J, C, F;1-3;6;23;4.706632653061225;male;119.49036048032808;cheat_first
1;1.0;1.1071807105436164;1.4253163141411278;self;0.5;1;1;1;1474301452.482;19_3;;0.9644970414201184;1;1.0;74;10;5;right;0.5564432251817379;experiment;B;1;instructions;right;3348;1;lettersGrid;1;9/3+5=8 ?;cheat;2.077754904802532;0.9763313609467456;B;1-3;2;23;0.4708343545394069;male;119.96119483486748;cheat_first
1;1.0;0.8759639472832532;2.307216028588755;self;5;1;1;1;1474301460.051;19_3;;0.9647058823529412;1;1.0;75;10;0.5;left;0.9825575572654088;experiment;K;1;instructions;left;3348;1;lettersGrid;1;2x4-3=5 ?;cheat;3.1457039208339665;0.9764705882352941;K;1-3;2;23;0.47100346020761247;male;120.4321982950751;cheat_first
2;1.0;1.3360041277524033;1.92856376941927;self;0.5;2;2;1, 1;1474301469.82;19_3;;0.9651162790697675;2;1.0;76;12;5;right;1.2698376466996706;experiment;B, A;1;instructions;right;3348;1, 1;lettersGrid;1, 1;2+9/3=5 ?, 8/4+7=9 ?;cheat;2.72706264635508, 2.3850958559332867;0.9767441860465116;B, A;1-3;4;23;0.471335857220119;male;120.90353415229522;cheat_first
3;1.0;5.0464110248922225;1.9670685775213315;self;5;3;3;1, 1, 1;1474301482.694;19_3;;0.9657142857142857;3;1.0;77;10;0.5;right;1.775740679203409;experiment;D, M, K;0;instructions;left;3348;0, 1, 0;lettersGrid;0, 1, 0;8/4+2=2 ?, 3x3-4=5 ?, 6/2+2=6 ?;cheat;7.312182495909838, 2.803177279243755, 3.2016787749521427;0.9771428571428571;D, M, K;1-3;6;23;4.718204081632653;male;125.62173823392787;cheat_first
2;1.0;3.3025517818095977;1.351949623303426;self;0.5;2;2;1, 1;1474301508.748;19_3;;0.9661016949152542;2;1.0;78;10;5;left;1.6938346655451824;experiment;B, Q;0;instructions;right;3348;1, 0;lettersGrid;1, 0;6/2+4=7 ?, 6/2+1=2 ?;cheat;2.415735852168382, 2.126425152109732;0.9774011299435028;B, Q;1-3;4;23;4.721344441252514;male;130.3430826751804;cheat_first
3;1.0;2.668501577103143;1.6913570940964746;other;5;3;3;1, 1, 1;1474301522.913;19_3;;0.9666666666666667;3;1.0;79;14;0.5;left;0.885705428397614;experiment;X, F, E;1;instructions;left;3348;1, 1, 0;lettersGrid;1, 1, 0;2x4-7=1 ?, 4+6/2=7 ?, 9/3-2=2 ?;cheat;4.402323134628659, 2.7777780137030277, 1.9218561720404068;0.9777777777777777;X, F, E;1-3;6;23;0.47259259259259256;male;130.3430826751804;cheat_first
1;1.0;1.2519510742454258;1.6660155123363438;other;5;1;1;1;1474301541.523;19_3;;0.9668508287292817;1;1.0;80;12;0.5;left;0.8310611939978116;experiment;G;1;instructions;left;3348;1;lettersGrid;1;3x3-1=8 ?;cheat;1.8451070175678979;0.9779005524861878;G;1-3;2;23;0.47274197979304655;male;130.3430826751804;cheat_first
1;0.5;2.2524596116218163;1.4832609101085836;other;0.5;2;2;0, 1;1474301549.464;19_3;;0.9617486338797814;2;1.0;81;14;5;left;1.7277859938826623;experiment;Y, J;0;instructions;right;3348;1, 0;lettersGrid;0, 0;8/4-2=0 ?, 2+8/4=3 ?;cheat;2.4177462911629846, 6.904184763625835;0.9781420765027322;Y, J;1-3;4;23;4.703634029084177;male;130.3430826751804;cheat_first
3;1.0;2.727883313144048;1.4778361575386043;other;0.5;3;3;1, 1, 1;1474301567.341;19_3;;0.9623655913978495;3;1.0;82;14;5;left;1.9356549816316146;experiment;I, M, H;0;instructions;right;3348;1, 0, 1;lettersGrid;1, 0, 1;5+4/2=7 ?, 3x3-7=1 ?, 4/2-1=1 ?;cheat;3.380994291429033, 2.2130757451736827, 2.1077908138399835;0.978494623655914;I, M, H;1-3;6;23;4.708347785871199;male;130.3430826751804;cheat_first
3;1.0;3.1512298854354412;1.6010455273658408;other;5;3;3;1, 1, 1;1474301584.954;19_3;;0.9629629629629629;3;1.0;83;14;0.5;left;1.3593037744658432;experiment;R, Q, T;1;instructions;left;3348;1, 0, 0;lettersGrid;1, 0, 0;6/3-2=0 ?, 8/2-1=2 ?, 4+6/3=8 ?;cheat;2.031096158154469, 3.7250479607014313, 2.6790223200841865;0.9788359788359788;R, Q, T;1-3;6;23;0.4712913972173231;male;130.3430826751804;cheat_first
3;1.0;5.031003793327727;1.5359923786631953;other;5;3;3;1, 1, 1;1474301604.188;19_3;;0.9635416666666666;3;1.0;84;14;0.5;right;17.17111663412652;experiment;G, M, Z;1;instructions;right;3348;0, 1, 0;lettersGrid;0, 1, 0;3x2+3=7 ?, 4+8/4=6 ?, 5+6/3=9 ?;accuracy;1.5317959721146508, 1.7418279246826387, 3.1510571879830422;0.9791666666666666;G, M, Z;1-3;6;23;4.717339409722222;male;130.3430826751804;cheat_first
2;1.0;2.1619035081293987;1.8623590684387636;self;0.5;2;2;1, 1;1474301638.68;19_3;;0.9639175257731959;2;1.0;85;12;5;left;1.5052416154148887;experiment;O, L;0;instructions;right;3348;0, 0;lettersGrid;0, 0;9/3+3=5 ?, 2x2-4=1 ?;cheat;3.1751704237208287, 2.7432799280618383;0.979381443298969;O, L;1-3;4;23;4.720214688064619;male;135.06329736324503;cheat_first
3;1.0;4.083841428349388;1.8233627095951306;self;5;3;3;1, 1, 1;1474301653.484;19_3;;0.9644670050761421;3;1.0;86;10;0.5;right;1.5346054907172402;experiment;W, H, X;0;instructions;left;3348;1, 1, 0;lettersGrid;1, 1, 0;2x2+1=5 ?, 4/2+7=9 ?, 3x3-5=5 ?;cheat;2.036644063825861, 1.9619566621404374, 1.8265232853141242;0.9796954314720813;W, H, X;1-3;6;23;4.724419593393286;male;139.78771695663832;cheat_first
3;1.0;3.3078848773297977;1.5072803654675226;self;5;3;3;1, 1, 1;1474301670.987;19_3;;0.965;3;1.0;87;14;0.5;right;1.3893934745133265;experiment;V, K, H;1;instructions;right;3348;0, 1, 1;lettersGrid;0, 1, 1;5+2x2=7 ?, 4+6/3=6 ?, 8/2-1=3 ?;accuracy;2.3406694361960945, 2.6938587299450774, 2.913221299399538;0.98;V, K, H;1-3;6;23;4.7285;male;144.51621695663832;cheat_first
2;1.0;2.47203592956339;1.593739505002759;self;0.5;2;2;1, 1;1474301689.067;19_3;;0.9653465346534653;2;1.0;88;12;5;right;2.58690663119296;experiment;E, G;1;instructions;right;3348;0, 0;lettersGrid;0, 0;3x3-8=3 ?, 3x3-8=2 ?;cheat;2.432604642093338, 3.0386095590165496;0.9801980198019802;E, G;1-3;4;23;0.4731153808450152;male;144.98933233748332;cheat_first
2;0.6666666666666666;3.405314197889311;1.715698941626215;self;0.5;3;3;0, 1, 1;1474301704.34;19_3;;0.9609756097560975;3;1.0;89;10;5;right;2.4330218763084304;experiment;R, O, F;1;instructions;right;3348;1, 0, 1;lettersGrid;0, 0, 1;6+6/3=8 ?, 5+8/2=7 ?, 4x2-4=4 ?;cheat;3.3731733617009922, 5.220981961963389, 2.5319046157997036;0.9804878048780488;R, O, F;1-3;6;23;0.47111243307555023;male;145.46044477055887;cheat_first
2;1.0;2.291136055512652;1.2884627838757297;self;5;2;2;1, 1;1474301726.975;19_3;;0.961352657004831;2;1.0;90;14;0.5;right;1.1811911240588415;experiment;V, I;0;instructions;left;3348;0, 0;lettersGrid;0, 0;3x3-1=6 ?, 2x2+2=4 ?;cheat;1.5558720495896523, 2.028463229775298;0.9806763285024155;V, I;1-3;4;23;4.7138789703376975;male;150.17432374089657;cheat_first
2;1.0;1.5539447743276469;1.8886051884965127;other;5;2;2;1, 1;1474301738.862;19_3;;0.9617224880382775;2;1.0;91;14;0.5;right;1.0092003860208933;experiment;C, M;0;instructions;left;3348;1, 1;lettersGrid;1, 1;2x3-3=3 ?, 6/2+4=7 ?;cheat;2.7512183486796857, 3.1686231377075273;0.9808612440191388;C, M;1-3;4;23;4.716581580092031;male;150.17432374089657;cheat_first
2;1.0;1.3067471266926987;2.275846314838418;other;0.5;2;2;1, 1;1474301753.183;19_3;;0.9620853080568721;2;1.0;92;10;5;left;1.8330666785573158;experiment;O, F;1;instructions;left;3348;0, 0;lettersGrid;0, 0;1+4x2=7 ?, 7+4/2=7 ?;accuracy;3.0623674909784313, 2.347345891410896;0.981042654028436;O, F;1-3;4;23;4.719233620089397;male;150.17432374089657;cheat_first
1;1.0;0.9233216231723418;1.6398235371761984;other;0.5;1;1;1;1474301767.16;19_3;;0.9622641509433962;1;1.0;93;12;5;right;0.7719116086309441;experiment;C;1;instructions;right;3348;0;lettersGrid;0;3+4/2=6 ?;cheat;2.4424055764288823;0.9811320754716981;C;1-3;2;23;0.4720541117835529;male;150.17432374089657;cheat_first
1;1.0;1.0800109422234527;1.6017724137759615;other;0.5;1;1;1;1474301775.288;19_3;;0.9624413145539906;1;1.0;94;10;5;right;0.7546408016842179;experiment;V;1;instructions;right;3348;1;lettersGrid;1;9/3+4=7 ?;cheat;3.1210881638189676;0.9812206572769953;V;1-3;2;23;0.472183649628601;male;150.17432374089657;cheat_first
1;1.0;0.8845949271540121;1.7665516176052733;other;5;1;1;1;1474301784.305;19_3;;0.9626168224299065;1;1.0;95;14;0.5;right;1.0604264140752093;experiment;S;0;instructions;left;3348;1;lettersGrid;1;4x2-4=4 ?;cheat;1.8917657642164158;0.9813084112149533;S;1-3;2;23;4.723119923137392;male;150.17432374089657;cheat_first
2;0.6666666666666666;3.457905880596172;1.8793934780524069;other;5;3;3;0, 1, 1;1474301792.105;19_3;;0.9585253456221198;3;1.0;96;12;0.5;left;2.6451743271081796;experiment;Y, Z, W;1;instructions;left;3348;0, 1, 0;lettersGrid;1, 1, 0;8/4-1=2 ?, 2x4-1=7 ?, 9/3-1=3 ?;cheat;4.110407817249325, 2.4493120589891078, 1.710531465794702;0.9815668202764977;Y, Z, W;1-3;6;23;0.4704283378283675;male;150.17432374089657;cheat_first
1;1.0;0.9807421106811489;1.4321350324216837;self;5;1;1;1;1474301812.932;19_3;;0.9587155963302753;1;1.0;97;14;0.5;right;1.0911920406292666;experiment;Z;1;instructions;right;3348;1;lettersGrid;1;2x4-6=2 ?;accuracy;1.877932627467544;0.981651376146789;Z;1-3;2;23;4.705622422355021;male;154.8799461632516;cheat_first
1;0.5;1.4826419596065534;2.623684818654965;self;0.5;2;2;1, 0;1474301820.624;19_3;;0.9545454545454546;2;1.0;98;10;5;left;4.060984141915014;experiment;R, L;0;instructions;right;3348;1, 1;lettersGrid;1, 0;3x2+3=9 ?, 3x3-6=3 ?;cheat;3.061271499151644, 2.385883611118061;0.9818181818181818;R, L;1-3;4;23;4.68595041322314;male;159.56589657647473;cheat_first
1;1.0;1.0032992999031194;1.8050242218791936;self;0.5;1;1;1;1474301837.348;19_3;;0.9547511312217195;1;1.0;99;12;5;right;1.1125654737447803;experiment;V;1;instructions;right;3348;1;lettersGrid;1;4/2+4=6 ?;cheat;1.5253116782055258;0.9819004524886877;V;1-3;2;23;0.4687352838803464;male;160.03463186035506;cheat_first
1;1.0;1.5307300607873913;1.7058873906444205;self;5;1;1;1;1474301844.915;19_3;;0.954954954954955;1;1.0;100;10;0.5;right;0.81651214137446;experiment;P;0;instructions;left;3348;0;lettersGrid;0;3x2+3=8 ?;cheat;1.762081655460861;0.9819819819819819;P;1-3;2;23;4.688742796850905;male;164.72337465720597;cheat_first
2;1.0;1.6779192504932325;1.4592687041431418;self;5;2;2;1, 1;1474301853.776;19_3;;0.9553571428571429;2;1.0;101;10;0.5;left;1.4385375781516814;experiment;P, S;1;instructions;left;3348;0, 1;lettersGrid;0, 1;2x4-5=5 ?, 6/2+6=9 ?;cheat;2.8097776484905808, 3.104356328636186;0.9821428571428571;P, S;1-3;4;23;0.46914859693877553;male;165.19252325414473;cheat_first
3;1.0;2.6136818141440017;1.7718709114851663;self;5;3;3;1, 1, 1;1474301867.256;19_3;;0.9559471365638766;3;1.0;102;14;0.5;right;3.0844225128116705;experiment;K, T, H;0;instructions;left;3348;0, 1, 0;lettersGrid;0, 1, 0;4+8/4=5 ?, 9/3-3=0 ?, 4+6/3=4 ?;cheat;2.055156310658731, 3.3323962373187896, 1.830522222233867;0.9823788546255506;K, T, H;1-3;6;23;4.69551126550098;male;169.88803451964571;cheat_first
2;1.0;1.9924738591616915;1.2906993574451917;other;5;2;2;1, 1;1474301886.18;19_3;;0.9563318777292577;2;1.0;103;10;0.5;left;2.4059356256088904;experiment;H, D;1;instructions;left;3348;1, 1;lettersGrid;1, 1;2x2-4=0 ?, 3+8/4=5 ?;cheat;2.9583530183658695, 3.351057117205073;0.982532751091703;H, D;1-3;4;23;0.4698136953910108;male;169.88803451964571;cheat_first
2;1.0;1.1381289434207247;1.6719732205701803;other;5;2;2;1, 1;1474301901.282;19_3;;0.9567099567099567;2;1.0;104;10;0.5;right;0.9269525163399521;experiment;I, H;0;instructions;left;3348;0, 0;lettersGrid;0, 0;4x2-4=6 ?, 2+8/4=6 ?;cheat;3.5963080257247384, 1.6678769643895066;0.9826839826839827;I, H;1-3;4;23;4.700717752665805;male;169.88803451964571;cheat_first
2;1.0;1.401453985153239;1.369757278684574;other;0.5;2;2;1, 1;1474301913.716;19_3;;0.9570815450643777;2;1.0;105;10;5;right;1.1014222413796233;experiment;B, E;1;instructions;right;3348;1, 0;lettersGrid;1, 0;3x3-4=5 ?, 3x3-6=1 ?;cheat;2.1037986007968357, 1.9631159999589727;0.9828326180257511;B, E;1-3;4;23;0.4703254802998766;male;169.88803451964571;cheat_first
1;1.0;0.8206285691840094;1.6412274117569723;other;0.5;1;1;1;1474301924.762;19_3;;0.9572649572649573;1;1.0;106;10;5;left;0.9931480162263142;experiment;C;1;instructions;left;3348;1;lettersGrid;1;2x3-2=4 ?;accuracy;4.677950038768358;0.9829059829059829;C;1-3;2;23;4.704507268609833;male;169.88803451964571;cheat_first
2;1.0;1.5593263525338443;1.5939797951059518;other;5;2;2;1, 1;1474301935.386;19_3;;0.9576271186440678;2;1.0;107;12;0.5;left;0.886453194213118;experiment;T, X;1;instructions;left;3348;1, 1;lettersGrid;1, 1;1+2x4=9 ?, 2+6/2=5 ?;cheat;3.8044785262395635, 3.019811724387637;0.9830508474576272;T, X;1-3;4;23;0.47069807526572827;male;169.88803451964571;cheat_first
3;1.0;3.046690596588178;1.4352941925881169;other;0.5;3;3;1, 1, 1;1474301949.349;19_3;;0.9581589958158996;3;1.0;108;10;5;right;2.3849928744607496;experiment;U, Y, W;1;instructions;right;3348;1, 1, 0;lettersGrid;1, 1, 0;5+2x2=9 ?, 4x2-3=5 ?, 2x4-8=2 ?;cheat;1.869770195604815, 2.6267434745664104, 3.704615162482696;0.9832635983263598;U, Y, W;1-3;6;23;0.4710614309973565;male;169.88803451964571;cheat_first
2;1.0;1.8705696291003733;1.4154368166196036;self;5;2;2;1, 1;1474301968.367;19_3;;0.9585062240663901;2;1.0;109;10;0.5;left;0.937193333736559;experiment;D, S;1;instructions;left;3348;1, 0;lettersGrid;1, 0;2x3-4=2 ?, 2x4-4=6 ?;cheat;3.1172438760527257, 2.2959517664507985;0.983402489626556;D, S;1-3;4;23;0.47129870353471875;male;170.35933322318044;cheat_first
1;1.0;1.5740558881516336;1.6830881418782155;self;0.5;1;1;1;1474301981.535;19_3;;0.9586776859504132;1;1.0;110;14;5;left;0.7464677531743291;experiment;U;1;instructions;left;3348;1;lettersGrid;1;2+2x3=8 ?;accuracy;2.4232800413055884;0.9834710743801653;U;1-3;2;23;4.714158868929718;male;175.07349209211017;cheat_first
1;1.0;1.3573634053391288;2.495279308049703;self;0.5;1;1;1;1474301992.065;19_3;;0.9588477366255144;1;1.0;111;12;5;right;2.1803262212420123;experiment;O;1;instructions;right;3348;1;lettersGrid;1;8/2+4=8 ?;cheat;2.7672572707219842;0.9835390946502057;O;1-3;2;23;0.47153211739402867;male;175.5450242095042;cheat_first
1;1.0;1.0499049633176583;1.7290822864433721;self;5;1;1;1;1474302003.095;19_3;;0.9590163934426229;1;1.0;112;10;0.5;left;1.1659484505180444;experiment;U;1;instructions;left;3348;1;lettersGrid;1;4/2-1=1 ?;cheat;2.037370242459474;0.9836065573770492;U;1-3;2;23;0.47164740661112603;male;176.01667161611533;cheat_first
1;0.5;2.564098889109573;1.3656058159403983;self;0.5;2;2;1, 0;1474302012.238;19_3;;0.9552845528455285;2;1.0;113;10;5;left;1.7215710089103595;experiment;E, U;1;instructions;left;3348;1, 1;lettersGrid;1, 0;4/2+7=9 ?, 7+6/3=9 ?;accuracy;2.4212083796483057, 1.8912922617737422;0.983739837398374;E, U;1-3;4;23;4.698757353427193;male;180.71542896954253;cheat_first
1;1.0;0.9272430585710936;1.8257854283692723;self;0.5;1;1;1;1474302025.483;19_3;;0.9554655870445344;1;1.0;114;14;5;left;0.7009626821331949;experiment;I;0;instructions;right;3348;0;lettersGrid;0;6/2-1=0 ?;cheat;1.4466486962228373;0.9838056680161943;I;1-3;2;23;4.699962300644167;male;185.4153912701867;cheat_first
2;1.0;1.6798709440427047;1.545213644089472;other;0.5;2;2;1, 1;1474302032.956;19_3;;0.9558232931726908;2;1.0;115;12;5;right;0.5385205561283328;experiment;Y, X;1;instructions;right;3348;1, 1;lettersGrid;1, 1;8/4-2=0 ?, 2x2-2=2 ?;cheat;2.0258472880304907, 1.9437508825089935;0.9839357429718876;Y, X;1-3;4;23;0.4702343510588539;male;185.4153912701867;cheat_first
3;1.0;2.127358355353863;1.5679445924288302;other;0.5;3;3;1, 1, 1;1474302043.908;19_3;;0.9563492063492064;3;1.0;116;10;5;right;1.3009833492055805;experiment;O, G, Q;1;instructions;right;3348;0, 1, 0;lettersGrid;0, 1, 0;6+6/2=8 ?, 2x2+3=7 ?, 8/4+1=4 ?;cheat;4.1250485269224555, 1.847048448359601, 2.6445362666418077;0.9841269841269841;O, G, Q;1-3;6;23;0.4705845301083396;male;185.4153912701867;cheat_first
1;1.0;0.9139998534901679;1.3335269101912672;other;5;1;1;1;1474302061.756;19_3;;0.9565217391304348;1;1.0;117;12;0.5;right;0.7124035344941149;experiment;Y;1;instructions;right;3348;0;lettersGrid;0;3x3-5=6 ?;accuracy;2.095845670761719;0.9841897233201581;Y;1-3;2;23;4.706994328922495;male;185.4153912701867;cheat_first
2;1.0;1.779573642546893;1.3263097137719342;other;5;2;2;1, 1;1474302069.276;19_3;;0.9568627450980393;2;1.0;118;14;0.5;right;0.721115200879467;experiment;Y, U;0;instructions;left;3348;0, 0;lettersGrid;0, 0;2x4-7=3 ?, 3x3-9=2 ?;cheat;1.9098278652295448, 1.4725179253232454;0.984313725490196;Y, U;1-3;4;23;4.709265667051134;male;185.4153912701867;cheat_first
3;1.0;3.1886500261348374;1.4658906605714037;other;0.5;3;3;1, 1, 1;1474302079.526;19_3;;0.9573643410852714;3;1.0;119;10;5;right;1.9704492717160065;experiment;V, H, L;1;instructions;right;3348;0, 0, 1;lettersGrid;0, 0, 1;9/3+4=8 ?, 6/2-3=2 ?, 9/3-3=0 ?;cheat;2.770385288725265, 5.034911780974198, 2.3211567473563264;0.9844961240310077;V, H, L;1-3;6;23;0.47126074154197467;male;185.4153912701867;cheat_first
1;1.0;1.0973620817967458;1.679433184311165;other;0.5;1;1;1;1474302100.135;19_3;;0.9575289575289575;1;1.0;120;10;5;left;0.8512445010196643;experiment;K;0;instructions;right;3348;1;lettersGrid;1;3x3-2=7 ?;cheat;2.001304785877892;0.9845559845559846;K;1-3;2;23;4.713704327603941;male;185.4153912701867;cheat_first
3;1.0;2.5992537912929947;1.8429390983137637;self;0.5;3;3;1, 1, 1;1474302108.201;19_3;;0.9580152671755725;3;1.0;121;12;5;right;1.0533192768930348;experiment;N, L, S;1;instructions;right;3348;1, 1, 0;lettersGrid;1, 1, 0;9/3-1=2 ?, 3x3-1=8 ?, 2x4-2=5 ?;cheat;1.5752944969317468, 2.599243528534771, 2.622631293415452;0.9847328244274809;N, L, S;1-3;6;23;0.47169453994522464;male;185.8870858101319;cheat_first
1;1.0;1.27793637868308;1.659232182877986;self;0.5;1;1;1;1474302124.552;19_3;;0.9581749049429658;1;1.0;122;14;5;left;0.6886031359449589;experiment;B;0;instructions;right;3348;0;lettersGrid;0;4x2-2=8 ?;cheat;1.8299882049054759;0.9847908745247148;B;1-3;2;23;4.718009512932094;male;190.605095323064;cheat_first
0;0.0;3.2517518351760373;2.345222208184623;self;5;1;1;0;1474302132.306;19_3;;0.9545454545454546;1;1.0;123;10;0.5;right;3.5284906561123535;experiment;V;1;instructions;right;3348;1;lettersGrid;0;1+2x4=9 ?;accuracy;2.2278788895414436;0.9848484848484849;V;1-3;2;23;4.700413223140496;male;195.3055085462045;cheat_first
2;1.0;4.13185627466828;1.6236529687153052;self;5;1;1;1, 1;1474302145.957;19_3;;0.9548872180451128;2;0.5;124;14;0.5;right;3.441631976773806;experiment;L, G;1;instructions;right;3348;0, 0;lettersGrid;0, 0;8/4+3=4 ?, 4x2-8=1 ?;accuracy;2.3632107004473255, 4.259757494556652;0.981203007518797;L, I;1-3;2;23;4.6846910509356094;male;199.9901995971401;cheat_first
2;1.0;1.5140859898838244;1.8386892546441231;self;0.5;2;2;1, 1;1474302164.992;19_3;;0.9552238805970149;2;1.0;125;10;5;left;1.691150069485957;experiment;B, U;0;instructions;right;3348;0, 0;lettersGrid;0, 0;3x3-6=5 ?, 2x4+1=8 ?;cheat;2.2198806618134768, 2.8498133770453933;0.9813432835820896;B, U;1-3;4;23;4.687012697705502;male;204.67721229484562;cheat_first
1;1.0;1.254603466476965;1.7179563946010603;self;5;1;1;1;1474302178.253;19_3;;0.9553903345724907;1;1.0;126;14;0.5;right;0.6646180077436838;experiment;N;0;instructions;left;3348;0;lettersGrid;0;8/4-1=2 ?;cheat;2.4506886841763844;0.9814126394052045;N;1-3;2;23;4.688160749575047;male;209.36537304442066;cheat_first
0;0.0;1.270705026734504;2.758432713993898;other;0.5;1;1;0;1474302186.865;19_3;;0.9518518518518518;1;1.0;127;14;5;left;1.6732695131313449;experiment;U;0;instructions;right;3348;1;lettersGrid;0;3+8/4=5 ?;cheat;1.9678963220753758;0.9814814814814815;U;1-3;2;23;4.6711248285322355;male;209.36537304442066;cheat_first
1;1.0;0.6519523482429577;2.165142647034372;other;5;1;1;1;1474302196.881;19_3;;0.9520295202952029;1;1.0;128;10;0.5;left;2.3193635957309198;experiment;M;1;instructions;left;3348;0;lettersGrid;0;3+2x3=8 ?;cheat;2.622433469898624;0.981549815498155;M;1-3;2;23;0.4672321999972767;male;209.36537304442066;cheat_first
1;1.0;1.3678905183082861;1.5168512724580978;other;0.5;1;1;1;1474302208.177;19_3;;0.9522058823529411;1;1.0;129;12;5;right;0.7819602647223292;experiment;B;1;instructions;right;3348;1;lettersGrid;1;4x2-1=7 ?;cheat;3.0011501367248457;0.9816176470588235;B;1-3;2;23;0.4673510488754325;male;209.36537304442066;cheat_first
2;1.0;1.429136183619903;1.4917977557115591;other;5;2;2;1, 1;1474302217.054;19_3;;0.9525547445255474;2;1.0;130;10;0.5;right;3.07157743198195;experiment;A, B;1;instructions;right;3348;0, 1;lettersGrid;0, 1;2x2-1=4 ?, 4/2+5=7 ?;accuracy;2.50106148772511, 1.8806352718270318;0.9817518248175182;A, B;1-3;4;23;4.675861793382705;male;209.36537304442066;cheat_first
3;1.0;1.8686020105806165;1.2334646612530378;other;5;3;3;1, 1, 1;1474302231.892;19_3;;0.9530685920577617;3;1.0;131;10;0.5;left;1.7009934704083207;experiment;A, P, T;1;instructions;left;3348;1, 0, 1;lettersGrid;1, 0, 1;3x3-2=7 ?, 2x4-3=4 ?, 6/2-3=0 ?;cheat;1.6258187646399165, 1.8953616224498546, 2.219067780565183;0.9819494584837545;A, P, T;1-3;6;23;0.4679325939344967;male;209.36537304442066;cheat_first
3;1.0;4.886487521370782;1.2335779054842533;other;5;3;3;1, 1, 1;1474302246.573;19_3;;0.9535714285714286;3;1.0;132;10;0.5;left;1.8085450558096454;experiment;F, D, O;1;instructions;left;3348;1, 0, 0;lettersGrid;1, 0, 0;2+6/2=5 ?, 3x3-9=2 ?, 3x3-9=1 ?;cheat;1.898416031702709, 1.4858722513063185, 1.3379059230628627;0.9821428571428571;F, D, O;1-3;6;23;0.4682716836734694;male;209.36537304442066;cheat_first
1;1.0;0.8193719121036338;1.5066150556085631;self;5;1;1;1;1474302263.438;19_3;;0.9537366548042705;1;1.0;133;12;0.5;right;0.7598461435563877;experiment;A;0;instructions;left;3348;1;lettersGrid;1;4+6/3=6 ?;cheat;2.695930037713879;0.9822064056939501;A;1-3;2;23;4.683831258469371;male;214.04920430289005;cheat_first
2;1.0;1.2752645225991728;1.208703102290201;self;5;2;2;1, 1;1474302271.816;19_3;;0.9540636042402827;2;1.0;134;14;0.5;right;1.221750961071848;experiment;A, H;0;instructions;left;3348;1, 1;lettersGrid;1, 1;3x3-1=8 ?, 3x2+1=7 ?;cheat;1.8806649984376236, 2.8925892621109597;0.9823321554770318;A, H;1-3;4;23;4.6860367840777135;male;218.73524108696776;cheat_first
1;1.0;0.9112830536023466;1.4772444564291618;self;0.5;1;1;1;1474302285.717;19_3;;0.954225352112676;1;1.0;135;12;5;right;1.0326628213174445;experiment;M;1;instructions;right;3348;0;lettersGrid;0;2x4-1=9 ?;cheat;2.8985466164567697;0.9823943661971831;M;1-3;2;23;0.46871280499900814;male;219.20395389196676;cheat_first
3;1.0;2.755834466660417;1.7485302137374674;self;0.5;3;3;1, 1, 1;1474302294.673;19_3;;0.9547038327526133;3;1.0;136;12;5;right;2.0833300598674214;experiment;F, L, B;1;instructions;right;3348;1, 0, 1;lettersGrid;1, 0, 1;2x3-4=2 ?, 4x2-8=1 ?, 4+2x2=8 ?;cheat;6.404368608557434, 3.0271651677730915, 2.665334631395581;0.9825783972125436;F, L, B;1-3;6;23;0.46903568089936754;male;219.67298957286613;cheat_first
2;1.0;1.8806048374399325;1.4657483975056493;self;5;2;2;1, 1;1474302317.248;19_3;;0.9550173010380623;2;1.0;137;12;0.5;right;1.1711152185735045;experiment;E, K;0;instructions;left;3348;1, 0;lettersGrid;1, 0;3x3-5=4 ?, 3x3-8=0 ?;cheat;2.076690055139352, 1.4167309858512454;0.9826989619377162;E, K;1-3;4;23;4.6924725518133155;male;224.36546212467945;cheat_first
3;1.0;1.8630657832204633;1.3612636074444708;self;0.5;3;3;1, 1, 1;1474302328.544;19_3;;0.9554794520547946;3;1.0;138;10;5;left;1.3204978074854807;experiment;D, O, Z;1;instructions;left;3348;1, 1, 1;lettersGrid;1, 1, 1;3x3-2=7 ?, 3x2-3=3 ?, 1+2x2=5 ?;accuracy;1.4478154656940205, 2.453077075792862, 2.810331483559821;0.9828767123287672;D, O, Z;1-3;6;23;4.695592512666542;male;229.061054637346;cheat_first
2;0.6666666666666666;2.8845811255132503;1.1091143557941905;other;0.5;3;3;0, 1, 1;1474302343.725;19_3;;0.9525423728813559;3;1.0;139;10;5;right;0.8783629555468906;experiment;V, N, S;1;instructions;right;3348;1, 0, 1;lettersGrid;0, 0, 1;6/3+6=8 ?, 4/2-1=0 ?, 6/3+2=4 ?;cheat;1.9331271580545035, 4.958932333386656, 1.8477774580987898;0.9830508474576272;V, N, S;1-3;6;23;0.468198793450158;male;229.061054637346;cheat_first
1;1.0;0.9066499489872513;1.233410162466953;other;0.5;1;1;1;1474302361.167;19_3;;0.9527027027027027;1;1.0;140;14;5;left;0.5712092112858045;experiment;T;1;instructions;left;3348;1;lettersGrid;1;2+9/3=5 ?;accuracy;1.4917202541910228;0.9831081081081081;T;1-3;2;23;4.683048758217677;male;229.061054637346;cheat_first
1;1.0;1.165311097828635;1.2839305374041032;other;0.5;1;1;1;1474302367.751;19_3;;0.9528619528619529;1;1.0;141;12;5;right;0.6683763006717527;experiment;I;1;instructions;right;3348;0;lettersGrid;0;2x3-2=6 ?;cheat;2.413748769795802;0.9831649831649831;I;1-3;2;23;0.4684102529220374;male;229.061054637346;cheat_first
3;1.0;2.783081382612636;1.3319167187764833;other;5;3;3;1, 1, 1;1474302375.614;19_3;;0.9533333333333334;3;1.0;142;14;0.5;right;0.9083726768562883;experiment;L, R, Z;0;instructions;left;3348;0, 0, 1;lettersGrid;0, 0, 1;4x2+1=8 ?, 2x2-1=1 ?, 3x2-5=1 ?;cheat;2.525718649661485, 1.8718698144316477, 3.0677041253811694;0.9833333333333333;L, R, Z;1-3;6;23;4.687222222222222;male;229.061054637346;cheat_first
1;1.0;1.337292634771984;1.5167274115801774;other;5;1;1;1;1474302392.043;19_3;;0.9534883720930233;1;1.0;143;14;0.5;left;0.5030390151146094;experiment;Z;1;instructions;left;3348;1;lettersGrid;1;9/3+3=6 ?;cheat;2.2691542885413583;0.9833887043189369;Z;1-3;2;23;0.4688248474078653;male;229.061054637346;cheat_first
3;1.0;2.8080715533674265;1.486449442997582;other;0.5;3;3;1, 1, 1;1474302400.14;19_3;;0.9539473684210527;3;1.0;144;10;5;right;0.7864266879846582;experiment;D, Q, P;1;instructions;right;3348;1, 1, 0;lettersGrid;1, 1, 0;3x3-9=0 ?, 3x3-7=2 ?, 8/4+7=7 ?;cheat;1.5752092098700814, 1.3912234305144011, 2.3344710839701293;0.9835526315789473;D, Q, P;1-3;6;23;0.46912872229916897;male;229.061054637346;cheat_first
1;1.0;1.5676742218261097;1.634657476897246;self;0.5;1;1;1;1474302414.541;19_3;;0.9540983606557377;1;1.0;145;12;5;left;1.8219560039083262;experiment;U;0;instructions;right;3348;1;lettersGrid;1;4/2+3=5 ?;cheat;1.3884790273450562;0.9836065573770492;U;1-3;2;23;4.692287019618382;male;233.75334165696438;cheat_first
1;0.5;3.1018090412071615;1.970348767460564;self;5;1;1;0, 1;1474302423.138;19_3;;0.9511400651465798;2;0.5;146;14;0.5;right;2.5044425358073568;experiment;Q, C;0;instructions;left;3348;1, 0;lettersGrid;0, 0;2x4-8=0 ?, 4/2+7=7 ?;cheat;2.0617619882286817, 2.322493383174333;0.9804560260586319;Q, S;1-3;2;23;4.66275504249382;male;238.4160966994582;cheat_first
3;1.0;4.513980177304802;1.7456948612953056;self;0.5;3;3;1, 1, 1;1474302438.552;19_3;;0.9516129032258065;3;1.0;147;12;5;right;0.9465207656303392;experiment;B, M, G;1;instructions;right;3348;0, 0, 1;lettersGrid;0, 0, 1;2x3-2=5 ?, 3x2-4=1 ?, 8/2-1=3 ?;cheat;3.3984264714054007, 2.4873405335429197, 4.154515029809772;0.9806451612903225;B, M, G;1-3;6;23;0.46659729448491155;male;238.8826939939431;cheat_first
3;1.0;2.1390954121579853;2.1089855404807167;self;0.5;3;3;1, 1, 1;1474302460.551;19_3;;0.952076677316294;3;1.0;148;12;5;left;1.8605903350999142;experiment;E, T, F;1;instructions;left;3348;0, 0, 0;lettersGrid;0, 0, 0;2x2-3=2 ?, 3x3-3=7 ?, 9/3-1=3 ?;accuracy;2.3041003966736753, 1.4912541834009971, 2.95872460100054;0.9808306709265175;E, T, F;1-3;6;23;4.669130030928151;male;243.55182402487125;cheat_first
2;1.0;1.6799247350527367;1.2485445462107236;self;0.5;2;2;1, 1;1474302477.619;19_3;;0.9523809523809523;2;1.0;149;12;5;left;1.3917532011837466;experiment;N, E;1;instructions;left;3348;1, 1;lettersGrid;1, 1;4+6/3=6 ?, 6+9/3=9 ?;accuracy;2.6092093747829495, 1.6398989153676666;0.9809523809523809;N, E;1-3;4;23;4.671201814058956;male;248.2230258389302;cheat_first
2;1.0;2.547989543310905;1.5406392849190524;self;0.5;2;2;1, 1;1474302489.617;19_3;;0.9526813880126183;2;1.0;150;10;5;right;1.0680148392411866;experiment;H, U;1;instructions;right;3348;1, 1;lettersGrid;1, 1;3x3-8=1 ?, 2x2+3=7 ?;cheat;1.7466149706751821, 4.347744723438154;0.9810725552050473;H, U;1-3;4;23;0.4673247818169153;male;248.69035062074713;cheat_first
1;1.0;0.9378483808368401;1.4760822875050508;other;0.5;1;1;1;1474302503.846;19_3;;0.9528301886792453;1;1.0;151;12;5;left;0.5458209162798084;experiment;A;1;instructions;left;3348;1;lettersGrid;1;2x2-2=2 ?;accuracy;1.251768114033439;0.9811320754716981;A;1-3;2;23;4.674261302954788;male;248.69035062074713;cheat_first
2;1.0;2.979871191764687;2.0643620050041136;other;5;2;2;1, 1;1474302510.368;19_3;;0.953125;2;1.0;152;12;0.5;left;1.2824477457497778;experiment;Q, F;1;instructions;left;3348;1, 0;lettersGrid;1, 0;2x2-4=0 ?, 2x2+4=9 ?;cheat;1.5120114971205112, 1.377051976624898;0.98125;Q, F;1-3;4;23;0.46762695312499997;male;248.69035062074713;cheat_first
1;1.0;1.2539576204690093;1.6336782681837576;other;0.5;1;1;1;1474302522.691;19_3;;0.9532710280373832;1;1.0;153;14;5;left;1.0333022973363768;experiment;O;1;instructions;left;3348;0;lettersGrid;0;6/3-2=2 ?;accuracy;3.8293179406118725;0.9813084112149533;O;1-3;2;23;4.677264389903048;male;248.69035062074713;cheat_first
3;1.0;2.0271952482717097;1.199300646093434;other;5;3;3;1, 1, 1;1474302534.078;19_3;;0.9537037037037037;3;1.0;154;10;0.5;right;1.831987319476866;experiment;O, V, M;1;instructions;right;3348;1, 1, 0;lettersGrid;1, 1, 0;2x4-8=0 ?, 6+6/2=9 ?, 3x2-2=2 ?;accuracy;1.8746499603121265, 3.718570390667992, 2.8332446843332946;0.9814814814814815;O, V, M;1-3;6;23;4.680212620027435;male;248.69035062074713;cheat_first
1;1.0;0.8227126169285839;1.6503970095027398;other;0.5;1;1;1;1474302551.299;19_3;;0.9538461538461539;1;1.0;155;12;5;right;0.819302550012253;experiment;P;1;instructions;right;3348;0;lettersGrid;0;3x3-4=3 ?;cheat;2.6059514798007513;0.9815384615384616;P;1-3;2;23;0.4681183431952663;male;248.69035062074713;cheat_first
3;1.0;3.599821781891478;1.5767532241870867;other;5;3;3;1, 1, 1;1474302559.41;19_3;;0.9542682926829268;3;1.0;156;12;0.5;right;0.7579946003734221;experiment;W, M, G;0;instructions;left;3348;0, 1, 0;lettersGrid;0, 1, 0;2x4-1=9 ?, 2x2-3=1 ?, 5+2x2=8 ?;cheat;2.3113232553050693, 2.1618235293908583, 2.3864816822151624;0.9817073170731707;W, M, G;1-3;6;23;4.684060826888756;male;248.69035062074713;cheat_first
1;1.0;1.8260780939299366;1.720413440532866;self;5;1;1;1;1474302576.085;19_3;;0.9544072948328267;1;1.0;157;12;0.5;right;1.2539519582587673;experiment;K;0;instructions;left;3348;1;lettersGrid;1;8/2-1=3 ?;cheat;2.1532781904697913;0.9817629179331308;K;1-3;2;23;4.685008453358709;male;253.37535907410583;cheat_first
1;1.0;1.259492432276602;4.539918060720993;self;0.5;1;1;1;1474302585.179;19_3;;0.9545454545454546;1;1.0;158;12;5;left;1.5339380575287578;experiment;T;0;instructions;right;3348;0;lettersGrid;0;3+6/2=4 ?;cheat;2.788592483910179;0.9818181818181818;T;1-3;2;23;4.68595041322314;male;258.06130948732897;cheat_first
2;1.0;2.5057494450147715;3.07218151917823;self;0.5;2;2;1, 1;1474302597.658;19_3;;0.9548192771084337;2;1.0;159;10;5;right;0.6750984074678854;experiment;Z, H;1;instructions;right;3348;0, 0;lettersGrid;0, 0;8/2-4=2 ?, 6+9/3=7 ?;cheat;2.9898349146833425, 1.9012630624565645;0.9819277108433735;Z, H;1-3;4;23;0.4687817535201045;male;258.53009124084906;cheat_first
3;1.0;2.463721679651826;1.5699309670244475;self;0.5;3;3;1, 1, 1;1474302612.055;19_3;;0.9552238805970149;3;1.0;160;10;5;right;1.2026572758886687;experiment;V, X, K;1;instructions;right;3348;1, 0, 0;lettersGrid;1, 0, 0;8/4-1=1 ?, 8/2-1=2 ?, 3x3-6=1 ?;cheat;2.5890957837400492, 2.508512604259522, 2.303085091361936;0.982089552238806;V, X, K;1-3;6;23;0.4690576965916685;male;258.99914893744074;cheat_first
3;1.0;2.6291994588345915;1.9418653660568452;self;5;3;3;1, 1, 1;1474302628.605;19_3;;0.9556213017751479;3;1.0;161;14;0.5;right;8.966705134316726;experiment;W, O, J;0;instructions;left;3348;0, 0, 1;lettersGrid;0, 0, 1;3x3-5=2 ?, 8/4+1=1 ?, 3x3-2=7 ?;cheat;2.4137087804274415, 1.9404331804189496, 4.173633487168445;0.9822485207100592;W, O, J;1-3;6;23;4.6932880501383005;male;263.692436987579;cheat_first
1;1.0;1.461153512817873;1.9251774130134436;self;0.5;1;1;1;1474302654.795;19_3;;0.9557522123893806;1;1.0;162;12;5;right;1.3035207277634981;experiment;Y;1;instructions;right;3348;1;lettersGrid;1;4x2-4=4 ?;cheat;3.023023260010632;0.9823008849557522;Y;1-3;2;23;0.46941812201425326;male;264.16185510959326;cheat_first
2;1.0;1.9953906058963184;1.4986359378444831;other;0.5;2;2;1, 1;1474302664.763;19_3;;0.9560117302052786;2;1.0;163;14;5;right;1.3982941172098435;experiment;C, P;1;instructions;right;3348;1, 0;lettersGrid;1, 0;2x3-4=2 ?, 4/2-2=2 ?;cheat;2.201093089942333, 2.1284239127935507;0.9824046920821115;C, P;1-3;4;23;0.4695952047196017;male;264.16185510959326;cheat_first
1;1.0;1.512094660852199;1.066788616548365;other;5;1;1;1;1474302677.647;19_3;;0.956140350877193;1;1.0;164;12;0.5;right;0.9602498592412303;experiment;R;1;instructions;right;3348;0;lettersGrid;0;3x3-3=8 ?;accuracy;1.7324866911485515;0.9824561403508771;R;1-3;2;23;4.696829793782702;male;264.16185510959326;cheat_first
3;1.0;3.063281938146247;1.63436445744901;other;5;3;3;1, 1, 1;1474302685.197;19_3;;0.9565217391304348;3;1.0;165;10;0.5;left;4.4823638034631585;experiment;R, P, N;1;instructions;left;3348;1, 1, 0;lettersGrid;1, 1, 0;1+3x2=7 ?, 4/2+1=3 ?, 6+9/3=7 ?;cheat;3.356437279859165, 2.2051808528076435, 1.9719833771623598;0.9826086956521739;R, P, N;1-3;6;23;0.46994328922495276;male;264.16185510959326;cheat_first
3;1.0;2.6312651043917867;1.7676886604658648;other;0.5;3;3;1, 1, 1;1474302706.067;19_3;;0.9568965517241379;3;1.0;166;12;5;right;1.1799118181324957;experiment;N, C, S;1;instructions;right;3348;1, 1, 0;lettersGrid;1, 1, 0;6/2-1=2 ?, 2x3-2=4 ?, 3x3-6=5 ?;cheat;2.8732336996426966, 2.06988584627652, 2.2024895328713683;0.9827586206896551;N, C, S;1-3;6;23;0.4701991676575505;male;264.16185510959326;cheat_first
2;1.0;1.7934701252870582;2.086379160796241;other;0.5;2;2;1, 1;1474302722.929;19_3;;0.9571428571428572;2;1.0;167;14;5;left;1.8125400999588237;experiment;P, I;0;instructions;right;3348;1, 0;lettersGrid;1, 0;2x2-2=2 ?, 6/2+6=8 ?;cheat;1.0852796300878254, 1.593506292663733;0.9828571428571429;P, I;1-3;4;23;4.7036734693877555;male;264.16185510959326;cheat_first
2;1.0;1.9654410455832476;1.29112756219547;other;0.5;2;2;1, 1;1474302734.301;19_3;;0.9573863636363636;2;1.0;168;12;5;left;2.1478084940963527;experiment;X, S;1;instructions;left;3348;1, 1;lettersGrid;1, 1;3x3-8=1 ?, 3x3-1=8 ?;accuracy;2.687170242529646, 1.3233144038531464;0.9829545454545454;X, S;1-3;4;23;4.7053363894628095;male;264.16185510959326;cheat_first
1;1.0;0.8178976137669451;1.5050409607929396;self;0.5;1;1;1;1474302746.904;19_3;;0.9575070821529745;1;1.0;169;14;5;left;0.9351945730531952;experiment;W;1;instructions;left;3348;0;lettersGrid;0;1+9/3=3 ?;accuracy;1.5190843071459312;0.9830028328611898;W;1-3;2;23;4.70616087120513;male;268.8680159807984;cheat_first
2;1.0;2.010056441632514;1.538586025449149;self;0.5;2;2;1, 1;1474302754.407;19_3;;0.9577464788732394;2;1.0;170;12;5;right;0.8304213640903981;experiment;J, E;1;instructions;right;3348;1, 0;lettersGrid;1, 0;3x3-2=7 ?, 3x3-5=2 ?;cheat;1.3498029373431564, 1.2951134052509587;0.9830985915492958;J, E;1-3;4;23;0.4707796072207895;male;269.3387955880192;cheat_first
1;1.0;1.8492386625712243;1.5799360948649337;self;5;1;1;1;1474302764.515;19_3;;0.9578651685393258;1;1.0;171;12;0.5;right;1.0771621420281008;experiment;Y;0;instructions;left;3348;1;lettersGrid;1;4x2-7=1 ?;cheat;2.2971100426047997;0.9831460674157303;Y;1-3;2;23;4.708606867819719;male;274.0474024558389;cheat_first
2;1.0;1.8484409985176171;1.4866026765985225;self;5;2;2;1, 1;1474302773.999;19_3;;0.9581005586592178;2;1.0;172;14;0.5;right;1.236344603611542;experiment;X, G;0;instructions;left;3348;0, 1;lettersGrid;0, 1;4/2+1=4 ?, 9/3-1=2 ?;cheat;1.6384904402402753, 2.3084270340868898;0.9832402234636871;X, G;1-3;4;23;4.710215036983864;male;278.75761749282276;cheat_first
2;1.0;1.0451391506185246;1.1502266123243317;self;5;2;2;1, 1;1474302785.573;19_3;;0.9583333333333334;2;1.0;173;10;0.5;right;1.215827226107649;experiment;L, K;1;instructions;right;3348;0, 1;lettersGrid;0, 1;2+8/2=8 ?, 2x3-4=2 ?;accuracy;3.812367756394451, 4.083003067148638;0.9833333333333333;L, K;1-3;4;23;4.711805555555555;male;283.4694230483783;cheat_first
2;1.0;1.4800893638539492;1.5817777291767925;self;5;2;2;1, 1;1474302800.251;19_3;;0.9585635359116023;2;1.0;174;12;0.5;left;1.135747629567959;experiment;R, I;1;instructions;left;3348;1, 1;lettersGrid;1, 1;6/3+4=6 ?, 2x3-2=4 ?;cheat;2.8210404950759767, 1.9958403978271235;0.9834254143646409;R, I;1-3;4;23;0.4713378712493514;male;283.9407609196277;cheat_first
3;1.0;1.9467182352582313;1.5130508668307812;other;0.5;3;3;1, 1, 1;1474302812.73;19_3;;0.958904109589041;3;1.0;175;14;5;left;0.9860476029207348;experiment;D, W, Y;1;instructions;left;3348;1, 0, 0;lettersGrid;1, 0, 0;5+2x2=9 ?, 3+6/2=5 ?, 9/3-1=4 ?;accuracy;1.7358337659616154, 3.881658008791419, 3.245810405800512;0.9835616438356164;D, W, Y;1-3;6;23;4.715706511540626;male;283.9407609196277;cheat_first
3;1.0;2.469330454098781;1.2076630248029687;other;0.5;3;3;1, 1, 1;1474302830.187;19_3;;0.9592391304347826;3;1.0;176;12;5;left;1.4078268042730997;experiment;Z, S, J;1;instructions;left;3348;0, 0, 0;lettersGrid;0, 0, 0;4x2-7=2 ?, 6/3-2=2 ?, 4/2+6=9 ?;accuracy;2.3123962443969504, 2.156536439340016, 2.853140988006089;0.9836956521739131;Z, S, J;1-3;6;23;4.717996810018904;male;283.9407609196277;cheat_first
1;1.0;1.7219500231967686;1.348562559121092;other;0.5;1;1;1;1474302846.848;19_3;;0.959349593495935;1;1.0;177;14;5;right;0.993170665073194;experiment;K;1;instructions;right;3348;0;lettersGrid;0;3x2-5=3 ?;cheat;2.9464468029909767;0.983739837398374;K;1-3;2;23;0.47187520655694365;male;283.9407609196277;cheat_first
2;1.0;2.2213432818389265;1.1932767607622736;other;0.5;2;2;1, 1;1474302856.583;19_3;;0.9595687331536388;2;1.0;178;12;5;right;1.8574212660632838;experiment;E, V;1;instructions;right;3348;1, 1;lettersGrid;1, 1;9/3+3=6 ?, 3+2x3=9 ?;cheat;1.7090992801558968, 1.9437346036511371;0.9838274932614556;E, V;1-3;4;23;0.47202505067530753;male;283.9407609196277;cheat_first
2;1.0;2.754481905872126;1.2818546290882296;other;0.5;2;2;1, 1;1474302868.673;19_3;;0.9597855227882037;2;1.0;179;14;5;left;0.7779393867331237;experiment;I, N;1;instructions;left;3348;1, 1;lettersGrid;1, 1;8/4-2=0 ?, 4/2+7=9 ?;accuracy;1.8211041949552964, 2.003173315695676;0.9839142091152815;I, N;1-3;4;23;4.721733067872263;male;283.9407609196277;cheat_first
1;1.0;0.7778399441422152;1.6123568566372342;other;5;1;1;1;1474302880.576;19_3;;0.9598930481283422;1;1.0;180;12;0.5;right;12.110930864042984;experiment;N;0;instructions;left;3348;0;lettersGrid;0;4x2-3=4 ?;cheat;2.0078149136279535;0.983957219251337;N;1-3;2;23;4.722468472075267;male;283.9407609196277;cheat_first
2;1.0;1.2620138858655991;1.3759358131692352;self;5;2;2;1, 1;1474302899.359;19_3;;0.9601063829787234;2;1.0;181;12;0.5;right;1.1421494675223585;experiment;I, B;0;instructions;left;3348;1, 0;lettersGrid;1, 0;8/2-1=3 ?, 9/3-3=1 ?;cheat;2.2605310942117285, 2.8010950009393127;0.9840425531914894;I, B;1-3;4;23;4.723927682209145;male;288.6646886018368;cheat_first
1;1.0;1.0261208436268134;1.4409879002078014;self;5;1;1;1;1474302911.575;19_3;;0.9602122015915119;1;1.0;182;12;0.5;right;2.7956231812358965;experiment;Y;0;instructions;left;3348;1;lettersGrid;1;1+2x2=5 ?;cheat;2.4503914180695574;0.9840848806366048;Y;1-3;2;23;4.724651548944973;male;293.3893401507818;cheat_first
3;1.0;3.039303179933995;1.4259253557729608;self;0.5;3;3;1, 1, 1;1474302921.902;19_3;;0.9605263157894737;3;1.0;183;12;5;left;1.7230477844650522;experiment;G, P, Q;1;instructions;left;3348;0, 0, 0;lettersGrid;0, 0, 0;8/2-3=2 ?, 3x3-8=0 ?, 9/3-2=2 ?;accuracy;5.021075105343698, 1.8679037891160988, 4.080516294606241;0.9842105263157894;G, P, Q;1-3;6;23;4.72680055401662;male;298.1161407047984;cheat_first
2;1.0;1.8306846569284971;1.5519449519788395;self;5;2;2;1, 1;1474302942.885;19_3;;0.9607329842931938;2;1.0;184;14;0.5;right;0.8271181714171689;experiment;L, N;0;instructions;left;3348;1, 1;lettersGrid;1, 1;5+9/3=8 ?, 3+8/4=5 ?;cheat;1.4672984279222874, 3.367914228819245;0.9842931937172775;L, N;1-3;4;23;4.728214687097394;male;302.8443553918958;cheat_first
3;1.0;2.3300740227996357;1.3920617917146956;self;5;3;3;1, 1, 1;1474302955.194;19_3;;0.961038961038961;3;1.0;185;10;0.5;left;1.3462888272879354;experiment;W, K, V;1;instructions;left;3348;1, 0, 1;lettersGrid;1, 0, 1;2x4-5=3 ?, 4x2-8=2 ?, 2x4-6=2 ?;cheat;2.9580557522585877, 3.206484577020092, 2.965155457788569;0.9844155844155844;W, K, V;1-3;6;23;0.47303086523865745;male;303.3173862571345;cheat_first
1;1.0;1.1166196172280252;1.0914670117781498;self;0.5;1;1;1;1474302973.337;19_3;;0.961139896373057;1;1.0;186;14;5;left;0.7819454014170333;experiment;G;0;instructions;right;3348;1;lettersGrid;1;9/3-2=1 ?;cheat;1.4893647741791938;0.9844559585492227;G;1-3;2;23;4.730999489919192;male;308.0483857470537;cheat_first
2;1.0;1.2164939515196238;1.945924110085798;other;0.5;2;2;1, 1;1474302980.279;19_3;;0.961340206185567;2;1.0;187;14;5;left;0.8857995626649426;experiment;M, U;1;instructions;left;3348;1, 0;lettersGrid;1, 0;2x2-3=1 ?, 4+8/2=7 ?;accuracy;1.6866093296966937, 2.178547932920992;0.9845360824742269;M, U;1-3;4;23;4.732370602614519;male;308.0483857470537;cheat_first
2;0.6666666666666666;3.131760370959455;1.6159672242883971;other;5;3;3;1, 1, 0;1474302991.184;19_3;;0.959079283887468;3;1.0;188;12;0.5;right;3.2762911523341245;experiment;F, Z, A;1;instructions;right;3348;0, 0, 0;lettersGrid;0, 0, 1;2x3-4=4 ?, 2x3-4=0 ?, 3+2x2=6 ?;accuracy;1.635768332029329, 2.4577519392196336, 2.334415169631029;0.9846547314578005;F, Z, A;1-3;6;23;4.721809773614772;male;308.0483857470537;cheat_first
1;1.0;0.8751903476286316;1.4985308330424232;other;5;1;1;1;1474303009.608;19_3;;0.9591836734693877;1;1.0;189;12;0.5;left;1.0298837371019545;experiment;T;1;instructions;left;3348;1;lettersGrid;1;9/3+6=9 ?;cheat;1.6291106328899332;0.9846938775510204;T;1-3;2;23;0.47225114535610163;male;308.0483857470537;cheat_first
3;1.0;2.381208393804627;1.4754052993339428;other;5;3;3;1, 1, 1;1474303017.33;19_3;;0.959493670886076;3;1.0;190;10;0.5;left;1.4038076957240264;experiment;F, C, A;1;instructions;left;3348;0, 0, 0;lettersGrid;0, 0, 0;3x3-8=0 ?, 3x2-6=1 ?, 8/2+3=8 ?;cheat;1.6791497198437355, 2.1790953980025733, 2.779036086335509;0.9848101265822785;F, C, A;1-3;6;23;0.4724595417401058;male;308.0483857470537;cheat_first
2;1.0;2.0537711921542723;1.917883422849627;other;0.5;2;2;1, 1;1474303033.149;19_3;;0.9596977329974811;2;1.0;191;10;5;right;0.8251654162031627;experiment;J, C;1;instructions;right;3348;1, 0;lettersGrid;1, 0;8/4-1=1 ?, 7+6/3=8 ?;cheat;2.435702225709065, 2.4657324725358194;0.9848866498740554;J, C;1-3;4;23;0.4725967425718074;male;308.0483857470537;cheat_first
1;1.0;0.7017872416927275;1.5393298984945432;other;0.5;1;1;1;1474303046.035;19_3;;0.9597989949748744;1;1.0;192;10;5;right;0.6085157538655039;experiment;J;1;instructions;right;3348;1;lettersGrid;1;1+2x2=5 ?;cheat;2.0128528663708494;0.9849246231155779;J;1-3;2;23;0.47266483169616935;male;308.0483857470537;cheat_first
3;1.0;2.4905973668592196;1.3812250265509647;self;0.5;3;3;1, 1, 1;1474303053.243;19_3;;0.9600997506234414;3;1.0;193;12;5;right;0.8824075440479646;experiment;V, O, Z;1;instructions;right;3348;1, 0, 1;lettersGrid;1, 0, 1;3x3-7=2 ?, 4/2+6=6 ?, 9/3-1=2 ?;cheat;2.04372713660905, 2.225101220878969, 1.615126385871008;0.9850374064837906;V, O, Z;1-3;6;23;0.4728670841599244;male;308.52125283121364;cheat_first
2;1.0;1.9645488933738307;1.3165908815044531;self;0.5;2;2;1, 1;1474303068.016;19_3;;0.9602977667493796;2;1.0;194;14;5;left;1.3050459860050978;experiment;Y, E;1;instructions;left;3348;1, 1;lettersGrid;1, 1;4x2-1=7 ?, 4+9/3=7 ?;accuracy;2.18038673612773, 2.172462824926697;0.9851116625310173;Y, E;1-3;4;23;4.730002647636522;male;313.25125547885017;cheat_first
2;1.0;1.4214787502505715;1.4586136570414965;self;5;2;2;1, 1;1474303080.278;19_3;;0.9604938271604938;2;1.0;195;14;0.5;right;0.8637247230908542;experiment;V, O;0;instructions;left;3348;0, 0;lettersGrid;0, 0;2x4-2=7 ?, 4+2x2=7 ?;cheat;2.783679099821711, 1.9037831004925465;0.9851851851851852;V, O;1-3;4;23;4.731321444901692;male;317.9825769237519;cheat_first
1;1.0;3.8358627494071698;1.1754510570817729;self;0.5;1;1;1;1474303092.665;19_3;;0.9605911330049262;1;1.0;196;10;5;right;1.7256386001454302;experiment;C;1;instructions;right;3348;1;lettersGrid;1;6/3+1=3 ?;cheat;2.499714589148425;0.9852216748768473;C;1-3;2;23;0.47319760246548087;male;318.45577452621734;cheat_first
1;1.0;1.6565065357845015;1.548691303657506;self;5;1;1;1;1474303104.178;19_3;;0.9606879606879607;1;1.0;197;14;0.5;left;1.9224775997599863;experiment;J;1;instructions;left;3348;1;lettersGrid;1;2x2+3=7 ?;cheat;2.528441465648939;0.9852579852579852;J;1-3;2;23;0.4732627423045113;male;318.9290372685218;cheat_first
3;1.0;2.601735255512722;1.482418302250153;self;0.5;3;3;1, 1, 1;1474303114.288;19_3;;0.9609756097560975;3;1.0;198;14;5;left;0.7814917167152089;experiment;V, C, L;0;instructions;right;3348;0, 0, 0;lettersGrid;0, 0, 0;3x3-4=7 ?, 8/2-3=0 ?, 2x3-5=0 ?;cheat;2.7570893542988415, 4.645631196804061, 2.219131126556931;0.9853658536585366;V, C, L;1-3;6;23;4.734562760261748;male;323.66360002878355;cheat_first
2;1.0;2.3838834348816818;1.2001942138567756;other;5;2;2;1, 1;1474303132.65;19_3;;0.9611650485436893;2;1.0;199;10;0.5;right;1.0843237779972696;experiment;W, D;1;instructions;right;3348;1, 1;lettersGrid;1, 1;2x4-5=3 ?, 1+2x2=5 ?;accuracy;3.19638354547169, 2.1957564555405042;0.9854368932038835;W, D;1-3;4;23;4.735837496465265;male;323.66360002878355;cheat_first
3;1.0;3.6872367735168154;2.8178024178350825;other;0.5;3;3;1, 1, 1;1474303145.787;19_3;;0.9614457831325302;3;1.0;200;12;5;right;12.552200813164745;experiment;S, Q, P;1;instructions;right;3348;1, 1, 0;lettersGrid;1, 1, 0;8/2+3=7 ?, 4/2+6=8 ?, 2+4/2=3 ?;cheat;2.0217577557259574, 1.6524615933958557, 6.329713764588632;0.9855421686746988;S, Q, P;1-3;6;23;0.47377268108578896;male;323.66360002878355;cheat_first
1;1.0;1.7687892528392695;1.752405643667771;other;0.5;1;1;1;1474303179.173;19_3;;0.9615384615384616;1;1.0;201;14;5;left;1.4792117210608922;experiment;D;0;instructions;right;3348;0;lettersGrid;0;2+2x3=6 ?;cheat;2.195412476187812;0.9855769230769231;D;1-3;2;23;4.738350591715977;male;323.66360002878355;cheat_first
2;1.0;3.4079963167314418;1.7097925471844064;other;5;2;2;1, 1;1474303189.361;19_3;;0.9617224880382775;2;1.0;202;14;0.5;right;1.0494173053466511;experiment;G, K;0;instructions;left;3348;0, 0;lettersGrid;0, 0;9/3-1=0 ?, 4/2-1=3 ?;cheat;1.9160021530560698, 2.950502715915718;0.9856459330143541;G, K;1-3;4;23;4.73958929511687;male;323.66360002878355;cheat_first
3;1.0;2.1853429406910436;1.3095046237267525;other;5;3;3;1, 1, 1;1474303203.574;19_3;;0.9619952494061758;3;1.0;203;14;0.5;right;2.9491398923682937;experiment;Y, Q, E;0;instructions;left;3348;1, 1, 0;lettersGrid;1, 1, 0;6/3-1=1 ?, 5+8/2=9 ?, 2x4-6=3 ?;cheat;2.309300076333784, 2.5358023406870416, 2.785911780620154;0.9857482185273159;Y, Q, E;1-3;6;23;4.741425516669394;male;323.66360002878355;cheat_first
3;1.0;3.2432036651489398;1.176588453829936;other;0.5;3;3;1, 1, 1;1474303221.624;19_3;;0.9622641509433962;3;1.0;204;14;5;right;1.023257887903128;experiment;B, X, J;1;instructions;right;3348;1, 1, 1;lettersGrid;1, 1, 1;9/3+3=6 ?, 4/2-1=1 ?, 6/3+2=4 ?;cheat;1.4201739643731344, 1.8339199030633608, 2.3911094785071327;0.9858490566037735;B, X, J;1-3;6;23;0.47432360270558915;male;323.66360002878355;cheat_first
2;1.0;2.962038764208046;1.4371209635946798;self;5;2;2;1, 1;1474303237.304;19_3;;0.9624413145539906;2;1.0;205;14;0.5;right;2.200531469332418;experiment;Q, Y;0;instructions;left;3348;0, 0;lettersGrid;0, 0;3x3-5=5 ?, 3x3-6=5 ?;cheat;1.318474274626169, 1.8085390397100127;0.9859154929577465;Q, Y;1-3;4;23;4.744429015406996;male;328.4080290441905;cheat_first
3;1.0;2.470016643363124;1.2261154645266288;self;0.5;3;3;1, 1, 1;1474303250.643;19_3;;0.9627039627039627;3;1.0;206;12;5;left;3.343567072965925;experiment;S, T, W;1;instructions;left;3348;0, 1, 0;lettersGrid;0, 1, 0;9/3+4=5 ?, 4/2-1=1 ?, 4+2x2=6 ?;accuracy;3.6896941733366475, 3.4291644946779343, 2.3790981583306348;0.986013986013986;S, T, W;1-3;6;23;4.746197858085971;male;333.1542269022765;cheat_first
2;1.0;1.6206314710670995;1.6983803597704537;self;5;2;2;1, 1;1474303270.987;19_3;;0.962877030162413;2;1.0;207;10;0.5;right;2.185176967114785;experiment;X, F;1;instructions;right;3348;0, 0;lettersGrid;0, 0;9/3+1=3 ?, 9/3-1=1 ?;accuracy;3.733778383162644, 2.063975205175666;0.9860788863109049;X, F;1-3;4;23;4.747363547784519;male;337.901590450061;cheat_first
2;1.0;1.9767385732147886;1.1757607092768012;self;0.5;2;2;1, 1;1474303285.418;19_3;;0.9630484988452656;2;1.0;208;12;5;right;0.9255985399986457;experiment;V, G;1;instructions;right;3348;0, 1;lettersGrid;0, 1;2x4-6=3 ?, 1+4/2=3 ?;cheat;1.9924466097691038, 2.4877676766282093;0.9861431870669746;V, G;1-3;4;23;0.47485185797566787;male;338.3764423080367;cheat_first
2;1.0;1.8059308835063348;1.3489815627781354;self;5;2;2;1, 1;1474303297.026;19_3;;0.9632183908045977;2;1.0;209;12;0.5;left;0.9390859279537835;experiment;W, Q;1;instructions;left;3348;0, 1;lettersGrid;0, 1;4x2-6=0 ?, 2x2+5=9 ?;cheat;2.71461958254622, 1.5172578900264853;0.9862068965517241;W, Q;1-3;4;23;0.47496630994847405;male;338.85140861798516;cheat_first
2;1.0;3.108536810213991;1.207176782384522;self;0.5;2;2;1, 1;1474303308.524;19_3;;0.9633867276887872;2;1.0;210;10;5;right;1.709934102474108;experiment;Q, T;1;instructions;right;3348;1, 0;lettersGrid;1, 0;2+9/3=5 ?, 9/3-2=3 ?;cheat;2.0052991222510173, 1.643962967720654;0.9862700228832952;Q, T;1-3;4;23;0.47507972498154155;male;339.3264883429667;cheat_first
1;1.0;1.599955551639141;1.3835125600235187;other;0.5;1;1;1;1474303321.223;19_3;;0.9634703196347032;1;1.0;211;12;5;right;0.619346149041121;experiment;L;1;instructions;right;3348;1;lettersGrid;1;3x3-9=0 ?;cheat;1.37935508118062;0.9863013698630136;L;1-3;2;23;0.4751360480390317;male;339.3264883429667;cheat_first
3;1.0;2.601261399181567;0.8832781090768549;other;0.5;3;3;1, 1, 1;1474303328.759;19_3;;0.963718820861678;3;1.0;212;12;5;right;2.3985595333770107;experiment;W, O, I;1;instructions;right;3348;0, 0, 0;lettersGrid;0, 0, 0;3x3-8=2 ?, 3x3-2=6 ?, 4/2-2=1 ?;cheat;1.6558511347957392, 2.396659861396074, 2.059956804403555;0.9863945578231292;W, O, I;1-3;6;23;0.4753035000848412;male;339.3264883429667;cheat_first
3;1.0;3.2478948074340224;1.626877244314528;other;5;3;3;1, 1, 1;1474303344.906;19_3;;0.963963963963964;3;1.0;213;14;0.5;right;1.4839856731887267;experiment;X, D, T;0;instructions;left;3348;0, 1, 0;lettersGrid;0, 1, 0;1+2x3=8 ?, 4x2+1=9 ?, 9/3+5=9 ?;cheat;3.005108730387292, 2.2284486495800593, 1.7304051206210715;0.9864864864864865;X, D, T;1-3;6;23;4.754687119551985;male;339.3264883429667;cheat_first
1;1.0;0.9413104693230707;1.5094811963263055;other;0.5;1;1;1;1474303362.052;19_3;;0.9640449438202248;1;1.0;214;12;5;right;1.325119587678273;experiment;G;1;instructions;right;3348;1;lettersGrid;1;3x3-6=3 ?;cheat;1.8317707398846323;0.9865168539325843;G;1-3;2;23;0.47552329251357156;male;339.3264883429667;cheat_first
2;1.0;2.2159188831574284;1.3380064273178505;other;5;2;2;1, 1;1474303370.258;19_3;;0.9642058165548099;2;1.0;215;10;0.5;right;0.8532092884333906;experiment;H, P;0;instructions;left;3348;1, 0;lettersGrid;1, 0;4/2+2=4 ?, 2x4-5=4 ?;cheat;1.6912148310302655, 2.486406622522736;0.9865771812080537;H, P;1-3;4;23;4.75631728300527;male;339.3264883429667;cheat_first
2;1.0;2.849235123689141;2.2156941641351295;other;5;2;2;1, 1;1474303382.396;19_3;;0.9643652561247216;2;1.0;216;10;0.5;left;0.6347098523547174;experiment;Z, M;1;instructions;left;3348;0, 0;lettersGrid;0, 0;3+8/2=9 ?, 2x3-3=1 ?;cheat;2.4598143997818624, 2.192442646221025;0.9866369710467706;Z, M;1-3;4;23;0.47573920764281924;male;339.3264883429667;cheat_first
1;1.0;1.2639521316632454;1.243046538778799;self;0.5;1;1;1;1474303396.187;19_3;;0.9644444444444444;1;1.0;217;14;5;left;1.1460110958114456;experiment;A;0;instructions;right;3348;1;lettersGrid;1;9/3-3=0 ?;cheat;2.4571004310000717;0.9866666666666667;A;1-3;2;23;4.757925925925926;male;344.0844142688926;cheat_first
3;1.0;2.7297458268621995;1.3139494598071906;self;5;3;3;1, 1, 1;1474303404.55;19_3;;0.9646799116997793;3;1.0;218;12;0.5;right;2.543775442351034;experiment;G, T, I;1;instructions;right;3348;0, 1, 1;lettersGrid;0, 1, 1;2x2-3=3 ?, 3x2-1=5 ?, 3x3-2=7 ?;accuracy;2.6217862083385626, 2.1797476139972787, 2.6277141899627168;0.9867549668874173;G, T, I;1-3;6;23;4.759513471631362;male;348.84392774052395;cheat_first
1;1.0;1.6791773231261686;1.3925720985325825;self;0.5;1;1;1;1474303422.569;19_3;;0.9647577092511013;1;1.0;219;14;5;left;1.0565601852385953;experiment;D;0;instructions;right;3348;0;lettersGrid;0;8/4-2=1 ?;cheat;2.5697876422937043;0.986784140969163;D;1-3;2;23;4.7600380368336275;male;353.6039657773576;cheat_first
2;1.0;1.8507494113955545;1.1667963667005097;self;5;2;2;1, 1;1474303431.696;19_3;;0.9649122807017544;2;1.0;220;12;0.5;right;1.229200308165673;experiment;O, S;1;instructions;right;3348;1, 1;lettersGrid;1, 1;9/3-1=2 ?, 9/3-3=0 ?;accuracy;1.4819009176671898, 1.1978893398609216;0.9868421052631579;O, S;1-3;4;23;4.761080332409972;male;358.36504610976755;cheat_first
1;1.0;1.102140634472562;1.3680614463191887;self;5;1;1;1;1474303442.165;19_3;;0.9649890590809628;1;1.0;221;10;0.5;left;0.7344164436290157;experiment;K;1;instructions;left;3348;1;lettersGrid;1;8/2+5=9 ?;cheat;1.6511808719169494;0.986870897155361;K;1-3;2;23;0.4761598092401687;male;358.84120591900773;cheat_first
3;1.0;2.654743464658168;1.0074171432661387;self;0.5;3;3;1, 1, 1;1474303449.232;19_3;;0.9652173913043478;3;1.0;222;10;5;right;1.4170126808767236;experiment;Q, T, N;1;instructions;right;3348;1, 1, 0;lettersGrid;1, 1, 0;6/2-2=1 ?, 3x2-6=0 ?, 9/3-2=0 ?;cheat;4.995620987128859, 3.874970229153405, 1.6871277759437362;0.9869565217391304;Q, T, N;1-3;6;23;0.47631379962192816;male;359.3175197186297;cheat_first
3;1.0;3.499017783237832;1.433206959848576;other;5;3;3;1, 1, 1;1474303468.843;19_3;;0.9654427645788337;3;1.0;223;12;0.5;right;1.4852596707914927;experiment;E, X, F;0;instructions;left;3348;1, 0, 0;lettersGrid;1, 0, 0;9/3-2=1 ?, 2x4+1=8 ?, 2x3-6=1 ?;cheat;1.7884746391309818, 2.0037816495505467, 3.0344124446919523;0.9870410367170627;E, X, F;1-3;6;23;4.764658136204395;male;359.3175197186297;cheat_first
1;1.0;0.9398471415206586;1.10946824401708;other;5;1;1;1;1474303486.036;19_3;;0.9655172413793104;1;1.0;224;12;0.5;left;0.8279706881467064;experiment;J;1;instructions;left;3348;0;lettersGrid;0;2+2x2=7 ?;cheat;1.521858083036932;0.9870689655172413;J;1-3;2;23;0.4765160523186682;male;359.3175197186297;cheat_first
3;1.0;2.6674728240386685;1.2934865810893825;other;5;3;3;1, 1, 1;1474303493.01;19_3;;0.9657387580299786;3;1.0;225;14;0.5;right;1.3096734284090417;experiment;G, I, X;0;instructions;left;3348;0, 0, 0;lettersGrid;0, 0, 0;8/2+1=6 ?, 4x2-8=1 ?, 5+2x2=7 ?;cheat;1.789243992127922, 1.7326250614432865, 1.6626004909849144;0.987152034261242;G, I, X;1-3;6;23;4.766654897771093;male;359.3175197186297;cheat_first
2;0.6666666666666666;2.6557325822413986;0.8832420124772398;other;0.5;3;3;1, 0, 1;1474303507.644;19_3;;0.9638297872340426;3;1.0;226;10;5;right;1.4032620000843963;experiment;R, L, S;1;instructions;right;3348;1, 1, 1;lettersGrid;1, 0, 1;2+9/3=5 ?, 2x4-7=1 ?, 3x3-3=6 ?;cheat;1.8545540636805526, 2.115193801577334, 1.7417730720080726;0.9872340425531915;R, L, S;1-3;6;23;0.4757627885921231;male;359.3175197186297;cheat_first
2;1.0;2.592597507707069;1.281882940145806;other;0.5;2;2;1, 1;1474303522.2;19_3;;0.9639830508474576;2;1.0;227;14;5;left;0.9576742607541746;experiment;P, G;0;instructions;right;3348;1, 0;lettersGrid;1, 0;3x3-7=2 ?, 6+4/2=9 ?;cheat;1.4451446712746474, 2.6427165733994116;0.9872881355932204;P, G;1-3;4;23;4.758645145073254;male;359.3175197186297;cheat_first
2;1.0;1.9024871618194084;1.0420550147555332;other;0.5;2;2;1, 1;1474303534.493;19_3;;0.9641350210970464;2;1.0;228;10;5;left;1.1280293274248834;experiment;W, L;1;instructions;left;3348;1, 1;lettersGrid;1, 1;4/2-1=1 ?, 6/3-2=0 ?;accuracy;1.285804375544103, 2.513738117760113;0.9873417721518988;W, L;1-3;4;23;4.75965390161833;male;359.3175197186297;cheat_first
2;1.0;0.9725630460716275;1.0755395645264798;self;0.5;2;2;1, 1;1474303545.427;19_3;;0.9642857142857143;2;1.0;229;10;5;left;1.8109231846683542;experiment;I, J;1;instructions;left;3348;1, 1;lettersGrid;1, 1;4x2-1=7 ?, 6/3+5=7 ?;accuracy;2.554404475128649, 3.195656305173543;0.9873949579831933;I, J;1-3;4;23;4.760654261704682;male;364.0781739803344;cheat_first
0;0.0;0.9392943681168617;1.7400029231166627;self;5;1;1;0;1474303558.405;19_3;;0.9622641509433962;1;1.0;230;10;0.5;right;2.0269149687992467;experiment;R;1;instructions;right;3348;0;lettersGrid;1;6/3+6=9 ?;accuracy;1.5298035814194009;0.9874213836477987;R;1-3;2;23;4.750800996796013;male;368.8289749771304;cheat_first
2;1.0;1.2498910908989274;1.5885656591826773;self;0.5;2;2;1, 1;1474303567.031;19_3;;0.9624217118997912;2;1.0;231;14;5;left;1.1177676306224384;experiment;K, C;0;instructions;right;3348;0, 0;lettersGrid;0, 0;4/2-2=2 ?, 8/4+2=2 ?;cheat;1.8617878928471328, 2.314401021179947;0.9874739039665971;K, C;1-3;4;23;4.751831625559512;male;373.5808066026899;cheat_first
1;1.0;1.1838534251601232;1.2612682433800728;self;5;1;1;1;1474303578.45;19_3;;0.9625;1;1.0;232;12;0.5;right;1.6704412384524403;experiment;Z;1;instructions;right;3348;1;lettersGrid;1;3+9/3=6 ?;accuracy;1.789768100586116;0.9875;Z;1-3;2;23;4.7523437500000005;male;378.3331503526899;cheat_first
1;1.0;0.861171773451133;1.9597066408186947;self;5;1;1;1;1474303586.779;19_3;;0.9625779625779626;1;1.0;233;10;0.5;left;1.2299636450625258;experiment;A;1;instructions;left;3348;0;lettersGrid;0;6/3+3=7 ?;cheat;1.426019843927861;0.9875259875259875;A;1-3;2;23;0.4752853765327778;male;378.8084357292227;cheat_first
1;1.0;0.9498370521678225;1.076452950030216;self;5;1;1;1;1474303594.704;19_3;;0.9626556016597511;1;1.0;234;14;0.5;right;2.205689036295553;experiment;A;1;instructions;right;3348;0;lettersGrid;0;3x3-2=5 ?;accuracy;2.697916412309496;0.9875518672199171;A;1-3;2;23;4.753361684543999;male;383.5617974137667;cheat_first
;;;1.7365461429544666;self;2;;;;1474303612.439;19_3;;;1;;1;12;0.2;right;;controlDotsCheat;;0;instructions;left;3348;;lettersGrid;;;cheat;;;;1-3;;23;2;male;;cheat_first
;;;1.5337770383875977;self;0.2;;;;1474303614.701;19_3;;;1;;2;14;2;right;;controlDotsCheat;;1;instructions;right;3348;;lettersGrid;;;cheat;;;;1-3;;23;0.2;male;;cheat_first
;;;1.273943811751451;self;2;;;;1474303616.776;19_3;;;1;;3;10;0.2;left;;controlDotsCheat;;1;instructions;left;3348;;lettersGrid;;;cheat;;;;1-3;;23;0.2;male;;cheat_first
;;;0.916751688311706;self;2;;;;1474303618.585;19_3;;;1;;4;10;0.2;left;;controlDotsCheat;;1;instructions;left;3348;;lettersGrid;;;cheat;;;;1-3;;23;0.2;male;;cheat_first
;;;1.133317479141624;self;2;;;;1474303620.036;19_3;;;1;;5;14;0.2;left;;controlDotsCheat;;1;instructions;left;3348;;lettersGrid;;;cheat;;;;1-3;;23;0.2;male;;cheat_first
;;;0.6167496711495914;self;0.2;;;;1474303621.705;19_3;;;1;;6;12;2;right;;controlDotsCheat;;1;instructions;right;3348;;lettersGrid;;;cheat;;;;1-3;;23;0.2;male;;cheat_first
;;;0.9765396880329718;other;2;;;;1474303622.859;19_3;;;1;;7;14;0.2;left;;controlDotsCheat;;1;instructions;left;3348;;lettersGrid;;;cheat;;;;1-3;;23;0.2;male;;cheat_first
;;;0.8832494441303425;other;0.2;;;;1474303624.372;19_3;;;1;;8;12;2;right;;controlDotsCheat;;1;instructions;right;3348;;lettersGrid;;;cheat;;;;1-3;;23;0.2;male;;cheat_first
;;;1.5944398497949805;other;2;;;;1474303625.792;19_3;;;1;;9;14;0.2;right;;controlDotsCheat;;0;instructions;left;3348;;lettersGrid;;;cheat;;;;1-3;;23;2;male;;cheat_first
;;;0.7668064171257356;other;0.2;;;;1474303627.929;19_3;;;1;;10;10;2;right;;controlDotsCheat;;1;instructions;right;3348;;lettersGrid;;;cheat;;;;1-3;;23;0.2;male;;cheat_first
;;;0.8000531540110387;other;0.2;;;;1474303629.223;19_3;;;1;;11;10;2;right;;controlDotsCheat;;1;instructions;right;3348;;lettersGrid;;;cheat;;;;1-3;;23;0.2;male;;cheat_first
;;;0.6589543806230722;other;0.2;;;;1474303630.565;19_3;;;1;;12;10;2;right;;controlDotsCheat;;1;instructions;right;3348;;lettersGrid;;;cheat;;;;1-3;;23;0.2;male;;cheat_first
;;;1.7880482038217451;self;0.2;;;;1474303631.75;19_3;;;1;;13;14;2;left;;controlDotsCheat;;0;instructions;right;3348;;lettersGrid;;;cheat;;;;1-3;;23;2;male;;cheat_first
;;;1.250088560527729;self;2;;;;1474303634.075;19_3;;;1;;14;10;0.2;left;;controlDotsCheat;;1;instructions;left;3348;;lettersGrid;;;cheat;;;;1-3;;23;0.2;male;;cheat_first
;;;1.5192562968213679;self;2;;;;1474303648.285;19_3;;;1;;1;14;0.2;right;;controlDotsAccuracy;;1;instructions;right;3348;;lettersGrid;;;accuracy;;;;1-3;;23;2;male;;cheat_first
;;;1.049899301106052;self;0.2;;;;1474303650.328;19_3;;;1;;2;12;2;left;;controlDotsAccuracy;;1;instructions;left;3348;;lettersGrid;;;accuracy;;;;1-3;;23;2;male;;cheat_first
;;;1.645777352639925;self;0.2;;;;1474303651.904;19_3;;;1;;3;12;2;left;;controlDotsAccuracy;;1;instructions;left;3348;;lettersGrid;;;accuracy;;;;1-3;;23;2;male;;cheat_first
;;;0.6832905659421158;self;0.2;;;;1474303654.088;19_3;;;1;;4;12;2;left;;controlDotsAccuracy;;1;instructions;left;3348;;lettersGrid;;;accuracy;;;;1-3;;23;2;male;;cheat_first
;;;0.683402394620316;self;2;;;;1474303655.304;19_3;;;1;;5;10;0.2;right;;controlDotsAccuracy;;1;instructions;right;3348;;lettersGrid;;;accuracy;;;;1-3;;23;2;male;;cheat_first
;;;1.1166914565365005;self;2;;;;1474303656.521;19_3;;;1;;6;10;0.2;right;;controlDotsAccuracy;;1;instructions;right;3348;;lettersGrid;;;accuracy;;;;1-3;;23;2;male;;cheat_first
;;;0.8765358306518465;other;2;;;;1474303658.175;19_3;;;1;;7;14;0.2;left;;controlDotsAccuracy;;0;instructions;right;3348;;lettersGrid;;;accuracy;;;;1-3;;23;0.2;male;;cheat_first
;;;1.042022457038911;other;0.2;;;;1474303659.594;19_3;;;1;;8;10;2;left;;controlDotsAccuracy;;1;instructions;left;3348;;lettersGrid;;;accuracy;;;;1-3;;23;2;male;;cheat_first
;;;0.6500724940024156;other;2;;;;1474303661.17;19_3;;;1;;9;12;0.2;right;;controlDotsAccuracy;;1;instructions;right;3348;;lettersGrid;;;accuracy;;;;1-3;;23;2;male;;cheat_first
;;;1.699751322746124;other;0.2;;;;1474303662.355;19_3;;;1;;10;14;2;left;;controlDotsAccuracy;;1;instructions;left;3348;;lettersGrid;;;accuracy;;;;1-3;;23;2;male;;cheat_first
;;;1.681041252396426;other;0.2;;;;1474303664.586;19_3;;;1;;11;12;2;left;;controlDotsAccuracy;;1;instructions;left;3348;;lettersGrid;;;accuracy;;;;1-3;;23;2;male;;cheat_first
;;;1.6017487032650024;other;2;;;;1474303666.801;19_3;;;1;;12;14;0.2;right;;controlDotsAccuracy;;1;instructions;right;3348;;lettersGrid;;;accuracy;;;;1-3;;23;2;male;;cheat_first
;;;0.7587172401254065;self;0.2;;;;1474303668.938;19_3;;;1;;13;10;2;left;;controlDotsAccuracy;;1;instructions;left;3348;;lettersGrid;;;accuracy;;;;1-3;;23;2;male;;cheat_first
;;;0.776584348727738;self;2;;;;1474303670.232;19_3;;;1;;14;14;0.2;right;;controlDotsAccuracy;;1;instructions;right;3348;;lettersGrid;;;accuracy;;;;1-3;;23;2;male;;cheat_first
;;13.152;;self;5;;;;;19_3;;;2;;1;10;0.5;;;qStress;R, M;;instructions;right;3348;1, 1;lettersGrid;;4+9/3=7 ?, 1+4/2=3 ?;accuracy;;;3;1-3;;23;;male;;cheat_first
;;10.648;;self;5;;;;;19_3;;;2;;1;12;0.5;;;qSatisfied;O, B;;instructions;left;3348;0, 0;lettersGrid;;4x2-6=3 ?, 4+2x2=6 ?;cheat;;;4;1-3;;23;;male;;cheat_first
;;5.412;;self;0.5;;;;;19_3;;;2;;1;14;5;;;qFrustration;P, O;;instructions;left;3348;1, 0;lettersGrid;;2x2+4=8 ?, 9/3-1=3 ?;accuracy;;;4;1-3;;23;;male;;cheat_first
;;3.3;;self;5;;;;;19_3;;;2;;1;14;0.5;;;qDifficulty;W, R;;instructions;left;3348;0, 0;lettersGrid;;8/2-4=1 ?, 2x2-4=1 ?;cheat;;;3;1-3;;23;;male;;cheat_first
;;2.916;;self;5;;;;;19_3;;;2;;1;14;0.5;;;qEffort;X, S;;instructions;right;3348;0, 1;lettersGrid;;9/3+6=8 ?, 3x3-1=8 ?;accuracy;;;3;1-3;;23;;male;;cheat_first
;;33.14405374004946;;self;0.5;;;;;19_3;;;1;;1;12;5;;;qFriends;;;instructions;right;3348;;lettersGrid;;;cheat;;;142;1-3;;23;;male;;cheat_first
;;16.06648922711156;;self;0.5;;;;;19_3;;;1;;1;12;5;;;qAbout;;;instructions;right;3348;;lettersGrid;;;cheat;;;greed;1-3;;23;;male;;cheat_first
;;9.39952847933182;;self;5;;;;;19_3;;;1;;1;10;0.5;;;qFeedback;;;instructions;left;3348;;lettersGrid;;;cheat;;;"
";1-3;;23;;male;;cheat_first
