equationScore;equationProportion;recallRT;dotsRT;dotsReceiver;dotsMoneyRight;recallIntersection;recallLocation;equationScores;utc_start;id;recallRTs;equationRateCumulative;span;recallProportion;no;dotsN;dotsMoneyLeft;dotsAns;pauseRT;condition;encode;dotsCorrect;start_at;dotsSide;timeLimit;equationCorrect;stimType;equationAnss;equationText;dotsIncentive;equationRTs;recallLocationRateCumulative;recallAns;level;recallSum;age;moneyEarned;gender;moneyEarnedCumulative;order
;;;7.26535448369259;self;5;;;;1474385700.858;20_6;;;1;;1;10;0.5;right;;practiceDots;;0;instructions;left;3348;;lettersGrid;;;cheat;;;;1-3;;20;5;male;;accuracy_first
;;;1.8094422107583341;self;5;;;;1474385708.672;20_6;;;1;;2;10;0.5;right;;practiceDots;;1;instructions;right;3348;;lettersGrid;;;accuracy;;;;1-3;;20;5;male;;accuracy_first
;;;1.1002136482175047;self;5;;;;1474385711.016;20_6;;;1;;3;10;0.5;left;;practiceDots;;1;instructions;left;3348;;lettersGrid;;;cheat;;;;1-3;;20;0.5;male;;accuracy_first
;;;1.6667593879406013;self;5;;;;1474385712.642;20_6;;;1;;4;10;0.5;left;;practiceDots;;1;instructions;left;3348;;lettersGrid;;;cheat;;;;1-3;;20;0.5;male;;accuracy_first
;;;2.5227604184915435;self;0.5;;;;1474385714.845;20_6;;;1;;5;14;5;left;;practiceDots;;0;instructions;right;3348;;lettersGrid;;;cheat;;;;1-3;;20;5;male;;accuracy_first
;;;1.568818472625935;self;0.5;;;;1474385717.909;20_6;;;1;;6;10;5;right;;practiceDots;;1;instructions;right;3348;;lettersGrid;;;cheat;;;;1-3;;20;0.5;male;;accuracy_first
2;1.0;12.896633120676142;;self;0.5;2;2;1, 1;1474385841.069;20_6;;1.0;2;1.0;1;10;5;;6.226776417511701;practiceCS;M, K;;instructions;right;3348;0, 0;lettersGrid;0, 0;2+8/2=4 ?, 8/4-2=2 ?;cheat;4.6914904873988235, 2.9014231299943276;1.0;M, K;1-3;4;20;;male;;accuracy_first
1;1.0;5.177556284821549;;self;5;1;1;1;1474385869.781;20_6;;1.0;1;1.0;2;12;0.5;;1.976114716741904;practiceCS;G;;instructions;right;3348;1;lettersGrid;1;2x2-1=3 ?;accuracy;2.225477257984039;1.0;G;1-3;2;20;;male;;accuracy_first
3;1.0;15.452506358662049;;self;0.5;2;2;1, 1, 1;1474385880.221;20_6;;1.0;3;0.6666666666666666;3;10;5;;4.0806813102581145;practiceCS;Y, Z, R;;instructions;left;3348;1, 0, 1;lettersGrid;1, 0, 1;3x2-2=4 ?, 4x2-3=3 ?, 2x2+2=6 ?;accuracy;2.8168312469279044, 4.127368948919411, 1.7294464009105468;0.8333333333333334;Y, G, R;1-3;4;20;;male;;accuracy_first
1;1.0;2.3269652928697724;;self;5;1;1;1;1474385911.168;20_6;;1.0;1;1.0;4;10;0.5;;3.8721334705041954;practiceCS;L;;instructions;right;3348;1;lettersGrid;1;5+9/3=8 ?;accuracy;1.9894400378248065;0.8571428571428571;L;1-3;2;20;;male;;accuracy_first
3;1.0;7.55477827759978;;self;5;3;3;1, 1, 1;1474385920.389;20_6;;1.0;3;1.0;5;10;0.5;;1.2267519985502986;practiceCS;C, H, N;;instructions;left;3348;0, 0, 0;lettersGrid;0, 0, 0;3x3-6=5 ?, 2+6/2=4 ?, 4x2-4=5 ?;cheat;2.484794241937834, 3.7607529250553853, 2.985392506493099;0.9;C, H, N;1-3;6;20;;male;;accuracy_first
2;1.0;5.871530074428392;;self;0.5;2;2;1, 1;1474385941.114;20_6;;1.0;2;1.0;6;14;5;;1.7468751692072146;practiceCS;X, T;;instructions;left;3348;0, 0;lettersGrid;0, 0;2x4-3=7 ?, 4x2-8=2 ?;accuracy;1.8974251443814865, 2.5567816941306774;0.9166666666666666;X, T;1-3;4;20;;male;;accuracy_first
2;1.0;3.3521688461473786;2.953473384924564;self;0.5;2;2;1, 1;1474385996.411;20_6;;1.0;2;1.0;1;14;5;right;1.7522222139646146;practiceExp;O, Q;0;instructions;left;3348;0, 1;lettersGrid;0, 1;3+4/2=6 ?, 5+6/3=7 ?;accuracy;1.932018319175313, 2.6687475868579895;0.9285714285714286;O, Q;1-3;4;20;0.5;male;;accuracy_first
1;1.0;2.1941314511618657;2.3055311071025244;self;0.5;1;1;1;1474386017.04;20_6;;1.0;1;1.0;2;12;5;left;1.1039706292976916;practiceExp;P;1;instructions;left;3348;1;lettersGrid;1;1+4/2=3 ?;accuracy;1.9028015626718116;0.9333333333333333;P;1-3;2;20;5;male;;accuracy_first
3;1.0;4.5248070105776605;1.800183177600502;self;0.5;3;3;1, 1, 1;1474386028.202;20_6;;1.0;3;1.0;3;10;5;right;2.437974953223602;practiceExp;J, I, A;1;instructions;right;3348;1, 1, 1;lettersGrid;1, 1, 1;2x4-1=7 ?, 4/2+1=3 ?, 5+2x2=9 ?;cheat;2.7600571616035268, 1.7929049115027738, 1.768118603957646;0.9444444444444444;J, I, A;1-3;6;20;0.5;male;;accuracy_first
3;1.0;6.388709875488075;1.8501578208092724;self;0.5;3;3;1, 1, 1;1474386065.482;20_6;;1.0;3;1.0;1;12;5;left;8.370557739696324;experiment;E, Z, C;1;instructions;left;3348;0, 0, 0;lettersGrid;0, 0, 0;9/3+1=2 ?, 2x4-7=2 ?, 1+2x4=8 ?;accuracy;3.598110255503798, 1.8856035358653571, 2.953437641227538;0.9523809523809523;E, Z, C;1-3;6;20;4.761904761904762;male;4.761904761904762;accuracy_first
2;1.0;3.145615575474949;2.913494236594488;self;5;2;2;1, 1;1474386095.44;20_6;;1.0;2;1.0;2;12;0.5;left;8.345338261008692;experiment;D, W;0;instructions;right;3348;0, 1;lettersGrid;0, 1;2x3-1=4 ?, 9/3-1=2 ?;accuracy;1.9374241109994728, 2.427521868241456;0.9565217391304348;D, W;1-3;4;20;0.4782608695652174;male;5.24016563146998;accuracy_first
2;1.0;3.177502138428281;2.9883079181490757;self;5;2;2;1, 1;1474386119.075;20_6;;1.0;2;1.0;3;12;0.5;left;8.232004906441489;experiment;C, E;1;instructions;left;3348;0, 1;lettersGrid;0, 1;6/2+4=6 ?, 2x4-1=7 ?;cheat;3.820789242066894, 2.95559818846732;0.96;C, E;1-3;4;20;0.48;male;5.72016563146998;accuracy_first
2;1.0;4.257611195633672;4.021458958627136;self;0.5;2;2;1, 1;1474386145.412;20_6;;1.0;2;1.0;4;10;5;left;6.2126456246001;experiment;T, H;0;instructions;right;3348;1, 0;lettersGrid;1, 0;2x3-6=0 ?, 3+6/3=3 ?;cheat;1.8114173154503987, 3.6820608754092063;0.9629629629629629;T, H;1-3;4;20;4.814814814814815;male;10.534980446284795;accuracy_first
1;1.0;3.0276001504771557;2.798849336069452;self;0.5;1;1;1;1474386170.093;20_6;;1.0;1;1.0;5;14;5;left;7.232059760630364;experiment;K;0;instructions;right;3348;0;lettersGrid;0;4/2+6=6 ?;cheat;2.1414445337445613;0.9642857142857143;K;1-3;2;20;4.821428571428571;male;15.356409017713366;accuracy_first
3;1.0;3.5808439263846594;1.9504776384246725;self;5;3;3;1, 1, 1;1474386188.233;20_6;;1.0;3;1.0;6;14;0.5;left;5.035480397059473;experiment;D, X, Z;1;instructions;left;3348;1, 1, 1;lettersGrid;1, 1, 1;2x2-3=1 ?, 4/2+1=3 ?, 8/2+5=9 ?;cheat;2.458128028260944, 2.0228497777343364, 2.932820959820674;0.967741935483871;D, X, Z;1-3;6;20;0.4838709677419355;male;15.840279985455302;accuracy_first
3;1.0;3.7668403244110777;1.8101928283990674;other;0.5;3;3;1, 1, 1;1474386210.573;20_6;;1.0;3;1.0;7;14;5;left;5.790030198115346;experiment;L, V, M;1;instructions;left;3348;1, 0, 0;lettersGrid;1, 0, 0;4/2-2=0 ?, 4x2-3=6 ?, 8/4+1=1 ?;accuracy;1.9001253860583347, 4.455380364253415, 2.6367523772214554;0.9705882352941176;L, V, M;1-3;6;20;4.852941176470588;male;15.840279985455302;accuracy_first
1;1.0;2.03353537369685;1.6635513026458284;other;5;1;1;1;1474386237.081;20_6;;1.0;1;1.0;8;14;0.5;left;1.5656277283319469;experiment;W;1;instructions;left;3348;0;lettersGrid;0;4x2-3=3 ?;cheat;2.258763133596858;0.9714285714285714;W;1-3;2;20;0.4857142857142857;male;15.840279985455302;accuracy_first
1;1.0;1.5709386754942898;1.7228419565890363;other;0.5;1;1;1;1474386248.275;20_6;;1.0;1;1.0;9;10;5;right;1.737465375505053;experiment;G;1;instructions;right;3348;1;lettersGrid;1;3x3-6=3 ?;cheat;1.8541451894820966;0.9722222222222222;G;1-3;2;20;0.4861111111111111;male;15.840279985455302;accuracy_first
2;1.0;5.036269589581025;1.8329141411622913;other;5;2;2;1, 1;1474386259.967;20_6;;1.0;2;1.0;10;12;0.5;left;2.848307996006497;experiment;H, Q;1;instructions;left;3348;1, 0;lettersGrid;1, 0;9/3+6=9 ?, 9/3-3=1 ?;cheat;2.5261051084112296, 2.7600575155015576;0.9736842105263158;H, Q;1-3;4;20;0.4868421052631579;male;15.840279985455302;accuracy_first
2;1.0;3.057489313165661;1.813568307443802;other;0.5;2;2;1, 1;1474386279.919;20_6;;1.0;2;1.0;11;12;5;left;5.140759741130751;experiment;Z, X;1;instructions;left;3348;0, 0;lettersGrid;0, 0;4+9/3=6 ?, 6/3+3=3 ?;accuracy;3.9060850282394313, 3.7568094397338427;0.975;Z, X;1-3;4;20;4.875;male;15.840279985455302;accuracy_first
2;1.0;4.885389427580776;1.934180282007219;other;0.5;2;2;1, 1;1474386301.712;20_6;;1.0;2;1.0;12;10;5;right;2.5994862108955203;experiment;W, D;1;instructions;right;3348;1, 0;lettersGrid;1, 0;3x2+1=7 ?, 4x2-4=6 ?;cheat;2.0534347038742453, 3.074277172199345;0.9761904761904762;W, D;1-3;4;20;0.4880952380952381;male;15.840279985455302;accuracy_first
2;1.0;2.96689036558746;2.8601872898952934;self;5;2;2;1, 1;1474386319.517;20_6;;1.0;2;1.0;13;12;0.5;right;4.973995575567187;experiment;X, S;0;instructions;left;3348;1, 1;lettersGrid;1, 1;2x4-1=7 ?, 3x3-9=0 ?;cheat;1.8614889267087165, 3.52210393771702;0.9772727272727273;X, S;1-3;4;20;4.886363636363637;male;20.726643621818937;accuracy_first
1;1.0;1.418956475147752;1.9149140753370375;self;5;1;1;1;1474386338.93;20_6;;1.0;1;1.0;14;14;0.5;left;3.7201647182814668;experiment;M;1;instructions;left;3348;0;lettersGrid;0;9/3+4=9 ?;cheat;3.2787880975611188;0.9777777777777777;M;1-3;2;20;0.4888888888888889;male;21.215532510707824;accuracy_first
2;1.0;3.590831281610008;1.6775377051767464;self;0.5;2;2;1, 1;1474386351.617;20_6;;1.0;2;1.0;15;10;5;right;6.020715418946111;experiment;I, D;1;instructions;right;3348;0, 0;lettersGrid;0, 0;1+2x4=7 ?, 6/2+1=2 ?;cheat;4.129421911169175, 1.7234856970353576;0.9787234042553191;I, D;1-3;4;20;0.48936170212765956;male;21.704894212835484;accuracy_first
2;1.0;3.078865813560242;2.227006805104338;self;5;2;2;1, 1;1474386372.012;20_6;;1.0;2;1.0;16;10;0.5;left;3.6254782488986166;experiment;G, K;1;instructions;left;3348;1, 1;lettersGrid;1, 1;3x3-3=6 ?, 4x2-3=5 ?;cheat;1.490141640593265, 2.045470229570128;0.9795918367346939;G, K;1-3;4;20;0.4897959183673469;male;22.19469013120283;accuracy_first
3;1.0;5.94008471610141;1.6162294787823157;self;0.5;3;3;1, 1, 1;1474386387.711;20_6;;1.0;3;1.0;17;14;5;left;2.5401382254776763;experiment;E, N, X;1;instructions;left;3348;1, 0, 1;lettersGrid;1, 0, 1;3x2-2=4 ?, 2x2-4=2 ?, 3x3-5=4 ?;accuracy;3.5210001298805764, 2.8353606379791927, 1.8094705225976213;0.9807692307692307;E, N, X;1-3;6;20;4.903846153846153;male;27.098536285048983;accuracy_first
1;0.5;4.455426724890003;1.661528775622628;self;0.5;2;2;1, 0;1474386409.963;20_6;;0.9814814814814815;2;1.0;18;14;5;left;10.290599443035717;experiment;Q, K;0;instructions;right;3348;0, 1;lettersGrid;0, 0;3x2-4=3 ?, 6/3+1=3 ?;cheat;2.4213948323103978, 2.7400658179485617;0.9814814814814815;Q, K;1-3;4;20;4.816529492455419;male;31.915065777504402;accuracy_first
3;1.0;4.483606206379591;1.8235783121399436;other;5;3;3;1, 1, 1;1474386435.555;20_6;;0.9824561403508771;3;1.0;19;14;0.5;left;5.6700998310843715;experiment;M, D, P;1;instructions;left;3348;1, 0, 1;lettersGrid;1, 0, 1;3x2-1=5 ?, 4+8/4=8 ?, 2x4-2=6 ?;cheat;1.8084459879119095, 4.054488965991368, 2.4755472413121424;0.9824561403508771;M, D, P;1-3;6;20;0.4826100338565712;male;31.915065777504402;accuracy_first
3;1.0;5.691465360641359;1.6902320261406203;other;0.5;3;3;1, 1, 1;1474386460.055;20_6;;0.9833333333333333;3;1.0;20;10;5;left;4.70169088921466;experiment;H, R, I;1;instructions;left;3348;0, 1, 1;lettersGrid;0, 1, 1;7+6/3=7 ?, 4x2-8=0 ?, 2+8/2=6 ?;accuracy;1.7654933886547042, 3.2141206714291, 2.644838592434553;0.9833333333333333;H, R, I;1-3;6;20;4.834722222222222;male;31.915065777504402;accuracy_first
1;1.0;2.07896313550782;2.2188483947011264;other;5;1;1;1;1474386483.712;20_6;;0.9836065573770492;1;1.0;21;14;0.5;left;2.193492665287067;experiment;P;1;instructions;left;3348;1;lettersGrid;1;6/3+7=9 ?;cheat;3.8460741918829626;0.9836065573770492;P;1-3;2;20;0.48374092985756517;male;31.915065777504402;accuracy_first
3;1.0;3.832149367602142;1.9702063897693733;other;0.5;3;3;1, 1, 1;1474386496.508;20_6;;0.984375;3;1.0;22;14;5;right;1.356853393864185;experiment;A, G, R;1;instructions;right;3348;0, 1, 1;lettersGrid;0, 1, 1;2x3-5=2 ?, 6/2-2=1 ?, 2x2-2=2 ?;cheat;1.8081172166771466, 2.1027744540856474, 3.5700571155971375;0.984375;A, G, R;1-3;6;20;0.4844970703125;male;31.915065777504402;accuracy_first
3;1.0;5.610750076176373;2.314850656816816;other;5;3;3;1, 1, 1;1474386515.0;20_6;;0.9850746268656716;3;1.0;23;12;0.5;left;1.2961733364054453;experiment;U, T, R;1;instructions;left;3348;1, 1, 1;lettersGrid;1, 1, 1;6/2+4=7 ?, 3x3-3=6 ?, 3x2-2=4 ?;cheat;2.1654197070924965, 1.3421768902485383, 3.695378764633915;0.9850746268656716;U, T, R;1-3;6;20;0.48518601024727104;male;31.915065777504402;accuracy_first
2;1.0;3.758808609488824;1.8688563751006768;other;0.5;2;2;1, 1;1474386535.255;20_6;;0.9855072463768116;2;1.0;24;14;5;left;2.958173150254879;experiment;Z, H;1;instructions;left;3348;1, 0;lettersGrid;1, 0;1+9/3=4 ?, 2x2-1=4 ?;accuracy;2.134095488048388, 1.4560297670677755;0.9855072463768116;Z, H;1-3;4;20;4.856122663306028;male;31.915065777504402;accuracy_first
1;1.0;1.7215226248754334;1.6715734623221579;self;5;1;1;1;1474386550.376;20_6;;0.9857142857142858;1;1.0;25;10;0.5;left;2.234198012296474;experiment;K;1;instructions;left;3348;1;lettersGrid;1;2x3-5=1 ?;cheat;1.6588292417418415;0.9857142857142858;K;1-3;2;20;0.4858163265306123;male;32.40088210403501;accuracy_first
2;1.0;2.874857777244415;3.5061856060488026;self;0.5;2;2;1, 1;1474386560.551;20_6;;0.9861111111111112;2;1.0;26;12;5;right;3.589460280789808;experiment;O, M;1;instructions;right;3348;0, 1;lettersGrid;0, 1;6/3-2=1 ?, 4+6/2=7 ?;cheat;3.7461086261573655, 2.811464029985018;0.9861111111111112;O, M;1-3;4;20;0.48620756172839513;male;32.887089665763405;accuracy_first
1;1.0;1.8242008187075953;1.6369091540314002;self;0.5;1;1;1;1474386580.228;20_6;;0.9863013698630136;1;1.0;27;10;5;left;2.6366904450728725;experiment;E;1;instructions;left;3348;0;lettersGrid;0;4/2-1=3 ?;accuracy;4.972773211903586;0.9863013698630136;E;1-3;2;20;4.863951960968286;male;37.75104162673169;accuracy_first
3;1.0;5.974177833033082;2.375995028441139;self;0.5;3;3;1, 1, 1;1474386593.493;20_6;;0.9868421052631579;3;1.0;28;12;5;left;2.652833501965688;experiment;D, I, Z;0;instructions;right;3348;0, 1, 0;lettersGrid;0, 1, 0;2x4-8=2 ?, 1+4/2=3 ?, 4+4/2=5 ?;cheat;1.8408350860131577, 1.398165322031673, 2.6614792299037617;0.9868421052631579;D, I, Z;1-3;6;20;4.869286703601108;male;42.620328330332796;accuracy_first
2;1.0;4.028852595470198;1.8342366579572627;self;5;2;2;1, 1;1474386615.119;20_6;;0.9871794871794872;2;1.0;29;12;0.5;left;2.415871546354083;experiment;E, A;1;instructions;left;3348;0, 1;lettersGrid;0, 1;2x2-4=1 ?, 3x3-1=8 ?;cheat;1.7734649409185295, 1.6614983403951555;0.9871794871794872;E, A;1-3;4;20;0.4872616699539777;male;43.10759000028678;accuracy_first
2;1.0;3.665501988376036;2.7301633982415296;self;5;2;2;1, 1;1474386630.191;20_6;;0.9875;2;1.0;30;10;0.5;left;2.772870392292589;experiment;C, P;1;instructions;left;3348;1, 1;lettersGrid;1, 1;3x2-5=1 ?, 9/3+6=9 ?;cheat;1.6734473521883046, 2.853412266741543;0.9875;C, P;1-3;4;20;0.48757812500000003;male;43.595168125286776;accuracy_first
2;1.0;2.4110326991130933;3.5727651430297556;other;0.5;2;2;1, 1;1474386646.839;20_6;;0.9878048780487805;2;1.0;31;10;5;right;2.351469189817635;experiment;O, U;1;instructions;right;3348;0, 1;lettersGrid;0, 1;2x3+1=6 ?, 6/3-1=1 ?;cheat;2.890094855278676, 4.58136804931064;0.9878048780487805;O, U;1-3;4;20;0.48787923854848303;male;43.595168125286776;accuracy_first
3;1.0;4.740805818649278;1.691499334848686;other;0.5;3;3;1, 1, 1;1474386666.155;20_6;;0.9882352941176471;3;1.0;32;10;5;left;4.588731958722747;experiment;M, X, U;1;instructions;left;3348;0, 1, 1;lettersGrid;0, 1, 1;2x4-2=4 ?, 1+2x2=5 ?, 3x2-1=5 ?;accuracy;2.5702025676714584, 2.722781793930153, 2.39674194430836;0.9882352941176471;M, X, U;1-3;6;20;4.883044982698962;male;43.595168125286776;accuracy_first
3;1.0;3.6077858265980467;3.2195204469871896;other;5;3;3;1, 1, 1;1474386689.262;20_6;;0.9886363636363636;3;1.0;33;12;0.5;right;1.978146445112543;experiment;N, J, H;0;instructions;left;3348;0, 1, 0;lettersGrid;0, 1, 0;4/2+7=8 ?, 1+9/3=4 ?, 3x3-1=9 ?;cheat;3.3340970451995418, 2.064144718798161, 1.3968442208279157;0.9886363636363636;N, J, H;1-3;6;20;4.887009297520661;male;43.595168125286776;accuracy_first
1;1.0;3.3407648372617587;1.6082034262276466;other;0.5;1;1;1;1474386708.874;20_6;;0.9887640449438202;1;1.0;34;14;5;left;2.644825144310744;experiment;J;1;instructions;left;3348;0;lettersGrid;0;2x2+3=9 ?;accuracy;2.559468487684171;0.9887640449438202;J;1-3;2;20;4.888271682868324;male;43.595168125286776;accuracy_first
3;1.0;6.273350454918273;1.6302003098021487;other;0.5;2;2;1, 1, 1;1474386721.122;20_6;;0.9891304347826086;3;0.6666666666666666;35;14;5;right;8.31587200642116;experiment;J, Q, X;1;instructions;right;3348;0, 0, 0;lettersGrid;0, 0, 0;4+2x2=7 ?, 8/4-2=1 ?, 3+4/2=7 ?;cheat;2.352825326922357, 2.3699946879910385, 2.0912189768596363;0.9782608695652174;J, K, X;1-3;4;20;0.48381379962192816;male;43.595168125286776;accuracy_first
3;1.0;3.9028525239828014;1.5442409648953799;other;0.5;3;3;1, 1, 1;1474386750.217;20_6;;0.9894736842105263;3;1.0;36;12;5;right;12.175913844241677;experiment;O, L, S;1;instructions;right;3348;0, 1, 0;lettersGrid;0, 1, 0;8/2+4=9 ?, 1+9/3=4 ?, 4x2-7=2 ?;cheat;2.2201411840651417, 1.4187731559877648, 3.0014485044803223;0.9789473684210527;O, L, S;1-3;6;20;0.4843213296398892;male;43.595168125286776;accuracy_first
2;1.0;2.910181751391974;2.50949349057737;self;0.5;2;2;1, 1;1474386778.374;20_6;;0.9896907216494846;2;1.0;37;12;5;right;39.59044694839076;experiment;W, K;1;instructions;right;3348;1, 1;lettersGrid;1, 1;4+9/3=7 ?, 3x3-1=8 ?;cheat;1.7168147198913175, 2.423574490041574;0.979381443298969;W, K;1-3;4;20;0.4846423636943352;male;44.07981048898111;accuracy_first
1;1.0;2.854942167759873;1.8275586028530597;self;5;1;1;1;1474386830.805;20_6;;0.9897959183673469;1;1.0;38;12;0.5;left;6.4740792724423954;experiment;G;1;instructions;left;3348;0;lettersGrid;0;3x3-8=2 ?;cheat;1.871495038526973;0.9795918367346939;G;1-3;2;20;0.48479800083298624;male;44.5646084898141;accuracy_first
3;1.0;4.646101654367158;4.042834751225655;self;0.5;3;3;1, 1, 1;1474386846.217;20_6;;0.9900990099009901;3;1.0;39;12;5;left;3.8421427390921963;experiment;A, O, E;0;instructions;right;3348;0, 0, 0;lettersGrid;0, 0, 0;4x2-2=8 ?, 8/4+7=8 ?, 3x3-9=1 ?;cheat;1.2748697389965855, 2.062941465625954, 1.579484958097055;0.9801980198019802;A, O, E;1-3;6;20;4.852465444564259;male;49.41707393437836;accuracy_first
3;1.0;4.711598263493215;1.7275792351060772;self;5;3;3;1, 1, 1;1474386867.792;20_6;;0.9903846153846154;3;1.0;40;10;0.5;right;3.65681025369895;experiment;R, P, X;1;instructions;right;3348;1, 1, 1;lettersGrid;1, 1, 1;2x2-1=3 ?, 2+6/2=5 ?, 3+2x3=9 ?;accuracy;1.397497870418647, 1.6688519867657305, 1.6254778950005857;0.9807692307692307;R, P, X;1-3;6;20;4.856693786982248;male;54.273767721360606;accuracy_first
2;1.0;3.1561564271592033;1.6075593318828396;self;5;2;2;1, 1;1474386886.433;20_6;;0.9905660377358491;2;1.0;41;10;0.5;left;4.707454118009991;experiment;F, V;1;instructions;left;3348;0, 0;lettersGrid;0, 0;3x2-4=3 ?, 2x4+1=8 ?;cheat;2.8128183975991305, 1.6755027917242842;0.9811320754716981;F, V;1-3;4;20;0.48593805624777503;male;54.75970577760838;accuracy_first
1;1.0;2.9454873228432916;1.5548745378537205;self;5;1;1;1;1474386903.421;20_6;;0.9906542056074766;1;1.0;42;14;0.5;left;5.937277243332574;experiment;N;1;instructions;left;3348;1;lettersGrid;1;4+4/2=6 ?;cheat;3.020675074575138;0.9813084112149533;N;1-3;2;20;0.4860686522840423;male;55.24577442989242;accuracy_first
3;1.0;4.778150904227459;1.4555406800432138;other;5;3;3;1, 1, 1;1474386920.893;20_6;;0.990909090909091;3;1.0;43;10;0.5;left;2.1126552860150696;experiment;L, F, U;1;instructions;left;3348;1, 1, 0;lettersGrid;1, 1, 0;4x2-1=7 ?, 3x3-7=2 ?, 2x4-7=0 ?;cheat;2.3754401163901093, 1.191461290814459, 1.3588111575541006;0.9818181818181818;L, F, U;1-3;6;20;0.48644628099173554;male;55.24577442989242;accuracy_first
1;1.0;1.972875134525566;1.1254582536621456;other;0.5;1;1;1;1474386938.287;20_6;;0.990990990990991;1;1.0;44;10;5;right;1.8675129783241573;experiment;O;1;instructions;right;3348;1;lettersGrid;1;2x2-4=0 ?;cheat;1.9654227506152893;0.9819819819819819;O;1-3;2;20;0.48656764872981084;male;55.24577442989242;accuracy_first
3;1.0;6.143380709657777;0.8169834230643573;other;0.5;3;3;1, 1, 1;1474386947.381;20_6;;0.9912280701754386;3;1.0;45;14;5;left;6.263254806907753;experiment;S, K, T;0;instructions;right;3348;1, 0, 1;lettersGrid;1, 0, 1;2x2+2=6 ?, 2x3-3=1 ?, 8/2+1=5 ?;cheat;1.3140915456247058, 2.572778237255079, 2.6047603526662897;0.9824561403508771;S, K, T;1-3;6;20;4.869190520160049;male;55.24577442989242;accuracy_first
3;1.0;7.250075291797657;1.0333867365402511;other;5;3;3;1, 1, 1;1474386970.874;20_6;;0.9914529914529915;3;1.0;46;12;0.5;right;1.7233947452518805;experiment;R, V, M;1;instructions;right;3348;0, 0, 0;lettersGrid;0, 0, 0;6/3+1=5 ?, 4+9/3=5 ?, 4/2+3=7 ?;accuracy;2.6654906636399573, 1.9582308356275462, 2.1748482573884758;0.9829059829059829;R, V, M;1-3;6;20;4.872525385345899;male;55.24577442989242;accuracy_first
2;1.0;3.937459500798923;1.2882580539221635;other;0.5;2;2;1, 1;1474386991.981;20_6;;0.9915966386554622;2;1.0;47;12;5;right;1.6574069257126212;experiment;S, U;1;instructions;right;3348;0, 1;lettersGrid;0, 1;2x3-6=1 ?, 3x3-3=6 ?;cheat;2.244828046274506, 1.8261334556405018;0.9831932773109243;S, U;1-3;4;20;0.48746557446508015;male;55.24577442989242;accuracy_first
1;1.0;5.900805931896684;1.4582278274942837;other;5;0;0;1;1474387006.208;20_6;;0.9916666666666667;1;0.0;48;14;0.5;right;11.622597519245573;experiment;U;1;instructions;right;3348;1;lettersGrid;1;2x2-2=2 ?;accuracy;1.8614740629927837;0.975;S;1-3;0;20;4.8343750000000005;male;55.24577442989242;accuracy_first
1;1.0;1.5189039920755931;1.3021942029386082;self;0.5;1;1;1;1474387029.249;20_6;;0.9917355371900827;1;1.0;49;12;5;right;5.136062453086197;experiment;V;1;instructions;right;3348;0;lettersGrid;0;9/3-1=0 ?;cheat;2.20744580140763;0.9752066115702479;V;1-3;2;20;0.48357352639847007;male;55.729347956290894;accuracy_first
1;1.0;2.075535633458003;1.406876167199698;self;5;1;1;1;1474387041.526;20_6;;0.9918032786885246;1;1.0;50;14;0.5;right;3.390125113557133;experiment;B;0;instructions;left;3348;0;lettersGrid;0;1+2x2=7 ?;cheat;2.2416118213254776;0.9754098360655737;B;1-3;2;20;4.837073367374361;male;60.56642132366525;accuracy_first
3;1.0;3.595709057629847;1.0426850523749636;self;5;3;3;1, 1, 1;1474387052.837;20_6;;0.992;3;1.0;51;12;0.5;right;4.568794407562564;experiment;V, C, X;1;instructions;right;3348;1, 1, 1;lettersGrid;1, 1, 1;5+8/2=9 ?, 4/2+3=5 ?, 3x3-1=8 ?;accuracy;1.906769820853242, 1.1654059050711112, 1.3101172711776599;0.976;V, C, X;1-3;6;20;4.84096;male;65.40738132366525;accuracy_first
3;1.0;4.364149000963607;0.8668235850359451;self;0.5;3;3;1, 1, 1;1474387070.34;20_6;;0.9921875;3;1.0;52;10;5;right;2.043568735660756;experiment;H, I, A;1;instructions;right;3348;0, 0, 1;lettersGrid;0, 0, 1;2x4-6=1 ?, 4/2+6=6 ?, 2x3-2=4 ?;cheat;1.5314075620217409, 1.6454773783093515, 1.5867759645225306;0.9765625;H, I, A;1-3;6;20;0.484466552734375;male;65.89184787639962;accuracy_first
3;1.0;4.646126427226136;1.1765299806452276;self;5;3;3;1, 1, 1;1474387086.159;20_6;;0.9923664122137404;3;1.0;53;14;0.5;left;1.9700775709006848;experiment;S, J, Z;1;instructions;left;3348;0, 1, 0;lettersGrid;0, 1, 0;2x4-8=1 ?, 4x2-4=4 ?, 5+2x2=7 ?;cheat;1.247432381595445, 1.4128216534609237, 2.4434511707477213;0.9770992366412213;S, J, Z;1-3;6;20;0.4848202319212167;male;66.37666810832084;accuracy_first
2;0.6666666666666666;8.786771505407614;1.000122802603073;self;0.5;3;3;1, 0, 1;1474387104.911;20_6;;0.9850746268656716;3;1.0;54;14;5;right;6.872685551371433;experiment;D, P, F;1;instructions;right;3348;1, 0, 1;lettersGrid;1, 1, 1;2x4-6=2 ?, 2x3-1=6 ?, 8/4-1=1 ?;cheat;1.9034523810787505, 1.8427854178457892, 2.616097828729835;0.9776119402985075;D, P, F;1-3;6;20;0.48151035865448877;male;66.85817846697533;accuracy_first
2;1.0;2.495482669084595;0.8757683567773711;other;0.5;2;2;1, 1;1474387132.852;20_6;;0.9852941176470589;2;1.0;55;10;5;right;3.6494481137765433;experiment;B, J;1;instructions;right;3348;0, 1;lettersGrid;0, 1;8/4+3=3 ?, 2x2+5=9 ?;cheat;2.076804711656223, 1.4407972897074615;0.9779411764705882;B, J;1-3;4;20;0.48177984429065746;male;66.85817846697533;accuracy_first
1;1.0;1.4122136567111738;1.2587075716119216;other;0.5;1;1;1;1474387147.017;20_6;;0.9854014598540146;1;1.0;56;12;5;right;1.6415459255194946;experiment;U;1;instructions;right;3348;1;lettersGrid;1;9/3+6=9 ?;cheat;2.912121820182165;0.9781021897810219;U;1-3;2;20;0.4819116628483137;male;66.85817846697533;accuracy_first
1;1.0;1.155005196991624;0.658733689283963;other;0.5;1;1;1;1474387158.608;20_6;;0.9855072463768116;1;1.0;57;10;5;right;4.154155487913613;experiment;O;1;instructions;right;3348;0;lettersGrid;0;9/3+4=8 ?;cheat;2.135460826500548;0.9782608695652174;O;1-3;2;20;0.4820415879017014;male;66.85817846697533;accuracy_first
1;1.0;1.8935163410628775;0.7256876503402054;other;0.5;1;1;1;1474387168.904;20_6;;0.9856115107913669;1;1.0;58;10;5;right;1.5195650735240633;experiment;G;1;instructions;right;3348;0;lettersGrid;0;2x4-1=5 ?;cheat;2.266139783336257;0.9784172661870504;G;1-3;2;20;0.4821696599554888;male;66.85817846697533;accuracy_first
3;1.0;2.6721821668679695;0.7834466337753838;other;0.5;3;3;1, 1, 1;1474387177.734;20_6;;0.9859154929577465;3;1.0;59;12;5;left;4.562817778277804;experiment;P, O, A;0;instructions;right;3348;1, 0, 1;lettersGrid;1, 0, 1;2+4/2=4 ?, 3x3-5=3 ?, 2x2-2=2 ?;cheat;4.137430268824573, 4.411414201148091, 1.5541501086640892;0.9788732394366197;P, O, A;1-3;6;20;4.8254314620115055;male;66.85817846697533;accuracy_first
1;1.0;1.7342962189891296;1.1153459724464483;other;0.5;1;1;1;1474387200.293;20_6;;0.986013986013986;1;1.0;60;12;5;left;1.7968377798847541;experiment;W;0;instructions;right;3348;0;lettersGrid;0;7+4/2=7 ?;cheat;2.524846293254541;0.9790209790209791;W;1-3;2;20;4.826641889578953;male;66.85817846697533;accuracy_first
3;1.0;2.7581914113911807;1.0834763965963248;self;0.5;3;3;1, 1, 1;1474387209.856;20_6;;0.9863013698630136;3;1.0;61;14;5;right;1.0055073605476537;experiment;G, C, Z;1;instructions;right;3348;1, 0, 0;lettersGrid;1, 0, 0;2x4-7=1 ?, 3x3-5=6 ?, 3x3-4=4 ?;cheat;2.2627795219050313, 1.67543838228994, 2.4234343464372614;0.9794520547945206;G, C, Z;1-3;6;20;0.48301745167948956;male;67.34119591865482;accuracy_first
1;1.0;1.829024802233107;1.8000950570003624;self;5;1;1;1;1474387225.066;20_6;;0.9863945578231292;1;1.0;62;10;0.5;left;2.1448207205858125;experiment;E;1;instructions;left;3348;1;lettersGrid;1;3x2-2=4 ?;cheat;3.0848374882725693;0.9795918367346939;E;1-3;2;20;0.4831320283215327;male;67.82432794697635;accuracy_first
1;1.0;1.4135421897722154;1.0925492794103775;self;0.5;1;1;1;1474387236.127;20_6;;0.9864864864864865;1;1.0;63;12;5;left;3.882638932388545;experiment;A;1;instructions;left;3348;1;lettersGrid;1;1+2x2=5 ?;accuracy;1.3814284243080692;0.9797297297297297;A;1-3;2;20;4.83245069393718;male;72.65677864091353;accuracy_first
1;1.0;1.1055943132837456;0.8500856256191582;self;0.5;1;1;1;1474387246.018;20_6;;0.9865771812080537;1;1.0;64;10;5;left;1.4007494851666706;experiment;X;1;instructions;left;3348;1;lettersGrid;1;2x3-5=1 ?;accuracy;1.3748186715165502;0.9798657718120806;X;1-3;2;20;4.833566055583082;male;77.4903446964966;accuracy_first
2;1.0;1.9809648887185176;0.7820059150508314;self;5;2;2;1, 1;1474387253.724;20_6;;0.9867549668874173;2;1.0;65;10;0.5;right;1.7155459955911283;experiment;S, O;1;instructions;right;3348;0, 1;lettersGrid;0, 1;9/3-2=0 ?, 3x3-7=2 ?;accuracy;2.5320774909200736, 3.12620533232257;0.9801324503311258;S, O;1-3;4;20;4.835752817858866;male;82.32609751435547;accuracy_first
2;1.0;3.2500232687930293;0.7820887271809625;self;5;2;2;1, 1;1474387266.829;20_6;;0.9869281045751634;2;1.0;66;10;0.5;left;2.5895250441221833;experiment;Y, R;1;instructions;left;3348;1, 1;lettersGrid;1, 1;2x2-4=0 ?, 4/2+3=5 ?;cheat;1.583545583654086, 1.4395126399977016;0.9803921568627451;Y, R;1-3;4;20;0.4837882865564527;male;82.80988580091191;accuracy_first
3;1.0;3.2568779189950874;0.7420996697073861;other;5;3;3;1, 1, 1;1474387279.652;20_6;;0.9871794871794872;3;1.0;67;10;0.5;left;7.156045657087816;experiment;L, R, O;1;instructions;left;3348;0, 1, 0;lettersGrid;0, 1, 0;2+9/3=7 ?, 4/2-2=0 ?, 2x2+2=8 ?;cheat;2.058136592592291, 1.6868579626870996, 3.1867880678337315;0.9807692307692307;L, R, O;1-3;6;20;0.48409763313609466;male;82.80988580091191;accuracy_first
2;1.0;8.320039863069724;0.9168134458586792;other;0.5;2;2;1, 1;1474387301.649;20_6;;0.9873417721518988;2;1.0;68;14;5;right;3.032787587239909;experiment;M, C;1;instructions;right;3348;1, 0;lettersGrid;1, 0;9/3-2=1 ?, 4/2+3=7 ?;cheat;2.542074401390437, 1.3514932548810066;0.9810126582278481;M, C;1-3;4;20;0.48429738823906426;male;82.80988580091191;accuracy_first
2;1.0;2.707546131488016;0.9253533582973432;other;0.5;2;2;1, 1;1474387321.009;20_6;;0.9875;2;1.0;69;10;5;right;1.7231884227226146;experiment;E, Y;1;instructions;right;3348;1, 0;lettersGrid;1, 0;3+4/2=5 ?, 4x2-4=3 ?;cheat;2.3568452542099294, 2.413467871193916;0.98125;E, Y;1-3;4;20;0.4844921875;male;82.80988580091191;accuracy_first
3;1.0;4.256921094549853;0.8590534007298629;other;5;3;3;1, 1, 1;1474387334.223;20_6;;0.9877300613496932;3;1.0;70;10;0.5;right;2.9881529108288305;experiment;U, C, E;1;instructions;right;3348;1, 1, 1;lettersGrid;1, 1, 1;6/3+3=5 ?, 2x3+1=7 ?, 4x2-4=4 ?;accuracy;4.120023442203092, 2.2027591303026384, 3.250099002963452;0.9815950920245399;U, C, E;1-3;6;20;4.847754902329783;male;82.80988580091191;accuracy_first
3;1.0;4.079662437939987;1.4528655651238296;other;0.5;3;3;1, 1, 1;1474387356.283;20_6;;0.9879518072289156;3;1.0;71;12;5;right;3.9054763236936196;experiment;B, J, L;1;instructions;right;3348;1, 1, 1;lettersGrid;1, 1, 1;8/2-3=1 ?, 4/2-1=1 ?, 3x3-7=2 ?;cheat;1.7661544701031744, 2.6388028621854573, 1.1648605482655512;0.9819277108433735;B, J, L;1-3;6;20;0.4850486282479315;male;82.80988580091191;accuracy_first
1;1.0;1.1994937135327746;0.7274521857270884;other;0.5;1;1;1;1474387375.675;20_6;;0.9880239520958084;1;1.0;72;14;5;left;1.493561356887767;experiment;A;0;instructions;right;3348;0;lettersGrid;0;6/2+1=3 ?;cheat;3.1348061152157243;0.9820359281437125;A;1-3;2;20;4.851375094123131;male;82.80988580091191;accuracy_first
1;1.0;0.9388754466635874;0.8264919543057658;self;0.5;1;1;1;1474387389.357;20_6;;0.9880952380952381;1;1.0;73;14;5;right;1.5308264615191547;experiment;I;1;instructions;right;3348;1;lettersGrid;1;2x4-8=0 ?;cheat;1.8509119774298597;0.9821428571428571;I;1-3;2;20;0.4852253401360544;male;83.29511114104797;accuracy_first
2;1.0;2.2221031945309733;0.6427137888922516;self;0.5;2;2;1, 1;1474387396.861;20_6;;0.9882352941176471;2;1.0;74;12;5;left;10.306556349584753;experiment;H, Z;1;instructions;left;3348;1, 1;lettersGrid;1, 1;4/2+7=9 ?, 8/2+5=9 ?;accuracy;2.0054404738266385, 2.1560828163769656;0.9823529411764705;H, Z;1-3;4;20;4.8539792387543255;male;88.14909037980229;accuracy_first
1;1.0;0.9936645181519452;1.0737353543740937;self;5;1;1;1;1474387417.235;20_6;;0.9883040935672515;1;1.0;75;10;0.5;left;1.6946837089781184;experiment;V;1;instructions;left;3348;0;lettersGrid;0;3x3-2=6 ?;cheat;2.001615190434677;0.9824561403508771;V;1-3;2;20;0.485482712629527;male;88.63457309243182;accuracy_first
2;1.0;3.9919056451331016;1.2948763002655141;self;0.5;2;2;1, 1;1474387426.736;20_6;;0.9884393063583815;2;1.0;76;10;5;right;1.9660912639219532;experiment;R, I;1;instructions;right;3348;1, 1;lettersGrid;1, 1;3x3-7=2 ?, 8/4-2=0 ?;cheat;1.2934592927063022, 3.024785245851035;0.9826589595375722;R, I;1-3;4;20;0.4856493701760834;male;89.1202224626079;accuracy_first
3;1.0;4.78352555302763;1.7362373494738677;self;5;3;3;1, 1, 1;1474387441.417;20_6;;0.9886363636363636;3;1.0;77;14;0.5;right;4.211715226779688;experiment;T, U, O;0;instructions;left;3348;1, 1, 0;lettersGrid;1, 1, 0;3x3-6=3 ?, 9/3-1=2 ?, 4+2x2=7 ?;cheat;1.6448375307404604, 2.562167313768896, 2.842771615823949;0.9829545454545454;T, U, O;1-3;6;20;4.858923037190083;male;93.97914549979798;accuracy_first
2;1.0;3.7274829748525917;1.0095357813870578;self;0.5;2;2;1, 1;1474387463.289;20_6;;0.9887640449438202;2;1.0;78;12;5;right;3.045260368061008;experiment;F, V;1;instructions;right;3348;1, 1;lettersGrid;1, 1;3x2-6=0 ?, 9/3-1=2 ?;cheat;2.7114046812916968, 1.5381330394566248;0.9831460674157303;F, V;1-3;4;20;0.4860497411942936;male;94.46519524099227;accuracy_first
2;1.0;2.368376312474993;1.7455331880228186;other;5;2;2;1, 1;1474387478.469;20_6;;0.9888888888888889;2;1.0;79;12;0.5;right;3.886633732919563;experiment;E, S;1;instructions;right;3348;1, 0;lettersGrid;1, 0;3x3-2=7 ?, 7+4/2=7 ?;accuracy;1.3014676503612463, 2.360805018839983;0.9833333333333333;E, S;1-3;4;20;4.862037037037037;male;94.46519524099227;accuracy_first
1;1.0;2.2454923128043447;2.3754680743313656;other;0.5;1;1;1;1474387493.727;20_6;;0.988950276243094;1;1.0;80;14;5;right;3.4973286010094853;experiment;D;1;instructions;right;3348;0;lettersGrid;0;4/2-1=2 ?;cheat;1.5507795841908774;0.9834254143646409;D;1-3;2;20;0.4862794176001954;male;94.46519524099227;accuracy_first
2;1.0;2.8295121197675144;1.8769181713523722;other;0.5;2;2;1, 1;1474387507.065;20_6;;0.9890710382513661;2;1.0;81;14;5;right;1.8323907260323722;experiment;I, D;1;instructions;right;3348;0, 0;lettersGrid;0, 0;8/4+1=1 ?, 3+2x2=6 ?;cheat;1.4568511643064994, 2.181471458303804;0.9836065573770492;I, D;1-3;4;20;0.486428379467885;male;94.46519524099227;accuracy_first
1;1.0;1.9695442466272652;1.1835640571289332;other;5;1;1;1;1474387520.42;20_6;;0.9891304347826086;1;1.0;82;12;0.5;left;3.5681315566234844;experiment;H;1;instructions;left;3348;1;lettersGrid;1;4/2+4=6 ?;cheat;1.480813243429111;0.9836956521739131;H;1-3;2;20;0.4865016540642722;male;94.46519524099227;accuracy_first
3;1.0;6.533535904543442;1.7088520150773547;other;0.5;3;3;1, 1, 1;1474387530.982;20_6;;0.9893048128342246;3;1.0;83;12;5;right;1.9022155075977025;experiment;G, H, N;1;instructions;right;3348;0, 1, 0;lettersGrid;0, 1, 0;3x3-9=1 ?, 4x2-7=1 ?, 4/2+1=1 ?;cheat;2.6507387797523734, 1.5281258659442756, 1.498118501326644;0.983957219251337;G, H, N;1-3;6;20;0.486716806314164;male;94.46519524099227;accuracy_first
3;1.0;3.7943357210829163;1.166788584524511;other;5;3;3;1, 1, 1;1474387551.559;20_6;;0.9894736842105263;3;1.0;84;12;0.5;left;1.6802007875648997;experiment;E, N, V;1;instructions;left;3348;0, 0, 1;lettersGrid;0, 0, 1;3+3x2=8 ?, 6+8/4=7 ?, 6/3-2=0 ?;cheat;2.2581615070107546, 3.678772101372033, 2.530767360554364;0.9842105263157894;E, N, V;1-3;6;20;0.48692520775623266;male;94.46519524099227;accuracy_first
2;1.0;3.490973300873975;1.639534723232373;self;0.5;2;2;1, 1;1474387570.686;20_6;;0.9895833333333334;2;1.0;85;14;5;left;3.38883338588721;experiment;R, C;1;instructions;left;3348;1, 0;lettersGrid;1, 0;2x2+4=8 ?, 3x3-7=3 ?;accuracy;1.869484190138337, 2.0341083345456354;0.984375;R, C;1-3;4;20;4.87060546875;male;99.33580070974227;accuracy_first
2;1.0;2.851796368511259;1.1501674114451816;self;5;2;2;1, 1;1474387586.084;20_6;;0.9896907216494846;2;1.0;86;10;0.5;left;4.254635621319267;experiment;Q, U;1;instructions;left;3348;0, 0;lettersGrid;0, 0;2x4-4=5 ?, 4+9/3=9 ?;cheat;4.865349953798614, 1.998264484248466;0.9845360824742269;Q, U;1-3;4;20;0.487193112976937;male;99.82299382271921;accuracy_first
1;1.0;1.1043064784921626;0.9001529901015601;self;0.5;1;1;1;1474387605.101;20_6;;0.9897435897435898;1;1.0;87;10;5;right;4.129445268436939;experiment;W;1;instructions;right;3348;1;lettersGrid;1;4x2-7=1 ?;cheat;1.8754353387671472;0.9846153846153847;W;1-3;2;20;0.4872583826429981;male;100.3102522053622;accuracy_first
1;1.0;1.0634602800819266;0.7922463073396102;self;0.5;1;1;1;1474387615.304;20_6;;0.9897959183673469;1;1.0;88;10;5;left;3.7707901798967214;experiment;Y;1;instructions;left;3348;1;lettersGrid;1;3x3-7=2 ?;accuracy;1.429430794009022;0.9846938775510204;Y;1-3;2;20;4.873229904206581;male;105.18348210956879;accuracy_first
2;1.0;3.1360274171852325;1.043261906101634;self;0.5;2;2;1, 1;1474387624.509;20_6;;0.98989898989899;2;1.0;89;14;5;right;2.104114311882313;experiment;I, C;1;instructions;right;3348;1, 0;lettersGrid;1, 0;4/2+4=6 ?, 3x3-1=9 ?;cheat;1.3474464313458157, 1.5567993890304024;0.9848484848484849;I, C;1-3;4;20;0.48745026017753296;male;105.67093236974632;accuracy_first
1;1.0;1.5301544092330914;1.0425289833606257;self;0.5;1;1;1;1474387637.115;20_6;;0.9899497487437185;1;1.0;90;12;5;right;1.6012397754448102;experiment;D;1;instructions;right;3348;0;lettersGrid;0;6/3+2=6 ?;cheat;4.334070148951923;0.9849246231155779;D;1-3;2;20;0.487512941592384;male;106.15844531133871;accuracy_first
3;1.0;4.568713011024101;1.2795581795912767;other;5;3;3;1, 1, 1;1474387647.973;20_6;;0.9900990099009901;3;1.0;91;12;0.5;left;7.102740125980745;experiment;R, L, W;0;instructions;right;3348;1, 0, 1;lettersGrid;1, 0, 1;4x2-4=4 ?, 2x2+4=7 ?, 3x3-8=1 ?;accuracy;2.0801009175511354, 1.1961706113902437, 1.2674322188026963;0.9851485148514851;R, L, W;1-3;6;20;0.48769728457994316;male;106.15844531133871;accuracy_first
1;1.0;1.398879488177954;1.3102510446178712;other;5;1;1;1;1474387669.346;20_6;;0.9901477832512315;1;1.0;92;14;0.5;left;0.8128484789285721;experiment;B;0;instructions;right;3348;0;lettersGrid;0;6/2+1=5 ?;accuracy;2.4574722552824824;0.9852216748768473;B;1-3;2;20;0.48775752869518796;male;106.15844531133871;accuracy_first
3;1.0;3.2108672871918316;1.4062504755511327;other;5;3;3;1, 1, 1;1474387677.708;20_6;;0.9902912621359223;3;1.0;93;12;0.5;left;2.024126995586812;experiment;B, N, S;1;instructions;left;3348;1, 1, 0;lettersGrid;1, 1, 0;2x3-2=4 ?, 3x3-8=1 ?, 2x2-1=2 ?;cheat;2.9441396792908563, 1.2255579467264397, 1.407500089359928;0.9854368932038835;B, N, S;1-3;6;20;0.48793477236308797;male;106.15844531133871;accuracy_first
1;1.0;1.4194314062524427;0.759806601825403;other;0.5;1;1;1;1474387694.245;20_6;;0.9903381642512077;1;1.0;94;12;5;left;3.0240473685380493;experiment;P;1;instructions;left;3348;1;lettersGrid;1;1+9/3=4 ?;accuracy;1.1574966388543544;0.9855072463768116;P;1-3;2;20;4.8799271861653715;male;106.15844531133871;accuracy_first
3;1.0;2.8850164190971554;1.2501131588833232;other;0.5;2;2;1, 1, 1;1474387703.044;20_6;;0.9904761904761905;3;0.6666666666666666;95;14;5;left;6.996568958970784;experiment;Q, S, H;0;instructions;right;3348;1, 1, 1;lettersGrid;1, 1, 1;9/3-2=1 ?, 2x2+3=7 ?, 2x3-3=3 ?;cheat;1.9514717378833666, 0.5208578628880787, 4.403408674676939;0.9809523809523809;Q, S, M;1-3;4;20;4.858049886621315;male;106.15844531133871;accuracy_first
3;1.0;3.4436189183952592;1.7655220543920223;other;5;3;3;1, 1, 1;1474387724.854;20_6;;0.9906103286384976;3;1.0;96;12;0.5;left;4.676581472803264;experiment;J, V, U;1;instructions;left;3348;1, 1, 0;lettersGrid;1, 1, 0;3x2+3=9 ?, 4/2+7=9 ?, 3x2-5=2 ?;cheat;2.484077598504882, 3.0800892389179353, 1.9400500340980216;0.9812206572769953;J, V, U;1-3;6;20;0.4860036588860235;male;106.15844531133871;accuracy_first
1;1.0;2.7348426374883275;2.776869085701037;self;5;1;1;1;1474387746.134;20_6;;0.9906542056074766;1;1.0;97;14;0.5;right;2.0235172293469077;experiment;G;0;instructions;left;3348;0;lettersGrid;0;4/2+3=3 ?;cheat;1.643443172652951;0.9813084112149533;G;1-3;2;20;4.860686522840423;male;111.01913183417913;accuracy_first
1;1.0;2.738813372956429;1.0426500164739991;self;0.5;1;1;1;1474387757.459;20_6;;0.9906976744186047;1;1.0;98;12;5;right;1.650703743851409;experiment;D;1;instructions;right;3348;1;lettersGrid;1;9/3-1=2 ?;cheat;1.3681225676145914;0.9813953488372092;D;1-3;2;20;0.48613304488912923;male;111.50526487906826;accuracy_first
3;1.0;2.706300764455591;0.9668422354607173;self;5;3;3;1, 1, 1;1474387766.398;20_6;;0.9908256880733946;3;1.0;99;10;0.5;left;2.705350194449238;experiment;Q, Y, P;1;instructions;left;3348;0, 0, 1;lettersGrid;0, 0, 1;2x2-4=1 ?, 5+9/3=7 ?, 8/4+4=6 ?;cheat;2.2994429999516797, 2.934755366243735, 2.2887970405636224;0.981651376146789;Q, Y, P;1-3;6;20;0.4863227001094184;male;111.99158757917768;accuracy_first
3;1.0;3.574119510643868;1.3428691147209975;self;5;3;3;1, 1, 1;1474387784.447;20_6;;0.9909502262443439;3;1.0;100;14;0.5;right;1.9646816882204803;experiment;P, L, T;0;instructions;left;3348;1, 1, 0;lettersGrid;1, 1, 0;3x3-9=0 ?, 4/2+6=8 ?, 2x4-7=0 ?;cheat;1.3548050322879135, 1.5721390974822498, 1.7001436471946363;0.9819004524886877;P, L, T;1-3;6;20;4.865072377715443;male;116.85665995689313;accuracy_first
2;1.0;2.791509491720717;0.900200766330272;self;5;2;2;1, 1;1474387800.063;20_6;;0.9910313901345291;2;1.0;101;10;0.5;left;1.3415069613502055;experiment;B, I;1;instructions;left;3348;0, 1;lettersGrid;0, 1;2x2-1=5 ?, 1+4/2=3 ?;cheat;2.376838013457018, 2.1834621345069536;0.9820627802690582;B, I;1-3;4;20;0.4866275211647127;male;117.34328747805783;accuracy_first
2;1.0;3.3733606117903037;1.0001624391779842;self;0.5;2;2;1, 1;1474387813.229;20_6;;0.9911111111111112;2;1.0;102;12;5;right;2.656303825672694;experiment;J, Y;1;instructions;right;3348;0, 1;lettersGrid;0, 1;1+2x3=9 ?, 4x2-2=6 ?;cheat;2.3448824403958497, 1.3861572092737333;0.9822222222222222;J, Y;1-3;4;20;0.4867456790123457;male;117.83003315707018;accuracy_first
2;1.0;1.9088401241042448;0.9256768210616428;other;0.5;2;2;1, 1;1474387827.409;20_6;;0.9911894273127754;2;1.0;103;10;5;left;10.069831151728977;experiment;P, O;1;instructions;left;3348;0, 0;lettersGrid;0, 0;2+8/2=4 ?, 3x3-4=6 ?;accuracy;2.4661731913065523, 2.798775725287669;0.9823788546255506;P, O;1-3;4;20;4.868617671602399;male;117.83003315707018;accuracy_first
3;1.0;4.180099041891481;0.783400273137886;other;5;3;3;1, 1, 1;1474387849.14;20_6;;0.991304347826087;3;1.0;104;14;0.5;left;1.5788182142805454;experiment;G, D, S;1;instructions;left;3348;1, 0, 0;lettersGrid;1, 0, 0;4+8/2=8 ?, 6/2+1=3 ?, 6/3+7=8 ?;cheat;1.8027687563280779, 2.2980840316631657, 2.933419401325409;0.9826086956521739;G, D, S;1-3;6;20;0.48703213610586016;male;117.83003315707018;accuracy_first
2;1.0;1.8837402629387725;1.2501818150931285;other;0.5;2;2;1, 1;1474387866.534;20_6;;0.9913793103448276;2;1.0;105;10;5;right;1.9242024820287043;experiment;F, H;1;instructions;right;3348;0, 1;lettersGrid;0, 1;5+9/3=7 ?, 3x3-9=0 ?;cheat;2.9874051243723443, 1.035475796385981;0.9827586206896551;F, H;1-3;4;20;0.48714328180737215;male;117.83003315707018;accuracy_first
0;0.0;1.7654764015505862;1.2501343927624475;other;5;1;1;0;1474387878.608;20_6;;0.9871244635193133;1;1.0;106;10;0.5;left;1.0926798677692204;experiment;S;1;instructions;left;3348;0;lettersGrid;1;6/3+5=8 ?;cheat;2.93741703303931;0.9828326180257511;S;1-3;2;20;0.4850890603989758;male;117.83003315707018;accuracy_first
3;1.0;3.570217431387391;0.7922381676862642;other;0.5;3;3;1, 1, 1;1474387888.795;20_6;;0.9872881355932204;3;1.0;107;10;5;left;5.296726478965866;experiment;K, M, Q;1;instructions;left;3348;1, 1, 0;lettersGrid;1, 1, 0;3x2-4=2 ?, 2x4-2=6 ?, 6/2+3=5 ?;accuracy;1.9474295150212129, 1.2448156598447895, 4.482046577930305;0.9830508474576272;K, M, Q;1-3;6;20;4.85277219189888;male;117.83003315707018;accuracy_first
2;1.0;3.864103171174065;0.7086456925480888;other;5;2;2;1, 1;1474387911.103;20_6;;0.9873949579831933;2;1.0;108;10;0.5;left;3.3074510037076834;experiment;I, H;1;instructions;left;3348;1, 0;lettersGrid;1, 0;2x2-3=1 ?, 3x2-2=6 ?;cheat;2.373365212464705, 1.5094333279184866;0.9831932773109243;I, H;1-3;4;20;0.48540004236988915;male;117.83003315707018;accuracy_first
2;1.0;3.8915387590850514;0.9335383110501425;self;5;2;2;1, 1;1474387926.032;20_6;;0.9875;2;1.0;109;12;0.5;left;1.3819086638832232;experiment;Z, F;1;instructions;left;3348;1, 0;lettersGrid;1, 0;2x3-2=4 ?, 8/2+1=6 ?;cheat;2.1134211212693117, 2.5640656225968996;0.9833333333333333;Z, F;1-3;4;20;0.48552083333333335;male;118.31555399040352;accuracy_first
3;1.0;2.4709996521178255;1.4355893268611908;self;0.5;3;3;1, 1, 1;1474387940.056;20_6;;0.9876543209876543;3;1.0;110;14;5;right;2.5214899247012;experiment;T, L, P;1;instructions;right;3348;1, 1, 1;lettersGrid;1, 1, 1;2x4-1=7 ?, 2x3-3=3 ?, 4x2-3=5 ?;cheat;1.4254841236052016, 1.8634767717285285, 1.1881597764495382;0.9835390946502057;T, L, P;1-3;6;20;0.4856983183457806;male;118.8012523087493;accuracy_first
2;1.0;2.448928803863055;1.3875430738089563;self;0.5;2;2;1, 1;1474387955.703;20_6;;0.9877551020408163;2;1.0;111;12;5;left;4.124817698297193;experiment;D, W;0;instructions;right;3348;0, 0;lettersGrid;0, 0;4x2-8=1 ?, 2x4-3=4 ?;cheat;1.6021064716269393, 2.9136135002172523;0.9836734693877551;D, W;1-3;4;20;4.858142440649729;male;123.65939474939903;accuracy_first
2;1.0;2.0782705571382394;0.9669091221803683;self;5;2;2;1, 1;1474387972.223;20_6;;0.9878542510121457;2;1.0;112;12;0.5;right;2.4969559464243503;experiment;K, Y;1;instructions;right;3348;1, 0;lettersGrid;1, 0;3x3-3=6 ?, 9/3-3=2 ?;accuracy;1.3307877450779415, 2.2848450616893388;0.9838056680161943;K, Y;1-3;4;20;4.859283056598207;male;128.51867780599724;accuracy_first
1;1.0;1.1235627760188436;1.2094704518176513;self;0.5;1;1;1;1474387984.5;20_6;;0.9879032258064516;1;1.0;113;12;5;right;2.6601379565154275;experiment;Q;1;instructions;right;3348;0;lettersGrid;0;2x4-7=3 ?;cheat;1.5088596592740942;0.9838709677419355;Q;1-3;2;20;0.4859846514047867;male;129.00466245740202;accuracy_first
1;1.0;1.1356253890662629;1.8195810343240737;self;5;1;1;1;1474387993.174;20_6;;0.9879518072289156;1;1.0;114;12;0.5;left;1.9841687272373747;experiment;Y;1;instructions;left;3348;0;lettersGrid;0;2x2-1=2 ?;cheat;1.8628018882582182;0.9839357429718876;Y;1-3;2;20;0.48604054773310107;male;129.49070300513512;accuracy_first
3;1.0;3.7734865286956847;2.292104571193704;other;0.5;3;3;1, 1, 1;1474388002.596;20_6;;0.9880952380952381;3;1.0;115;14;5;left;5.108065229062049;experiment;L, K, W;0;instructions;right;3348;0, 0, 1;lettersGrid;0, 0, 1;4x2-2=8 ?, 2x3-3=5 ?, 4x2-3=5 ?;cheat;3.556042755123599, 1.9087965946519034, 2.64750698329226;0.9841269841269841;L, K, W;1-3;6;20;4.862055933484505;male;129.49070300513512;accuracy_first
3;1.0;3.7153481666146035;2.911571862702658;other;0.5;3;3;1, 1, 1;1474388026.62;20_6;;0.9882352941176471;3;1.0;116;12;5;right;1.590205589960533;experiment;N, F, K;1;instructions;right;3348;1, 0, 1;lettersGrid;1, 0, 1;3x3-6=3 ?, 6+6/3=7 ?, 9/3+4=7 ?;cheat;2.32006569762234, 2.4754354095466624, 1.3754387007984405;0.984313725490196;N, F, K;1-3;6;20;0.4863667820069204;male;129.49070300513512;accuracy_first
1;1.0;2.6759851546876234;1.6569111146263822;other;5;1;1;1;1474388046.853;20_6;;0.98828125;1;1.0;117;14;0.5;left;2.3260890414421738;experiment;S;1;instructions;left;3348;0;lettersGrid;0;2x4-5=5 ?;cheat;1.3268644319423402;0.984375;S;1-3;2;20;0.486419677734375;male;129.49070300513512;accuracy_first
1;1.0;1.317714753263317;0.9275563732953742;other;5;1;1;1;1474388057.196;20_6;;0.9883268482490273;1;1.0;118;14;0.5;right;1.8855132918779418;experiment;Q;1;instructions;right;3348;0;lettersGrid;0;4x2-5=5 ?;accuracy;1.5740480232498157;0.9844357976653697;Q;1-3;2;20;4.8647216460506595;male;129.49070300513512;accuracy_first
2;1.0;2.8255481083624545;0.7649752819952482;other;5;2;2;1, 1;1474388065.152;20_6;;0.9884169884169884;2;1.0;119;14;0.5;left;1.790098854326061;experiment;U, A;1;instructions;left;3348;0, 1;lettersGrid;0, 1;4x2-8=1 ?, 3x3-8=1 ?;cheat;1.5235205913768368, 1.0308008039146443;0.9845559845559846;U, A;1-3;4;20;0.4865759305913746;male;129.49070300513512;accuracy_first
2;1.0;1.9776092279607838;0.8426095305430863;other;5;2;2;1, 1;1474388077.056;20_6;;0.9885057471264368;2;1.0;120;12;0.5;left;2.616094997545588;experiment;E, I;1;instructions;left;3348;1, 0;lettersGrid;1, 0;3+2x2=7 ?, 2x4-2=5 ?;cheat;2.656784065247848, 2.733423152643809;0.9846743295019157;E, I;1-3;4;20;0.4866781168802572;male;129.49070300513512;accuracy_first
1;1.0;5.1115854523859525;1.2501704903579594;self;0.5;1;1;1;1474388090.831;20_6;;0.9885496183206107;1;1.0;121;14;5;left;4.208615788167663;experiment;I;0;instructions;right;3348;1;lettersGrid;1;9/3-1=2 ?;cheat;3.498081342037949;0.9847328244274809;I;1-3;2;20;4.867286288677816;male;134.35798929381292;accuracy_first
2;1.0;2.4935510938448715;0.7668194444295295;self;5;2;2;1, 1;1474388108.6;20_6;;0.9886363636363636;2;1.0;122;12;0.5;left;0.7595914318462746;experiment;J, I;1;instructions;left;3348;1, 0;lettersGrid;1, 0;3x3-4=5 ?, 1+2x2=3 ?;cheat;3.489394915831326, 1.7174619993184024;0.9848484848484849;J, I;1-3;4;20;0.4868285123966942;male;134.84481780620962;accuracy_first
3;1.0;2.4754608902021573;0.9092315352836522;self;0.5;3;3;1, 1, 1;1474388120.784;20_6;;0.9887640449438202;3;1.0;123;12;5;left;1.5342313140972692;experiment;K, W, X;0;instructions;right;3348;1, 1, 0;lettersGrid;1, 1, 0;2x3-2=4 ?, 3x3-1=8 ?, 1+6/2=2 ?;cheat;1.3860945693295434, 0.954138005353343, 2.971418136493412;0.9850187265917603;K, W, X;1-3;6;20;4.869755502251399;male;139.714573308461;accuracy_first
3;1.0;3.8208532976032075;0.5836347659478633;self;0.5;3;3;1, 1, 1;1474388135.401;20_6;;0.9888888888888889;3;1.0;124;10;5;right;3.545288502950825;experiment;L, J, T;1;instructions;right;3348;1, 1, 1;lettersGrid;1, 1, 1;3+2x2=7 ?, 4x2-1=7 ?, 2+4/2=4 ?;cheat;1.5374960230710712, 2.3154402508716885, 2.1421257873789727;0.9851851851851852;L, J, T;1-3;6;20;0.487119341563786;male;140.2016926500248;accuracy_first
1;1.0;1.5422279931190133;0.8088915454836751;self;0.5;1;1;1;1474388153.124;20_6;;0.988929889298893;1;1.0;125;10;5;right;3.5580532496151136;experiment;U;1;instructions;right;3348;1;lettersGrid;1;4+6/2=7 ?;cheat;4.078025305830124;0.985239852398524;U;1-3;2;20;0.487166569082665;male;140.68885921910746;accuracy_first
1;1.0;2.1328617996487083;0.8426151929115804;self;5;1;1;1;1474388169.223;20_6;;0.9889705882352942;1;1.0;126;12;0.5;left;1.9015232831261528;experiment;B;1;instructions;left;3348;0;lettersGrid;0;8/4+5=8 ?;cheat;2.3447819333659936;0.9852941176470589;B;1-3;2;20;0.48721345155709345;male;141.17607267066455;accuracy_first
2;1.0;2.991015237786087;0.6667569106548399;other;5;2;2;1, 1;1474388178.786;20_6;;0.9890510948905109;2;1.0;127;14;0.5;left;4.697907719682917;experiment;B, N;0;instructions;right;3348;1, 0;lettersGrid;1, 0;4x2-5=3 ?, 4/2-2=2 ?;accuracy;2.4175238960770002, 2.448139611341503;0.9854014598540146;B, N;1-3;4;20;0.4873061963876605;male;141.17607267066455;accuracy_first
3;1.0;4.636786705326813;1.3002537802494771;other;0.5;3;3;1, 1, 1;1474388195.214;20_6;;0.9891696750902527;3;1.0;128;12;5;left;3.0007548644161943;experiment;B, O, P;1;instructions;left;3348;0, 1, 0;lettersGrid;0, 1, 0;4+9/3=6 ?, 4x2-3=5 ?, 2x3-3=5 ?;accuracy;2.7074066956793104, 1.4701626833675618, 2.530771253432249;0.9855595667870036;B, O, P;1-3;6;20;4.874428182303952;male;141.17607267066455;accuracy_first
1;1.0;1.6294981761866438;0.875494439731483;other;5;1;1;1;1474388214.605;20_6;;0.9892086330935251;1;1.0;129;10;0.5;right;1.0341975168394129;experiment;R;1;instructions;right;3348;0;lettersGrid;0;6/3+6=7 ?;accuracy;2.0720776961807132;0.9856115107913669;R;1-3;2;20;4.874877076755862;male;141.17607267066455;accuracy_first
2;1.0;1.67627393544808;0.8760107769021488;other;5;2;2;1, 1;1474388222.405;20_6;;0.9892857142857143;2;1.0;130;12;0.5;right;2.3989201864478673;experiment;O, L;1;instructions;right;3348;0, 1;lettersGrid;0, 1;7+4/2=7 ?, 4/2-1=1 ?;accuracy;2.0674540189193067, 2.7120696556185067;0.9857142857142858;O, L;1-3;4;20;4.8757653061224495;male;141.17607267066455;accuracy_first
3;1.0;5.1235956885320775;0.9246381304565148;other;0.5;3;3;1, 1, 1;1474388240.845;20_6;;0.9893992932862191;3;1.0;131;12;5;right;2.2839571316280853;experiment;Q, J, I;1;instructions;right;3348;1, 0, 0;lettersGrid;1, 0, 0;6/2-3=0 ?, 4/2+4=8 ?, 2x2+3=5 ?;cheat;1.9447979295546247, 1.5140931027763145, 2.9808424400134754;0.9858657243816255;Q, J, I;1-3;6;20;0.48770742548914336;male;141.17607267066455;accuracy_first
1;1.0;2.1834702741607543;1.0756375560795277;other;0.5;1;1;1;1474388259.41;20_6;;0.9894366197183099;1;1.0;132;10;5;left;1.606094194196885;experiment;Y;1;instructions;left;3348;0;lettersGrid;0;3x3-1=6 ?;accuracy;2.140813887523109;0.9859154929577465;Y;1-3;2;20;4.877504463400119;male;141.17607267066455;accuracy_first
1;1.0;1.056821153756573;1.5152878623957804;self;5;1;1;1;1474388268.879;20_6;;0.9894736842105263;1;1.0;133;14;0.5;left;1.5959691726529854;experiment;P;1;instructions;left;3348;1;lettersGrid;1;2x3-4=2 ?;cheat;2.5520437078175746;0.9859649122807017;P;1-3;2;20;0.48779316712834714;male;141.6638658377929;accuracy_first
2;1.0;2.7007746473145744;1.3169425478463381;self;5;2;2;1, 1;1474388277.709;20_6;;0.9895470383275261;2;1.0;134;12;0.5;left;1.5587596300065343;experiment;V, E;1;instructions;left;3348;1, 0;lettersGrid;1, 0;3x3-7=2 ?, 3x3-7=4 ?;cheat;2.459449483361823, 1.4560071175965277;0.9860627177700348;V, E;1-3;4;20;0.4878777209872646;male;142.15174355878017;accuracy_first
1;1.0;2.6762481008945542;0.9335892723611323;self;0.5;1;1;1;1474388290.205;20_6;;0.9895833333333334;1;1.0;135;12;5;left;2.0948117492716847;experiment;H;1;instructions;left;3348;0;lettersGrid;0;3+4/2=6 ?;accuracy;1.5481172095987858;0.9861111111111112;H;1-3;2;20;4.879195601851852;male;147.03093916063202;accuracy_first
1;1.0;1.2683360742730656;0.8501921489150845;self;0.5;1;1;1;1474388299.94;20_6;;0.9896193771626297;1;1.0;136;14;5;left;2.189766827229505;experiment;M;1;instructions;left;3348;0;lettersGrid;0;5+8/2=8 ?;accuracy;2.419379737145391;0.986159169550173;M;1-3;2;20;4.8796111157672915;male;151.9105502763993;accuracy_first
1;1.0;2.442374966954958;1.0334808734060061;self;0.5;1;1;1;1474388308.848;20_6;;0.9896551724137931;1;1.0;137;14;5;right;2.331385478786615;experiment;C;1;instructions;right;3348;1;lettersGrid;1;2x2-3=1 ?;cheat;2.0001224487059517;0.9862068965517241;C;1-3;2;20;0.48800237812128416;male;152.39855265452059;accuracy_first
2;1.0;2.871599438434714;1.0086970431475493;self;5;2;2;1, 1;1474388320.221;20_6;;0.9897260273972602;2;1.0;138;10;0.5;left;2.777578651173826;experiment;W, R;1;instructions;left;3348;0, 0;lettersGrid;0, 0;3x3-4=3 ?, 2x4-5=5 ?;cheat;2.8554712452578315, 1.5961333813220335;0.9863013698630136;W, R;1-3;4;20;0.48808406830549816;male;152.8866367228261;accuracy_first
3;1.0;3.315488734896462;1.4155997526959254;other;0.5;3;3;1, 1, 1;1474388334.355;20_6;;0.9898305084745763;3;1.0;139;14;5;left;1.884838762304753;experiment;V, B, A;1;instructions;left;3348;1, 0, 1;lettersGrid;1, 0, 1;2x3-3=3 ?, 7+4/2=7 ?, 4x2-8=0 ?;accuracy;2.0654452939179464, 1.8061063682880558, 1.3088230662224305;0.9864406779661017;V, B, A;1-3;6;20;4.882045389255961;male;152.8866367228261;accuracy_first
2;1.0;2.313030559445906;1.0014180692533046;other;5;2;2;1, 1;1474388349.986;20_6;;0.98989898989899;2;1.0;140;10;0.5;left;4.015890727625447;experiment;Y, G;1;instructions;left;3348;0, 1;lettersGrid;0, 1;6+9/3=7 ?, 4/2-1=1 ?;cheat;1.5568305320539366, 1.612065161114515;0.9865319865319865;Y, G;1-3;4;20;0.4882835084855287;male;152.8866367228261;accuracy_first
2;1.0;3.4002172225873437;1.0168547457542445;other;5;2;2;1, 1;1474388363.809;20_6;;0.9899665551839465;2;1.0;141;10;0.5;left;3.395343693342511;experiment;K, C;1;instructions;left;3348;0, 0;lettersGrid;0, 0;9/3+6=8 ?, 2+3x2=6 ?;cheat;2.010341253216211, 2.4967945689404587;0.9866220735785953;K, C;1-3;4;20;0.4883614277245221;male;152.8866367228261;accuracy_first
1;1.0;1.900846984063719;1.0433641826211897;other;0.5;1;1;1;1474388379.69;20_6;;0.99;1;1.0;142;14;5;left;2.430895577796946;experiment;P;1;instructions;left;3348;1;lettersGrid;1;9/3-3=0 ?;accuracy;1.711399018924567;0.9866666666666667;P;1-3;2;20;4.884;male;152.8866367228261;accuracy_first
3;1.0;4.836957425717628;1.8422733274519487;other;5;3;3;1, 1, 1;1474388388.879;20_6;;0.9900990099009901;3;1.0;143;12;0.5;right;2.888637149450915;experiment;J, X, A;1;instructions;right;3348;0, 0, 1;lettersGrid;0, 0, 1;6+4/2=6 ?, 3x3-4=4 ?, 8/4-1=1 ?;accuracy;1.4660648985209264, 1.5267279688769122, 2.74481583679335;0.9867986798679867;J, X, A;1-3;6;20;4.885141979544489;male;152.8866367228261;accuracy_first
2;1.0;3.2748336414015284;1.2895628758178646;other;0.5;2;2;1, 1;1474388408.895;20_6;;0.9901639344262295;2;1.0;144;12;5;left;1.1975345342507353;experiment;T, G;1;instructions;left;3348;1, 1;lettersGrid;1, 1;4+9/3=7 ?, 1+8/2=5 ?;accuracy;1.4605019759892457, 1.3774208834502133;0.9868852459016394;T, G;1-3;4;20;4.885890889545822;male;152.8866367228261;accuracy_first
1;1.0;1.2669098653668698;1.1505121080890603;self;0.5;1;1;1;1474388420.892;20_6;;0.9901960784313726;1;1.0;145;12;5;right;3.518077994162013;experiment;L;1;instructions;right;3348;1;lettersGrid;1;3x3-2=7 ?;cheat;1.5569756302302267;0.9869281045751634;L;1-3;2;20;0.4886261694220172;male;153.37526289224812;accuracy_first
1;1.0;0.8048503843156141;0.9608482651747181;self;0.5;1;1;1;1474388430.595;20_6;;0.990228013029316;1;1.0;146;14;5;right;0.7302738144153409;experiment;G;1;instructions;right;3348;1;lettersGrid;1;3x2-5=1 ?;cheat;1.0747694443061846;0.9869706840390879;G;1-3;2;20;0.4886630096871054;male;153.86392590193523;accuracy_first
2;1.0;2.6822420711805535;0.8427624144760557;self;5;2;2;1, 1;1474388436.508;20_6;;0.9902912621359223;2;1.0;147;12;0.5;right;2.35674934785402;experiment;F, W;1;instructions;right;3348;0, 1;lettersGrid;0, 1;1+2x4=7 ?, 2+9/3=5 ?;accuracy;1.9108177060825255, 1.2254977840675565;0.9870550161812298;F, W;1-3;4;20;4.887359788858517;male;158.75128569079374;accuracy_first
2;1.0;1.8408793232620155;0.7834968872903119;self;0.5;2;2;1, 1;1474388448.864;20_6;;0.9903536977491961;2;1.0;148;12;5;right;1.0673184759880314;experiment;X, O;1;instructions;right;3348;0, 1;lettersGrid;0, 1;2+4/2=2 ?, 4x2-4=4 ?;cheat;1.476124448936389, 1.480119957263014;0.9871382636655949;X, O;1-3;4;20;0.4888080148054714;male;159.2400937055992;accuracy_first
3;1.0;4.200847019453249;1.100180027908209;self;0.5;3;3;1, 1, 1;1474388458.786;20_6;;0.9904458598726115;3;1.0;149;10;5;right;2.0388548144110246;experiment;B, V, E;1;instructions;right;3348;0, 1, 1;lettersGrid;0, 1, 1;2x4-1=5 ?, 6/2+3=6 ?, 9/3+4=7 ?;cheat;2.400806816641307, 1.3280942274641347, 2.018140103260521;0.9872611464968153;B, V, E;1-3;6;20;0.4889143575804292;male;159.72900806317963;accuracy_first
3;1.0;2.7489829856467622;2.1248806921394134;self;0.5;3;3;1, 1, 1;1474388475.9;20_6;;0.9905362776025236;3;1.0;150;12;5;left;1.2609265120208875;experiment;M, R, K;0;instructions;right;3348;0, 0, 1;lettersGrid;0, 0, 1;3x3-8=3 ?, 8/4+5=5 ?, 2x3-5=1 ?;cheat;1.7314243367854942, 1.3895018991934194, 1.3653186338269734;0.9873817034700315;M, R, K;1-3;6;20;4.890186985640219;male;164.61919504881985;accuracy_first
1;1.0;2.099529917297332;1.1262347058554951;other;5;1;1;1;1474388490.564;20_6;;0.9905660377358491;1;1.0;151;12;0.5;left;1.8135598138924252;experiment;U;1;instructions;left;3348;1;lettersGrid;1;8/4-1=1 ?;cheat;2.388841171643435;0.9874213836477987;U;1-3;2;20;0.4890530437878248;male;164.61919504881985;accuracy_first
3;1.0;3.1094358759837633;1.5255880634458663;other;0.5;3;3;1, 1, 1;1474388501.5;20_6;;0.9906542056074766;3;1.0;152;14;5;left;1.9427991136972196;experiment;X, N, S;1;instructions;left;3348;1, 1, 1;lettersGrid;1, 1, 1;1+4/2=3 ?, 6/2+4=7 ?, 6+8/4=8 ?;accuracy;1.1488809922448127, 2.8781235479127645, 1.8901252905061483;0.9875389408099688;X, N, S;1-3;6;20;4.891548024572742;male;164.61919504881985;accuracy_first
2;1.0;2.2154983963118866;1.2002216817027147;other;5;2;2;1, 1;1474388518.006;20_6;;0.9907120743034056;2;1.0;153;12;0.5;left;1.004902548879727;experiment;K, V;1;instructions;left;3348;1, 0;lettersGrid;1, 0;8/4-1=1 ?, 8/4-2=1 ?;cheat;3.4314462430720596, 1.2374906792110778;0.9876160990712074;K, V;1-3;4;20;0.4892215970631368;male;164.61919504881985;accuracy_first
1;1.0;1.206278999728056;1.1001892292561024;other;0.5;1;1;1;1474388530.315;20_6;;0.9907407407407407;1;1.0;154;10;5;left;1.995527083282468;experiment;F;1;instructions;left;3348;1;lettersGrid;1;2+4/2=4 ?;accuracy;1.4321469610958957;0.9876543209876543;F;1-3;2;20;4.8925468678555095;male;164.61919504881985;accuracy_first
1;1.0;3.0822122729696275;1.233462258371219;other;0.5;1;1;1;1474388538.739;20_6;;0.9907692307692307;1;1.0;155;14;5;left;6.563091695324147;experiment;N;0;instructions;right;3348;1;lettersGrid;1;7+6/3=9 ?;cheat;1.7501200598935611;0.9876923076923076;N;1-3;2;20;4.89287573964497;male;164.61919504881985;accuracy_first
3;1.0;6.852166545810178;1.2575566953428279;other;5;3;3;1, 1, 1;1474388553.685;20_6;;0.9908536585365854;3;1.0;156;14;0.5;right;1.3746944533213536;experiment;C, U, Z;0;instructions;left;3348;1, 0, 0;lettersGrid;1, 0, 0;4/2-1=1 ?, 2+9/3=6 ?, 8/2+1=3 ?;cheat;1.3641351989417672, 2.2208079278807418, 2.8274984401941765;0.9878048780487805;C, U, Z;1-3;6;20;4.893850386674599;male;164.61919504881985;accuracy_first
2;1.0;2.605032500222478;1.0925397241653627;self;0.5;2;2;1, 1;1474388573.622;20_6;;0.990909090909091;2;1.0;157;10;5;left;5.568664880897813;experiment;B, M;1;instructions;left;3348;0, 0;lettersGrid;0, 0;3x3-7=3 ?, 9/3+6=8 ?;accuracy;2.4448094312401736, 2.7300915569494464;0.9878787878787879;B, M;1-3;4;20;4.894490358126722;male;169.51368540694656;accuracy_first
3;1.0;3.8422531552660075;1.1597672483685528;self;5;3;3;1, 1, 1;1474388591.345;20_6;;0.990990990990991;3;1.0;158;14;0.5;left;4.93415303186157;experiment;H, Q, V;1;instructions;left;3348;1, 0, 1;lettersGrid;1, 0, 1;6/2-3=0 ?, 3x2-2=5 ?, 3x2-2=4 ?;cheat;1.3834410421868597, 3.4233794922483867, 1.97412014765996;0.987987987987988;H, Q, V;1-3;6;20;0.4895435976517058;male;170.00322900459827;accuracy_first
2;1.0;1.8742299622072096;1.4055313548315098;self;0.5;2;2;1, 1;1474388612.016;20_6;;0.991044776119403;2;1.0;159;12;5;right;2.572640924834559;experiment;G, E;1;instructions;right;3348;1, 1;lettersGrid;1, 1;2x4-2=6 ?, 8/4+4=6 ?;cheat;1.3461281613263054, 2.323422066177045;0.9880597014925373;G, E;1-3;4;20;0.4896057028291379;male;170.4928347074274;accuracy_first
3;1.0;3.467467750160722;1.0668350513305995;self;5;3;3;1, 1, 1;1474388624.886;20_6;;0.9911242603550295;3;1.0;160;10;0.5;left;2.1748064974253793;experiment;V, T, H;1;instructions;left;3348;1, 1, 1;lettersGrid;1, 1, 1;4x2-2=6 ?, 9/3-3=0 ?, 4x2-4=4 ?;cheat;1.3467984441231238, 1.4601325064859338, 2.1608048772804977;0.9881656804733728;V, T, H;1-3;6;20;0.4896974895836981;male;170.9825321970111;accuracy_first
3;1.0;3.231653839633509;1.3528911519488247;self;5;3;3;1, 1, 1;1474388640.643;20_6;;0.9912023460410557;3;1.0;161;12;0.5;left;1.4274861245448847;experiment;R, J, B;1;instructions;left;3348;1, 1, 0;lettersGrid;1, 1, 0;5+4/2=7 ?, 4+6/2=7 ?, 8/4-2=1 ?;cheat;1.7861305961441758, 1.3061380421586364, 2.2934132859681995;0.9882697947214076;R, J, B;1-3;6;20;0.4897876695246859;male;171.47231986653577;accuracy_first
3;1.0;4.482138591408329;2.772097479078184;self;5;3;3;1, 1, 1;1474388655.776;20_6;;0.9912790697674418;3;1.0;162;12;0.5;right;2.252760315861451;experiment;G, S, A;0;instructions;left;3348;0, 0, 0;lettersGrid;0, 0, 0;2x2-4=2 ?, 5+6/2=9 ?, 8/2+3=8 ?;cheat;1.3554654059398672, 3.2121023911822704, 1.929938814576417;0.9883720930232558;G, S, A;1-3;6;20;4.898762844780962;male;176.37108271131675;accuracy_first
3;1.0;5.7941683273329545;0.9587124907948237;other;5;3;3;1, 1, 1;1474388676.166;20_6;;0.9913544668587896;3;1.0;163;10;0.5;left;2.080249554707734;experiment;Y, T, L;1;instructions;left;3348;0, 1, 0;lettersGrid;0, 1, 0;3x3-9=1 ?, 3x2+3=9 ?, 6/3-1=0 ?;cheat;1.2929794070296339, 1.808115093289416, 2.0467509864029125;0.9884726224783862;Y, T, L;1-3;6;20;0.48996337483078506;male;176.37108271131675;accuracy_first
3;1.0;4.053492035349336;1.2842409578179286;other;5;3;3;1, 1, 1;1474388693.92;20_6;;0.9914285714285714;3;1.0;164;14;0.5;left;3.808809441149606;experiment;C, W, F;0;instructions;right;3348;0, 0, 1;lettersGrid;0, 0, 1;2x4-1=9 ?, 2x2-2=0 ?, 6/2+5=8 ?;accuracy;2.348838312146654, 1.454161185672092, 3.1554365986439734;0.9885714285714285;C, W, F;1-3;6;20;0.49004897959183674;male;176.37108271131675;accuracy_first
2;1.0;3.09213451096457;0.9928452443018614;other;0.5;2;2;1, 1;1474388714.232;20_6;;0.9914772727272727;2;1.0;165;12;5;right;0.8840538165604812;experiment;N, J;1;instructions;right;3348;1, 1;lettersGrid;1, 1;3x2-4=2 ?, 4/2+6=8 ?;cheat;1.7834087666901723, 3.1593956554770557;0.9886363636363636;N, J;1-3;4;20;0.490105242768595;male;176.37108271131675;accuracy_first
3;1.0;4.089480629923855;1.1001662258859142;other;5;3;3;1, 1, 1;1474388739.989;20_6;;0.9915492957746479;3;1.0;166;14;0.5;left;1.243370694344776;experiment;F, L, X;1;instructions;left;3348;0, 0, 0;lettersGrid;0, 0, 0;6+4/2=9 ?, 5+6/3=8 ?, 1+4x2=7 ?;cheat;1.7414378804623993, 3.742754380991755, 2.152078106702902;0.9887323943661972;F, L, X;1-3;6;20;0.49018845467169214;male;176.37108271131675;accuracy_first
2;1.0;2.1610324336897975;1.1594232595198264;other;5;2;2;1, 1;1474388758.991;20_6;;0.9915966386554622;2;1.0;167;12;0.5;right;5.261312614729832;experiment;W, P;1;instructions;right;3348;0, 0;lettersGrid;0, 0;3x3-1=6 ?, 6/3-2=2 ?;accuracy;1.5768031191164482, 2.728765855072197;0.988795518207283;W, P;1-3;4;20;4.902431560859638;male;176.37108271131675;accuracy_first
3;1.0;2.9809252521436065;0.7741030189990852;other;0.5;3;3;1, 1, 1;1474388775.121;20_6;;0.9916666666666667;3;1.0;168;10;5;right;2.323507001694452;experiment;V, S, K;1;instructions;right;3348;0, 0, 1;lettersGrid;0, 0, 1;2x3-3=1 ?, 3x2-6=2 ?, 2x2-4=0 ?;cheat;1.7668010417346522, 2.1034479219633795, 2.642816773208324;0.9888888888888889;V, S, K;1-3;6;20;0.49032407407407413;male;176.37108271131675;accuracy_first
2;1.0;1.637815840686926;0.8168393865817052;self;5;2;2;1, 1;1474388791.875;20_6;;0.9917127071823204;2;1.0;169;12;0.5;right;11.153330197797914;experiment;Z, M;1;instructions;right;3348;1, 1;lettersGrid;1, 1;4/2-1=1 ?, 3+4/2=5 ?;accuracy;2.2027732862225093, 1.5861205454420997;0.988950276243094;Z, M;1-3;4;20;4.903772778608712;male;181.27485548992547;accuracy_first
3;1.0;3.5488444699722095;0.8836415253990708;self;0.5;3;3;1, 1, 1;1474388813.153;20_6;;0.9917808219178083;3;1.0;170;10;5;right;16.116424299627397;experiment;T, Z, D;1;instructions;right;3348;1, 1, 1;lettersGrid;1, 1, 1;2x4-1=7 ?, 3x2-5=1 ?, 2x3+2=8 ?;cheat;1.7708068131032633, 1.6914561592930113, 1.6627295515099831;0.989041095890411;T, Z, D;1-3;6;20;0.49045599549634084;male;181.76531148542182;accuracy_first
2;1.0;3.1654550968924013;1.3342474518467498;self;0.5;2;2;1, 1;1474388842.636;20_6;;0.9918256130790191;2;1.0;171;12;5;left;2.6260720897298597;experiment;D, W;1;instructions;left;3348;1, 1;lettersGrid;1, 1;2x4-7=1 ?, 4/2-1=1 ?;accuracy;1.8528570007929375, 1.4741496981423552;0.989100817438692;D, W;1-3;4;20;4.9050776232654485;male;186.67038910868726;accuracy_first
3;1.0;4.300842312610257;0.7093435793885874;self;5;3;3;1, 1, 1;1474388856.161;20_6;;0.9918918918918919;3;1.0;172;12;0.5;left;3.8307751817010285;experiment;F, S, T;1;instructions;left;3348;0, 0, 1;lettersGrid;0, 0, 1;4/2-2=1 ?, 3x2-5=0 ?, 8/2+1=5 ?;cheat;2.338129712814407, 1.2841372657076136, 2.0481382665293495;0.9891891891891892;F, S, T;1-3;6;20;0.4905843681519357;male;187.1609734768392;accuracy_first
1;1.0;1.089559903074587;1.0336061532943859;self;0.5;1;1;1;1474388875.488;20_6;;0.9919137466307277;1;1.0;173;10;5;right;1.9633938534298068;experiment;T;1;instructions;right;3348;1;lettersGrid;1;3x3-9=0 ?;cheat;1.1661802338767302;0.9892183288409704;T;1-3;2;20;0.4906096293982171;male;187.6515831062374;accuracy_first
2;1.0;3.077472871064856;1.442241193513837;self;0.5;2;2;1, 1;1474388882.914;20_6;;0.9919571045576407;2;1.0;174;10;5;right;1.976181249563524;experiment;C, N;1;instructions;right;3348;1, 0;lettersGrid;1, 0;8/2-2=2 ?, 8/4+4=4 ?;cheat;2.13815080513632, 1.6281675197369623;0.9892761394101877;C, N;1-3;4;20;0.4906597474286454;male;188.14224285366606;accuracy_first
3;1.0;3.673416916961287;1.1838011687832477;other;0.5;3;3;1, 1, 1;1474388896.407;20_6;;0.9920212765957447;3;1.0;175;10;5;right;2.1721696034892375;experiment;J, A, U;1;instructions;right;3348;0, 1, 0;lettersGrid;0, 1, 0;3x2-1=6 ?, 2x4-1=7 ?, 3x3-1=7 ?;cheat;2.321442006912548, 1.412170127257923, 1.5308179679668683;0.9893617021276596;J, A, U;1-3;6;20;0.49073392937980986;male;188.14224285366606;accuracy_first
2;1.0;2.286234819103811;0.659316913175644;other;5;2;2;1, 1;1474388912.506;20_6;;0.9920634920634921;2;1.0;176;12;0.5;left;1.0160651993355714;experiment;Y, O;1;instructions;left;3348;0, 0;lettersGrid;0, 0;1+8/2=7 ?, 2+8/2=8 ?;cheat;2.7167832229697524, 3.4554107994808874;0.9894179894179894;Y, O;1-3;4;20;0.4907827328462249;male;188.14224285366606;accuracy_first
1;1.0;0.9155825886437015;1.0092282440327836;other;5;1;1;1;1474388925.641;20_6;;0.9920844327176781;1;1.0;177;10;0.5;left;1.5568832628541713;experiment;I;1;instructions;left;3348;1;lettersGrid;1;4x2+1=9 ?;cheat;1.725427535317067;0.9894459102902374;I;1-3;2;20;0.4908069423075584;male;188.14224285366606;accuracy_first
3;1.0;3.4190148683164807;0.9769279743268271;other;5;3;3;1, 1, 1;1474388935.468;20_6;;0.9921465968586387;3;1.0;178;14;0.5;right;14.607133592598984;experiment;A, F, Q;1;instructions;right;3348;0, 1, 0;lettersGrid;0, 1, 0;2x4-2=5 ?, 3+6/3=5 ?, 1+4/2=5 ?;accuracy;2.318076083112828, 2.904757556871118, 2.7322110520217393;0.9895287958115183;A, F, Q;1-3;6;20;4.908788136290124;male;188.14224285366606;accuracy_first
1;1.0;1.1243413516003784;1.1936398868510878;other;5;1;1;1;1474388966.246;20_6;;0.9921671018276762;1;1.0;179;14;0.5;left;2.195476617429449;experiment;M;1;instructions;left;3348;0;lettersGrid;0;2x4-8=2 ?;cheat;1.5841047424801218;0.9895561357702349;M;1-3;2;20;0.49090252166147424;male;188.14224285366606;accuracy_first
2;1.0;5.278115337478994;0.8502388634497038;other;0.5;2;2;1, 1;1474388975.528;20_6;;0.9922077922077922;2;1.0;180;12;5;right;1.5527313316160871;experiment;R, A;1;instructions;right;3348;0, 0;lettersGrid;0, 0;9/3-2=3 ?, 1+6/3=1 ?;cheat;2.142832521667515, 1.688131641560176;0.9896103896103896;R, A;1-3;4;20;0.4909495699106089;male;188.14224285366606;accuracy_first
1;1.0;1.6009722285625685;1.7629860213837674;self;0.5;1;1;1;1474388989.957;20_6;;0.9922279792746114;1;1.0;181;14;5;right;2.854714257453452;experiment;Y;1;instructions;right;3348;1;lettersGrid;1;5+2x2=9 ?;cheat;2.0954356714319147;0.9896373056994818;Y;1-3;2;20;0.49097291202448384;male;188.63321576569055;accuracy_first
2;1.0;4.435552167571586;1.026292143500541;self;0.5;2;2;1, 1;1474389000.721;20_6;;0.9922680412371134;2;1.0;182;12;5;right;1.6235410112913087;experiment;H, Z;1;instructions;right;3348;0, 0;lettersGrid;0, 0;1+2x4=8 ?, 8/4-1=2 ?;cheat;2.414905758734676, 2.501333310683549;0.9896907216494846;H, Z;1-3;4;20;0.49101923690083965;male;189.12423500259138;accuracy_first
1;1.0;1.409035652744933;1.8294523110071168;self;0.5;1;1;1;1474389016.664;20_6;;0.9922879177377892;1;1.0;183;14;5;left;9.156543945460726;experiment;I;1;instructions;left;3348;1;lettersGrid;1;3+9/3=6 ?;accuracy;1.5989412079889007;0.9897172236503856;I;1-3;2;20;4.910422215026335;male;194.0346572176177;accuracy_first
1;1.0;1.2602781708992552;1.1927094890306762;self;5;1;1;1;1474389033.028;20_6;;0.9923076923076923;1;1.0;184;12;0.5;left;1.0634599261848052;experiment;X;1;instructions;left;3348;1;lettersGrid;1;8/4+6=8 ?;cheat;1.8508210256459279;0.9897435897435898;X;1-3;2;20;0.49106508875739646;male;194.52572230637512;accuracy_first
1;1.0;2.0462346492322467;1.2595565728934162;self;5;1;1;1;1474389040.703;20_6;;0.9923273657289002;1;1.0;185;10;0.5;left;0.7781413489810802;experiment;D;1;instructions;left;3348;1;lettersGrid;1;3+2x2=7 ?;cheat;1.4468538999390148;0.989769820971867;D;1-3;2;20;0.491087839561489;male;195.0168101459366;accuracy_first
1;1.0;1.5969204504554;1.5669053000838176;self;5;1;1;1;1474389048.346;20_6;;0.9923469387755102;1;1.0;186;10;0.5;left;0.7869127107078384;experiment;T;1;instructions;left;3348;1;lettersGrid;1;4+8/2=8 ?;cheat;1.4168582139536738;0.9897959183673469;T;1-3;2;20;0.49111047480216574;male;195.50792062073876;accuracy_first
1;1.0;1.4481757089370149;1.6202479904786742;other;5;1;1;1;1474389056.146;20_6;;0.9923664122137404;1;1.0;187;14;0.5;right;2.4521499833845155;experiment;Q;1;instructions;right;3348;0;lettersGrid;0;2x2-3=2 ?;accuracy;1.8054778454552434;0.989821882951654;Q;1-3;2;20;4.911329953576909;male;195.50792062073876;accuracy_first
2;1.0;3.6900978988014685;1.0834611789832707;other;5;2;2;1, 1;1474389065.584;20_6;;0.9924050632911392;2;1.0;188;12;0.5;left;0.8681499947088014;experiment;F, W;1;instructions;left;3348;0, 1;lettersGrid;0, 1;3x2-6=2 ?, 9/3+6=9 ?;cheat;1.7114850161360664, 1.210175416617858;0.9898734177215189;F, W;1-3;4;20;0.4911776958820701;male;195.50792062073876;accuracy_first
3;1.0;4.36155917546057;0.8337574800752918;other;5;3;3;1, 1, 1;1474389077.191;20_6;;0.992462311557789;3;1.0;189;14;0.5;right;3.144771528764977;experiment;G, T, E;0;instructions;left;3348;1, 0, 1;lettersGrid;1, 0, 1;8/4-1=1 ?, 3+9/3=8 ?, 1+4/2=3 ?;cheat;2.40748097886717, 2.4301357588083192, 1.1161107460065978;0.9899497487437185;G, T, E;1-3;6;20;4.912439079821216;male;195.50792062073876;accuracy_first
3;1.0;3.6189162723358095;1.2895313788976637;other;5;3;3;1, 1, 1;1474389095.35;20_6;;0.9925187032418953;3;1.0;190;14;0.5;left;0.8313923797977623;experiment;C, M, V;0;instructions;right;3348;0, 1, 0;lettersGrid;0, 1, 0;3x2-6=2 ?, 9/3+1=4 ?, 9/3-1=4 ?;accuracy;1.434788455706439, 1.4167612459041266, 4.319385151784445;0.9900249376558603;C, M, V;1-3;6;20;0.49130913364966633;male;195.50792062073876;accuracy_first
1;1.0;2.379693970250628;1.083580442606035;other;5;1;1;1;1474389112.073;20_6;;0.9925373134328358;1;1.0;191;10;0.5;left;2.367112896645267;experiment;Z;1;instructions;left;3348;1;lettersGrid;1;4x2-4=4 ?;cheat;2.1280940859051043;0.9900497512437811;Z;1-3;2;20;0.49133066013217497;male;195.50792062073876;accuracy_first
2;1.0;2.938775293531762;2.781561065276037;other;0.5;2;2;1, 1;1474389122.166;20_6;;0.9925742574257426;2;1.0;192;14;5;left;3.458747703643894;experiment;Q, A;0;instructions;right;3348;1, 1;lettersGrid;1, 1;2x4-5=3 ?, 2x4-5=3 ?;cheat;1.2848291362806776, 1.6488808152971615;0.9900990099009901;Q, A;1-3;4;20;4.913733947652191;male;195.50792062073876;accuracy_first
1;1.0;1.236165331232769;3.481243229487518;self;0.5;1;1;1;1474389137.221;20_6;;0.9925925925925926;1;1.0;193;14;5;left;5.759970456594601;experiment;N;0;instructions;right;3348;1;lettersGrid;1;1+2x3=7 ?;cheat;1.4714565344256698;0.9901234567901235;N;1-3;2;20;4.913946044810242;male;200.421866665549;accuracy_first
1;1.0;1.2109203718900972;1.5728744975094742;self;0.5;1;1;1;1474389152.384;20_6;;0.9926108374384236;1;1.0;194;14;5;right;2.016163582977242;experiment;Z;1;instructions;right;3348;1;lettersGrid;1;8/4+3=5 ?;cheat;2.2394693228834512;0.9901477832512315;Z;1-3;2;20;0.49141571016040186;male;200.9132823757094;accuracy_first
2;1.0;1.7448508726947694;1.033722585734722;self;0.5;2;2;1, 1;1474389161.635;20_6;;0.9926470588235294;2;1.0;195;14;5;left;1.3688986659108195;experiment;Y, E;0;instructions;right;3348;0, 1;lettersGrid;0, 1;2+9/3=3 ?, 2x4-2=6 ?;cheat;1.8701672132629028, 1.3068274354463938;0.9901960784313726;Y, E;1-3;4;20;4.914576124567475;male;205.82785850027688;accuracy_first
3;1.0;4.94028466846612;1.3409113510297175;self;5;2;2;1, 1, 1;1474389172.181;20_6;;0.9927007299270073;3;0.6666666666666666;196;10;0.5;left;7.570658742182786;experiment;X, D, J;1;instructions;left;3348;0, 0, 0;lettersGrid;0, 0, 0;4x2-5=4 ?, 4x2-3=3 ?, 3+8/2=6 ?;cheat;1.8841479534257815, 1.9521490986408025, 3.489430305629867;0.9878345498783455;Y, D, J;1-3;4;20;0.49031203935567513;male;206.31817053963255;accuracy_first
2;1.0;2.858774883010483;1.0668000154291803;self;5;2;2;1, 1;1474389197.095;20_6;;0.9927360774818402;2;1.0;197;12;0.5;right;7.022052445559893;experiment;F, M;1;instructions;right;3348;0, 0;lettersGrid;0, 0;2x4-6=4 ?, 3x3-9=2 ?;accuracy;1.8988067621412483, 1.3101261186257034;0.9878934624697336;F, M;1-3;4;20;4.903587404510785;male;211.22175794414332;accuracy_first
3;1.0;4.320303517073626;1.5502030843617831;self;0.5;3;3;1, 1, 1;1474389214.692;20_6;;0.9927884615384616;3;1.0;198;12;5;right;1.6409588087517477;experiment;M, K, B;1;instructions;right;3348;1, 0, 1;lettersGrid;1, 0, 1;2x4-8=0 ?, 3x3-9=2 ?, 3x3-6=3 ?;cheat;1.3027487610906974, 1.251463987517127, 1.1608356664073654;0.9879807692307693;M, K, B;1-3;6;20;0.49042795395710065;male;211.71218589810042;accuracy_first
3;1.0;4.560295547291389;0.9500196944227355;other;5;3;3;1, 1, 1;1474389230.043;20_6;;0.9928400954653938;3;1.0;199;10;0.5;left;2.215385502851859;experiment;J, N, Z;1;instructions;left;3348;1, 1, 0;lettersGrid;1, 1, 0;4x2-3=5 ?, 1+3x2=7 ?, 4x2-6=3 ?;cheat;1.4988001088586316, 1.4941304248586675, 1.9694317070661782;0.9880668257756563;J, N, Z;1-3;6;20;0.4904961808146456;male;211.71218589810042;accuracy_first
1;1.0;1.048818458470123;1.2500214993033296;other;5;1;1;1;1474389248.451;20_6;;0.9928571428571429;1;1.0;200;14;0.5;left;1.188774143363844;experiment;N;1;instructions;left;3348;1;lettersGrid;1;8/2-3=1 ?;cheat;3.9240584455455974;0.9880952380952381;N;1-3;2;20;0.49051870748299325;male;211.71218589810042;accuracy_first
3;1.0;3.315537572818357;1.1256107836961746;other;0.5;3;3;1, 1, 1;1474389258.295;20_6;;0.9929078014184397;3;1.0;201;10;5;right;0.6688661426869658;experiment;O, X, T;1;instructions;right;3348;0, 1, 0;lettersGrid;0, 1, 0;1+4/2=4 ?, 5+9/3=8 ?, 8/2+4=6 ?;cheat;1.4121414615201502, 2.890771862135807, 2.422337970459921;0.9881796690307328;O, X, T;1-3;6;20;0.49058565129185316;male;211.71218589810042;accuracy_first
3;1.0;3.952186257928588;1.4449686853367893;other;5;3;3;1, 1, 1;1474389274.176;20_6;;0.9929577464788732;3;1.0;202;14;0.5;right;1.9594903585784778;experiment;C, A, W;0;instructions;left;3348;0, 0, 0;lettersGrid;0, 0, 0;2x4-8=1 ?, 2x2-3=3 ?, 4/2-1=0 ?;cheat;1.2634940419502527, 2.012130561462982, 1.9227783965088747;0.9882629107981221;C, A, W;1-3;6;20;4.906516564173775;male;211.71218589810042;accuracy_first
3;1.0;2.7943151950003084;1.1932859888602252;other;0.5;3;3;1, 1, 1;1474389290.806;20_6;;0.993006993006993;3;1.0;203;14;5;left;1.424180009506017;experiment;C, P, L;0;instructions;right;3348;0, 0, 1;lettersGrid;0, 0, 1;3x3-3=4 ?, 8/2-1=1 ?, 3+8/4=5 ?;cheat;1.9181087125089107, 2.1999559043088084, 2.2307075164044363;0.9883449883449883;C, P, L;1-3;6;20;4.907167424649942;male;211.71218589810042;accuracy_first
0;0.0;2.0215290304295195;1.4009168789161777;other;0.5;1;1;0;1474389306.656;20_6;;0.9906976744186047;1;1.0;204;12;5;right;6.602038523211377;experiment;N;1;instructions;right;3348;1;lettersGrid;0;6/3+1=3 ?;cheat;1.7934530994916713;0.9883720930232558;N;1-3;2;20;0.4895889670091942;male;211.71218589810042;accuracy_first
3;1.0;2.9670294474981347;2.168865257939615;self;5;3;3;1, 1, 1;1474389320.774;20_6;;0.9907621247113164;3;1.0;205;12;0.5;left;6.461986931963111;experiment;M, V, Q;1;instructions;left;3348;0, 1, 1;lettersGrid;0, 1, 1;4/2-2=2 ?, 6/2+3=6 ?, 2x4-5=3 ?;cheat;2.2928562505276204, 2.168044568497862, 1.7689297381530196;0.9884526558891455;M, V, Q;1-3;6;20;0.4896607267626368;male;212.20184662486307;accuracy_first
1;1.0;0.8996554095256215;0.9834350967012142;self;5;1;1;1;1474389342.536;20_6;;0.9907834101382489;1;1.0;206;14;0.5;right;1.1573925928441895;experiment;Y;0;instructions;left;3348;0;lettersGrid;0;6/2+5=7 ?;cheat;3.149378926718782;0.988479262672811;Y;1-3;2;20;4.896844273609548;male;217.09869089847263;accuracy_first
3;1.0;3.460998494872001;1.1759028734031745;self;0.5;3;3;1, 1, 1;1474389350.851;20_6;;0.9908466819221968;3;1.0;207;12;5;right;1.6613217452977551;experiment;P, G, W;1;instructions;right;3348;0, 1, 0;lettersGrid;0, 1, 0;4x2-2=8 ?, 5+8/4=7 ?, 4/2+5=9 ?;cheat;1.7174577525420318, 1.4321154641747853, 2.1420500532076403;0.988558352402746;P, G, W;1-3;6;20;0.4897548816823673;male;217.58844578015498;accuracy_first
2;1.0;2.235959716499565;1.5455280918904464;self;5;2;2;1, 1;1474389366.514;20_6;;0.9908883826879271;2;1.0;208;14;0.5;right;2.8813787016406422;experiment;H, O;0;instructions;left;3348;0, 1;lettersGrid;0, 1;9/3+4=6 ?, 6/2-3=0 ?;cheat;2.4948063700212515, 1.5861194837470975;0.9886104783599089;H, O;1-3;4;20;4.89801319005194;male;222.4864589702069;accuracy_first
2;1.0;2.7850671326796146;1.2000822458921903;self;5;2;2;1, 1;1474389380.477;20_6;;0.9909297052154195;2;1.0;209;10;0.5;left;2.9987415387404326;experiment;Y, G;1;instructions;left;3348;1, 1;lettersGrid;1, 1;2x3-6=0 ?, 1+6/2=4 ?;cheat;1.6521455242691445, 2.8973975403387158;0.9886621315192744;Y, G;1-3;4;20;0.4898473372720214;male;222.97630630747892;accuracy_first
1;1.0;1.1855734899263553;1.3048887822478719;self;0.5;1;1;1;1474389395.266;20_6;;0.9909502262443439;1;1.0;210;14;5;right;0.7042109968133445;experiment;T;0;instructions;left;3348;1;lettersGrid;1;6/2+6=9 ?;accuracy;1.360088021509;0.9886877828054299;T;1-3;2;20;0.48987019102802976;male;223.46617649850694;accuracy_first
1;1.0;1.0602989093213182;1.1932505990607751;other;0.5;1;1;1;1474389402.333;20_6;;0.9909706546275395;1;1.0;211;14;5;left;1.9434357761856518;experiment;L;0;instructions;right;3348;0;lettersGrid;0;2x2-1=2 ?;cheat;2.0674494182439958;0.9887133182844243;L;1-3;2;20;4.898929421296414;male;223.46617649850694;accuracy_first
3;1.0;4.2373820325283305;0.9001310484272835;other;5;3;3;1, 1, 1;1474389410.992;20_6;;0.9910313901345291;3;1.0;212;12;0.5;left;3.3759497294977336;experiment;A, F, Y;1;instructions;left;3348;1, 1, 0;lettersGrid;1, 1, 0;4+2x2=8 ?, 4/2+4=6 ?, 3+2x2=9 ?;cheat;2.080140908024987, 1.2443000304720044, 1.6894683142745635;0.9887892376681614;A, F, Y;1-3;6;20;0.48996058637816964;male;223.46617649850694;accuracy_first
;;;1.7061740689732687;self;2;;;;1474389441.164;20_6;;;1;;1;14;0.2;left;;controlDotsAccuracy;;0;instructions;right;3348;;lettersGrid;;;accuracy;;;;1-3;;20;0.2;male;;accuracy_first
;;;1.1924115069214167;self;2;;;;1474389443.394;20_6;;;1;;2;12;0.2;right;;controlDotsAccuracy;;1;instructions;right;3348;;lettersGrid;;;accuracy;;;;1-3;;20;2;male;;accuracy_first
;;;1.1924352180885762;self;2;;;;1474389445.157;20_6;;;1;;3;10;0.2;right;;controlDotsAccuracy;;1;instructions;right;3348;;lettersGrid;;;accuracy;;;;1-3;;20;2;male;;accuracy_first
;;;1.484809105653767;self;0.2;;;;1474389446.889;20_6;;;1;;4;12;2;left;;controlDotsAccuracy;;1;instructions;left;3348;;lettersGrid;;;accuracy;;;;1-3;;20;2;male;;accuracy_first
;;;0.9589715441252338;self;0.2;;;;1474389448.917;20_6;;;1;;5;10;2;left;;controlDotsAccuracy;;1;instructions;left;3348;;lettersGrid;;;accuracy;;;;1-3;;20;2;male;;accuracy_first
;;;1.5122093037662125;self;2;;;;1474389450.415;20_6;;;1;;6;12;0.2;right;;controlDotsAccuracy;;1;instructions;right;3348;;lettersGrid;;;accuracy;;;;1-3;;20;2;male;;accuracy_first
;;;1.0419974285778153;other;0.2;;;;1474389452.458;20_6;;;1;;7;10;2;left;;controlDotsAccuracy;;1;instructions;left;3348;;lettersGrid;;;accuracy;;;;1-3;;20;2;male;;accuracy_first
;;;1.4388274934863148;other;2;;;;1474389454.05;20_6;;;1;;8;14;0.2;right;;controlDotsAccuracy;;1;instructions;right;3348;;lettersGrid;;;accuracy;;;;1-3;;20;2;male;;accuracy_first
;;;0.9167150622160989;other;0.2;;;;1474389456.015;20_6;;;1;;9;12;2;left;;controlDotsAccuracy;;1;instructions;left;3348;;lettersGrid;;;accuracy;;;;1-3;;20;2;male;;accuracy_first
;;;1.3341037692607642;other;0.2;;;;1474389457.466;20_6;;;1;;10;14;2;left;;controlDotsAccuracy;;1;instructions;left;3348;;lettersGrid;;;accuracy;;;;1-3;;20;2;male;;accuracy_first
;;;1.5154276521025167;other;0.2;;;;1474389459.323;20_6;;;1;;11;14;2;right;;controlDotsAccuracy;;0;instructions;left;3348;;lettersGrid;;;accuracy;;;;1-3;;20;0.2;male;;accuracy_first
;;;0.7086704654084315;other;2;;;;1474389461.382;20_6;;;1;;12;10;0.2;right;;controlDotsAccuracy;;1;instructions;right;3348;;lettersGrid;;;accuracy;;;;1-3;;20;2;male;;accuracy_first
;;;1.7354138288465037;self;0.2;;;;1474389462.63;20_6;;;1;;13;14;2;right;;controlDotsAccuracy;;0;instructions;left;3348;;lettersGrid;;;accuracy;;;;1-3;;20;0.2;male;;accuracy_first
;;;1.0085997211990616;self;2;;;;1474389464.892;20_6;;;1;;14;10;0.2;right;;controlDotsAccuracy;;1;instructions;right;3348;;lettersGrid;;;accuracy;;;;1-3;;20;2;male;;accuracy_first
;;;2.2134822394527873;self;0.2;;;;1474389474.674;20_6;;;1;;1;12;2;left;;controlDotsCheat;;0;instructions;right;3348;;lettersGrid;;;cheat;;;;1-3;;20;2;male;;accuracy_first
;;;0.9920429575522576;self;2;;;;1474389477.435;20_6;;;1;;2;10;0.2;left;;controlDotsCheat;;1;instructions;left;3348;;lettersGrid;;;cheat;;;;1-3;;20;0.2;male;;accuracy_first
;;;1.0096578761949786;self;2;;;;1474389478.964;20_6;;;1;;3;14;0.2;left;;controlDotsCheat;;1;instructions;left;3348;;lettersGrid;;;cheat;;;;1-3;;20;0.2;male;;accuracy_first
;;;0.8666979512490798;self;2;;;;1474389480.508;20_6;;;1;;4;12;0.2;left;;controlDotsCheat;;1;instructions;left;3348;;lettersGrid;;;cheat;;;;1-3;;20;0.2;male;;accuracy_first
;;;1.042533584035482;self;0.2;;;;1474389481.913;20_6;;;1;;5;12;2;left;;controlDotsCheat;;0;instructions;right;3348;;lettersGrid;;;cheat;;;;1-3;;20;2;male;;accuracy_first
;;;1.380824320436659;self;2;;;;1474389483.504;20_6;;;1;;6;14;0.2;right;;controlDotsCheat;;0;instructions;left;3348;;lettersGrid;;;cheat;;;;1-3;;20;2;male;;accuracy_first
;;;0.849938757952259;other;0.2;;;;1474389485.407;20_6;;;1;;7;12;2;right;;controlDotsCheat;;1;instructions;right;3348;;lettersGrid;;;cheat;;;;1-3;;20;0.2;male;;accuracy_first
;;;0.7335548026967444;other;0.2;;;;1474389486.796;20_6;;;1;;8;10;2;right;;controlDotsCheat;;1;instructions;right;3348;;lettersGrid;;;cheat;;;;1-3;;20;0.2;male;;accuracy_first
;;;1.2000089890098025;other;0.2;;;;1474389488.059;20_6;;;1;;9;12;2;right;;controlDotsCheat;;1;instructions;right;3348;;lettersGrid;;;cheat;;;;1-3;;20;0.2;male;;accuracy_first
;;;1.1097593387494271;other;2;;;;1474389489.791;20_6;;;1;;10;14;0.2;right;;controlDotsCheat;;0;instructions;left;3348;;lettersGrid;;;cheat;;;;1-3;;20;2;male;;accuracy_first
;;;0.659219237328216;other;2;;;;1474389491.445;20_6;;;1;;11;12;0.2;left;;controlDotsCheat;;1;instructions;left;3348;;lettersGrid;;;cheat;;;;1-3;;20;0.2;male;;accuracy_first
;;;1.0597054223890154;other;0.2;;;;1474389492.646;20_6;;;1;;12;14;2;right;;controlDotsCheat;;1;instructions;right;3348;;lettersGrid;;;cheat;;;;1-3;;20;0.2;male;;accuracy_first
;;;0.7587519858097949;self;0.2;;;;1474389494.253;20_6;;;1;;13;10;2;right;;controlDotsCheat;;1;instructions;right;3348;;lettersGrid;;;cheat;;;;1-3;;20;0.2;male;;accuracy_first
;;;1.3707753869603039;self;2;;;;1474389495.548;20_6;;;1;;14;14;0.2;right;;controlDotsCheat;;0;instructions;left;3348;;lettersGrid;;;cheat;;;;1-3;;20;2;male;;accuracy_first
;;7.784;;self;5;;;;;20_6;;;2;;1;14;0.5;;;qStress;M, T;;instructions;left;3348;1, 1;lettersGrid;;2x2-3=1 ?, 4/2+4=6 ?;cheat;;;6;1-3;;20;;male;;accuracy_first
;;6.199;;self;5;;;;;20_6;;;2;;1;12;0.5;;;qSatisfied;U, N;;instructions;left;3348;1, 0;lettersGrid;;6/3-2=0 ?, 1+8/4=2 ?;cheat;;;6;1-3;;20;;male;;accuracy_first
;;9.396;;self;5;;;;;20_6;;;2;;1;12;0.5;;;qFrustration;C, J;;instructions;left;3348;1, 0;lettersGrid;;5+8/2=9 ?, 3+2x2=6 ?;cheat;;;3;1-3;;20;;male;;accuracy_first
;;6.584;;self;0.5;;;;;20_6;;;2;;1;14;5;;;qDifficulty;L, V;;instructions;left;3348;0, 0;lettersGrid;;2x3-4=1 ?, 2x2+4=7 ?;accuracy;;;3;1-3;;20;;male;;accuracy_first
;;3.781;;self;5;;;;;20_6;;;2;;1;10;0.5;;;qEffort;R, D;;instructions;right;3348;1, 1;lettersGrid;;8/4+3=5 ?, 8/4-2=0 ?;accuracy;;;6;1-3;;20;;male;;accuracy_first
;;12.828572166701633;;self;5;;;;;20_6;;;1;;1;12;0.5;;;qFriends;;;instructions;left;3348;;lettersGrid;;;cheat;;;300;1-3;;20;;male;;accuracy_first
;;49.369905505696806;;self;5;;;;;20_6;;;1;;1;12;0.5;;;qAbout;;;instructions;left;3348;;lettersGrid;;;cheat;;;it examins how well brain can work upon many tasks at the same time;1-3;;20;;male;;accuracy_first
;;69.53616111984684;;self;5;;;;;20_6;;;1;;1;14;0.5;;;qFeedback;;;instructions;left;3348;;lettersGrid;;;cheat;;;as at this moment im not sure about the goal of experiment, i dont have any. looks fine;1-3;;20;;male;;accuracy_first
