equationScore;equationProportion;recallRT;dotsRT;dotsReceiver;dotsMoneyRight;recallIntersection;recallLocation;equationScores;utc_start;id;recallRTs;equationRateCumulative;span;recallProportion;no;dotsN;dotsMoneyLeft;dotsAns;pauseRT;condition;encode;dotsCorrect;start_at;dotsSide;timeLimit;equationCorrect;stimType;equationAnss;equationText;dotsIncentive;equationRTs;recallLocationRateCumulative;recallAns;level;recallSum;age;moneyEarned;gender;moneyEarnedCumulative;order
;;;2.2828686626608032;self;5;;;;1474385883.442;20_7;;;1;;1;10;0.5;right;;practiceDots;;1;instructions;right;3348;;faces;;;accuracy;;;;1-3;;25;5;female;;cheat_first
;;;1.544735043757555;self;5;;;;1474385886.278;20_7;;;1;;2;14;0.5;right;;practiceDots;;1;instructions;right;3348;;faces;;;accuracy;;;;1-3;;25;5;female;;cheat_first
;;;1.1493099214953872;self;0.5;;;;1474385888.362;20_7;;;1;;3;12;5;left;;practiceDots;;1;instructions;left;3348;;faces;;;accuracy;;;;1-3;;25;5;female;;cheat_first
;;;2.200139930275782;self;0.5;;;;1474385890.07;20_7;;;1;;4;14;5;right;;practiceDots;;1;instructions;right;3348;;faces;;;cheat;;;;1-3;;25;0.5;female;;cheat_first
;;;0.9927306328040686;self;5;;;;1474385892.811;20_7;;;1;;5;10;0.5;left;;practiceDots;;1;instructions;left;3348;;faces;;;cheat;;;;1-3;;25;0.5;female;;cheat_first
;;;1.190886978875369;self;5;;;;1474385894.363;20_7;;;1;;6;10;0.5;left;;practiceDots;;1;instructions;left;3348;;faces;;;cheat;;;;1-3;;25;0.5;female;;cheat_first
2;1.0;25.563964662827857;;self;5;2;2;1, 1;1474386035.605;20_7;;1.0;2;1.0;1;10;0.5;;7.580096280806174;practiceCS;faces\\Brian.bmp, faces\\Karen.bmp;;instructions;right;3348;0, 1;faces;0, 1;9/3+3=7 ?, 2x2-4=0 ?;accuracy;3.7627208617495853, 2.1468768900231225;1.0;faces\\Brian.bmp, faces\\Karen.bmp;1-3;4;25;;female;;cheat_first
1;1.0;7.9568449226435405;;self;0.5;1;1;1;1474386079.248;20_7;;1.0;1;1.0;2;14;5;;4.254159245183473;practiceCS;faces\\Olga.bmp;;instructions;right;3348;0;faces;0;2x4-3=6 ?;cheat;3.220941553098328;1.0;faces\\Olga.bmp;1-3;2;25;;female;;cheat_first
3;1.0;24.829498108959797;;self;5;3;1;1, 1, 1;1474386097.092;20_7;;1.0;3;0.3333333333333333;3;10;0.5;;8.47508593467137;practiceCS;faces\\Erin.bmp, faces\\Lily.bmp, faces\\Hanna.bmp;;instructions;left;3348;0, 0, 1;faces;0, 0, 1;3x2-3=2 ?, 2x4+1=7 ?, 3+4/2=5 ?;cheat;3.8594185567931163, 2.8480496642773687, 4.045433102604875;0.6666666666666666;faces\\Erin.bmp, faces\\Hanna.bmp, faces\\Lily.bmp;1-3;4;25;;female;;cheat_first
1;1.0;4.586211948715118;;self;0.5;1;1;1;1474386147.657;20_7;;1.0;1;1.0;4;10;5;;7.533993607939465;practiceCS;faces\\Olivia.bmp;;instructions;left;3348;1;faces;1;4x2+1=9 ?;accuracy;1.856078491187418;0.7142857142857143;faces\\Olivia.bmp;1-3;2;25;;female;;cheat_first
3;1.0;22.577457636055897;;self;0.5;2;2;1, 1, 1;1474386164.033;20_7;;1.0;3;0.6666666666666666;5;14;5;;10.92863060495256;practiceCS;faces\\Thomas.bmp, faces\\Keith.bmp, faces\\Lulu.bmp;;instructions;left;3348;0, 1, 0;faces;0, 1, 0;3x3-4=6 ?, 3x3-4=5 ?, 3x2-1=4 ?;accuracy;3.4821716301098604, 5.926224823432676, 2.7041798242057666;0.7;faces\\Thomas.bmp, faces\\Peter.bmp, faces\\Lulu.bmp;1-3;4;25;;female;;cheat_first
2;1.0;15.935796280770774;;self;5;2;2;1, 1;1474386216.098;20_7;;1.0;2;1.0;6;14;0.5;;3.8061226042605085;practiceCS;faces\\Kiki.bmp, faces\\Cindy.bmp;;instructions;right;3348;1, 0;faces;1, 0;4/2+1=3 ?, 9/3+3=5 ?;accuracy;3.386847757346459, 2.410085950597022;0.75;faces\\Kiki.bmp, faces\\Cindy.bmp;1-3;4;25;;female;;cheat_first
2;1.0;10.715889164180226;1.6170139502064558;self;0.5;2;2;1, 1;1474386294.477;20_7;;1.0;2;1.0;1;14;5;left;8.451318313772845;practiceExp;faces\\Nathan.bmp, faces\\Julia.bmp;1;instructions;left;3348;0, 1;faces;0, 1;2+2x2=5 ?, 3x2-5=1 ?;accuracy;3.346999479419992, 2.4036489455861556;0.7857142857142857;faces\\Nathan.bmp, faces\\Julia.bmp;1-3;4;25;5;female;;cheat_first
1;1.0;7.432652804108329;1.043455534624627;self;5;1;1;1;1474386340.271;20_7;;1.0;1;1.0;2;14;0.5;right;7.179242047880052;practiceExp;faces\\Sofia.bmp;1;instructions;right;3348;0;faces;0;6+6/3=9 ?;accuracy;4.218262918158416;0.8;faces\\Sofia.bmp;1-3;2;25;5;female;;cheat_first
3;1.0;20.140809705796073;0.926377352387135;self;5;3;3;1, 1, 1;1474386368.215;20_7;;1.0;3;1.0;3;14;0.5;right;6.774101078920921;practiceExp;faces\\Andrea.bmp, faces\\Kristen.bmp, faces\\Damon.bmp;1;instructions;right;3348;1, 1, 1;faces;1, 1, 1;8/2+5=9 ?, 1+3x2=7 ?, 4x2-1=7 ?;accuracy;1.994300867079346, 3.4495017682388607, 2.5348401259443563;0.8333333333333334;faces\\Andrea.bmp, faces\\Kristen.bmp, faces\\Damon.bmp;1-3;6;25;5;female;;cheat_first
2;0.6666666666666666;11.479180505454678;1.8302405816912142;self;5;3;3;0, 1, 1;1474386429.863;20_7;;0.9523809523809523;3;1.0;1;14;0.5;left;19.657658139083196;experiment;faces\\Kenny.bmp, faces\\Zach.bmp, faces\\Donna.bmp;1;instructions;left;3348;0, 1, 1;faces;1, 1, 1;2x2-4=2 ?, 4/2+2=4 ?, 2x3-3=3 ?;cheat;2.033049591728286, 2.254209852238091, 3.082837024404398;0.8571428571428571;faces\\Kenny.bmp, faces\\Zach.bmp, faces\\Donna.bmp;1-3;6;25;0.4081632653061224;female;0.4081632653061224;cheat_first
3;1.0;13.515253780222793;1.0093244382883313;self;5;3;3;1, 1, 1;1474386480.661;20_7;;0.9583333333333334;3;1.0;2;12;0.5;left;10.80334558637469;experiment;faces\\Anders.bmp, faces\\Linda.bmp, faces\\Tony.bmp;1;instructions;left;3348;1, 0, 0;faces;1, 0, 0;4/2+4=6 ?, 4x2-5=2 ?, 3x3-5=3 ?;cheat;2.3535461920314447, 2.930201193123139, 3.03618758301036;0.875;faces\\Anders.bmp, faces\\Linda.bmp, faces\\Tony.bmp;1-3;6;25;0.41927083333333337;female;0.8274340986394557;cheat_first
2;0.6666666666666666;22.742948013107252;0.9334099635029816;self;5;3;3;0, 1, 1;1474386525.979;20_7;;0.9259259259259259;3;1.0;3;10;0.5;right;4.965218443758658;experiment;faces\\Peter.bmp, faces\\Gary.bmp, faces\\Damon.bmp;1;instructions;right;3348;1, 0, 1;faces;0, 0, 1;3x3-1=8 ?, 6+9/3=7 ?, 3x2-2=4 ?;accuracy;1.786191918230088, 5.24924399076599, 2.686701280004854;0.8888888888888888;faces\\Peter.bmp, faces\\Gary.bmp, faces\\Damon.bmp;1-3;6;25;4.11522633744856;female;4.9426604360880155;cheat_first
2;1.0;20.84083338140408;1.34864615512015;self;5;2;2;1, 1;1474386573.296;20_7;;0.9310344827586207;2;1.0;4;10;0.5;left;4.373468030674303;experiment;faces\\Bobby.bmp, faces\\David.bmp;1;instructions;left;3348;1, 1;faces;1, 1;2x3-2=4 ?, 6/2-1=2 ?;cheat;2.5940263149609564, 3.6893395708589196;0.896551724137931;faces\\Bobby.bmp, faces\\David.bmp;1-3;4;25;0.4173602853745541;female;5.360020721462569;cheat_first
1;1.0;5.004714241780675;0.9670158789367633;self;0.5;1;1;1;1474386612.976;20_7;;0.9333333333333333;1;1.0;5;12;5;left;5.121580794516831;experiment;faces\\Anders.bmp;0;instructions;right;3348;0;faces;0;3x3-3=7 ?;cheat;3.2433042089141964;0.9;faces\\Anders.bmp;1-3;2;25;4.2;female;9.56002072146257;cheat_first
3;1.0;39.750217734198486;0.8581724907839998;self;0.5;2;1;1, 1, 1;1474386632.03;20_7;;0.9393939393939394;3;0.3333333333333333;6;10;5;right;9.103377118462959;experiment;faces\\Timmy.bmp, faces\\Scott.bmp, faces\\Julian.bmp;1;instructions;right;3348;0, 1, 1;faces;0, 1, 1;2x3+1=9 ?, 1+8/4=3 ?, 6+9/3=9 ?;cheat;3.180776538711143, 3.5568103116647762, 3.7093551918060257;0.8484848484848485;faces\\Timmy.bmp, faces\\Julian.bmp, faces\\Mike.bmp;1-3;3;25;0.39853076216712585;female;9.958551483629694;cheat_first
1;1.0;4.268116175394425;0.9334485381114064;other;5;1;1;1;1474386702.084;20_7;;0.9411764705882353;1;1.0;7;10;0.5;right;6.926670731746526;experiment;faces\\Damon.bmp;1;instructions;right;3348;0;faces;0;4+2x2=9 ?;accuracy;2.291426209429119;0.8529411764705882;faces\\Damon.bmp;1-3;2;25;4.013840830449827;female;9.958551483629694;cheat_first
3;1.0;9.32599932122821;0.8166655047098175;other;0.5;3;3;1, 1, 1;1474386723.339;20_7;;0.9459459459459459;3;1.0;8;12;5;right;4.155921043085982;experiment;faces\\Daniel.bmp, faces\\Kelly.bmp, faces\\Haley.bmp;1;instructions;right;3348;1, 1, 0;faces;1, 1, 0;3+6/3=5 ?, 1+4/2=3 ?, 2x4-2=5 ?;cheat;2.0533600076150833, 1.7140496154397624, 3.364034238680688;0.8648648648648649;faces\\Daniel.bmp, faces\\Kelly.bmp, faces\\Haley.bmp;1-3;6;25;0.40905770635500366;female;9.958551483629694;cheat_first
3;1.0;11.6822262715732;1.4502208838684965;other;5;2;2;1, 1, 1;1474386755.785;20_7;;0.95;3;0.6666666666666666;9;12;0.5;left;2.869396286149822;experiment;faces\\Sonya.bmp, faces\\Jonah.bmp, faces\\Donald.bmp;1;instructions;left;3348;0, 0, 1;faces;0, 0, 1;2x4-8=1 ?, 4x2-2=8 ?, 4x2-4=4 ?;cheat;2.2500671516681905, 2.919400656759535, 2.553649317176678;0.85;faces\\Sonya.bmp, faces\\Tony.bmp, faces\\Donald.bmp;1-3;4;25;0.40375;female;9.958551483629694;cheat_first
2;1.0;17.190329593483966;0.7487533146731948;other;0.5;1;1;1, 1;1474386790.103;20_7;;0.9523809523809523;2;0.5;10;10;5;right;9.697921536416288;experiment;faces\\Mary.bmp, faces\\Lena.bmp;1;instructions;right;3348;0, 1;faces;0, 1;3x2-2=5 ?, 2x4-4=4 ?;cheat;1.9268777606057483, 3.9287962280404827;0.8333333333333334;faces\\Mary.bmp, faces\\Scott.bmp;1-3;2;25;0.3968253968253968;female;9.958551483629694;cheat_first
2;1.0;16.21638656428695;1.2168211479447564;other;0.5;2;0;1, 1;1474386832.563;20_7;;0.9545454545454546;2;0.0;11;14;5;left;6.092845542668329;experiment;faces\\Paul.bmp, faces\\Thomas.bmp;0;instructions;right;3348;0, 1;faces;0, 1;3x3-4=3 ?, 9/3+2=5 ?;cheat;2.5260267127387124, 4.000312135819513;0.7954545454545454;faces\\Thomas.bmp, faces\\Paul.bmp;1-3;2;25;3.796487603305785;female;9.958551483629694;cheat_first
2;1.0;7.252584410266536;1.4953538831005062;other;5;2;2;1, 1;1474386869.33;20_7;;0.9565217391304348;2;1.0;12;14;0.5;left;6.1841753509670525;experiment;faces\\Simon.bmp, faces\\Rachel.bmp;1;instructions;left;3348;0, 1;faces;0, 1;6/2+2=7 ?, 2x3-2=4 ?;cheat;2.5213234417178683, 2.0754130048799198;0.8043478260869565;faces\\Simon.bmp, faces\\Rachel.bmp;1-3;4;25;0.3846880907372401;female;9.958551483629694;cheat_first
0;0.0;3.3700929294159323;1.0335875128685075;self;5;1;1;0;1474386896.753;20_7;;0.9361702127659575;1;1.0;13;12;0.5;right;9.128864671427436;experiment;faces\\Brian.bmp;0;instructions;left;3348;1;faces;0;6/2-3=0 ?;cheat;2.6608467374189786;0.8085106382978723;faces\\Brian.bmp;1-3;2;25;3.784517881394296;female;13.74306936502399;cheat_first
3;1.0;10.513369640651035;1.0324656641751062;self;0.5;3;3;1, 1, 1;1474386920.277;20_7;;0.94;3;1.0;14;14;5;right;5.25802059884154;experiment;faces\\Adam.bmp, faces\\Bruce.bmp, faces\\Micha.bmp;1;instructions;right;3348;0, 0, 1;faces;0, 0, 1;3x3-5=6 ?, 3+2x2=9 ?, 1+2x3=7 ?;cheat;3.290043185866125, 3.5892795147947254, 1.868867920188677;0.82;faces\\Adam.bmp, faces\\Bruce.bmp, faces\\Micha.bmp;1-3;6;25;0.38539999999999996;female;14.12846936502399;cheat_first
3;1.0;17.526424845162182;0.900176346121043;self;5;2;2;1, 1, 1;1474386956.966;20_7;;0.9433962264150944;3;0.6666666666666666;15;14;0.5;right;4.742589870874326;experiment;faces\\Will.bmp, faces\\Vicky.bmp, faces\\Jenny.bmp;0;instructions;left;3348;1, 0, 1;faces;1, 0, 1;9/3-3=0 ?, 2x2+1=6 ?, 8/2-2=2 ?;cheat;3.2034516842413723, 2.1060780488178352, 4.4927088682316025;0.8113207547169812;faces\\Will.bmp, faces\\Mark.bmp, faces\\Jenny.bmp;1-3;4;25;3.8269846920612323;female;17.955454057085223;cheat_first
1;1.0;3.93360566770707;0.8327780123318007;self;5;1;1;1;1474386999.941;20_7;;0.9444444444444444;1;1.0;16;10;0.5;left;6.853333677791852;experiment;faces\\Ricky.bmp;1;instructions;left;3348;1;faces;1;3x3-3=6 ?;cheat;2.4388063388341834;0.8148148148148148;faces\\Ricky.bmp;1-3;2;25;0.3847736625514403;female;18.340227719636662;cheat_first
1;1.0;3.436112486388083;1.7555512930812256;self;5;1;1;1;1474387019.268;20_7;;0.9454545454545454;1;1.0;17;12;0.5;right;4.4247927853448346;experiment;faces\\Chloe.bmp;1;instructions;right;3348;1;faces;1;2x2-2=2 ?;accuracy;2.6300588917483765;0.8181818181818182;faces\\Chloe.bmp;1-3;2;25;3.8677685950413228;female;22.207996314677985;cheat_first
2;0.6666666666666666;10.239125764901019;0.8420217624488942;self;0.5;3;3;0, 1, 1;1474387037.162;20_7;;0.9310344827586207;3;1.0;18;14;5;left;7.363356528822806;experiment;faces\\Jacob.bmp, faces\\Olga.bmp, faces\\Jeff.bmp;0;instructions;right;3348;1, 0, 1;faces;0, 0, 1;5+6/3=7 ?, 2x2+4=9 ?, 5+8/2=9 ?;cheat;2.536029214780683, 1.921415737661846, 2.0594838151200747;0.8275862068965517;faces\\Jacob.bmp, faces\\Olga.bmp, faces\\Jeff.bmp;1-3;6;25;3.852556480380499;female;26.060552795058484;cheat_first
1;1.0;4.436137966863043;1.2086482855711438;other;5;1;1;1;1474387070.438;20_7;;0.9322033898305084;1;1.0;19;10;0.5;right;7.352101236758244;experiment;faces\\Anna.bmp;1;instructions;right;3348;0;faces;0;2x2+5=7 ?;accuracy;3.0200050040821225;0.8305084745762712;faces\\Anna.bmp;1-3;2;25;3.871014076414823;female;26.060552795058484;cheat_first
2;1.0;6.942535866422986;0.941795163169445;other;5;2;2;1, 1;1474387091.312;20_7;;0.9344262295081968;2;1.0;20;10;0.5;left;5.4786468310603595;experiment;faces\\Jason.bmp, faces\\Casper.bmp;1;instructions;left;3348;1, 1;faces;1, 1;1+4/2=3 ?, 4x2+1=9 ?;cheat;1.7089011438965827, 1.8874088586408106;0.8360655737704918;faces\\Jason.bmp, faces\\Casper.bmp;1-3;4;25;0.3906208008599839;female;26.060552795058484;cheat_first
1;1.0;3.040030534102698;1.0653191978035466;other;0.5;1;1;1;1474387114.667;20_7;;0.9354838709677419;1;1.0;21;14;5;left;1.9082087119868447;experiment;faces\\Ella.bmp;1;instructions;left;3348;1;faces;1;5+2x2=9 ?;accuracy;1.277482373350722;0.8387096774193549;faces\\Ella.bmp;1-3;2;25;3.922996878251821;female;26.060552795058484;cheat_first
1;1.0;2.8907298138897204;1.016799064866973;other;5;1;1;1;1474387126.57;20_7;;0.9365079365079365;1;1.0;22;10;0.5;left;1.8529196200715887;experiment;faces\\Leah.bmp;1;instructions;left;3348;0;faces;0;1+3x2=9 ?;cheat;2.3121106928456356;0.8412698412698413;faces\\Leah.bmp;1-3;2;25;0.3939279415469892;female;26.060552795058484;cheat_first
2;1.0;22.456110412560975;0.9320506509375264;other;5;1;0;1, 1;1474387139.504;20_7;;0.9384615384615385;2;0.0;23;12;0.5;right;3.4753842685668133;experiment;faces\\Matt.bmp, faces\\Lisa.bmp;1;instructions;right;3348;1, 0;faces;1, 0;9/3+1=4 ?, 3x3-5=5 ?;accuracy;3.4301507630170818, 3.5642948473177967;0.8153846153846154;faces\\Lana.bmp, faces\\Matt.bmp;1-3;1;25;3.8260355029585797;female;26.060552795058484;cheat_first
2;1.0;10.420638760120255;1.6109145614900626;other;0.5;2;2;1, 1;1474387179.754;20_7;;0.9402985074626866;2;1.0;24;10;5;right;6.798480939011824;experiment;faces\\Wendy.bmp, faces\\Timmy.bmp;1;instructions;right;3348;1, 0;faces;1, 0;3+4/2=5 ?, 4+6/2=5 ?;cheat;2.5614006900259483, 2.546068521952293;0.8208955223880597;faces\\Wendy.bmp, faces\\Timmy.bmp;1-3;4;25;0.38594341724214754;female;26.060552795058484;cheat_first
2;1.0;7.595740584698888;0.9129962101333149;self;0.5;2;2;1, 1;1474387210.347;20_7;;0.9420289855072463;2;1.0;25;12;5;left;7.889885419258462;experiment;faces\\Justin.bmp, faces\\James.bmp;1;instructions;left;3348;1, 0;faces;1, 0;6/3+4=6 ?, 8/4-1=0 ?;accuracy;2.385369535897553, 3.0087762541788834;0.8260869565217391;faces\\Justin.bmp, faces\\James.bmp;1-3;4;25;3.8909892879647137;female;29.9515420830232;cheat_first
1;1.0;3.0014219520662664;0.7334830783102007;self;0.5;1;1;1;1474387240.207;20_7;;0.9428571428571428;1;1.0;26;10;5;left;5.071566514833648;experiment;faces\\Diana.bmp;1;instructions;left;3348;1;faces;1;6/2-1=2 ?;accuracy;3.3561133498933486;0.8285714285714286;faces\\Diana.bmp;1-3;2;25;3.906122448979592;female;33.857664532002794;cheat_first
1;0.5;5.288127195700326;0.7089630756063343;self;5;2;2;1, 0;1474387256.854;20_7;;0.9305555555555556;2;1.0;27;10;0.5;right;6.487887750014124;experiment;faces\\Julian.bmp, faces\\Lisa.bmp;1;instructions;right;3348;0, 1;faces;0, 0;2x4+1=7 ?, 2x4-8=0 ?;accuracy;2.546130099766742, 2.770754289301294;0.8333333333333334;faces\\Julian.bmp, faces\\Lisa.bmp;1-3;4;25;3.877314814814815;female;37.73497934681761;cheat_first
1;1.0;4.8773030191177895;1.6607182733578156;self;0.5;1;1;1;1474387281.409;20_7;;0.9315068493150684;1;1.0;28;10;5;right;4.072119653479604;experiment;faces\\Leslie.bmp;1;instructions;right;3348;1;faces;1;2x3-5=1 ?;cheat;3.0581414895395937;0.8356164383561644;faces\\Leslie.bmp;1-3;2;25;0.3891912178645149;female;38.124170564682125;cheat_first
2;1.0;7.705369620833153;1.1420589568651849;self;5;2;2;1, 1;1474387299.834;20_7;;0.9333333333333333;2;1.0;29;10;0.5;right;3.5607796034464627;experiment;faces\\Amanda.bmp, faces\\Donald.bmp;1;instructions;right;3348;1, 1;faces;1, 1;4x2+1=9 ?, 3x3-1=8 ?;accuracy;1.4800896629603812, 2.5153822442844103;0.84;faces\\Amanda.bmp, faces\\Donald.bmp;1-3;4;25;3.92;female;42.044170564682126;cheat_first
1;1.0;5.848653409977942;1.573560892849855;self;0.5;1;1;1;1474387325.466;20_7;;0.9342105263157895;1;1.0;30;14;5;left;7.2500214991505345;experiment;faces\\Mary.bmp;0;instructions;right;3348;0;faces;0;3x3-7=3 ?;cheat;3.1653403253640136;0.8421052631578947;faces\\Mary.bmp;1-3;2;25;3.933518005540166;female;45.97768857022229;cheat_first
1;0.5;6.0988352237841355;1.1253260704534114;other;5;2;2;1, 0;1474387350.133;20_7;;0.9230769230769231;2;1.0;31;14;0.5;right;6.50800741623425;experiment;faces\\Amanda.bmp, faces\\Mona.bmp;1;instructions;right;3348;1, 0;faces;1, 1;3x3-2=7 ?, 6+6/3=9 ?;accuracy;3.109447487749094, 2.208146815665714;0.8461538461538461;faces\\Amanda.bmp, faces\\Mona.bmp;1-3;4;25;3.905325443786982;female;45.97768857022229;cheat_first
2;0.6666666666666666;17.473626115788193;0.899121383675265;other;5;2;2;1, 0, 1;1474387375.782;20_7;;0.9135802469135802;3;0.6666666666666666;32;10;0.5;left;6.196057391938666;experiment;faces\\Casper.bmp, faces\\Joseph.bmp, faces\\Noah.bmp;1;instructions;left;3348;1, 1, 1;faces;1, 0, 1;3x3-2=7 ?, 2x4-3=5 ?, 6/2-2=1 ?;cheat;2.300745693180943, 3.1193795645885984, 3.889398105172404;0.8395061728395061;faces\\Liam.bmp, faces\\Joseph.bmp, faces\\Noah.bmp;1-3;4;25;0.3834781283340954;female;45.97768857022229;cheat_first
1;1.0;4.4222433222576;0.7153661066504355;other;5;1;1;1;1474387418.281;20_7;;0.9146341463414634;1;1.0;33;10;0.5;left;3.4813803198012465;experiment;faces\\Alex.bmp;1;instructions;left;3348;0;faces;0;2x4-2=5 ?;cheat;4.127407683708043;0.8414634146341463;faces\\Alex.bmp;1-3;2;25;0.38481558596073767;female;45.97768857022229;cheat_first
3;1.0;12.861234040640738;0.6952789988154109;other;5;3;3;1, 1, 1;1474387434.99;20_7;;0.9176470588235294;3;1.0;34;10;0.5;left;9.864042909120144;experiment;faces\\Lena.bmp, faces\\George.bmp, faces\\John.bmp;1;instructions;left;3348;0, 1, 1;faces;0, 1, 1;6/3+5=5 ?, 2x2-1=3 ?, 3+4/2=5 ?;cheat;4.994231149668849, 2.4335294032298407, 3.1349852938728873;0.8470588235294118;faces\\Lena.bmp, faces\\George.bmp, faces\\John.bmp;1-3;6;25;0.38865051903114184;female;45.97768857022229;cheat_first
1;1.0;4.2240869761863;0.708791790190844;other;5;1;1;1;1474387478.051;20_7;;0.9186046511627907;1;1.0;35;10;0.5;left;1.4523318704468693;experiment;faces\\Emma.bmp;1;instructions;left;3348;0;faces;0;5+9/3=7 ?;cheat;2.29621689263422;0.8488372093023255;faces\\Emma.bmp;1-3;2;25;0.38987290427257976;female;45.97768857022229;cheat_first
2;1.0;11.075170586472268;1.326298362914713;other;5;2;2;1, 1;1474387491.344;20_7;;0.9204545454545454;2;1.0;36;10;0.5;left;4.342171991082978;experiment;faces\\Scott.bmp, faces\\James.bmp;1;instructions;left;3348;0, 0;faces;0, 0;2x2+3=8 ?, 4/2+1=4 ?;cheat;2.5323083576313365, 2.1575093260307767;0.8522727272727273;faces\\Scott.bmp, faces\\James.bmp;1-3;4;25;0.39223915289256195;female;45.97768857022229;cheat_first
3;1.0;11.988608812068378;1.4099865059652075;self;5;3;3;1, 1, 1;1474387518.584;20_7;;0.9230769230769231;3;1.0;37;14;0.5;left;2.937773494855719;experiment;faces\\Wendy.bmp, faces\\Nana.bmp, faces\\Lana.bmp;1;instructions;left;3348;0, 1, 1;faces;0, 1, 1;4x2-3=6 ?, 2x2+1=5 ?, 8/2-2=2 ?;cheat;4.0869974197485135, 1.8023341530733887, 3.096762811813278;0.8571428571428571;faces\\Wendy.bmp, faces\\Nana.bmp, faces\\Lana.bmp;1-3;6;25;0.3956043956043956;female;46.373292965826685;cheat_first
1;1.0;4.18549254996924;0.8669052158174964;self;5;1;1;1;1474387553.672;20_7;;0.9239130434782609;1;1.0;38;10;0.5;right;3.295236248240144;experiment;faces\\Carl.bmp;1;instructions;right;3348;0;faces;0;3x2-1=6 ?;accuracy;2.328059700753329;0.8586956521739131;faces\\Carl.bmp;1-3;2;25;3.9668005671077506;female;50.34009353293444;cheat_first
3;1.0;11.344706236664933;0.7825340544777646;self;5;3;3;1, 1, 1;1474387569.103;20_7;;0.9263157894736842;3;1.0;39;12;0.5;left;4.320266568236548;experiment;faces\\Sofia.bmp, faces\\Megan.bmp, faces\\Kiki.bmp;1;instructions;left;3348;1, 0, 0;faces;1, 0, 0;7+4/2=9 ?, 2x2-3=3 ?, 8/2-3=2 ?;cheat;3.138176723374272, 2.4756457973317083, 3.7915849315550076;0.8631578947368421;faces\\Sofia.bmp, faces\\Megan.bmp, faces\\Kiki.bmp;1-3;6;25;0.39977839335180054;female;50.73987192628624;cheat_first
2;1.0;10.763975067355204;1.6430461483250838;self;0.5;2;2;1, 1;1474387603.723;20_7;;0.9278350515463918;2;1.0;40;12;5;right;4.282147777553291;experiment;faces\\Amanda.bmp, faces\\Tanya.bmp;1;instructions;right;3348;1, 0;faces;1, 0;5+8/2=9 ?, 8/4+1=1 ?;cheat;1.7151265194061125, 2.980876195680139;0.865979381443299;faces\\Amanda.bmp, faces\\Tanya.bmp;1-3;4;25;0.4017430120097779;female;51.14161493829602;cheat_first
2;1.0;5.621976626618562;1.2254070063527251;self;5;2;2;1, 1;1474387632.212;20_7;;0.9292929292929293;2;1.0;41;10;0.5;left;5.602776380873365;experiment;faces\\Amber.bmp, faces\\Kiki.bmp;1;instructions;left;3348;0, 0;faces;0, 0;4x2-3=4 ?, 8/2+5=7 ?;cheat;2.854187627601277, 2.898823403674214;0.8686868686868687;faces\\Amber.bmp, faces\\Kiki.bmp;1-3;4;25;0.40363228242016125;female;51.545247220716185;cheat_first
1;1.0;3.3034406073129503;1.3158786180947573;self;5;1;1;1;1474387656.738;20_7;;0.93;1;1.0;42;12;0.5;right;4.040952077950351;experiment;faces\\Alex.bmp;1;instructions;right;3348;1;faces;1;2x2+1=5 ?;accuracy;1.7122029887896133;0.87;faces\\Alex.bmp;1-3;2;25;4.0455000000000005;female;55.59074722071618;cheat_first
1;1.0;3.4635492956949747;1.215363452434758;other;0.5;1;1;1;1474387671.638;20_7;;0.9306930693069307;1;1.0;43;12;5;right;4.3934610023097775;experiment;faces\\Joseph.bmp;1;instructions;right;3348;1;faces;1;2x2-2=2 ?;cheat;1.56629789577255;0.8712871287128713;faces\\Joseph.bmp;1-3;2;25;0.4054504460347025;female;55.59074722071618;cheat_first
2;0.6666666666666666;9.262042621049659;1.3027685597835443;other;0.5;3;3;1, 1, 0;1474387688.753;20_7;;0.9230769230769231;3;1.0;44;14;5;left;5.311646028071664;experiment;faces\\Vicky.bmp, faces\\Leah.bmp, faces\\Erica.bmp;0;instructions;right;3348;0, 1, 1;faces;0, 1, 0;9/3+2=4 ?, 8/2+1=5 ?, 6/3+4=6 ?;cheat;2.1062465030709063, 2.348926440345167, 2.110312762214562;0.875;faces\\Vicky.bmp, faces\\Leah.bmp, faces\\Erica.bmp;1-3;6;25;4.038461538461538;female;55.59074722071618;cheat_first
1;0.5;9.572376404655188;1.5486951342554676;other;0.5;2;2;1, 0;1474387719.301;20_7;;0.9150943396226415;2;1.0;45;12;5;left;3.7394026881192985;experiment;faces\\Susan.bmp, faces\\Billy.bmp;1;instructions;left;3348;0, 0;faces;0, 1;3x3-3=8 ?, 6/3-2=1 ?;accuracy;1.633440717020676, 3.518787426659401;0.8773584905660378;faces\\Susan.bmp, faces\\Billy.bmp;1-3;4;25;4.014328942684229;female;55.59074722071618;cheat_first
2;1.0;10.498466040012318;0.7351959324669224;other;5;2;2;1, 1;1474387745.263;20_7;;0.9166666666666666;2;1.0;46;14;0.5;left;4.212761612814575;experiment;faces\\George.bmp, faces\\Daniel.bmp;1;instructions;left;3348;0, 1;faces;0, 1;4/2+6=7 ?, 2x3+2=8 ?;cheat;2.0540532888744565, 3.4828539406089476;0.8796296296296297;faces\\George.bmp, faces\\Daniel.bmp;1-3;4;25;0.40316358024691357;female;55.59074722071618;cheat_first
1;1.0;2.3841057751142216;0.8926716384266911;other;0.5;1;1;1;1474387773.311;20_7;;0.9174311926605505;1;1.0;47;14;5;left;2.8921138991390762;experiment;faces\\Linda.bmp;0;instructions;right;3348;1;faces;1;6+8/4=8 ?;cheat;4.086878510865063;0.8807339449541285;faces\\Linda.bmp;1-3;2;25;4.0400639676794885;female;55.59074722071618;cheat_first
3;1.0;7.839914668719757;1.058601553671906;other;0.5;3;3;1, 1, 1;1474387789.16;20_7;;0.9196428571428571;3;1.0;48;10;5;right;3.1134015620236823;experiment;faces\\Leah.bmp, faces\\Erin.bmp, faces\\Karen.bmp;1;instructions;right;3348;1, 1, 0;faces;1, 1, 0;6/2+1=4 ?, 2x2+1=5 ?, 2x4+1=8 ?;cheat;2.3960727510029756, 1.3475264297994727, 2.4605592327261547;0.8839285714285714;faces\\Leah.bmp, faces\\Erin.bmp, faces\\Karen.bmp;1-3;6;25;0.4064492984693877;female;55.59074722071618;cheat_first
1;1.0;8.883323843036123;1.5093762839769624;self;0.5;1;1;1;1474387816.444;20_7;;0.9203539823008849;1;1.0;49;12;5;left;1.9956807055832542;experiment;faces\\Lulu.bmp;0;instructions;right;3348;1;faces;1;4x2-6=2 ?;cheat;2.815368831646083;0.8849557522123894;faces\\Lulu.bmp;1-3;2;25;4.0723627535437394;female;59.663109974259925;cheat_first
1;1.0;3.3161942928691133;0.8088886513860416;self;5;1;1;1;1474387836.302;20_7;;0.9210526315789473;1;1.0;50;10;0.5;right;4.388581845232693;experiment;faces\\Oliver.bmp;1;instructions;right;3348;0;faces;0;4/2+7=7 ?;accuracy;2.695381628506766;0.8859649122807017;faces\\Oliver.bmp;1-3;2;25;4.080101569713758;female;63.743211543973686;cheat_first
1;1.0;2.9680726108608724;0.7828829954278262;self;0.5;1;1;1;1474387854.288;20_7;;0.9217391304347826;1;1.0;51;12;5;right;2.9834214120210163;experiment;faces\\Matt.bmp;1;instructions;right;3348;0;faces;0;3x3-2=9 ?;cheat;1.6241828110842107;0.8869565217391304;faces\\Matt.bmp;1-3;2;25;0.4087712665406427;female;64.15198281051433;cheat_first
3;1.0;11.865598279784535;0.9501421421218765;self;0.5;3;3;1, 1, 1;1474387868.406;20_7;;0.923728813559322;3;1.0;52;12;5;right;2.7733041062847406;experiment;faces\\Casper.bmp, faces\\Steve.bmp, faces\\Billy.bmp;1;instructions;right;3348;0, 0, 1;faces;0, 0, 1;4/2+6=6 ?, 4/2+3=4 ?, 8/4-2=0 ?;cheat;1.959415973355135, 2.7041086912131505, 3.474708328187262;0.8898305084745762;faces\\Casper.bmp, faces\\Steve.bmp, faces\\Billy.bmp;1-3;6;25;0.4109810399310543;female;64.56296385044539;cheat_first
1;1.0;2.997423286959929;0.7768419994672513;self;0.5;1;1;1;1474387900.244;20_7;;0.9243697478991597;1;1.0;53;14;5;right;5.98715890225867;experiment;faces\\Jeff.bmp;1;instructions;right;3348;1;faces;1;4/2+6=8 ?;cheat;2.4120667036368104;0.8907563025210085;faces\\Jeff.bmp;1-3;2;25;0.4116940894004661;female;64.97465793984586;cheat_first
2;0.6666666666666666;12.569555857624437;0.8328010155391894;self;5;3;3;0, 1, 1;1474387916.109;20_7;;0.9180327868852459;3;1.0;54;12;0.5;left;10.192479154670764;experiment;faces\\Steve.bmp, faces\\Emma.bmp, faces\\Karen.bmp;1;instructions;left;3348;1, 1, 0;faces;0, 1, 0;6/2+1=4 ?, 3x3-4=5 ?, 4/2-1=3 ?;cheat;2.666046877703593, 3.7026800151325006, 3.369468303881149;0.8934426229508197;faces\\Steve.bmp, faces\\Emma.bmp, faces\\Karen.bmp;1-3;6;25;0.41010481053480247;female;65.38476275038066;cheat_first
1;1.0;2.042942386168761;0.7582171877838846;other;5;1;1;1;1474387958.181;20_7;;0.9186991869918699;1;1.0;55;12;0.5;left;5.212042497186303;experiment;faces\\Andrea.bmp;1;instructions;left;3348;1;faces;1;2x4+1=9 ?;cheat;1.5428877093163464;0.8943089430894309;faces\\Andrea.bmp;1-3;2;25;0.4108004494679093;female;65.38476275038066;cheat_first
2;1.0;9.640048299655973;0.6987220480068572;other;5;2;2;1, 1;1474387972.47;20_7;;0.92;2;1.0;56;10;0.5;left;2.393436229625877;experiment;faces\\Julian.bmp, faces\\Ethan.bmp;1;instructions;left;3348;1, 1;faces;1, 1;1+2x3=7 ?, 3x3-4=5 ?;cheat;1.2928000317087935, 3.4400304633236374;0.896;faces\\Julian.bmp, faces\\Ethan.bmp;1-3;4;25;0.41216;female;65.38476275038066;cheat_first
1;1.0;2.417440252709639;1.3743134869919231;other;0.5;1;1;1;1474387996.712;20_7;;0.9206349206349206;1;1.0;57;14;5;right;4.55092184465957;experiment;faces\\Kelly.bmp;1;instructions;right;3348;1;faces;1;2x3+1=7 ?;cheat;1.9915440212362228;0.8968253968253969;faces\\Kelly.bmp;1-3;2;25;0.4128243890148652;female;65.38476275038066;cheat_first
2;1.0;10.341181437615887;0.8834176253403712;other;0.5;2;2;1, 1;1474388011.391;20_7;;0.921875;2;1.0;58;12;5;right;2.4296772508541835;experiment;faces\\Polly.bmp, faces\\Gary.bmp;1;instructions;right;3348;1, 1;faces;1, 1;3x3-8=1 ?, 4x2-5=3 ?;cheat;1.96762634865172, 2.608200537000812;0.8984375;faces\\Polly.bmp, faces\\Gary.bmp;1-3;4;25;0.41412353515625;female;65.38476275038066;cheat_first
1;1.0;21.046061267094956;0.7738282255013473;other;0.5;0;0;1;1474388036.506;20_7;;0.9224806201550387;1;0.0;59;10;5;right;6.906864263031821;experiment;faces\\Polly.bmp;1;instructions;right;3348;1;faces;1;2x3-4=2 ?;cheat;2.6896145476530364;0.8914728682170543;faces\\Vicky.bmp;1-3;0;25;0.41118322216212966;female;65.38476275038066;cheat_first
2;1.0;6.086672189795536;0.9766970438749922;other;5;2;2;1, 1;1474388071.841;20_7;;0.9236641221374046;2;1.0;60;14;0.5;left;2.0489108335550554;experiment;faces\\Jacob.bmp, faces\\Susan.bmp;1;instructions;left;3348;0, 1;faces;0, 1;9/3+6=7 ?, 9/3+3=6 ?;cheat;2.4660301030571645, 2.205352456901892;0.8931297709923665;faces\\Jacob.bmp, faces\\Susan.bmp;1-3;4;25;0.4124759629392227;female;65.38476275038066;cheat_first
1;0.5;5.015634748714547;1.7389861531319184;self;0.5;2;2;1, 0;1474388092.029;20_7;;0.9172932330827067;2;1.0;61;10;5;right;4.516752173714849;experiment;faces\\Cindy.bmp, faces\\Benny.bmp;1;instructions;right;3348;1, 1;faces;1, 0;2x2+1=5 ?, 2x4-8=0 ?;cheat;1.0849281928358323, 2.104317772666036;0.8947368421052632;faces\\Cindy.bmp, faces\\Benny.bmp;1-3;4;25;0.41036802532647404;female;65.79513077570714;cheat_first
1;1.0;3.5575885278412898;1.166885433060088;self;0.5;1;1;1;1474388112.607;20_7;;0.917910447761194;1;1.0;62;12;5;right;2.03487463075453;experiment;faces\\Kevin.bmp;1;instructions;right;3348;0;faces;0;1+8/2=6 ?;cheat;2.8447573745634145;0.8955223880597015;faces\\Kevin.bmp;1-3;2;25;0.4110046781020272;female;66.20613545380917;cheat_first
3;1.0;9.449244132324566;0.874643848429514;self;5;3;3;1, 1, 1;1474388126.928;20_7;;0.9197080291970803;3;1.0;63;12;0.5;left;3.2921548802369216;experiment;faces\\Jane.bmp, faces\\Joshua.bmp, faces\\Andrea.bmp;1;instructions;left;3348;1, 1, 1;faces;1, 1, 1;4+9/3=7 ?, 2x3+2=8 ?, 8/4-2=0 ?;cheat;2.022306386433229, 3.020203539450449, 2.5541943162261305;0.8978102189781022;faces\\Jane.bmp, faces\\Joshua.bmp, faces\\Andrea.bmp;1-3;6;25;0.41286163354467476;female;66.61899708735385;cheat_first
1;1.0;3.350764927399723;0.8246745134729281;self;0.5;1;1;1;1474388156.18;20_7;;0.9202898550724637;1;1.0;64;12;5;left;2.4709212925818065;experiment;faces\\Tina.bmp;1;instructions;left;3348;1;faces;1;4/2+3=5 ?;accuracy;1.841536217841167;0.8985507246376812;faces\\Tina.bmp;1-3;2;25;4.134635580760344;female;70.7536326681142;cheat_first
2;1.0;7.159852114154091;1.5723703884323186;self;0.5;2;2;1, 1;1474388170.112;20_7;;0.9214285714285714;2;1.0;65;12;5;right;2.935509979321978;experiment;faces\\Sofia.bmp, faces\\Ethan.bmp;1;instructions;right;3348;0, 0;faces;0, 0;3x3-3=7 ?, 2x3+2=7 ?;cheat;2.024364288689867, 2.5982277621806134;0.9;faces\\Sofia.bmp, faces\\Ethan.bmp;1-3;4;25;0.41464285714285715;female;71.16827552525704;cheat_first
2;1.0;4.430804054085456;0.892040288877979;self;0.5;2;2;1, 1;1474388192.764;20_7;;0.9225352112676056;2;1.0;66;10;5;right;1.7226453829198363;experiment;faces\\Anders.bmp, faces\\Amanda.bmp;1;instructions;right;3348;0, 1;faces;0, 1;2x4-2=7 ?, 9/3+1=4 ?;cheat;2.0121506476461946, 2.818758796514885;0.9014084507042254;faces\\Anders.bmp, faces\\Amanda.bmp;1-3;4;25;0.41579051775441384;female;71.58406604301146;cheat_first
3;1.0;13.755666309113622;0.7265881325392911;other;0.5;3;3;1, 1, 1;1474388211.267;20_7;;0.9241379310344827;3;1.0;67;14;5;right;3.507328290795158;experiment;faces\\Robert.bmp, faces\\David.bmp, faces\\Erica.bmp;1;instructions;right;3348;1, 1, 0;faces;1, 1, 0;2x3-5=1 ?, 2x2+1=5 ?, 8/4+5=8 ?;cheat;2.784693524738941, 1.776054582008328, 2.792024823645079;0.903448275862069;faces\\Robert.bmp, faces\\David.bmp, faces\\Erica.bmp;1-3;6;25;0.41745541022592153;female;71.58406604301146;cheat_first
1;1.0;4.210894460226882;0.7502393218228463;other;5;1;1;1;1474388247.243;20_7;;0.9246575342465754;1;1.0;68;12;0.5;left;4.389974423973399;experiment;faces\\Lucas.bmp;1;instructions;left;3348;0;faces;0;7+8/4=8 ?;cheat;2.308033109046846;0.9041095890410958;faces\\Lucas.bmp;1-3;2;25;0.4179958716457121;female;71.58406604301146;cheat_first
1;1.0;1.8647998915666903;1.623457679231251;other;5;1;1;1;1474388263.016;20_7;;0.9251700680272109;1;1.0;69;12;0.5;right;2.796052508181674;experiment;faces\\Lucas.bmp;0;instructions;left;3348;0;faces;0;3x3-7=3 ?;cheat;3.650819108799624;0.9047619047619048;faces\\Lucas.bmp;1-3;2;25;4.185293164885001;female;71.58406604301146;cheat_first
1;1.0;5.333326727284657;0.8251996943763515;other;5;1;1;1;1474388277.103;20_7;;0.9256756756756757;1;1.0;70;10;0.5;left;3.637399038040712;experiment;faces\\Robert.bmp;1;instructions;left;3348;0;faces;0;2x3-1=3 ?;cheat;2.681395678865556;0.9054054054054054;faces\\Robert.bmp;1-3;2;25;0.41905588020452883;female;71.58406604301146;cheat_first
3;1.0;7.104413324447705;0.775939565975932;other;0.5;3;3;1, 1, 1;1474388293.516;20_7;;0.9271523178807947;3;1.0;71;10;5;right;1.9620418778686144;experiment;faces\\Noah.bmp, faces\\Lulu.bmp, faces\\Kiki.bmp;1;instructions;right;3348;1, 1, 0;faces;1, 1, 0;3+2x2=7 ?, 4+9/3=7 ?, 4/2+1=1 ?;cheat;2.52074057585196, 1.9788168778422914, 2.4907882774241443;0.9072847682119205;faces\\Noah.bmp, faces\\Lulu.bmp, faces\\Kiki.bmp;1-3;6;25;0.4205955879128108;female;71.58406604301146;cheat_first
1;0.5;4.160885488975509;0.7168581300229562;other;5;2;2;0, 1;1474388318.134;20_7;;0.9215686274509803;2;1.0;72;10;0.5;left;2.517484383476585;experiment;faces\\Mike.bmp, faces\\Molly.bmp;1;instructions;left;3348;1, 0;faces;0, 0;6/3-1=1 ?, 3x3-4=7 ?;cheat;2.775350329990033, 3.6792461176783036;0.9084967320261438;faces\\Mike.bmp, faces\\Molly.bmp;1-3;4;25;0.41862104318851723;female;71.58406604301146;cheat_first
1;1.0;3.4469232857209136;0.8579095464374404;self;0.5;1;1;1;1474388338.15;20_7;;0.922077922077922;1;1.0;73;12;5;right;4.504070682837664;experiment;faces\\Liam.bmp;1;instructions;right;3348;1;faces;1;3+2x2=7 ?;cheat;1.5009574642399457;0.9090909090909091;faces\\Liam.bmp;1-3;2;25;0.4191263282172373;female;72.00319237122869;cheat_first
3;1.0;11.36854888340622;1.3488181483262451;self;5;3;3;1, 1, 1;1474388353.268;20_7;;0.9235668789808917;3;1.0;74;12;0.5;left;2.150161394037241;experiment;faces\\Niclas.bmp, faces\\John.bmp, faces\\Justin.bmp;1;instructions;left;3348;0, 1, 0;faces;0, 1, 0;4x2-4=2 ?, 3+2x2=7 ?, 6/2-2=2 ?;cheat;3.750809093557109, 1.9435706568265232, 3.65688806250364;0.910828025477707;faces\\Niclas.bmp, faces\\John.bmp, faces\\Justin.bmp;1-3;6;25;0.420605298389387;female;72.42379766961808;cheat_first
2;1.0;11.84778990498944;1.6315753339094954;self;5;2;2;1, 1;1474388385.189;20_7;;0.9245283018867925;2;1.0;75;12;0.5;right;5.460171363272821;experiment;faces\\Will.bmp, faces\\Adam.bmp;1;instructions;right;3348;1, 0;faces;1, 0;3x3-8=1 ?, 8/2+5=7 ?;accuracy;2.2093776641695513, 2.1840242375938033;0.9119496855345912;faces\\Will.bmp, faces\\Adam.bmp;1-3;4;25;4.21561647086745;female;76.63941414048553;cheat_first
3;1.0;7.776589318089464;0.8001311536681897;self;5;3;3;1, 1, 1;1474388414.785;20_7;;0.9259259259259259;3;1.0;76;14;0.5;left;2.8949033033668456;experiment;faces\\Kristen.bmp, faces\\Bruce.bmp, faces\\Kate.bmp;1;instructions;left;3348;0, 1, 0;faces;0, 1, 0;6+6/3=9 ?, 2x3-5=1 ?, 4+2x2=6 ?;cheat;2.3108784287605886, 1.8576299690021187, 2.3582020410567566;0.9135802469135802;faces\\Kristen.bmp, faces\\Bruce.bmp, faces\\Kate.bmp;1-3;6;25;0.4229538180155464;female;77.06236795850107;cheat_first
2;1.0;4.17268684177634;0.775723689728693;self;5;2;2;1, 1;1474388440.762;20_7;;0.926829268292683;2;1.0;77;10;0.5;left;1.4754589405147271;experiment;faces\\Sonya.bmp, faces\\Will.bmp;1;instructions;left;3348;0, 1;faces;0, 1;4x2-8=2 ?, 2x3-4=2 ?;cheat;2.989362963350686, 2.0448597919166787;0.9146341463414634;faces\\Sonya.bmp, faces\\Will.bmp;1-3;4;25;0.42385484830458064;female;77.48622280680566;cheat_first
3;1.0;12.554463276796014;0.716882194916252;self;0.5;3;3;1, 1, 1;1474388460.42;20_7;;0.9281437125748503;3;1.0;78;10;5;right;2.4503199746050086;experiment;faces\\Jenny.bmp, faces\\Paul.bmp, faces\\James.bmp;1;instructions;right;3348;0, 0, 1;faces;0, 0, 1;3x3-9=1 ?, 6/2+2=7 ?, 3x2-3=3 ?;cheat;1.6850889321667637, 2.51228565877409, 1.9069322109653513;0.9161676646706587;faces\\Jenny.bmp, faces\\Paul.bmp, faces\\James.bmp;1-3;6;25;0.4251676288142278;female;77.91139043561988;cheat_first
1;1.0;5.6299693561895765;0.8432706596222488;other;0.5;1;1;1;1474388491.03;20_7;;0.9285714285714286;1;1.0;79;14;5;right;3.7360527134405856;experiment;faces\\Hanna.bmp;1;instructions;right;3348;1;faces;1;3x2+3=9 ?;cheat;2.1328969566047817;0.9166666666666666;faces\\Hanna.bmp;1-3;2;25;0.4255952380952381;female;77.91139043561988;cheat_first
1;1.0;3.6040532357910706;1.249096062452736;other;0.5;1;1;1;1474388509.315;20_7;;0.9289940828402367;1;1.0;80;14;5;left;3.8002560787745097;experiment;faces\\Emily.bmp;1;instructions;left;3348;1;faces;1;7+4/2=9 ?;accuracy;3.964125260599758;0.9171597633136095;faces\\Emily.bmp;1-3;2;25;4.260179965687476;female;77.91139043561988;cheat_first
3;1.0;8.303050968382195;0.8336737218096459;other;0.5;3;3;1, 1, 1;1474388525.806;20_7;;0.9302325581395349;3;1.0;81;12;5;right;3.3836021818369773;experiment;faces\\Jenny.bmp, faces\\Kurt.bmp, faces\\Kristen.bmp;1;instructions;right;3348;1, 0, 1;faces;1, 0, 1;9/3-3=0 ?, 8/2-4=1 ?, 7+6/3=9 ?;cheat;2.628772481652959, 2.2827741725659507, 2.374719405115684;0.9186046511627907;faces\\Jenny.bmp, faces\\Kurt.bmp, faces\\Kristen.bmp;1-3;6;25;0.4272579772850189;female;77.91139043561988;cheat_first
1;1.0;3.3287717384719144;0.8667636576228688;other;5;1;1;1;1474388555.199;20_7;;0.930635838150289;1;1.0;82;14;0.5;left;4.929517467042388;experiment;faces\\Leah.bmp;1;instructions;left;3348;1;faces;1;4/2+1=3 ?;cheat;1.7952686296785032;0.9190751445086706;faces\\Leah.bmp;1-3;2;25;0.42766213371646233;female;77.91139043561988;cheat_first
3;1.0;13.290474584464391;0.7078826326851413;other;5;3;3;1, 1, 1;1474388570.13;20_7;;0.9318181818181818;3;1.0;83;12;0.5;left;3.3867585756843255;experiment;faces\\Donald.bmp, faces\\Simon.bmp, faces\\Robert.bmp;1;instructions;left;3348;1, 0, 0;faces;1, 0, 0;6/2-3=0 ?, 2x4-4=6 ?, 1+9/3=6 ?;cheat;2.3633664378967296, 2.5480436126645145, 4.1652511437014255;0.9204545454545454;faces\\Donald.bmp, faces\\Simon.bmp, faces\\Robert.bmp;1-3;6;25;0.4288481404958677;female;77.91139043561988;cheat_first
3;1.0;8.67581120808245;1.3767996027881964;other;5;3;3;1, 1, 1;1474388604.532;20_7;;0.9329608938547486;3;1.0;84;14;0.5;left;2.5108895410794503;experiment;faces\\Chris.bmp, faces\\Bruce.bmp, faces\\Peter.bmp;0;instructions;right;3348;1, 0, 1;faces;1, 0, 1;2x4-8=0 ?, 3x3-7=0 ?, 8/2-1=3 ?;accuracy;2.504183929393548, 2.850763334869953, 2.5353628295779345;0.9217877094972067;faces\\Chris.bmp, faces\\Bruce.bmp, faces\\Peter.bmp;1-3;6;25;0.4299959426984176;female;77.91139043561988;cheat_first
3;1.0;10.341953637567713;1.2168119466623466;self;5;3;3;1, 1, 1;1474388632.989;20_7;;0.9340659340659341;3;1.0;85;12;0.5;left;2.7562233406106316;experiment;faces\\Jonah.bmp, faces\\Bobby.bmp, faces\\Joan.bmp;1;instructions;left;3348;1, 1, 1;faces;1, 1, 1;1+8/2=5 ?, 2+9/3=5 ?, 6+6/3=8 ?;cheat;1.3841390412899273, 2.751353030919745, 3.0560648308219243;0.9230769230769231;faces\\Jonah.bmp, faces\\Bobby.bmp, faces\\Joan.bmp;1-3;6;25;0.4311073541842773;female;78.34249778980416;cheat_first
2;1.0;7.610595701656166;0.8667912614710076;self;5;2;2;1, 1;1474388663.272;20_7;;0.9347826086956522;2;1.0;86;10;0.5;left;1.8707056994508093;experiment;faces\\Julia.bmp, faces\\Jane.bmp;1;instructions;left;3348;0, 0;faces;0, 0;4x2-4=3 ?, 6+4/2=9 ?;cheat;2.282189183326409, 3.0380303168103637;0.9239130434782609;faces\\Julia.bmp, faces\\Jane.bmp;1-3;4;25;0.4318289224952741;female;78.77432671229943;cheat_first
3;1.0;10.121690502118327;0.666943648868255;self;5;3;3;1, 1, 1;1474388684.74;20_7;;0.9358288770053476;3;1.0;87;10;0.5;left;2.794817059036177;experiment;faces\\Angie.bmp, faces\\Kurt.bmp, faces\\Micha.bmp;1;instructions;left;3348;1, 0, 1;faces;1, 0, 1;8/4-1=1 ?, 3+2x2=6 ?, 9/3-2=1 ?;cheat;2.6960724324972034, 2.3633912105806303, 2.2040869266402296;0.9251336898395722;faces\\Angie.bmp, faces\\Kurt.bmp, faces\\Micha.bmp;1-3;6;25;0.4328834110211902;female;79.20721012332062;cheat_first
2;1.0;6.645302939845351;0.8419435515470468;self;0.5;2;2;1, 1;1474388714.18;20_7;;0.9365079365079365;2;1.0;88;14;5;left;3.0626787835763025;experiment;faces\\Oliver.bmp, faces\\Matt.bmp;0;instructions;right;3348;1, 1;faces;1, 1;6/3-1=1 ?, 4x2-5=3 ?;cheat;2.08542612378551, 1.84084081320907;0.9259259259259259;faces\\Oliver.bmp, faces\\Matt.bmp;1-3;4;25;4.335684891240446;female;83.54289501456107;cheat_first
2;1.0;5.912692921700909;0.791819918157671;self;5;2;2;1, 1;1474388734.697;20_7;;0.93717277486911;2;1.0;89;10;0.5;left;1.4582511263606648;experiment;faces\\Lulu.bmp, faces\\Micha.bmp;1;instructions;left;3348;1, 1;faces;1, 1;8/2-1=3 ?, 2x4-1=7 ?;cheat;1.9427970412925788, 1.400187493829435;0.9267015706806283;faces\\Lulu.bmp, faces\\Micha.bmp;1-3;4;25;0.43423974123516357;female;83.97713475579623;cheat_first
3;1.0;11.039093772748856;1.209351829798834;self;5;3;3;1, 1, 1;1474388752.062;20_7;;0.9381443298969072;3;1.0;90;12;0.5;left;1.915479140869138;experiment;faces\\Emily.bmp, faces\\Andre.bmp, faces\\Amber.bmp;1;instructions;left;3348;0, 1, 0;faces;0, 1, 0;4x2-1=5 ?, 2x4+1=9 ?, 6/3+7=7 ?;cheat;1.9169524077815367, 1.2308531039998343, 2.116058609339234;0.9278350515463918;faces\\Emily.bmp, faces\\Andre.bmp, faces\\Amber.bmp;1-3;6;25;0.43522159634392604;female;84.41235635214015;cheat_first
1;1.0;6.417471041617318;1.3018891294987043;other;5;1;1;1;1474388780.092;20_7;;0.9384615384615385;1;1.0;91;14;0.5;right;2.4843027887318385;experiment;faces\\Carl.bmp;1;instructions;right;3348;1;faces;1;3x3-7=2 ?;accuracy;3.3213523195909147;0.9282051282051282;faces\\Carl.bmp;1-3;2;25;4.355424063116371;female;84.41235635214015;cheat_first
1;1.0;2.8713190003309137;0.7835847701780949;other;5;1;1;1;1474388797.187;20_7;;0.9387755102040817;1;1.0;92;10;0.5;left;2.1302476949904303;experiment;faces\\Chloe.bmp;1;instructions;left;3348;1;faces;1;2+2x3=8 ?;cheat;2.4980328719357203;0.9285714285714286;faces\\Chloe.bmp;1-3;2;25;0.43586005830903796;female;84.41235635214015;cheat_first
2;1.0;4.397314570266644;0.7667531469269306;other;5;2;2;1, 1;1474388809.338;20_7;;0.9393939393939394;2;1.0;93;14;0.5;left;0.8996327626528;experiment;faces\\Micha.bmp, faces\\David.bmp;0;instructions;right;3348;1, 0;faces;1, 0;4+6/3=6 ?, 2x3-3=4 ?;accuracy;2.4769038957874727, 2.7368829522529268;0.9292929292929293;faces\\Micha.bmp, faces\\David.bmp;1-3;4;25;0.43648607284970925;female;84.41235635214015;cheat_first
2;1.0;5.115242172450962;0.6256727110840075;other;5;2;2;1, 1;1474388827.463;20_7;;0.94;2;1.0;94;10;0.5;left;1.2048977012009345;experiment;faces\\Emily.bmp, faces\\Joshua.bmp;1;instructions;left;3348;0, 1;faces;0, 1;4x2-7=0 ?, 8/4-1=1 ?;cheat;2.9501605446876056, 2.678817550243366;0.93;faces\\Emily.bmp, faces\\Joshua.bmp;1-3;4;25;0.4371;female;84.41235635214015;cheat_first
1;0.5;5.871955658310981;0.8592557648689763;other;0.5;2;2;1, 0;1474388847.537;20_7;;0.9356435643564357;2;1.0;95;12;5;left;2.5541001800265803;experiment;faces\\Mike.bmp, faces\\Liam.bmp;1;instructions;left;3348;1, 1;faces;1, 0;1+4/2=3 ?, 9/3-3=0 ?;accuracy;1.7920736612222754, 2.3353980775691525;0.9306930693069307;faces\\Mike.bmp, faces\\Liam.bmp;1-3;4;25;4.353984903440839;female;84.41235635214015;cheat_first
2;1.0;10.871383763203994;1.778250857400053;other;5;2;2;1, 1;1474388867.549;20_7;;0.9362745098039216;2;1.0;96;12;0.5;left;3.22725752585211;experiment;faces\\Eric.bmp, faces\\Timmy.bmp;1;instructions;left;3348;1, 0;faces;1, 0;6/3+2=4 ?, 2x2+3=5 ?;cheat;2.4000884030920133, 2.111417270029051;0.9313725490196079;faces\\Eric.bmp, faces\\Timmy.bmp;1-3;4;25;0.4360101883890811;female;84.41235635214015;cheat_first
1;1.0;4.512586823834681;1.3902256897681582;self;0.5;1;1;1;1474388896.577;20_7;;0.9365853658536586;1;1.0;97;12;5;left;5.394039267535845;experiment;faces\\Niclas.bmp;0;instructions;right;3348;1;faces;1;9/3+2=5 ?;cheat;1.7247407980985372;0.9317073170731708;faces\\Niclas.bmp;1-3;2;25;4.363117192147532;female;88.77547354428768;cheat_first
1;1.0;2.804595545234406;0.8918325522272426;self;5;1;1;1;1474388917.384;20_7;;0.9368932038834952;1;1.0;98;10;0.5;right;1.4821507502756504;experiment;faces\\Joseph.bmp;1;instructions;right;3348;1;faces;1;2x2+4=8 ?;accuracy;0.9587966562539805;0.9320388349514563;faces\\Joseph.bmp;1-3;2;25;4.366104251107551;female;93.14157779539522;cheat_first
3;1.0;8.960429883925826;0.7668448058584545;self;5;3;3;1, 1, 1;1474388928.069;20_7;;0.937799043062201;3;1.0;99;12;0.5;right;2.0615526881374535;experiment;faces\\Karen.bmp, faces\\Niclas.bmp, faces\\Fiona.bmp;1;instructions;right;3348;0, 0, 1;faces;0, 0, 1;3x3-3=4 ?, 8/4+4=4 ?, 2x3-4=2 ?;accuracy;2.800737376636789, 3.063378081058545, 2.53202807240541;0.9330143540669856;faces\\Karen.bmp, faces\\Niclas.bmp, faces\\Fiona.bmp;1-3;6;25;4.374899842036583;female;97.5164776374318;cheat_first
2;1.0;6.472044556858236;1.2166371222920134;self;0.5;2;2;1, 1;1474388956.316;20_7;;0.9383886255924171;2;1.0;100;12;5;right;0.7788008109873772;experiment;faces\\Lucia.bmp, faces\\Kate.bmp;1;instructions;right;3348;1, 1;faces;1, 1;8/2+5=9 ?, 3+2x2=7 ?;cheat;1.5407745993634308, 1.942062000365695;0.933649289099526;faces\\Lucia.bmp, faces\\Kate.bmp;1-3;4;25;0.43806293659172074;female;97.95454057402353;cheat_first
2;1.0;5.320010347904827;1.257845420574995;self;5;2;2;1, 1;1474388976.531;20_7;;0.9389671361502347;2;1.0;101;10;0.5;left;1.3288216377368371;experiment;faces\\Joshua.bmp, faces\\Linda.bmp;1;instructions;left;3348;0, 1;faces;0, 1;3x3-3=7 ?, 4/2+1=3 ?;cheat;1.6920826147779735, 1.735524701374743;0.9342723004694836;faces\\Joshua.bmp, faces\\Linda.bmp;1-3;4;25;0.43862549317816135;female;98.39316606720169;cheat_first
2;0.6666666666666666;11.833302131547498;1.2578103849209583;self;0.5;3;3;0, 1, 1;1474388993.533;20_7;;0.9351851851851852;3;1.0;102;12;5;right;4.637429473053089;experiment;faces\\Lily.bmp, faces\\Kenny.bmp, faces\\Andre.bmp;1;instructions;right;3348;0, 1, 0;faces;1, 1, 0;1+2x4=7 ?, 4x2-5=3 ?, 2x4-8=1 ?;cheat;1.9000797326525571, 2.319439160588445, 3.5288182403392057;0.9351851851851852;faces\\Lily.bmp, faces\\Kenny.bmp, faces\\Andre.bmp;1-3;6;25;0.4372856652949246;female;98.83045173249661;cheat_first
2;1.0;5.988012144277491;0.8168806731655422;other;0.5;2;2;1, 1;1474389027.52;20_7;;0.9357798165137615;2;1.0;103;14;5;left;1.2181539183484347;experiment;faces\\Tina.bmp, faces\\Victor.bmp;1;instructions;left;3348;0, 0;faces;0, 0;2x3-5=0 ?, 3x3-1=9 ?;accuracy;3.0563939536250473, 2.8287701459430536;0.9357798165137615;faces\\Tina.bmp, faces\\Victor.bmp;1-3;4;25;4.378419324972646;female;98.83045173249661;cheat_first
3;1.0;21.09528494425922;0.7668879811071747;other;5;3;3;1, 1, 1;1474389047.376;20_7;;0.9366515837104072;3;1.0;104;12;0.5;left;1.4581796394722915;experiment;faces\\Carl.bmp, faces\\Maria.bmp, faces\\Olga.bmp;1;instructions;left;3348;0, 0, 0;faces;0, 0, 0;9/3+1=3 ?, 3x3-1=7 ?, 1+2x2=3 ?;cheat;1.9320920567097346, 2.0940668359935444, 1.6815032630929636;0.9366515837104072;faces\\Carl.bmp, faces\\Maria.bmp, faces\\Olga.bmp;1-3;6;25;0.438658094633607;female;98.83045173249661;cheat_first
1;1.0;3.0460464034840697;1.4375319611863233;other;5;1;1;1;1474389084.815;20_7;;0.9369369369369369;1;1.0;105;12;0.5;left;5.27955266194931;experiment;faces\\Ricky.bmp;0;instructions;right;3348;0;faces;0;9/3-3=1 ?;accuracy;2.0153657881446634;0.9369369369369369;faces\\Ricky.bmp;1-3;2;25;0.43892541189838485;female;98.83045173249661;cheat_first
2;1.0;3.765246613839736;1.116610686299282;other;5;2;2;1, 1;1474389101.46;20_7;;0.9375;2;1.0;106;14;0.5;left;1.890169597334534;experiment;faces\\Jake.bmp, faces\\Steve.bmp;1;instructions;left;3348;0, 1;faces;0, 1;3x3-7=0 ?, 9/3-1=2 ?;cheat;1.7101751676491403, 2.184793960278512;0.9375;faces\\Jake.bmp, faces\\Steve.bmp;1-3;4;25;0.439453125;female;98.83045173249661;cheat_first
1;0.5;18.688693711595988;0.7819465879701966;other;5;2;2;0, 1;1474389119.604;20_7;;0.9336283185840708;2;1.0;107;14;0.5;left;2.259399021761965;experiment;faces\\Bobby.bmp, faces\\Lana.bmp;0;instructions;right;3348;1, 1;faces;0, 1;8/2+2=6 ?, 9/3-3=0 ?;accuracy;1.9034187365714388, 2.4501706307082713;0.9380530973451328;faces\\Bobby.bmp, faces\\Lana.bmp;1-3;4;25;0.437896468008458;female;98.83045173249661;cheat_first
1;0.5;6.783946451365409;1.8061105718143153;other;0.5;2;2;1, 0;1474389151.584;20_7;;0.9298245614035088;2;1.0;108;12;5;left;6.36668208471292;experiment;faces\\Wendy.bmp, faces\\Karen.bmp;1;instructions;left;3348;0, 0;faces;0, 1;1+2x2=7 ?, 4/2-2=2 ?;accuracy;1.720208104701669, 1.8580889714485238;0.9385964912280702;faces\\Wendy.bmp, faces\\Karen.bmp;1-3;4;25;4.363650353955063;female;98.83045173249661;cheat_first
3;1.0;7.034649199328669;1.2268533772066803;self;0.5;3;3;1, 1, 1;1474389176.217;20_7;;0.9307359307359307;3;1.0;109;14;5;left;2.582880376601679;experiment;faces\\Chloe.bmp, faces\\Joan.bmp, faces\\Erin.bmp;0;instructions;right;3348;0, 1, 1;faces;0, 1, 1;9/3-1=0 ?, 2x2-1=3 ?, 2+2x3=8 ?;cheat;2.23004551449867, 2.1081458601483973, 2.0868172869450063;0.9393939393939394;faces\\Chloe.bmp, faces\\Joan.bmp, faces\\Erin.bmp;1-3;6;25;4.371638462547553;female;103.20209019504416;cheat_first
2;1.0;11.522388667133782;0.8917692049344623;self;0.5;1;1;1, 1;1474389202.831;20_7;;0.9313304721030042;2;0.5;110;14;5;left;4.147372697600076;experiment;faces\\Damon.bmp, faces\\Julia.bmp;1;instructions;left;3348;0, 0;faces;0, 0;8/2-2=0 ?, 6/3+3=4 ?;accuracy;1.8634395173148732, 3.9392729500341375;0.9356223175965666;faces\\Jacob.bmp, faces\\Julia.bmp;1-3;2;25;4.3568678737865865;female;107.55895806883075;cheat_first
3;1.0;11.729130871613052;1.1002557602687375;self;0.5;3;3;1, 1, 1;1474389234.281;20_7;;0.9322033898305084;3;1.0;111;10;5;right;2.1462409398336604;experiment;faces\\Donald.bmp, faces\\Britt.bmp, faces\\Shane.bmp;1;instructions;right;3348;1, 1, 1;faces;1, 1, 1;3x3-5=4 ?, 9/3+5=8 ?, 3x3-1=8 ?;cheat;2.3073692011130333, 3.1660452851738228, 1.8468106761774834;0.9364406779661016;faces\\Donald.bmp, faces\\Britt.bmp, faces\\Shane.bmp;1-3;6;25;0.43647658718758975;female;107.99543465601833;cheat_first
2;1.0;7.234704194687765;1.1254966480782969;self;5;2;2;1, 1;1474389265.107;20_7;;0.9327731092436975;2;1.0;112;14;0.5;left;2.0627545172101236;experiment;faces\\Erica.bmp, faces\\Cindy.bmp;1;instructions;left;3348;1, 0;faces;1, 0;3x2-5=1 ?, 8/2-3=0 ?;cheat;1.9308997828138672, 2.1327677847521045;0.9369747899159664;faces\\Erica.bmp, faces\\Cindy.bmp;1-3;4;25;0.4369924440364381;female;108.43242710005477;cheat_first
3;1.0;12.184432279090288;1.2735629808330486;self;0.5;3;3;1, 1, 1;1474389285.309;20_7;;0.9336099585062241;3;1.0;113;12;5;left;1.431555020308224;experiment;faces\\Mona.bmp, faces\\Daniel.bmp, faces\\Diana.bmp;0;instructions;right;3348;1, 1, 1;faces;1, 1, 1;2x4-2=6 ?, 7+4/2=9 ?, 4x2-5=3 ?;cheat;1.8915197086162152, 3.046706418566828, 2.636077946189289;0.9377593360995851;faces\\Mona.bmp, faces\\Daniel.bmp, faces\\Diana.bmp;1-3;6;25;4.377507274323789;female;112.80993437437856;cheat_first
3;1.0;6.490653797139203;0.7760216697288342;self;0.5;3;3;1, 1, 1;1474389316.057;20_7;;0.9344262295081968;3;1.0;114;12;5;left;1.78013888982332;experiment;faces\\Ethan.bmp, faces\\Kelly.bmp, faces\\Hanna.bmp;1;instructions;left;3348;1, 0, 1;faces;1, 0, 1;2x2-2=2 ?, 3x3-8=0 ?, 1+8/4=3 ?;accuracy;1.9727957000286551, 1.5489573708109674, 2.3093418145572286;0.9385245901639344;faces\\Ethan.bmp, faces\\Kelly.bmp, faces\\Hanna.bmp;1-3;6;25;4.384909970438055;female;117.19484434481662;cheat_first
3;1.0;11.462219356454625;0.7768621715104018;other;0.5;3;3;1, 1, 1;1474389339.488;20_7;;0.9352226720647774;3;1.0;115;14;5;left;2.5119381334061472;experiment;faces\\Shane.bmp, faces\\Lucia.bmp, faces\\Victor.bmp;1;instructions;left;3348;1, 0, 0;faces;1, 0, 0;4/2+1=3 ?, 3x3-6=4 ?, 9/3+4=6 ?;accuracy;1.4014593942083593, 2.0485480906809244, 2.197396886356728;0.9392712550607287;faces\\Shane.bmp, faces\\Lucia.bmp, faces\\Victor.bmp;1-3;6;25;4.3921388647576585;female;117.19484434481662;cheat_first
1;1.0;2.907387674457823;0.8002270593442518;other;5;1;1;1;1474389368.49;20_7;;0.9354838709677419;1;1.0;116;10;0.5;left;1.6926803442556775;experiment;faces\\Matt.bmp;1;instructions;left;3348;0;faces;0;1+2x2=6 ?;cheat;1.6447699732416368;0.9395161290322581;faces\\Matt.bmp;1-3;2;25;0.43945109261186266;female;117.19484434481662;cheat_first
2;1.0;4.232069442788088;0.7685417347183829;other;5;2;2;1, 1;1474389381.189;20_7;;0.936;2;1.0;117;12;0.5;left;2.6761682886290146;experiment;faces\\Gary.bmp, faces\\Noah.bmp;1;instructions;left;3348;0, 1;faces;0, 1;9/3+1=2 ?, 2x2-2=2 ?;cheat;2.6373767426257473, 2.9147533012255735;0.94;faces\\Gary.bmp, faces\\Noah.bmp;1-3;4;25;0.43992;female;117.19484434481662;cheat_first
1;1.0;3.949538042526001;1.1599653607099754;other;5;1;1;1;1474389400.191;20_7;;0.9362549800796812;1;1.0;118;12;0.5;left;1.0609839780900074;experiment;faces\\Eric.bmp;1;instructions;left;3348;0;faces;0;6/2+5=7 ?;cheat;2.286710905961627;0.9402390438247012;faces\\Eric.bmp;1-3;2;25;0.4401517436231171;female;117.19484434481662;cheat_first
1;1.0;2.6628228898189263;1.2985887001877927;other;0.5;1;1;1;1474389412.36;20_7;;0.9365079365079365;1;1.0;119;12;5;left;1.642251652957384;experiment;faces\\Lucia.bmp;1;instructions;left;3348;0;faces;0;3x3-1=6 ?;accuracy;1.5776809441076693;0.9404761904761905;faces\\Lucia.bmp;1-3;2;25;4.403817082388511;female;117.19484434481662;cheat_first
3;1.0;11.151901144250587;1.0334901916094168;other;0.5;3;3;1, 1, 1;1474389423.015;20_7;;0.9372549019607843;3;1.0;120;12;5;right;1.6390779182311235;experiment;faces\\Joan.bmp, faces\\Nathan.bmp, faces\\Ella.bmp;1;instructions;right;3348;0, 0, 0;faces;0, 0, 0;2x2-2=1 ?, 9/3-1=0 ?, 3+8/2=5 ?;cheat;2.9536432301738387, 2.5302794748049564, 2.692205416512479;0.9411764705882353;faces\\Joan.bmp, faces\\Nathan.bmp, faces\\Ella.bmp;1-3;6;25;0.44106113033448674;female;117.19484434481662;cheat_first
3;1.0;8.585270940615374;1.1586424993793116;self;5;3;3;1, 1, 1;1474389452.485;20_7;;0.937984496124031;3;1.0;121;14;0.5;left;1.3441226630066012;experiment;faces\\Sonya.bmp, faces\\Lisa.bmp, faces\\Diana.bmp;1;instructions;left;3348;1, 0, 1;faces;1, 0, 1;2x4-1=7 ?, 4x2-2=4 ?, 3x2+1=7 ?;cheat;1.9200865062130106, 2.634068527614545, 1.5994373769553931;0.9418604651162791;faces\\Sonya.bmp, faces\\Lisa.bmp, faces\\Diana.bmp;1-3;6;25;0.44172525689561926;female;117.63656960171224;cheat_first
2;0.6666666666666666;8.72798885087741;0.5919868152695926;self;5;3;3;1, 0, 1;1474389477.759;20_7;;0.9348659003831418;3;1.0;122;10;0.5;left;1.3842568884874709;experiment;faces\\Diana.bmp, faces\\George.bmp, faces\\Daniel.bmp;1;instructions;left;3348;0, 0, 1;faces;0, 1, 1;2x2-1=5 ?, 1+3x2=6 ?, 2x2-3=1 ?;cheat;1.988779743588566, 1.5402097821670395, 2.949352601291139;0.9425287356321839;faces\\Diana.bmp, faces\\George.bmp, faces\\Daniel.bmp;1-3;6;25;0.4405689875368829;female;118.07713858924912;cheat_first
3;1.0;8.595245838808296;0.7762389615572829;self;0.5;3;3;1, 1, 1;1474389502.611;20_7;;0.9356060606060606;3;1.0;123;12;5;right;1.2800470539432354;experiment;faces\\Keith.bmp, faces\\Molly.bmp, faces\\Milla.bmp;1;instructions;right;3348;0, 0, 1;faces;0, 0, 1;9/3+4=8 ?, 2x3+1=8 ?, 2x2-4=0 ?;cheat;2.054181045145924, 2.4187517893842596, 2.176833435196386;0.9431818181818182;faces\\Keith.bmp, faces\\Molly.bmp, faces\\Milla.bmp;1-3;6;25;0.4412233126721763;female;118.5183619019213;cheat_first
2;1.0;10.815122520387376;1.3830522282496531;self;5;2;2;1, 1;1474389528.681;20_7;;0.9360902255639098;2;1.0;124;14;0.5;left;1.068775341129367;experiment;faces\\Lily.bmp, faces\\Nicole.bmp;1;instructions;left;3348;1, 1;faces;1, 1;2x4-6=2 ?, 2x2+5=9 ?;cheat;1.924329359204421, 1.990219390429047;0.943609022556391;faces\\Lily.bmp, faces\\Nicole.bmp;1-3;4;25;0.44165159138447624;female;118.96001349330577;cheat_first
1;1.0;1.7427742504223716;0.8747981468613943;self;0.5;1;1;1;1474389551.973;20_7;;0.9363295880149812;1;1.0;125;12;5;right;2.429522952422303;experiment;faces\\Kelly.bmp;1;instructions;right;3348;1;faces;1;8/4+1=3 ?;cheat;1.718089332422096;0.9438202247191011;faces\\Kelly.bmp;1-3;2;25;0.4418634010857215;female;119.40187689439149;cheat_first
1;1.0;1.8242399298160308;1.1000437768716438;self;5;1;1;1;1474389562.301;20_7;;0.9365671641791045;1;1.0;126;10;0.5;right;1.6761760743293053;experiment;faces\\Rachel.bmp;1;instructions;right;3348;0;faces;0;9/3+5=9 ?;accuracy;2.52806762801265;0.9440298507462687;faces\\Rachel.bmp;1-3;2;25;4.42073680106928;female;123.82261369546077;cheat_first
1;1.0;2.36606807604403;0.6589052667786746;other;0.5;1;1;1;1474389573.783;20_7;;0.9368029739776952;1;1.0;127;10;5;right;3.813470536254499;experiment;faces\\Lena.bmp;1;instructions;right;3348;1;faces;1;2x3-1=5 ?;cheat;2.2000426090162364;0.9442379182156134;faces\\Lena.bmp;1-3;2;25;0.4422824449634472;female;123.82261369546077;cheat_first
3;1.0;8.073114807589263;0.9585078775371585;other;0.5;3;3;1, 1, 1;1474389587.309;20_7;;0.9375;3;1.0;128;14;5;left;1.0661657158088929;experiment;faces\\Amber.bmp, faces\\Vicky.bmp, faces\\Cindy.bmp;1;instructions;left;3348;1, 1, 1;faces;1, 1, 1;3x2-3=3 ?, 2x4+1=9 ?, 3x2-1=5 ?;accuracy;3.000068655724135, 1.9274178051191484, 2.2333611613148605;0.9448529411764706;faces\\Amber.bmp, faces\\Vicky.bmp, faces\\Cindy.bmp;1-3;6;25;4.428998161764706;female;123.82261369546077;cheat_first
3;1.0;8.895376461632623;0.9503105963740381;other;0.5;3;3;1, 1, 1;1474389613.815;20_7;;0.9381818181818182;3;1.0;129;12;5;left;2.5668305084800522;experiment;faces\\Bobby.bmp, faces\\Jake.bmp, faces\\Kurt.bmp;0;instructions;right;3348;1, 1, 0;faces;1, 1, 0;4/2+2=4 ?, 4x2-5=3 ?, 3x3-4=6 ?;cheat;2.813613510031246, 1.7483679224887965, 2.6129080547671037;0.9454545454545454;faces\\Bobby.bmp, faces\\Jake.bmp, faces\\Kurt.bmp;1-3;6;25;4.435041322314049;female;123.82261369546077;cheat_first
2;1.0;14.263209768364504;1.1593605533225855;other;0.5;2;2;1, 1;1474389641.18;20_7;;0.9386281588447654;2;1.0;130;12;5;right;1.1934127309650648;experiment;faces\\Greg.bmp, faces\\Olivia.bmp;1;instructions;right;3348;0, 1;faces;0, 1;8/2-1=2 ?, 2x2-4=0 ?;cheat;1.9470023813628359, 2.164099213891859;0.9458483754512635;faces\\Greg.bmp, faces\\Olivia.bmp;1-3;4;25;0.44389995959806594;female;123.82261369546077;cheat_first
1;1.0;5.824052011312233;0.8820604361480946;other;5;1;1;1;1474389667.982;20_7;;0.9388489208633094;1;1.0;131;10;0.5;left;1.2049189349299922;experiment;faces\\Ricky.bmp;1;instructions;left;3348;0;faces;0;3x3-3=8 ?;cheat;1.6029519130352128;0.9460431654676259;faces\\Ricky.bmp;1-3;2;25;0.44409580249469494;female;123.82261369546077;cheat_first
3;1.0;8.032494683604455;0.9107433114641026;other;0.5;3;3;1, 1, 1;1474389681.524;20_7;;0.9395017793594306;3;1.0;132;14;5;right;2.1815094562643935;experiment;faces\\Zach.bmp, faces\\Carl.bmp, faces\\Maria.bmp;1;instructions;right;3348;0, 0, 0;faces;0, 0, 0;8/2+3=5 ?, 8/2-1=1 ?, 3x2+1=8 ?;cheat;2.631509509348689, 2.2213513640726887, 2.3714614432637973;0.9466192170818505;faces\\Zach.bmp, faces\\Carl.bmp, faces\\Maria.bmp;1-3;6;25;0.4446752194121148;female;123.82261369546077;cheat_first
3;1.0;9.256036306846;0.8820795465035189;self;5;3;3;1, 1, 1;1474389708.28;20_7;;0.9401408450704225;3;1.0;133;10;0.5;left;0.9544214463494427;experiment;faces\\Angie.bmp, faces\\James.bmp, faces\\Mark.bmp;1;instructions;left;3348;1, 1, 1;faces;1, 1, 1;4/2+5=7 ?, 3+9/3=6 ?, 3x2-3=3 ?;cheat;2.548784669813358, 1.2461382039737146, 1.8194308440433815;0.9471830985915493;faces\\Angie.bmp, faces\\James.bmp, faces\\Mark.bmp;1-3;6;25;0.44524275937314023;female;124.26785645483392;cheat_first
2;1.0;6.200649185881048;0.7768731422702331;self;0.5;2;2;1, 1;1474389734.912;20_7;;0.9405594405594405;2;1.0;134;14;5;left;1.1188161629734168;experiment;faces\\Chris.bmp, faces\\Angie.bmp;1;instructions;left;3348;1, 0;faces;1, 0;9/3+6=9 ?, 3+4/2=4 ?;accuracy;2.746318867619266, 1.883041434437473;0.9475524475524476;faces\\Chris.bmp, faces\\Angie.bmp;1-3;4;25;4.456146999853294;female;128.72400345468722;cheat_first
1;1.0;3.0847876963280214;0.7592555171413551;self;0.5;1;1;1;1474389753.992;20_7;;0.9407665505226481;1;1.0;135;14;5;right;4.8714191527524235;experiment;faces\\Keith.bmp;1;instructions;right;3348;1;faces;1;5+8/4=7 ?;cheat;2.0870041437619875;0.9477351916376306;faces\\Keith.bmp;1-3;2;25;0.44579878352292734;female;129.16980223821014;cheat_first
3;1.0;10.871846658501454;0.595406153463955;self;0.5;2;1;1, 1, 1;1474389771.325;20_7;;0.9413793103448276;3;0.3333333333333333;136;12;5;left;0.9367517985856466;experiment;faces\\Nicole.bmp, faces\\Regina.bmp, faces\\Erin.bmp;1;instructions;left;3348;0, 1, 0;faces;0, 1, 0;3x3-3=7 ?, 6/3+7=9 ?, 5+9/3=9 ?;accuracy;1.304839202277435, 2.6913627913581877, 3.566701690523587;0.9413793103448276;faces\\Nicole.bmp, faces\\Angie.bmp, faces\\Regina.bmp;1-3;3;25;4.4309750297265165;female;133.60077726793665;cheat_first
;;;1.0753252388003602;self;0.2;;;;1474389805.537;20_7;;;1;;1;10;2;right;;controlDotsCheat;;1;instructions;right;3348;;faces;;;cheat;;;;1-3;;25;0.2;female;;cheat_first
;;;1.1172296495060436;self;2;;;;1474389807.16;20_7;;;1;;2;12;0.2;left;;controlDotsCheat;;1;instructions;left;3348;;faces;;;cheat;;;;1-3;;25;0.2;female;;cheat_first
;;;0.5999685740807763;self;2;;;;1474389808.813;20_7;;;1;;3;12;0.2;right;;controlDotsCheat;;0;instructions;left;3348;;faces;;;cheat;;;;1-3;;25;2;female;;cheat_first
;;;1.5153199586784467;self;0.2;;;;1474389809.936;20_7;;;1;;4;10;2;left;;controlDotsCheat;;0;instructions;right;3348;;faces;;;cheat;;;;1-3;;25;2;female;;cheat_first
;;;0.6601070958522541;self;0.2;;;;1474389811.995;20_7;;;1;;5;14;2;right;;controlDotsCheat;;1;instructions;right;3348;;faces;;;cheat;;;;1-3;;25;0.2;female;;cheat_first
;;;0.9932161774122505;self;2;;;;1474389813.197;20_7;;;1;;6;14;0.2;right;;controlDotsCheat;;0;instructions;left;3348;;faces;;;cheat;;;;1-3;;25;2;female;;cheat_first
;;;0.7500213222037928;other;0.2;;;;1474389814.725;20_7;;;1;;7;14;2;right;;controlDotsCheat;;1;instructions;right;3348;;faces;;;cheat;;;;1-3;;25;0.2;female;;cheat_first
;;;0.6501820969224354;other;0.2;;;;1474389816.004;20_7;;;1;;8;10;2;right;;controlDotsCheat;;1;instructions;right;3348;;faces;;;cheat;;;;1-3;;25;0.2;female;;cheat_first
;;;0.8258660795772812;other;0.2;;;;1474389817.19;20_7;;;1;;9;12;2;right;;controlDotsCheat;;1;instructions;right;3348;;faces;;;cheat;;;;1-3;;25;0.2;female;;cheat_first
;;;0.466798410159754;other;2;;;;1474389818.563;20_7;;;1;;10;10;0.2;left;;controlDotsCheat;;1;instructions;left;3348;;faces;;;cheat;;;;1-3;;25;0.2;female;;cheat_first
;;;0.5667809631122509;other;2;;;;1474389819.561;20_7;;;1;;11;10;0.2;left;;controlDotsCheat;;1;instructions;left;3348;;faces;;;cheat;;;;1-3;;25;0.2;female;;cheat_first
;;;0.5754659122558223;other;2;;;;1474389820.653;20_7;;;1;;12;10;0.2;left;;controlDotsCheat;;1;instructions;left;3348;;faces;;;cheat;;;;1-3;;25;0.2;female;;cheat_first
;;;0.48329949502658565;self;2;;;;1474389821.776;20_7;;;1;;13;14;0.2;right;;controlDotsCheat;;0;instructions;left;3348;;faces;;;cheat;;;;1-3;;25;2;female;;cheat_first
;;;0.8260179007420447;self;0.2;;;;1474389822.79;20_7;;;1;;14;12;2;right;;controlDotsCheat;;1;instructions;right;3348;;faces;;;cheat;;;;1-3;;25;0.2;female;;cheat_first
;;;0.7848212810094992;self;0.2;;;;1474389830.012;20_7;;;1;;1;12;2;left;;controlDotsAccuracy;;1;instructions;left;3348;;faces;;;accuracy;;;;1-3;;25;2;female;;cheat_first
;;;0.6599213007220897;self;0.2;;;;1474389831.323;20_7;;;1;;2;14;2;right;;controlDotsAccuracy;;0;instructions;left;3348;;faces;;;accuracy;;;;1-3;;25;0.2;female;;cheat_first
;;;0.7257589554137667;self;0.2;;;;1474389832.524;20_7;;;1;;3;12;2;right;;controlDotsAccuracy;;0;instructions;left;3348;;faces;;;accuracy;;;;1-3;;25;0.2;female;;cheat_first
;;;0.8001070887739843;self;0.2;;;;1474389833.787;20_7;;;1;;4;10;2;left;;controlDotsAccuracy;;1;instructions;left;3348;;faces;;;accuracy;;;;1-3;;25;2;female;;cheat_first
;;;0.9666853405515212;self;2;;;;1474389835.129;20_7;;;1;;5;14;0.2;left;;controlDotsAccuracy;;0;instructions;right;3348;;faces;;;accuracy;;;;1-3;;25;0.2;female;;cheat_first
;;;0.5765700661750088;self;2;;;;1474389836.626;20_7;;;1;;6;14;0.2;right;;controlDotsAccuracy;;1;instructions;right;3348;;faces;;;accuracy;;;;1-3;;25;2;female;;cheat_first
;;;0.5254997623587769;other;2;;;;1474389837.734;20_7;;;1;;7;10;0.2;right;;controlDotsAccuracy;;1;instructions;right;3348;;faces;;;accuracy;;;;1-3;;25;2;female;;cheat_first
;;;0.9502472490821674;other;0.2;;;;1474389838.81;20_7;;;1;;8;10;2;left;;controlDotsAccuracy;;1;instructions;left;3348;;faces;;;accuracy;;;;1-3;;25;2;female;;cheat_first
;;;0.6500582335029321;other;2;;;;1474389840.292;20_7;;;1;;9;12;0.2;left;;controlDotsAccuracy;;0;instructions;right;3348;;faces;;;accuracy;;;;1-3;;25;0.2;female;;cheat_first
;;;0.7663688164284395;other;2;;;;1474389841.478;20_7;;;1;;10;12;0.2;right;;controlDotsAccuracy;;1;instructions;right;3348;;faces;;;accuracy;;;;1-3;;25;2;female;;cheat_first
;;;0.6425595420305399;other;0.2;;;;1474389842.772;20_7;;;1;;11;12;2;left;;controlDotsAccuracy;;1;instructions;left;3348;;faces;;;accuracy;;;;1-3;;25;2;female;;cheat_first
;;;0.5925296909463214;other;2;;;;1474389843.958;20_7;;;1;;12;12;0.2;right;;controlDotsAccuracy;;1;instructions;right;3348;;faces;;;accuracy;;;;1-3;;25;2;female;;cheat_first
;;;0.5167801314573808;self;0.2;;;;1474389845.081;20_7;;;1;;13;10;2;left;;controlDotsAccuracy;;1;instructions;left;3348;;faces;;;accuracy;;;;1-3;;25;2;female;;cheat_first
;;;0.6591710422890174;self;2;;;;1474389846.142;20_7;;;1;;14;12;0.2;right;;controlDotsAccuracy;;1;instructions;right;3348;;faces;;;accuracy;;;;1-3;;25;2;female;;cheat_first
;;5.14;;self;5;;;;;20_7;;;2;;1;14;0.5;;;qStress;faces\\Bruce.bmp, faces\\Noah.bmp;;instructions;right;3348;0, 1;faces;;8/2-4=2 ?, 4x2-6=2 ?;accuracy;;;4;1-3;;25;;female;;cheat_first
;;4.814;;self;0.5;;;;;20_7;;;2;;1;14;5;;;qSatisfied;faces\\Thomas.bmp, faces\\Noah.bmp;;instructions;right;3348;1, 1;faces;;3x3-7=2 ?, 2x3+3=9 ?;cheat;;;5;1-3;;25;;female;;cheat_first
;;4.062;;self;0.5;;;;;20_7;;;2;;1;12;5;;;qFrustration;faces\\Maria.bmp, faces\\Anders.bmp;;instructions;left;3348;1, 1;faces;;8/4-1=1 ?, 4/2+7=9 ?;accuracy;;;3;1-3;;25;;female;;cheat_first
;;3.1;;self;0.5;;;;;20_7;;;2;;1;14;5;;;qDifficulty;faces\\Nicole.bmp, faces\\Haley.bmp;;instructions;left;3348;0, 1;faces;;4/2-1=3 ?, 3x3-1=8 ?;accuracy;;;3;1-3;;25;;female;;cheat_first
;;5.016;;self;0.5;;;;;20_7;;;2;;1;14;5;;;qEffort;faces\\Timmy.bmp, faces\\Nathan.bmp;;instructions;left;3348;1, 1;faces;;8/4+6=8 ?, 1+4/2=3 ?;accuracy;;;4;1-3;;25;;female;;cheat_first
;;13.940378519534534;;self;0.5;;;;;20_7;;;1;;1;14;5;;;qFriends;;;instructions;left;3348;;faces;;;accuracy;;;100;1-3;;25;;female;;cheat_first
;;13.540384606537373;;self;0.5;;;;;20_7;;;1;;1;10;5;;;qAbout;;;instructions;left;3348;;faces;;;accuracy;;;atention and memory;1-3;;25;;female;;cheat_first
;;6.43959729524704;;self;0.5;;;;;20_7;;;1;;1;10;5;;;qFeedback;;;instructions;left;3348;;faces;;;accuracy;;;no;1-3;;25;;female;;cheat_first
