equationScore;equationProportion;recallRT;dotsRT;dotsReceiver;dotsMoneyRight;recallIntersection;recallLocation;equationScores;utc_start;id;recallRTs;equationRateCumulative;span;recallProportion;no;dotsN;dotsMoneyLeft;dotsAns;pauseRT;condition;encode;dotsCorrect;start_at;dotsSide;timeLimit;equationCorrect;stimType;equationAnss;equationText;dotsIncentive;equationRTs;recallLocationRateCumulative;recallAns;level;recallSum;age;moneyEarned;gender;moneyEarnedCumulative;order
;;;2.766449343908789;self;5;;;;1474473298.423;21_2;;;1;;1;12;0.5;left;;practiceDots;;1;instructions;left;3348;;faces;;;cheat;;;;1-3;;23;0.5;female;;accuracy_first
;;;2.0518729357258962;self;5;;;;1474473301.746;21_2;;;1;;2;14;0.5;left;;practiceDots;;0;instructions;right;3348;;faces;;;accuracy;;;;1-3;;23;0.5;female;;accuracy_first
;;;1.6357163104603387;self;0.5;;;;1474473304.321;21_2;;;1;;3;10;5;right;;practiceDots;;1;instructions;right;3348;;faces;;;cheat;;;;1-3;;23;0.5;female;;accuracy_first
;;;2.7177334450207127;self;0.5;;;;1474473306.489;21_2;;;1;;4;12;5;left;;practiceDots;;1;instructions;left;3348;;faces;;;accuracy;;;;1-3;;23;5;female;;accuracy_first
;;;1.851628469741172;self;0.5;;;;1474473309.735;21_2;;;1;;5;10;5;right;;practiceDots;;1;instructions;right;3348;;faces;;;cheat;;;;1-3;;23;0.5;female;;accuracy_first
;;;1.5644871044901265;self;0.5;;;;1474473312.122;21_2;;;1;;6;14;5;left;;practiceDots;;1;instructions;left;3348;;faces;;;accuracy;;;;1-3;;23;5;female;;accuracy_first
2;1.0;16.988261173754836;;self;0.5;1;0;1, 1;1474473442.689;21_2;;1.0;2;0.0;1;14;5;;8.448695231816146;practiceCS;faces\\Brian.bmp, faces\\Joshua.bmp;;instructions;left;3348;0, 1;faces;0, 1;4x2-4=5 ?, 9/3-1=2 ?;accuracy;4.980140854590445, 4.370207424504315;0.0;faces\\Joshua.bmp, faces\\Lucas.bmp;1-3;1;23;;female;;accuracy_first
1;1.0;6.635023751208337;;self;0.5;1;1;1;1474473482.236;21_2;;1.0;1;1.0;2;14;5;;7.580631839110993;practiceCS;faces\\Ricky.bmp;;instructions;right;3348;0;faces;0;9/3-2=2 ?;cheat;4.590363765243183;0.3333333333333333;faces\\Ricky.bmp;1-3;2;23;;female;;accuracy_first
3;1.0;28.42942849529163;;self;0.5;2;1;1, 1, 1;1474473503.672;21_2;;1.0;3;0.3333333333333333;3;10;5;;5.723685491042943;practiceCS;faces\\Lena.bmp, faces\\Damon.bmp, faces\\Greg.bmp;;instructions;left;3348;1, 1, 1;faces;1, 1, 1;5+9/3=8 ?, 5+8/2=9 ?, 3x3-3=6 ?;accuracy;9.429297202761518, 9.097685181744964, 6.6115068171261555;0.3333333333333333;faces\\Lena.bmp, faces\\Greg.bmp, faces\\Nana.bmp;1-3;3;23;;female;;accuracy_first
1;1.0;4.981109446656774;;self;5;1;1;1;1474473569.694;21_2;;1.0;1;1.0;4;14;0.5;;5.745555783223608;practiceCS;faces\\Kurt.bmp;;instructions;right;3348;1;faces;1;2+2x2=6 ?;accuracy;9.316102515756029;0.42857142857142855;faces\\Kurt.bmp;1-3;2;23;;female;;accuracy_first
3;1.0;10.78095451439276;;self;5;3;1;1, 1, 1;1474473592.315;21_2;;1.0;3;0.3333333333333333;5;10;0.5;;15.011662740276734;practiceCS;faces\\Cindy.bmp, faces\\Olga.bmp, faces\\Shane.bmp;;instructions;left;3348;0, 1, 0;faces;0, 1, 0;4/2+4=4 ?, 5+9/3=8 ?, 1+4/2=2 ?;cheat;9.59691565180401, 6.067160199182581, 6.150447084686675;0.4;faces\\Shane.bmp, faces\\Olga.bmp, faces\\Cindy.bmp;1-3;4;23;;female;;accuracy_first
2;1.0;20.895922889171743;;self;0.5;2;2;1, 1;1474473646.543;21_2;;1.0;2;1.0;6;14;5;;6.738609311294567;practiceCS;faces\\Thomas.bmp, faces\\Donald.bmp;;instructions;right;3348;0, 1;faces;0, 1;2x3-3=1 ?, 4/2+6=8 ?;cheat;7.810754026097584, 4.887714451839656;0.5;faces\\Thomas.bmp, faces\\Donald.bmp;1-3;4;23;;female;;accuracy_first
2;1.0;12.67417723642302;2.0931794768898726;self;0.5;2;2;1, 1;1474473755.98;21_2;;1.0;2;1.0;1;10;5;left;10.380647834858792;practiceExp;faces\\Benny.bmp, faces\\David.bmp;1;instructions;left;3348;0, 0;faces;0, 0;2+4/2=5 ?, 3+9/3=5 ?;accuracy;4.5142537329015795, 3.5162181664272794;0.5714285714285714;faces\\Benny.bmp, faces\\David.bmp;1-3;4;23;5;female;;accuracy_first
1;1.0;4.153991983016567;1.9752154383031666;self;0.5;1;1;1;1474473800.082;21_2;;1.0;1;1.0;2;12;5;right;4.642845742600912;practiceExp;faces\\Olivia.bmp;1;instructions;right;3348;0;faces;0;9/3-3=2 ?;cheat;5.175453534299322;0.6;faces\\Olivia.bmp;1-3;2;23;0.5;female;;accuracy_first
3;1.0;9.580753576659845;2.6745059985819353;self;0.5;3;3;1, 1, 1;1474473821.236;21_2;;1.0;3;1.0;3;14;5;left;6.9775503927980935;practiceExp;faces\\Scott.bmp, faces\\Haley.bmp, faces\\Anna.bmp;0;instructions;right;3348;0, 0, 1;faces;0, 0, 1;6/3+4=4 ?, 9/3-3=2 ?, 5+6/2=8 ?;cheat;7.044032188257461, 5.447456623036032, 11.003951162009344;0.6666666666666666;faces\\Scott.bmp, faces\\Haley.bmp, faces\\Anna.bmp;1-3;6;23;5;female;;accuracy_first
2;1.0;9.207963829792789;2.252589134711343;self;0.5;2;2;1, 1;1474473888.831;21_2;;1.0;2;1.0;1;14;5;right;9.364729942588838;experiment;faces\\George.bmp, faces\\Andre.bmp;1;instructions;right;3348;1, 0;faces;1, 0;9/3-1=2 ?, 2x4-4=6 ?;cheat;3.3290502241707145, 5.857174252083951;0.7;faces\\George.bmp, faces\\Andre.bmp;1-3;4;23;0.35;female;0.35;accuracy_first
3;1.0;16.530681931988966;1.9577287595402595;self;5;3;1;1, 1, 1;1474473925.71;21_2;;1.0;3;0.3333333333333333;2;12;0.5;left;13.401154241828408;experiment;faces\\Jenny.bmp, faces\\Hanna.bmp, faces\\Olivia.bmp;1;instructions;left;3348;0, 1, 1;faces;0, 1, 1;3x3-9=1 ?, 7+4/2=9 ?, 5+9/3=8 ?;cheat;5.168138664730122, 6.264151370732634, 3.7490012389625917;0.6521739130434783;faces\\Jenny.bmp, faces\\Olivia.bmp, faces\\Hanna.bmp;1-3;4;23;0.32608695652173914;female;0.6760869565217391;accuracy_first
3;1.0;9.020545688561924;1.9183254292397578;self;5;3;3;1, 1, 1;1474473981.979;21_2;;1.0;3;1.0;3;12;0.5;left;6.330483471473599;experiment;faces\\Anna.bmp, faces\\Kristen.bmp, faces\\Haley.bmp;0;instructions;right;3348;1, 0, 1;faces;1, 0, 1;2x4-8=0 ?, 2x2-3=3 ?, 3x2-2=4 ?;accuracy;4.5422838034915, 4.079537085893207, 3.250886578470727;0.6923076923076923;faces\\Anna.bmp, faces\\Kristen.bmp, faces\\Haley.bmp;1-3;6;23;0.34615384615384615;female;1.0222408026755851;accuracy_first
3;1.0;15.565726774935229;2.027590895305366;self;0.5;3;3;1, 1, 1;1474474020.73;21_2;;1.0;3;1.0;4;12;5;right;7.867887156370216;experiment;faces\\Erin.bmp, faces\\Jeff.bmp, faces\\Diana.bmp;1;instructions;right;3348;0, 0, 0;faces;0, 0, 0;3x2+3=8 ?, 1+4/2=1 ?, 4x2-2=7 ?;cheat;6.019842158774736, 6.69745423429049, 7.7720397161674555;0.7241379310344828;faces\\Erin.bmp, faces\\Jeff.bmp, faces\\Diana.bmp;1-3;6;23;0.3620689655172414;female;1.3843097681928265;accuracy_first
2;1.0;10.148577847092838;2.01074475422638;self;5;2;2;1, 1;1474474077.811;21_2;;1.0;2;1.0;5;10;0.5;left;6.573345988375877;experiment;faces\\Alex.bmp, faces\\Lucia.bmp;1;instructions;left;3348;1, 0;faces;1, 0;6/2+4=7 ?, 4x2-1=8 ?;cheat;7.617485758653402, 3.638265721218886;0.7419354838709677;faces\\Alex.bmp, faces\\Lucia.bmp;1-3;4;23;0.3709677419354839;female;1.7552775101283102;accuracy_first
2;1.0;5.848342263702307;4.32599581491786;self;5;2;2;1, 1;1474474114.299;21_2;;1.0;2;1.0;6;10;0.5;left;9.722861993147944;experiment;faces\\Olga.bmp, faces\\Leslie.bmp;1;instructions;left;3348;0, 0;faces;0, 0;1+2x2=4 ?, 2x2-2=4 ?;cheat;4.045638133013199, 3.449072476661968;0.7575757575757576;faces\\Olga.bmp, faces\\Leslie.bmp;1-3;4;23;0.3787878787878788;female;2.134065388916189;accuracy_first
1;1.0;5.1223653464157906;3.043318041823113;other;5;1;1;1;1474474152.098;21_2;;1.0;1;1.0;7;14;0.5;left;7.512706887478998;experiment;faces\\Oliver.bmp;1;instructions;left;3348;1;faces;1;3+9/3=6 ?;cheat;7.462708497669837;0.7647058823529411;faces\\Oliver.bmp;1-3;2;23;0.38235294117647056;female;2.134065388916189;accuracy_first
1;1.0;2.313095173637066;2.0524522507466827;other;0.5;1;1;1;1474474186.715;21_2;;1.0;1;1.0;8;10;5;right;6.4255304165153575;experiment;faces\\Bruce.bmp;1;instructions;right;3348;0;faces;0;2x4-6=4 ?;cheat;6.9322764107664625;0.7714285714285715;faces\\Bruce.bmp;1-3;2;23;0.38571428571428573;female;2.134065388916189;accuracy_first
3;1.0;8.353977048933302;1.8736435022055957;other;5;3;3;1, 1, 1;1474474211.254;21_2;;1.0;3;1.0;9;14;0.5;left;5.185803703157035;experiment;faces\\Tanya.bmp, faces\\Lana.bmp, faces\\Niclas.bmp;1;instructions;left;3348;1, 1, 1;faces;1, 1, 1;9/3-3=0 ?, 1+4x2=9 ?, 4/2+7=9 ?;cheat;3.4724029116505335, 5.428194133170109, 7.537493926393836;0.7894736842105263;faces\\Tanya.bmp, faces\\Lana.bmp, faces\\Niclas.bmp;1-3;6;23;0.39473684210526316;female;2.134065388916189;accuracy_first
2;1.0;8.095308468438816;1.889953856514694;other;0.5;2;2;1, 1;1474474252.813;21_2;;1.0;2;1.0;10;14;5;left;8.673367540169238;experiment;faces\\David.bmp, faces\\Andre.bmp;1;instructions;left;3348;0, 0;faces;0, 0;4x2-8=2 ?, 7+8/4=8 ?;accuracy;4.396990746884512, 6.419553598318089;0.8;faces\\David.bmp, faces\\Andre.bmp;1-3;4;23;4.0;female;2.134065388916189;accuracy_first
3;1.0;25.489197738937037;1.9351588303434255;other;0.5;2;1;1, 1, 1;1474474288.896;21_2;;1.0;3;0.3333333333333333;11;10;5;right;9.465324085525936;experiment;faces\\Nathan.bmp, faces\\Alex.bmp, faces\\Jake.bmp;1;instructions;right;3348;0, 0, 0;faces;0, 0, 0;6/3+1=4 ?, 4/2+6=7 ?, 2x4-2=8 ?;cheat;5.331015365472922, 3.0764855077468383, 4.400421693206226;0.7674418604651163;faces\\Nathan.bmp, faces\\Jake.bmp, faces\\Donald.bmp;1-3;3;23;0.38372093023255816;female;2.134065388916189;accuracy_first
2;1.0;5.729973023100683;1.8351036591684533;other;5;2;2;1, 1;1474474349.237;21_2;;1.0;2;1.0;12;10;0.5;left;3.7709762820577453;experiment;faces\\Donna.bmp, faces\\Nina.bmp;1;instructions;left;3348;0, 1;faces;0, 1;6/2-2=3 ?, 2x2+4=8 ?;cheat;7.684089645548738, 2.8796022721035115;0.7777777777777778;faces\\Donna.bmp, faces\\Nina.bmp;1-3;4;23;0.3888888888888889;female;2.134065388916189;accuracy_first
1;0.5;8.393826986171462;1.9710799005288209;self;5;2;2;1, 0;1474474377.769;21_2;;0.9787234042553191;2;1.0;13;10;0.5;left;10.136474162090053;experiment;faces\\Susan.bmp, faces\\Mary.bmp;1;instructions;left;3348;1, 1;faces;1, 0;9/3+3=6 ?, 6/3-2=0 ?;cheat;2.5316894517600304, 4.196883235642417;0.7872340425531915;faces\\Susan.bmp, faces\\Mary.bmp;1-3;4;23;0.3852421910366682;female;2.5193075799528573;accuracy_first
2;1.0;9.282144463542409;1.8631585019338672;self;5;2;2;1, 1;1474474411.98;21_2;;0.9795918367346939;2;1.0;14;12;0.5;right;5.994800674227918;experiment;faces\\Mary.bmp, faces\\Rachel.bmp;1;instructions;right;3348;0, 1;faces;0, 1;2+9/3=3 ?, 4x2-7=1 ?;accuracy;3.0296299992460263, 3.8669635081078013;0.7959183673469388;faces\\Mary.bmp, faces\\Rachel.bmp;1-3;4;23;3.898375676801333;female;6.41768325675419;accuracy_first
1;1.0;4.501576041201133;2.012325219030572;self;5;1;1;1;1474474445.333;21_2;;0.98;1;1.0;15;12;0.5;right;4.908973932947447;experiment;faces\\Scott.bmp;1;instructions;right;3348;0;faces;0;8/2-3=3 ?;accuracy;7.140860252725361;0.8;faces\\Scott.bmp;1-3;2;23;3.92;female;10.33768325675419;accuracy_first
3;1.0;28.02906837863611;2.019664860775265;self;0.5;1;0;1, 1, 1;1474474471.011;21_2;;0.9811320754716981;3;0.0;16;14;5;right;21.346084633784812;experiment;faces\\Victor.bmp, faces\\Robert.bmp, faces\\Jacob.bmp;1;instructions;right;3348;0, 0, 0;faces;0, 0, 0;3x3-7=1 ?, 6/2-3=2 ?, 4x2-3=7 ?;cheat;5.104954399733288, 5.859433120611357, 8.24797797116571;0.7547169811320755;faces\\Joseph.bmp, faces\\Victor.bmp, faces\\Lucas.bmp;1-3;1;23;0.37023851904592386;female;10.707921775800113;accuracy_first
2;1.0;6.360485407242322;2.0278747136599122;self;0.5;2;2;1, 1;1474474551.913;21_2;;0.9818181818181818;2;1.0;17;14;5;right;4.120279883118201;experiment;faces\\Sofia.bmp, faces\\Donna.bmp;1;instructions;right;3348;1, 0;faces;1, 0;8/2+3=7 ?, 2x2+3=8 ?;cheat;4.673050102433081, 4.205021603106616;0.7636363636363637;faces\\Sofia.bmp, faces\\Donna.bmp;1-3;4;23;0.3748760330578513;female;11.082797808857965;accuracy_first
3;1.0;11.617154519276482;2.632562812505057;self;5;3;3;1, 1, 1;1474474579.557;21_2;;0.9827586206896551;3;1.0;18;14;0.5;right;7.339893005434533;experiment;faces\\James.bmp, faces\\Will.bmp, faces\\Maria.bmp;0;instructions;left;3348;1, 1, 1;faces;1, 1, 1;2x2-2=2 ?, 6+4/2=8 ?, 3+4/2=5 ?;cheat;4.28297680864307, 7.7509023264965435, 8.90350989878425;0.7758620689655172;faces\\James.bmp, faces\\Will.bmp, faces\\Maria.bmp;1-3;6;23;3.8124256837098693;female;14.895223492567833;accuracy_first
2;1.0;7.492259579842539;1.909734792627205;other;5;2;2;1, 1;1474474630.444;21_2;;0.9833333333333333;2;1.0;19;10;0.5;left;4.219513325838307;experiment;faces\\Robert.bmp, faces\\Joseph.bmp;1;instructions;left;3348;1, 1;faces;1, 1;6/3+2=4 ?, 2x4-1=7 ?;cheat;3.959775649022049, 7.008269659994767;0.7833333333333333;faces\\Robert.bmp, faces\\Joseph.bmp;1-3;4;23;0.38513888888888886;female;14.895223492567833;accuracy_first
3;1.0;15.1598353853542;1.8732669651362812;other;0.5;3;3;1, 1, 1;1474474661.551;21_2;;0.9841269841269841;3;1.0;20;12;5;right;6.709786177197202;experiment;faces\\Benny.bmp, faces\\Julia.bmp, faces\\Lily.bmp;1;instructions;right;3348;0, 1, 0;faces;0, 1, 0;4x2-3=4 ?, 8/4+3=5 ?, 5+2x2=8 ?;cheat;6.225534380064346, 6.207745480758604, 6.302328478341224;0.7936507936507936;faces\\Benny.bmp, faces\\Julia.bmp, faces\\Lily.bmp;1-3;6;23;0.39052658100277143;female;14.895223492567833;accuracy_first
2;1.0;10.922689932694084;2.1282643092044964;other;5;2;2;1, 1;1474474712.407;21_2;;0.9846153846153847;2;1.0;21;14;0.5;left;5.665518299383621;experiment;faces\\Britt.bmp, faces\\Kelly.bmp;1;instructions;left;3348;0, 0;faces;0, 0;1+2x2=7 ?, 4/2+5=5 ?;cheat;4.990103161955631, 5.069470027613534;0.8;faces\\Britt.bmp, faces\\Kelly.bmp;1-3;4;23;0.3938461538461539;female;14.895223492567833;accuracy_first
2;1.0;14.503176677633746;2.49261240640044;other;0.5;2;2;1, 1;1474474747.866;21_2;;0.9850746268656716;2;1.0;22;14;5;right;6.646585633341601;experiment;faces\\Nathan.bmp, faces\\Justin.bmp;1;instructions;right;3348;0, 0;faces;0, 0;9/3-1=4 ?, 8/4-1=3 ?;cheat;5.2569918580938975, 6.00541165870618;0.8059701492537313;faces\\Nathan.bmp, faces\\Justin.bmp;1-3;4;23;0.3969703720204945;female;14.895223492567833;accuracy_first
1;1.0;3.5951791222933025;3.352675094160986;other;0.5;1;1;1;1474474788.692;21_2;;0.9852941176470589;1;1.0;23;12;5;right;2.9681546604779214;experiment;faces\\Victor.bmp;1;instructions;right;3348;1;faces;1;2x3-2=4 ?;cheat;4.668923765752879;0.8088235294117647;faces\\Victor.bmp;1-3;2;23;0.39846453287197237;female;14.895223492567833;accuracy_first
2;1.0;4.038435799898252;1.604543358562296;other;0.5;2;2;1, 1;1474474808.629;21_2;;0.9857142857142858;2;1.0;24;10;5;right;3.257248427055856;experiment;faces\\Susan.bmp, faces\\Julia.bmp;1;instructions;right;3348;1, 0;faces;1, 0;3+4/2=5 ?, 2x2-4=1 ?;cheat;2.924498655401294, 4.422207406101734;0.8142857142857143;faces\\Susan.bmp, faces\\Julia.bmp;1-3;4;23;0.40132653061224494;female;14.895223492567833;accuracy_first
1;1.0;3.432501660620801;1.8717470152187161;self;5;1;1;1;1474474836.865;21_2;;0.9859154929577465;1;1.0;25;14;0.5;left;5.74048137999398;experiment;faces\\David.bmp;1;instructions;left;3348;1;faces;1;4/2+2=4 ?;cheat;4.302275041219218;0.8169014084507042;faces\\David.bmp;1-3;2;23;0.40269787740527674;female;15.29792136997311;accuracy_first
2;1.0;5.680857230519905;1.8980954089729494;self;0.5;2;2;1, 1;1474474862.107;21_2;;0.9863013698630136;2;1.0;26;12;5;right;4.464947194569504;experiment;faces\\Kelly.bmp, faces\\Bobby.bmp;1;instructions;right;3348;1, 0;faces;1, 0;4/2-1=1 ?, 2x2+3=8 ?;cheat;3.4057990247547423, 3.796392534231927;0.821917808219178;faces\\Kelly.bmp, faces\\Bobby.bmp;1-3;4;23;0.4053293300806905;female;15.7032507000538;accuracy_first
2;0.6666666666666666;6.154436466624247;1.845848059506352;self;0.5;3;3;1, 0, 1;1474474888.456;21_2;;0.9736842105263158;3;1.0;27;10;5;right;6.471551102697958;experiment;faces\\Nina.bmp, faces\\Erica.bmp, faces\\Nicole.bmp;1;instructions;right;3348;1, 1, 1;faces;1, 0, 1;6+4/2=8 ?, 3x3-7=2 ?, 4x2-7=1 ?;cheat;4.449792639195948, 5.358389327298028, 4.390976062646587;0.8289473684210527;faces\\Nina.bmp, faces\\Erica.bmp, faces\\Nicole.bmp;1-3;6;23;0.4035664819944599;female;16.10681718204826;accuracy_first
1;1.0;6.146228737068668;2.9126172122032585;self;0.5;1;1;1;1474474927.894;21_2;;0.974025974025974;1;1.0;28;12;5;right;7.88199632593296;experiment;faces\\Eddie.bmp;1;instructions;right;3348;1;faces;1;2x2+4=8 ?;cheat;5.476249676635234;0.8311688311688312;faces\\Eddie.bmp;1-3;2;23;0.4047900151796256;female;16.511607197227885;accuracy_first
3;1.0;11.431214215264845;2.2156329414729043;self;0.5;3;3;1, 1, 1;1474474954.493;21_2;;0.975;3;1.0;29;10;5;right;4.90841054289649;experiment;faces\\Susan.bmp, faces\\John.bmp, faces\\Anders.bmp;1;instructions;right;3348;0, 1, 1;faces;0, 1, 1;7+4/2=7 ?, 3x3-6=3 ?, 3x3-5=4 ?;cheat;4.712199340989173, 4.40230331688781, 11.760543303355007;0.8375;faces\\Susan.bmp, faces\\John.bmp, faces\\Anders.bmp;1-3;6;23;0.40828125;female;16.919888447227887;accuracy_first
3;1.0;6.96736513585256;2.03254709986777;self;0.5;3;3;1, 1, 1;1474475003.868;21_2;;0.9759036144578314;3;1.0;30;12;5;right;3.2295039442615234;experiment;faces\\Eddie.bmp, faces\\Erica.bmp, faces\\Maria.bmp;1;instructions;right;3348;0, 0, 1;faces;0, 0, 1;8/4-2=1 ?, 3x2-6=2 ?, 4+6/3=6 ?;cheat;5.018233382913422, 3.528423417349586, 7.818152767175889;0.8433734939759037;faces\\Eddie.bmp, faces\\Erica.bmp, faces\\Maria.bmp;1-3;6;23;0.4115256205545072;female;17.331414067782394;accuracy_first
1;1.0;3.083833642808713;1.9537089432151333;other;5;1;1;1;1474475041.138;21_2;;0.9761904761904762;1;1.0;31;14;0.5;right;3.5577133300139394;experiment;faces\\Tanya.bmp;0;instructions;left;3348;1;faces;1;2x2+5=9 ?;cheat;3.271864364553039;0.8452380952380952;faces\\Tanya.bmp;1-3;2;23;4.125566893424036;female;17.331414067782394;accuracy_first
3;1.0;12.1198576944671;1.4065121095236464;other;5;3;3;1, 1, 1;1474475059.281;21_2;;0.9770114942528736;3;1.0;32;12;0.5;right;4.91286776506513;experiment;faces\\Eric.bmp, faces\\Matt.bmp, faces\\Lisa.bmp;1;instructions;right;3348;0, 1, 1;faces;0, 1, 1;8/4-2=2 ?, 6/2+2=5 ?, 2x2+1=5 ?;accuracy;8.851506378304293, 4.773626904847333, 2.5416142469739498;0.8505747126436781;faces\\Eric.bmp, faces\\Matt.bmp, faces\\Lisa.bmp;1-3;6;23;4.1551063548685425;female;17.331414067782394;accuracy_first
2;1.0;7.14072046687761;2.0270639557411414;other;5;2;2;1, 1;1474475102.354;21_2;;0.9775280898876404;2;1.0;33;14;0.5;left;4.619297312467097;experiment;faces\\Oliver.bmp, faces\\Kate.bmp;1;instructions;left;3348;1, 1;faces;1, 1;2x2-1=3 ?, 6/3-2=0 ?;cheat;4.478412995342296, 2.906486806517023;0.8539325842696629;faces\\Oliver.bmp, faces\\Kate.bmp;1-3;4;23;0.41737154399697;female;17.331414067782394;accuracy_first
3;1.0;27.70203390178358;2.0591032260090287;other;0.5;2;2;1, 1, 1;1474475130.981;21_2;;0.9782608695652174;3;0.6666666666666666;34;12;5;right;4.015502073608332;experiment;faces\\Jacob.bmp, faces\\Rachel.bmp, faces\\Noah.bmp;1;instructions;right;3348;0, 0, 1;faces;0, 0, 1;5+4/2=9 ?, 1+4/2=1 ?, 4+6/3=6 ?;cheat;5.546145431781042, 5.474829877083721, 5.031102528142583;0.8478260869565217;faces\\Jacob.bmp, faces\\Rachel.bmp, faces\\Tony.bmp;1-3;4;23;0.4146975425330813;female;17.331414067782394;accuracy_first
1;1.0;3.433019399090881;3.0819721907555504;other;0.5;1;1;1;1474475189.248;21_2;;0.978494623655914;1;1.0;35;10;5;left;5.7787476674338905;experiment;faces\\Nicole.bmp;0;instructions;right;3348;1;faces;1;8/4+3=5 ?;cheat;6.120288022547356;0.8494623655913979;faces\\Nicole.bmp;1-3;2;23;4.155971788646086;female;17.331414067782394;accuracy_first
2;1.0;23.051726779889577;2.130347649173018;other;5;1;1;1, 1;1474475212.336;21_2;;0.9789473684210527;2;0.5;36;14;0.5;left;7.206445649315356;experiment;faces\\Mark.bmp, faces\\Joseph.bmp;1;instructions;left;3348;0, 1;faces;0, 1;4/2+5=8 ?, 8/2+3=7 ?;cheat;4.763088467455418, 5.538952299761149;0.8421052631578947;faces\\Mark.bmp, faces\\Adam.bmp;1-3;2;23;0.4121883656509695;female;17.331414067782394;accuracy_first
1;1.0;3.932946321172494;2.019798630522928;self;0.5;1;1;1;1474475261.867;21_2;;0.9791666666666666;1;1.0;37;12;5;right;8.994765285405265;experiment;faces\\Nana.bmp;1;instructions;right;3348;0;faces;0;1+8/4=4 ?;cheat;5.36371109839456;0.84375;faces\\Nana.bmp;1-3;2;23;0.4130859375;female;17.744500005282394;accuracy_first
2;1.0;7.200697796797613;2.4099522569404144;self;0.5;2;2;1, 1;1474475285.954;21_2;;0.9795918367346939;2;1.0;38;10;5;right;4.533321584244732;experiment;faces\\Ricky.bmp, faces\\Mark.bmp;1;instructions;right;3348;0, 0;faces;0, 0;3x2-4=0 ?, 2x2-1=2 ?;cheat;5.746188535366855, 5.019568249290387;0.8469387755102041;faces\\Ricky.bmp, faces\\Mark.bmp;1-3;4;23;0.4148271553519367;female;18.15932716063433;accuracy_first
1;1.0;4.394928994097427;1.952989134570089;self;0.5;1;1;1;1474475318.449;21_2;;0.9797979797979798;1;1.0;39;10;5;right;2.5986741223832723;experiment;faces\\Simon.bmp;1;instructions;right;3348;0;faces;0;8/4-2=1 ?;cheat;3.0458745303458272;0.8484848484848485;faces\\Simon.bmp;1-3;2;23;0.41567187021732477;female;18.574999030851654;accuracy_first
1;1.0;4.081144800090442;1.765929835996758;self;0.5;1;1;1;1474475336.67;21_2;;0.98;1;1.0;40;10;5;right;2.467113344381687;experiment;faces\\Andrea.bmp;1;instructions;right;3348;1;faces;1;8/4+5=7 ?;cheat;2.8325471706466487;0.85;faces\\Andrea.bmp;1-3;2;23;0.4165;female;18.991499030851653;accuracy_first
2;1.0;4.747091658111458;2.1222751049190265;self;0.5;2;2;1, 1;1474475352.66;21_2;;0.9803921568627451;2;1.0;41;12;5;right;14.347249279925563;experiment;faces\\Andre.bmp, faces\\Victor.bmp;1;instructions;right;3348;1, 0;faces;1, 0;1+4/2=3 ?, 2+6/3=5 ?;cheat;3.3291340956793647, 3.5384632262357627;0.8529411764705882;faces\\Andre.bmp, faces\\Victor.bmp;1-3;4;23;0.4181084198385236;female;19.409607450690178;accuracy_first
2;1.0;3.392094349431318;2.055033157557773;self;5;2;2;1, 1;1474475386.731;21_2;;0.9807692307692307;2;1.0;42;14;0.5;left;2.876824249553465;experiment;faces\\Kate.bmp, faces\\Tanya.bmp;1;instructions;left;3348;1, 0;faces;1, 0;3x3-3=6 ?, 6/3+5=5 ?;cheat;7.967979839695545, 3.8082088619976275;0.8557692307692307;faces\\Kate.bmp, faces\\Tanya.bmp;1-3;4;23;0.41965606508875736;female;19.829263515778937;accuracy_first
3;1.0;21.70853872121097;1.8109320318735627;other;0.5;2;2;1, 1, 1;1474475413.984;21_2;;0.9813084112149533;3;0.6666666666666666;43;10;5;right;7.108577507359769;experiment;faces\\Joan.bmp, faces\\Adam.bmp, faces\\Jacob.bmp;1;instructions;right;3348;0, 0, 0;faces;0, 0, 0;3x3-4=3 ?, 2x3-4=3 ?, 2x2+3=8 ?;cheat;9.753968414060182, 6.24272343883149, 3.4643770806414977;0.8504672897196262;faces\\Kate.bmp, faces\\Adam.bmp, faces\\Jacob.bmp;1-3;4;23;0.41728535243252685;female;19.829263515778937;accuracy_first
2;1.0;13.80704103086282;1.2240590200626684;other;0.5;2;2;1, 1;1474475472.032;21_2;;0.981651376146789;2;1.0;44;10;5;right;2.717070966266874;experiment;faces\\John.bmp, faces\\Joseph.bmp;1;instructions;right;3348;1, 1;faces;1, 1;2x3-1=5 ?, 2+9/3=5 ?;cheat;3.422900319242217, 4.708955601537127;0.8532110091743119;faces\\John.bmp, faces\\Joseph.bmp;1-3;4;23;0.41877788064977695;female;19.829263515778937;accuracy_first
3;1.0;22.33874499203921;1.8019184988343113;other;5;2;0;1, 1, 1;1474475508.864;21_2;;0.9821428571428571;3;0.0;45;14;0.5;right;8.19274592842794;experiment;faces\\Nathan.bmp, faces\\Mary.bmp, faces\\Thomas.bmp;0;instructions;left;3348;1, 1, 1;faces;1, 1, 1;2+2x2=6 ?, 9/3-1=2 ?, 2x2+1=5 ?;cheat;4.085706773172205, 9.248657436553913, 3.6699758754402865;0.8303571428571429;faces\\Mary.bmp, faces\\Thomas.bmp, faces\\Adam.bmp;1-3;2;23;4.0776466836734695;female;19.829263515778937;accuracy_first
1;1.0;18.087903711261788;2.1112582106488844;other;0.5;0;0;1;1474475565.992;21_2;;0.9823008849557522;1;0.0;46;12;5;right;9.905206438925234;experiment;faces\\Amanda.bmp;1;instructions;right;3348;0;faces;0;5+9/3=7 ?;cheat;5.00165832021321;0.8230088495575221;faces\\Casper.bmp;1-3;0;23;0.4042211606233847;female;19.829263515778937;accuracy_first
1;1.0;5.593057562396098;2.748517473762149;other;5;1;1;1;1474475605.694;21_2;;0.9824561403508771;1;1.0;47;10;0.5;left;3.4043013697955757;experiment;faces\\Ethan.bmp;1;instructions;left;3348;1;faces;1;3x3-6=3 ?;cheat;6.248075644315577;0.8245614035087719;faces\\Ethan.bmp;1-3;2;23;0.4050477069867651;female;19.829263515778937;accuracy_first
2;1.0;17.60595749590084;2.2266802701306005;other;0.5;1;1;1, 1;1474475627.721;21_2;;0.9827586206896551;2;0.5;48;10;5;right;6.6908892538649525;experiment;faces\\Kurt.bmp, faces\\Lily.bmp;1;instructions;right;3348;0, 1;faces;0, 1;8/4-2=1 ?, 3x3-1=8 ?;cheat;3.6163455307987533, 4.670325163116104;0.8189655172413793;faces\\Ethan.bmp, faces\\Lily.bmp;1-3;2;23;0.402422711058264;female;19.829263515778937;accuracy_first
1;1.0;8.046022809511669;2.013228341775175;self;5;1;1;1;1474475668.641;21_2;;0.9829059829059829;1;1.0;49;14;0.5;right;7.3514810752967605;experiment;faces\\Greg.bmp;0;instructions;left;3348;1;faces;1;8/2-4=0 ?;cheat;3.973652667909846;0.8205128205128205;faces\\Greg.bmp;1-3;2;23;4.032434801665571;female;23.861698317444507;accuracy_first
2;1.0;8.192502099441299;2.137694368682787;self;5;2;2;1, 1;1474475693.991;21_2;;0.9831932773109243;2;1.0;50;14;0.5;left;3.071636177426626;experiment;faces\\Ella.bmp, faces\\Gary.bmp;1;instructions;left;3348;0, 1;faces;0, 1;3x2-1=6 ?, 9/3-2=1 ?;cheat;3.5370161772925712, 5.778233467845894;0.8235294117647058;faces\\Ella.bmp, faces\\Gary.bmp;1-3;4;23;0.40484429065743943;female;24.266542608101947;accuracy_first
2;1.0;8.947516253201684;2.435794944423833;self;5;2;2;1, 1;1474475723.147;21_2;;0.9834710743801653;2;1.0;51;10;0.5;left;3.5390000746701844;experiment;faces\\Lucia.bmp, faces\\George.bmp;1;instructions;left;3348;0, 1;faces;0, 1;7+6/3=7 ?, 9/3-3=0 ?;cheat;8.096800461186831, 4.331530626724998;0.8264462809917356;faces\\Lucia.bmp, faces\\George.bmp;1-3;4;23;0.4063930059422171;female;24.672935614044164;accuracy_first
2;1.0;21.903483357167715;1.785219575256633;self;5;1;1;1, 1;1474475758.138;21_2;;0.983739837398374;2;0.5;52;12;0.5;right;4.873056401643225;experiment;faces\\David.bmp, faces\\Joan.bmp;0;instructions;left;3348;0, 0;faces;0, 0;4x2-1=8 ?, 4+2x2=6 ?;cheat;4.14229880835228, 3.7436982239414647;0.8211382113821138;faces\\David.bmp, faces\\Kurt.bmp;1-3;2;23;4.038931852733162;female;28.711867466777328;accuracy_first
2;1.0;6.67419457694632;2.428491045389819;self;0.5;2;2;1, 1;1474475800.508;21_2;;0.984;2;1.0;53;14;5;left;3.2030249657518652;experiment;faces\\Eddie.bmp, faces\\Kelly.bmp;1;instructions;left;3348;0, 0;faces;0, 0;2+4/2=3 ?, 4x2-2=4 ?;accuracy;6.718734948692145, 5.264825527798166;0.824;faces\\Eddie.bmp, faces\\Kelly.bmp;1-3;4;23;4.05408;female;32.76594746677733;accuracy_first
3;1.0;24.233305411552465;1.7083348815949648;self;5;2;2;1, 1, 1;1474475831.552;21_2;;0.984375;3;0.6666666666666666;54;12;0.5;left;7.076563009267375;experiment;faces\\Olivia.bmp, faces\\Joshua.bmp, faces\\Linda.bmp;1;instructions;left;3348;0, 0, 0;faces;0, 0, 0;4x2-2=4 ?, 4x2-4=3 ?, 3+8/2=8 ?;cheat;7.439547575139841, 3.4370091349164795, 6.90613044107522;0.8203125;faces\\Olivia.bmp, faces\\Victor.bmp, faces\\Linda.bmp;1-3;4;23;0.40374755859375;female;33.16969502537108;accuracy_first
2;1.0;11.650064000685234;2.1018019634429947;other;0.5;2;2;1, 1;1474475890.396;21_2;;0.9846153846153847;2;1.0;55;14;5;right;3.445642945893269;experiment;faces\\Lucas.bmp, faces\\Kate.bmp;1;instructions;right;3348;0, 1;faces;0, 1;3x3-1=6 ?, 2x2+4=8 ?;cheat;7.424721428037628, 2.9909401076038193;0.823076923076923;faces\\Lucas.bmp, faces\\Kate.bmp;1-3;4;23;0.405207100591716;female;33.16969502537108;accuracy_first
2;1.0;16.90236931704112;1.6217387873166444;other;5;2;2;1, 1;1474475923.983;21_2;;0.9848484848484849;2;1.0;56;12;0.5;left;4.0644359676425665;experiment;faces\\Chris.bmp, faces\\Ella.bmp;1;instructions;left;3348;0, 1;faces;0, 1;4+2x2=6 ?, 2+4/2=4 ?;cheat;4.3961676028784495, 2.690937382663833;0.8257575757575758;faces\\Chris.bmp, faces\\Ella.bmp;1-3;4;23;0.40662304866850324;female;33.16969502537108;accuracy_first
3;1.0;22.591824615828045;1.99231779445563;other;0.5;3;3;1, 1, 1;1474475964.137;21_2;;0.9851851851851852;3;1.0;57;12;5;right;5.7329025098106285;experiment;faces\\Erin.bmp, faces\\Julian.bmp, faces\\Joseph.bmp;1;instructions;right;3348;0, 0, 1;faces;0, 0, 1;4x2-8=2 ?, 4/2-1=0 ?, 9/3+2=5 ?;cheat;6.911995076707171, 3.425575714209117, 4.311672896868913;0.8296296296296296;faces\\Erin.bmp, faces\\Julian.bmp, faces\\Joseph.bmp;1-3;6;23;0.4086694101508916;female;33.16969502537108;accuracy_first
3;1.0;6.666091952192801;1.5989703268269295;other;0.5;3;3;1, 1, 1;1474476018.846;21_2;;0.9855072463768116;3;1.0;58;10;5;left;6.501612137800294;experiment;faces\\Zach.bmp, faces\\Casper.bmp, faces\\Jenny.bmp;1;instructions;left;3348;1, 0, 0;faces;1, 0, 0;2x2-3=1 ?, 2x2-4=1 ?, 8/4-2=1 ?;accuracy;6.471506158894044, 3.2197189348953543, 8.001390426828038;0.8333333333333334;faces\\Zach.bmp, faces\\Casper.bmp, faces\\Jenny.bmp;1-3;6;23;4.1062801932367154;female;33.16969502537108;accuracy_first
2;1.0;3.455635333756618;1.5463772285675077;other;0.5;2;2;1, 1;1474476059.64;21_2;;0.9857142857142858;2;1.0;59;12;5;right;5.138913159722506;experiment;faces\\Lena.bmp, faces\\Donna.bmp;1;instructions;right;3348;0, 1;faces;0, 1;6/2+3=8 ?, 5+2x2=9 ?;cheat;4.660113010664645, 3.5052115349162705;0.8357142857142857;faces\\Lena.bmp, faces\\Donna.bmp;1-3;4;23;0.41188775510204084;female;33.16969502537108;accuracy_first
3;1.0;11.274462965774546;1.3841729154473796;other;0.5;3;3;1, 1, 1;1474476083.929;21_2;;0.986013986013986;3;1.0;60;14;5;right;4.923245537203911;experiment;faces\\Molly.bmp, faces\\Fiona.bmp, faces\\Carl.bmp;1;instructions;right;3348;0, 0, 1;faces;0, 0, 1;2x4-7=2 ?, 3x3-4=6 ?, 4x2-2=6 ?;cheat;5.426390364897998, 4.376504865432253, 7.160129112578943;0.8391608391608392;faces\\Molly.bmp, faces\\Fiona.bmp, faces\\Carl.bmp;1-3;6;23;0.41371216196391025;female;33.16969502537108;accuracy_first
2;1.0;3.652142740106683;2.3704140952268062;self;5;2;2;1, 1;1474476127.469;21_2;;0.9862068965517241;2;1.0;61;14;0.5;right;3.7511249221888647;experiment;faces\\Nana.bmp, faces\\Lena.bmp;0;instructions;left;3348;0, 1;faces;0, 1;1+4/2=2 ?, 4x2-5=3 ?;cheat;8.375505131201862, 5.65562641577344;0.8413793103448276;faces\\Nana.bmp, faces\\Lena.bmp;1-3;4;23;4.148870392390012;female;37.318565417761086;accuracy_first
1;1.0;8.476112721892605;1.2080498246314164;self;0.5;0;0;1;1474476157.249;21_2;;0.9863013698630136;1;0.0;62;12;5;right;3.9802353427458;experiment;faces\\Chris.bmp;1;instructions;right;3348;1;faces;1;2x3-6=0 ?;cheat;4.305081020939724;0.8356164383561644;faces\\Greg.bmp;1-3;0;23;0.41208481891536874;female;37.73065023667645;accuracy_first
1;1.0;1.9583197528727396;2.0257113949528502;self;0.5;1;1;1;1474476182.49;21_2;;0.9863945578231292;1;1.0;63;12;5;left;1.7819836213457165;experiment;faces\\Eddie.bmp;1;instructions;left;3348;0;faces;0;8/2-3=2 ?;accuracy;5.49486171994613;0.8367346938775511;faces\\Eddie.bmp;1-3;2;23;4.126752741913092;female;41.85740297858955;accuracy_first
2;1.0;8.951961089282122;1.1929285347505356;self;5;2;2;1, 1;1474476197.716;21_2;;0.9865771812080537;2;1.0;64;12;0.5;left;3.8404908995871665;experiment;faces\\Victor.bmp, faces\\Brian.bmp;1;instructions;left;3348;1, 0;faces;1, 0;9/3+5=8 ?, 9/3+3=5 ?;cheat;6.665500958860321, 2.750252941606959;0.8389261744966443;faces\\Victor.bmp, faces\\Brian.bmp;1-3;4;23;0.41383271023827756;female;42.27123568882782;accuracy_first
2;1.0;3.7482318859656516;1.1488121210959434;self;5;2;2;1, 1;1474476227.699;21_2;;0.9867549668874173;2;1.0;65;14;0.5;right;4.204287285043392;experiment;faces\\Justin.bmp, faces\\Linda.bmp;0;instructions;left;3348;0, 1;faces;0, 1;3x3-4=4 ?, 5+6/2=8 ?;cheat;6.682866253961947, 5.902242978945651;0.8410596026490066;faces\\Justin.bmp, faces\\Linda.bmp;1-3;4;23;4.149598701811324;female;46.42083439063914;accuracy_first
3;1.0;32.88661846001287;2.9636765589038987;self;0.5;2;2;1, 1, 1;1474476257.371;21_2;;0.987012987012987;3;0.6666666666666666;66;14;5;left;3.1294717758210027;experiment;faces\\Diana.bmp, faces\\Tony.bmp, faces\\Scott.bmp;0;instructions;right;3348;1, 0, 1;faces;1, 0, 1;3x3-3=6 ?, 6+9/3=8 ?, 8/4+3=5 ?;cheat;3.5831366599531975, 7.6222625418877215, 5.74814624501596;0.8376623376623377;faces\\Eric.bmp, faces\\Tony.bmp, faces\\Scott.bmp;1-3;4;23;4.133918030021927;female;50.55475242066107;accuracy_first
1;1.0;2.701503423338181;2.2323247872873253;other;5;1;1;1;1474476321.94;21_2;;0.9870967741935484;1;1.0;67;12;0.5;left;2.143882104261138;experiment;faces\\Emma.bmp;1;instructions;left;3348;1;faces;1;4/2+1=3 ?;cheat;5.5028072183285985;0.8387096774193549;faces\\Emma.bmp;1-3;2;23;0.41394380853277835;female;50.55475242066107;accuracy_first
3;1.0;7.381187514398334;2.206113702161929;other;5;3;3;1, 1, 1;1474476338.413;21_2;;0.9873417721518988;3;1.0;68;14;0.5;left;3.1856041102000745;experiment;faces\\Gary.bmp, faces\\Tony.bmp, faces\\Jeff.bmp;1;instructions;left;3348;0, 1, 1;faces;0, 1, 1;6+9/3=7 ?, 3x3-4=5 ?, 3x2-3=3 ?;cheat;5.540787210195958, 5.358153991629479, 7.1588519299830295;0.8417721518987342;faces\\Gary.bmp, faces\\Tony.bmp, faces\\Jeff.bmp;1-3;6;23;0.4155584041019068;female;50.55475242066107;accuracy_first
1;1.0;3.974239060695254;1.9196634806103248;other;0.5;1;1;1;1474476377.367;21_2;;0.9874213836477987;1;1.0;69;10;5;left;2.261069004311139;experiment;faces\\Timmy.bmp;1;instructions;left;3348;1;faces;1;9/3-1=2 ?;accuracy;4.410923326223383;0.8427672955974843;faces\\Timmy.bmp;1-3;2;23;4.160832245559907;female;50.55475242066107;accuracy_first
1;1.0;2.055144278459011;1.7290338037564652;other;5;1;1;1;1474476393.809;21_2;;0.9875;1;1.0;70;14;0.5;right;4.160187858024983;experiment;faces\\Joshua.bmp;1;instructions;right;3348;1;faces;1;2+2x2=6 ?;accuracy;6.937433623840661;0.84375;faces\\Joshua.bmp;1-3;2;23;4.166015625;female;50.55475242066107;accuracy_first
2;1.0;7.949406724088476;1.5125720560654372;other;5;2;2;1, 1;1474476412.576;21_2;;0.9876543209876543;2;1.0;71;12;0.5;left;2.267128986241005;experiment;faces\\Emily.bmp, faces\\Nicole.bmp;1;instructions;left;3348;1, 0;faces;1, 0;2x2-4=0 ?, 2x4-8=2 ?;cheat;3.8164162376660897, 4.318386864234526;0.845679012345679;faces\\Emily.bmp, faces\\Nicole.bmp;1-3;4;23;0.41761926535589083;female;50.55475242066107;accuracy_first
1;1.0;3.7411091777021284;1.2486379727015446;other;0.5;1;1;1;1474476440.22;21_2;;0.9877300613496932;1;1.0;72;12;5;left;4.067282290619914;experiment;faces\\Tanya.bmp;1;instructions;left;3348;1;faces;1;2x3+2=8 ?;accuracy;3.32382895732826;0.8466257668711656;faces\\Tanya.bmp;1-3;2;23;4.181188603259438;female;50.55475242066107;accuracy_first
3;1.0;9.961222344078124;3.4150160435228827;self;5;3;3;1, 1, 1;1474476456.834;21_2;;0.9879518072289156;3;1.0;73;14;0.5;right;3.7022536663707797;experiment;faces\\Rachel.bmp, faces\\Fiona.bmp, faces\\Donald.bmp;0;instructions;left;3348;1, 0, 0;faces;1, 0, 0;3x2-5=1 ?, 6+4/2=6 ?, 4+4/2=4 ?;cheat;9.299203999220481, 5.3902583773306105, 3.2856978551899374;0.8493975903614458;faces\\Rachel.bmp, faces\\Fiona.bmp, faces\\Donald.bmp;1-3;6;23;4.195819422267383;female;54.75057184292845;accuracy_first
3;1.0;12.805800652640755;1.5964966481478768;self;5;3;3;1, 1, 1;1474476501.762;21_2;;0.9881656804733728;3;1.0;74;12;0.5;right;3.842298206742271;experiment;faces\\Julian.bmp, faces\\Casper.bmp, faces\\Polly.bmp;0;instructions;left;3348;1, 0, 0;faces;1, 0, 0;3x3-9=0 ?, 7+4/2=7 ?, 4/2+2=3 ?;cheat;3.744907813887039, 5.1455156522988545, 3.9223487844465126;0.8520710059171598;faces\\Julian.bmp, faces\\Casper.bmp, faces\\Polly.bmp;1-3;6;23;4.209936626868807;female;58.96050846979726;accuracy_first
2;1.0;2.7984925069486053;1.3584002978323042;self;0.5;2;2;1, 1;1474476541.823;21_2;;0.9883040935672515;2;1.0;75;10;5;right;4.258282488443001;experiment;faces\\Micha.bmp, faces\\Carl.bmp;1;instructions;right;3348;1, 1;faces;1, 1;1+8/2=5 ?, 4x2-4=4 ?;cheat;3.543033338747591, 7.504244712290529;0.8538011695906432;faces\\Micha.bmp, faces\\Carl.bmp;1-3;4;23;0.4219075954994699;female;59.38241606529673;accuracy_first
1;1.0;2.7891516273020898;1.6183103182129344;self;0.5;1;1;1;1474476567.236;21_2;;0.9883720930232558;1;1.0;76;12;5;left;2.6665452830065988;experiment;faces\\Alex.bmp;1;instructions;left;3348;0;faces;0;1+4/2=4 ?;accuracy;2.8970599320318797;0.8546511627906976;faces\\Alex.bmp;1-3;2;23;4.223566792861005;female;63.60598285815774;accuracy_first
3;1.0;6.179590133738202;1.3519467921978503;self;5;3;3;1, 1, 1;1474476582.461;21_2;;0.9885714285714285;3;1.0;77;10;0.5;left;2.9455383719232486;experiment;faces\\Linda.bmp, faces\\Niclas.bmp, faces\\Emma.bmp;1;instructions;left;3348;0, 0, 0;faces;0, 0, 0;4/2-2=1 ?, 6/2-1=0 ?, 4x2-6=3 ?;cheat;6.434828121799001, 5.408113453733677, 3.7509741658059284;0.8571428571428571;faces\\Linda.bmp, faces\\Niclas.bmp, faces\\Emma.bmp;1-3;6;23;0.4236734693877551;female;64.0296563275455;accuracy_first
3;1.0;7.840208142897609;1.017031932396094;self;5;3;3;1, 1, 1;1474476616.782;21_2;;0.9887640449438202;3;1.0;78;10;0.5;right;3.4343701904381305;experiment;faces\\Jason.bmp, faces\\Megan.bmp, faces\\Lisa.bmp;1;instructions;right;3348;1, 1, 1;faces;1, 1, 1;9/3+4=7 ?, 8/4+4=6 ?, 6+9/3=9 ?;accuracy;4.818384917849471, 4.328396592622084, 5.242385829466912;0.8595505617977528;faces\\Jason.bmp, faces\\Megan.bmp, faces\\Lisa.bmp;1-3;6;23;4.249463451584396;female;68.27911977912989;accuracy_first
3;1.0;9.286702897743453;2.0903734971698213;other;5;3;3;1, 1, 1;1474476651.195;21_2;;0.988950276243094;3;1.0;79;14;0.5;right;4.566840461172433;experiment;faces\\Micha.bmp, faces\\Hanna.bmp, faces\\Julian.bmp;0;instructions;left;3348;0, 1, 0;faces;0, 1, 0;3x2-4=3 ?, 2+3x2=8 ?, 2x4-2=7 ?;cheat;9.349387826458042, 3.5664419830336556, 8.630090195490993;0.861878453038674;faces\\Micha.bmp, faces\\Hanna.bmp, faces\\Julian.bmp;1-3;6;23;4.261774671102836;female;68.27911977912989;accuracy_first
2;1.0;10.159145303318837;1.2756028397407135;other;0.5;2;2;1, 1;1474476698.011;21_2;;0.9890710382513661;2;1.0;80;10;5;right;2.9903600848056158;experiment;faces\\Fiona.bmp, faces\\Olga.bmp;1;instructions;right;3348;0, 1;faces;0, 1;2x2-4=2 ?, 3x3-4=5 ?;cheat;3.910266332737592, 3.9609650673392025;0.8633879781420765;faces\\Fiona.bmp, faces\\Olga.bmp;1-3;4;23;0.42697602197736567;female;68.27911977912989;accuracy_first
1;1.0;2.8213579328112246;1.9990579495506609;other;0.5;1;1;1;1474476731.505;21_2;;0.9891304347826086;1;1.0;81;14;5;left;2.827077828160327;experiment;faces\\Peter.bmp;0;instructions;right;3348;1;faces;1;4x2-2=6 ?;cheat;6.835477011243711;0.8641304347826086;faces\\Peter.bmp;1-3;2;23;4.273688563327031;female;68.27911977912989;accuracy_first
3;1.0;18.8429433449719;1.3319966975150237;other;0.5;3;3;1, 1, 1;1474476750.615;21_2;;0.9893048128342246;3;1.0;82;10;5;left;3.1969235789001686;experiment;faces\\Cindy.bmp, faces\\Greg.bmp, faces\\Micha.bmp;1;instructions;left;3348;0, 0, 1;faces;0, 0, 1;3x3-6=1 ?, 2x4-8=2 ?, 9/3-3=0 ?;accuracy;6.198095302806905, 6.308749426259055, 3.7835304667687524;0.8663101604278075;faces\\Cindy.bmp, faces\\Greg.bmp, faces\\Micha.bmp;1-3;6;23;4.285224055592096;female;68.27911977912989;accuracy_first
1;1.0;5.827712703631732;1.4750691055232892;other;0.5;1;1;1;1474476798.491;21_2;;0.9893617021276596;1;1.0;83;12;5;left;2.3576015721127987;experiment;faces\\Tanya.bmp;1;instructions;left;3348;0;faces;0;3x3-7=3 ?;accuracy;4.764184813169777;0.8670212765957447;faces\\Tanya.bmp;1-3;2;23;4.288988229968312;female;68.27911977912989;accuracy_first
1;1.0;2.6371346944579273;1.4437468127935063;other;5;1;1;1;1474476817.43;21_2;;0.9894179894179894;1;1.0;84;10;0.5;right;1.927052312818887;experiment;faces\\Karen.bmp;1;instructions;right;3348;0;faces;0;6/2-1=4 ?;accuracy;7.2902024983795854;0.8677248677248677;faces\\Karen.bmp;1-3;2;23;4.292712969961647;female;68.27911977912989;accuracy_first
2;0.6666666666666666;7.458179790080067;1.8902960664263446;self;0.5;3;3;1, 0, 1;1474476834.98;21_2;;0.984375;3;1.0;85;12;5;right;4.692838470197785;experiment;faces\\Andrea.bmp, faces\\Noah.bmp, faces\\Molly.bmp;1;instructions;right;3348;1, 1, 0;faces;1, 0, 0;3+4/2=5 ?, 3x3-5=4 ?, 9/3+3=5 ?;cheat;4.353765069888141, 4.442410884752462, 5.47156348878525;0.8697916666666666;faces\\Andrea.bmp, faces\\Noah.bmp, faces\\Molly.bmp;1-3;6;23;0.4281005859375;female;68.70722036506739;accuracy_first
2;1.0;11.652414172373938;1.5770954340987373;self;5;1;1;1, 1;1474476872.015;21_2;;0.9845360824742269;2;0.5;86;12;0.5;right;4.520350873095595;experiment;faces\\Donna.bmp, faces\\Julian.bmp;1;instructions;right;3348;0, 1;faces;0, 1;4+8/4=8 ?, 3x2+3=9 ?;accuracy;3.9709684257395566, 5.3787998305579094;0.865979381443299;faces\\Donna.bmp, faces\\Jacob.bmp;1-3;2;23;4.262939738548199;female;72.97016010361558;accuracy_first
3;1.0;8.743788111550202;1.9451982853406662;self;5;3;3;1, 1, 1;1474476908.987;21_2;;0.9847715736040609;3;1.0;87;14;0.5;left;12.64851113916302;experiment;faces\\Alex.bmp, faces\\Jake.bmp, faces\\Kurt.bmp;1;instructions;left;3348;0, 1, 1;faces;0, 1, 1;3x3-8=3 ?, 6/3-2=0 ?, 3+6/2=6 ?;cheat;10.118555031918731, 4.281012729005852, 5.8442396375330645;0.868020304568528;faces\\Alex.bmp, faces\\Jake.bmp, faces\\Kurt.bmp;1-3;6;23;0.42740086062511273;female;73.3975609642407;accuracy_first
1;1.0;5.058382001811879;1.883942357269916;self;0.5;0;0;1;1474476960.702;21_2;;0.9848484848484849;1;0.0;88;12;5;left;3.4611167084431145;experiment;faces\\Diana.bmp;0;instructions;right;3348;0;faces;0;3x2-3=2 ?;cheat;5.60486398129251;0.8636363636363636;faces\\Peter.bmp;1-3;0;23;4.252754820936639;female;77.65031578517734;accuracy_first
3;1.0;8.640011097934803;1.0762512337423686;self;0.5;2;2;1, 1, 1;1474476982.2;21_2;;0.9850746268656716;3;0.6666666666666666;89;12;5;right;2.5723777501980294;experiment;faces\\Amanda.bmp, faces\\Mark.bmp, faces\\Wendy.bmp;1;instructions;right;3348;1, 0, 1;faces;1, 0, 1;2x2+2=6 ?, 3x3-3=7 ?, 8/4-2=0 ?;cheat;9.608120460719874, 7.614669162286191, 5.660824325993417;0.8606965174129353;faces\\Diana.bmp, faces\\Mark.bmp, faces\\Wendy.bmp;1-3;4;23;0.4239251503675651;female;78.0742409355449;accuracy_first
3;1.0;25.105476384861504;2.0796995205873827;self;5;2;2;1, 1, 1;1474477026.333;21_2;;0.9852941176470589;3;0.6666666666666666;90;12;0.5;right;3.587654043119983;experiment;faces\\Angie.bmp, faces\\Emma.bmp, faces\\Robert.bmp;0;instructions;left;3348;1, 0, 1;faces;1, 0, 1;2+9/3=5 ?, 4/2-1=2 ?, 4/2-1=1 ?;cheat;5.821733762104486, 4.0437437693553875, 3.5690448309142084;0.8578431372549019;faces\\Angie.bmp, faces\\Emma.bmp, faces\\Mark.bmp;1-3;4;23;4.2261389850057665;female;82.30037992055067;accuracy_first
2;1.0;12.014470489437372;1.6792413768935148;other;5;2;2;1, 1;1474477079.124;21_2;;0.9854368932038835;2;1.0;91;14;0.5;right;3.1084044560193433;experiment;faces\\Bobby.bmp, faces\\Lucia.bmp;0;instructions;left;3348;0, 1;faces;0, 1;5+9/3=7 ?, 6/2-1=2 ?;cheat;5.702901281818413, 3.7937914557933254;0.8592233009708737;faces\\Bobby.bmp, faces\\Lucia.bmp;1-3;4;23;4.233551701385616;female;82.30037992055067;accuracy_first
3;1.0;6.018937620477118;1.6000394231477912;other;0.5;3;3;1, 1, 1;1474477112.665;21_2;;0.9856459330143541;3;1.0;92;14;5;right;2.5428804590355867;experiment;faces\\Jenny.bmp, faces\\James.bmp, faces\\Leslie.bmp;1;instructions;right;3348;0, 1, 1;faces;0, 1, 1;6/2+3=5 ?, 2x2+5=9 ?, 2x3-5=1 ?;cheat;8.597522923994802, 3.276572493472486, 3.944346476388091;0.861244019138756;faces\\Jenny.bmp, faces\\James.bmp, faces\\Leslie.bmp;1-3;6;23;0.4244408323985257;female;82.30037992055067;accuracy_first
1;0.5;11.829331388363244;2.085104101529396;other;0.5;1;0;1, 0;1474477147.032;21_2;;0.981042654028436;2;0.0;93;12;5;left;4.801168255801713;experiment;faces\\Rachel.bmp, faces\\Timmy.bmp;0;instructions;right;3348;0, 0;faces;0, 1;2x3+1=9 ?, 9/3-1=3 ?;cheat;11.24141617573514, 9.929555718108531;0.8530805687203792;faces\\Victor.bmp, faces\\Rachel.bmp;1-3;1;23;4.184542126187642;female;82.30037992055067;accuracy_first
3;1.0;17.349049155427565;1.9277218693368923;other;0.5;2;2;1, 1, 1;1474477193.396;21_2;;0.9813084112149533;3;0.6666666666666666;94;14;5;left;3.1077048190018104;experiment;faces\\Ethan.bmp, faces\\Oliver.bmp, faces\\Anna.bmp;0;instructions;right;3348;1, 1, 0;faces;1, 1, 0;2x2-3=1 ?, 6+4/2=8 ?, 4/2+2=3 ?;cheat;7.768806947250596, 3.625261390688138, 6.31097998372843;0.8504672897196262;faces\\Justin.bmp, faces\\Oliver.bmp, faces\\Anna.bmp;1-3;4;23;4.1728535243252685;female;82.30037992055067;accuracy_first
;;;1.981847303601171;self;0.2;;;;1474477257.7;21_2;;;1;;1;12;2;left;;controlDotsAccuracy;;1;instructions;left;3348;;faces;;;accuracy;;;;1-3;;23;2;female;;accuracy_first
;;;2.1277490479524204;self;2;;;;1474477260.228;21_2;;;1;;2;14;0.2;right;;controlDotsAccuracy;;1;instructions;right;3348;;faces;;;accuracy;;;;1-3;;23;2;female;;accuracy_first
;;;0.9573649624471727;self;0.2;;;;1474477262.895;21_2;;;1;;3;10;2;left;;controlDotsAccuracy;;1;instructions;left;3348;;faces;;;accuracy;;;;1-3;;23;2;female;;accuracy_first
;;;0.8667051697048009;self;0.2;;;;1474477264.393;21_2;;;1;;4;10;2;left;;controlDotsAccuracy;;1;instructions;left;3348;;faces;;;accuracy;;;;1-3;;23;2;female;;accuracy_first
;;;0.9603075430213721;self;2;;;;1474477265.797;21_2;;;1;;5;14;0.2;right;;controlDotsAccuracy;;1;instructions;right;3348;;faces;;;accuracy;;;;1-3;;23;2;female;;accuracy_first
;;;0.8089297323085702;self;0.2;;;;1474477267.295;21_2;;;1;;6;10;2;left;;controlDotsAccuracy;;1;instructions;left;3348;;faces;;;accuracy;;;;1-3;;23;2;female;;accuracy_first
;;;1.6164778849943104;other;2;;;;1474477268.652;21_2;;;1;;7;14;0.2;right;;controlDotsAccuracy;;1;instructions;right;3348;;faces;;;accuracy;;;;1-3;;23;2;female;;accuracy_first
;;;1.2332569288664672;other;2;;;;1474477270.805;21_2;;;1;;8;10;0.2;right;;controlDotsAccuracy;;1;instructions;right;3348;;faces;;;accuracy;;;;1-3;;23;2;female;;accuracy_first
;;;0.9832182665777509;other;2;;;;1474477272.567;21_2;;;1;;9;14;0.2;left;;controlDotsAccuracy;;0;instructions;right;3348;;faces;;;accuracy;;;;1-3;;23;0.2;female;;accuracy_first
;;;1.1098260250109888;other;0.2;;;;1474477274.081;21_2;;;1;;10;12;2;left;;controlDotsAccuracy;;1;instructions;left;3348;;faces;;;accuracy;;;;1-3;;23;2;female;;accuracy_first
;;;0.8095826560802379;other;2;;;;1474477275.734;21_2;;;1;;11;10;0.2;right;;controlDotsAccuracy;;1;instructions;right;3348;;faces;;;accuracy;;;;1-3;;23;2;female;;accuracy_first
;;;0.8588640683483391;other;2;;;;1474477277.076;21_2;;;1;;12;10;0.2;right;;controlDotsAccuracy;;1;instructions;right;3348;;faces;;;accuracy;;;;1-3;;23;2;female;;accuracy_first
;;;0.7334039694223975;self;0.2;;;;1474477278.48;21_2;;;1;;13;10;2;left;;controlDotsAccuracy;;1;instructions;left;3348;;faces;;;accuracy;;;;1-3;;23;2;female;;accuracy_first
;;;0.7928295876035918;self;0.2;;;;1474477279.743;21_2;;;1;;14;12;2;left;;controlDotsAccuracy;;1;instructions;left;3348;;faces;;;accuracy;;;;1-3;;23;2;female;;accuracy_first
;;;1.298546121012805;self;0.2;;;;1474477291.584;21_2;;;1;;1;10;2;right;;controlDotsCheat;;1;instructions;right;3348;;faces;;;cheat;;;;1-3;;23;0.2;female;;accuracy_first
;;;1.249875873705605;self;0.2;;;;1474477293.425;21_2;;;1;;2;12;2;left;;controlDotsCheat;;0;instructions;right;3348;;faces;;;cheat;;;;1-3;;23;2;female;;accuracy_first
;;;1.3378468237297056;self;2;;;;1474477295.219;21_2;;;1;;3;12;0.2;left;;controlDotsCheat;;1;instructions;left;3348;;faces;;;cheat;;;;1-3;;23;0.2;female;;accuracy_first
;;;1.1598467097774119;self;0.2;;;;1474477297.075;21_2;;;1;;4;14;2;left;;controlDotsCheat;;0;instructions;right;3348;;faces;;;cheat;;;;1-3;;23;2;female;;accuracy_first
;;;1.8110141339420807;self;0.2;;;;1474477298.776;21_2;;;1;;5;12;2;right;;controlDotsCheat;;1;instructions;right;3348;;faces;;;cheat;;;;1-3;;23;0.2;female;;accuracy_first
;;;0.8094690579600865;self;2;;;;1474477301.116;21_2;;;1;;6;12;0.2;left;;controlDotsCheat;;1;instructions;left;3348;;faces;;;cheat;;;;1-3;;23;0.2;female;;accuracy_first
;;;1.058796404920031;other;0.2;;;;1474477302.457;21_2;;;1;;7;10;2;right;;controlDotsCheat;;1;instructions;right;3348;;faces;;;cheat;;;;1-3;;23;0.2;female;;accuracy_first
;;;0.9333685098226852;other;2;;;;1474477304.064;21_2;;;1;;8;10;0.2;left;;controlDotsCheat;;1;instructions;left;3348;;faces;;;cheat;;;;1-3;;23;0.2;female;;accuracy_first
;;;0.8667048158167745;other;2;;;;1474477305.531;21_2;;;1;;9;12;0.2;left;;controlDotsCheat;;1;instructions;left;3348;;faces;;;cheat;;;;1-3;;23;0.2;female;;accuracy_first
;;;1.0000923648258322;other;0.2;;;;1474477306.935;21_2;;;1;;10;10;2;right;;controlDotsCheat;;1;instructions;right;3348;;faces;;;cheat;;;;1-3;;23;0.2;female;;accuracy_first
;;;1.839669878910172;other;2;;;;1474477308.463;21_2;;;1;;11;12;0.2;left;;controlDotsCheat;;1;instructions;left;3348;;faces;;;cheat;;;;1-3;;23;0.2;female;;accuracy_first
;;;0.8667918723203911;other;0.2;;;;1474477310.835;21_2;;;1;;12;10;2;right;;controlDotsCheat;;1;instructions;right;3348;;faces;;;cheat;;;;1-3;;23;0.2;female;;accuracy_first
;;;0.6667937125384924;self;2;;;;1474477312.239;21_2;;;1;;13;12;0.2;left;;controlDotsCheat;;1;instructions;left;3348;;faces;;;cheat;;;;1-3;;23;0.2;female;;accuracy_first
;;;0.8666135126559311;self;2;;;;1474477313.424;21_2;;;1;;14;14;0.2;right;;controlDotsCheat;;0;instructions;left;3348;;faces;;;cheat;;;;1-3;;23;2;female;;accuracy_first
;;6.381;;self;5;;;;;21_2;;;2;;1;10;0.5;;;qStress;faces\\Niclas.bmp, faces\\Nana.bmp;;instructions;left;3348;0, 0;faces;;2x4-2=8 ?, 3x3-6=2 ?;cheat;;;5;1-3;;23;;female;;accuracy_first
;;7.497;;self;5;;;;;21_2;;;2;;1;12;0.5;;;qSatisfied;faces\\George.bmp, faces\\Kristen.bmp;;instructions;right;3348;1, 1;faces;;8/4+7=9 ?, 4/2+4=6 ?;accuracy;;;4;1-3;;23;;female;;accuracy_first
;;4.562;;self;5;;;;;21_2;;;2;;1;14;0.5;;;qFrustration;faces\\Eric.bmp, faces\\Nana.bmp;;instructions;right;3348;0, 1;faces;;4/2+6=6 ?, 6/3+5=7 ?;accuracy;;;3;1-3;;23;;female;;accuracy_first
;;3.333;;self;5;;;;;21_2;;;2;;1;14;0.5;;;qDifficulty;faces\\Chris.bmp, faces\\Simon.bmp;;instructions;left;3348;1, 0;faces;;3x3-1=8 ?, 3x3-1=9 ?;cheat;;;5;1-3;;23;;female;;accuracy_first
;;6.866;;self;0.5;;;;;21_2;;;2;;1;12;5;;;qEffort;faces\\Ella.bmp, faces\\Kurt.bmp;;instructions;right;3348;0, 0;faces;;4/2-1=2 ?, 8/2-1=4 ?;cheat;;;6;1-3;;23;;female;;accuracy_first
;;20.77104635192518;;self;0.5;;;;;21_2;;;1;;1;14;5;;;qFriends;;;instructions;right;3348;;faces;;;cheat;;;400;1-3;;23;;female;;accuracy_first
;;18.905429034617555;;self;0.5;;;;;21_2;;;1;;1;12;5;;;qAbout;;;instructions;right;3348;;faces;;;cheat;;;if you are willing to give a higher amount to another person;1-3;;23;;female;;accuracy_first
;;5.206543676353249;;self;0.5;;;;;21_2;;;1;;1;14;5;;;qFeedback;;;instructions;right;3348;;faces;;;cheat;;;no;1-3;;23;;female;;accuracy_first
