equationScore;equationProportion;recallRT;dotsRT;dotsReceiver;dotsMoneyRight;recallIntersection;recallLocation;equationScores;utc_start;id;recallRTs;equationRateCumulative;span;recallProportion;no;dotsN;dotsMoneyLeft;dotsAns;pauseRT;condition;encode;dotsCorrect;start_at;dotsSide;timeLimit;equationCorrect;stimType;equationAnss;equationText;dotsIncentive;equationRTs;recallLocationRateCumulative;recallAns;level;recallSum;age;moneyEarned;gender;moneyEarnedCumulative;order
;;;2.714996025794335;self;5;;;;1474473243.322;21_6;;;1;;1;14;0.5;left;;practiceDots;;1;instructions;left;3348;;faces;;;cheat;;;;1-3;;20;0.5;female;;accuracy_first
;;;1.591725937654246;self;5;;;;1474473246.585;21_6;;;1;;2;10;0.5;right;;practiceDots;;1;instructions;right;3348;;faces;;;accuracy;;;;1-3;;20;5;female;;accuracy_first
;;;1.3243450700388166;self;5;;;;1474473248.708;21_6;;;1;;3;12;0.5;right;;practiceDots;;1;instructions;right;3348;;faces;;;accuracy;;;;1-3;;20;5;female;;accuracy_first
;;;1.0257013959617325;self;5;;;;1474473250.55;21_6;;;1;;4;12;0.5;left;;practiceDots;;1;instructions;left;3348;;faces;;;cheat;;;;1-3;;20;0.5;female;;accuracy_first
;;;0.9754229184609358;self;5;;;;1474473252.126;21_6;;;1;;5;10;0.5;left;;practiceDots;;1;instructions;left;3348;;faces;;;cheat;;;;1-3;;20;0.5;female;;accuracy_first
;;;0.9166825328179584;self;5;;;;1474473253.64;21_6;;;1;;6;12;0.5;right;;practiceDots;;1;instructions;right;3348;;faces;;;accuracy;;;;1-3;;20;5;female;;accuracy_first
2;1.0;10.990598508982657;;self;5;2;2;1, 1;1474473354.98;21_6;;1.0;2;1.0;1;10;0.5;;7.826538491754945;practiceCS;faces\\Amanda.bmp, faces\\Eddie.bmp;;instructions;left;3348;0, 1;faces;0, 1;3x3-5=3 ?, 9/3+3=6 ?;cheat;3.8182071697074207, 3.487618385672704;1.0;faces\\Amanda.bmp, faces\\Eddie.bmp;1-3;4;20;;female;;accuracy_first
1;1.0;8.88450951650566;;self;0.5;1;1;1;1474473386.01;21_6;;1.0;1;1.0;2;14;5;;2.5675653868288464;practiceCS;faces\\Will.bmp;;instructions;right;3348;0;faces;0;3x2-5=2 ?;cheat;2.7849508904273534;1.0;faces\\Will.bmp;1-3;2;20;;female;;accuracy_first
2;0.6666666666666666;13.268998507284323;;self;0.5;2;1;1, 1, 0;1474473402.894;21_6;;0.8333333333333334;3;0.3333333333333333;3;14;5;;8.494622967156829;practiceCS;faces\\Tanya.bmp, faces\\Liam.bmp, faces\\Jenny.bmp;;instructions;left;3348;1, 0, 1;faces;1, 0, 0;4/2+6=8 ?, 6/3+5=6 ?, 3x3-8=1 ?;accuracy;2.8069148345098256, 1.5644288433186375, 2.740350607738492;0.6666666666666666;faces\\Tanya.bmp, faces\\Timmy.bmp, faces\\Liam.bmp;1-3;3;20;;female;;accuracy_first
1;1.0;3.8323352403385798;;self;5;1;1;1;1474473438.393;21_6;;0.8571428571428571;1;1.0;4;12;0.5;;3.426993525902162;practiceCS;faces\\Jane.bmp;;instructions;right;3348;0;faces;0;4x2-6=4 ?;accuracy;1.9717261641449113;0.7142857142857143;faces\\Jane.bmp;1-3;2;20;;female;;accuracy_first
2;0.6666666666666666;27.125796522092514;;self;0.5;2;2;0, 1, 1;1474473450.237;21_6;;0.8;3;0.6666666666666666;5;10;5;;7.949299683408299;practiceCS;faces\\Erin.bmp, faces\\Mark.bmp, faces\\Rachel.bmp;;instructions;left;3348;0, 1, 1;faces;1, 1, 1;6+6/3=9 ?, 3+4/2=5 ?, 6/3-2=0 ?;accuracy;3.0909010157406556, 2.7410488363684635, 2.748948410353478;0.7;faces\\Erin.bmp, faces\\Mark.bmp, faces\\Kate.bmp;1-3;4;20;;female;;accuracy_first
2;1.0;10.36978018361333;;self;0.5;2;2;1, 1;1474473500.498;21_6;;0.8333333333333334;2;1.0;6;10;5;;3.1696065642690883;practiceCS;faces\\Paul.bmp, faces\\Ricky.bmp;;instructions;right;3348;1, 0;faces;1, 0;3x3-6=3 ?, 2x4-1=5 ?;cheat;2.6796960210526777, 2.578379968022091;0.75;faces\\Paul.bmp, faces\\Ricky.bmp;1-3;4;20;;female;;accuracy_first
1;0.5;19.698213766251683;1.2428066172114995;self;0.5;2;0;0, 1;1474473573.401;21_6;;0.7857142857142857;2;0.0;1;12;5;left;7.860700026400082;practiceExp;faces\\Gary.bmp, faces\\Kristen.bmp;1;instructions;left;3348;1, 1;faces;0, 1;3x3-8=1 ?, 9/3+4=7 ?;accuracy;2.215074943678246, 2.0611525125259504;0.6428571428571429;faces\\Kristen.bmp, faces\\Gary.bmp;1-3;2;20;5;female;;accuracy_first
1;1.0;2.7501268702299058;1.2266012013919863;self;5;0;0;1;1474473616.11;21_6;;0.8;1;0.0;2;14;0.5;right;3.398374291597065;practiceExp;faces\\Timmy.bmp;0;instructions;left;3348;1;faces;1;5+2x2=9 ?;cheat;2.6195871356067073;0.6;faces\\Eric.bmp;1-3;0;20;5;female;;accuracy_first
1;0.3333333333333333;13.381647239183621;1.6896662162803295;self;5;2;1;0, 1, 0;1474473634.023;21_6;;0.7222222222222222;3;0.3333333333333333;3;12;0.5;right;3.4447921628525364;practiceExp;faces\\Justin.bmp, faces\\Kenny.bmp, faces\\Vicky.bmp;1;instructions;right;3348;1, 0, 1;faces;0, 0, 0;6+6/3=8 ?, 2x2-1=2 ?, 1+6/2=4 ?;accuracy;2.205054141914843, 2.386468307922769, 4.112931137599389;0.5555555555555556;faces\\Justin.bmp, faces\\Vicky.bmp, faces\\Donald.bmp;1-3;3;20;5;female;;accuracy_first
1;1.0;7.925422953850557;1.343065595270673;self;5;1;1;1;1474473687.732;21_6;;0.7368421052631579;1;1.0;1;14;0.5;right;11.051848695660738;experiment;faces\\Eddie.bmp;1;instructions;right;3348;0;faces;0;2x2-1=1 ?;accuracy;2.2669402722563063;0.5789473684210527;faces\\Eddie.bmp;1-3;2;20;2.1329639889196677;female;2.1329639889196677;accuracy_first
2;1.0;10.983347618767766;1.6069432874146514;self;0.5;2;2;1, 1;1474473715.285;21_6;;0.7619047619047619;2;1.0;2;12;5;left;7.95575113192308;experiment;faces\\Carl.bmp, faces\\Joseph.bmp;1;instructions;left;3348;0, 1;faces;0, 1;9/3-3=2 ?, 1+4x2=9 ?;accuracy;5.035564008066103, 2.5270366299300804;0.6190476190476191;faces\\Carl.bmp, faces\\Joseph.bmp;1-3;4;20;2.35827664399093;female;4.491240632910598;accuracy_first
1;1.0;12.601774342982026;1.4082790168317842;self;5;0;0;1;1474473749.61;21_6;;0.7727272727272727;1;0.0;3;14;0.5;right;6.398047649414821;experiment;faces\\Hanna.bmp;1;instructions;right;3348;1;faces;1;3x3-4=5 ?;accuracy;3.519533768715064;0.5909090909090909;faces\\Molly.bmp;1-3;0;20;2.2830578512396698;female;6.774298484150268;accuracy_first
2;1.0;5.291356686892868;0.9753779741954531;self;0.5;2;2;1, 1;1474473778.006;21_6;;0.7916666666666666;2;1.0;4;10;5;right;6.421508909935255;experiment;faces\\Ethan.bmp, faces\\Gary.bmp;1;instructions;right;3348;1, 1;faces;1, 1;2+4/2=4 ?, 9/3-3=0 ?;cheat;2.1104025802965225, 2.88100032487273;0.625;faces\\Ethan.bmp, faces\\Gary.bmp;1-3;4;20;0.24739583333333331;female;7.021694317483601;accuracy_first
1;1.0;6.434600077431696;1.3644024429863748;self;5;1;1;1;1474473802.08;21_6;;0.8;1;1.0;5;14;0.5;right;5.055494489549801;experiment;faces\\Ricky.bmp;0;instructions;left;3348;1;faces;1;6/2+4=7 ?;cheat;3.155565904926334;0.64;faces\\Ricky.bmp;1-3;2;20;2.56;female;9.581694317483601;accuracy_first
2;1.0;5.233195622216044;1.88021362327936;self;5;2;2;1, 1;1474473824.872;21_6;;0.8148148148148148;2;1.0;6;12;0.5;right;6.830046975604546;experiment;faces\\Leslie.bmp, faces\\Greg.bmp;0;instructions;left;3348;1, 0;faces;1, 0;2+3x2=8 ?, 3+8/4=7 ?;cheat;1.9663735498397727, 2.6862525754477247;0.6666666666666666;faces\\Leslie.bmp, faces\\Greg.bmp;1-3;4;20;2.716049382716049;female;12.29774370019965;accuracy_first
1;1.0;4.030053911884806;0.9587170995591805;other;5;1;1;1;1474473849.458;21_6;;0.8214285714285714;1;1.0;7;10;0.5;left;6.99474576763032;experiment;faces\\David.bmp;1;instructions;left;3348;0;faces;0;3x2+2=6 ?;cheat;2.973329294247833;0.6785714285714286;faces\\David.bmp;1-3;2;20;0.27869897959183676;female;12.29774370019965;accuracy_first
3;1.0;7.712740319111617;1.283792956277921;other;0.5;2;1;1, 1, 1;1474473867.929;21_6;;0.8387096774193549;3;0.3333333333333333;8;10;5;right;4.489540372336705;experiment;faces\\Bobby.bmp, faces\\Angie.bmp, faces\\Simon.bmp;1;instructions;right;3348;1, 1, 0;faces;1, 1, 0;2x4-2=6 ?, 6/2-2=1 ?, 3+9/3=4 ?;cheat;2.8102605281060278, 2.7129324823886236, 3.5715466701958576;0.6451612903225806;faces\\Bobby.bmp, faces\\Simon.bmp, faces\\Timmy.bmp;1-3;3;20;0.27055150884495316;female;12.29774370019965;accuracy_first
1;1.0;3.3676653258880833;1.0765850285342822;other;5;1;1;1;1474473900.456;21_6;;0.84375;1;1.0;9;14;0.5;left;2.4687849689389623;experiment;faces\\Mark.bmp;1;instructions;left;3348;1;faces;1;8/2+5=9 ?;cheat;2.3542687497210864;0.65625;faces\\Mark.bmp;1-3;2;20;0.27685546875;female;12.29774370019965;accuracy_first
1;1.0;4.8028751589858985;0.9486347206129722;other;0.5;1;1;1;1474473913.919;21_6;;0.8484848484848485;1;1.0;10;12;5;right;3.192292093843662;experiment;faces\\Paul.bmp;1;instructions;right;3348;0;faces;0;3+4/2=6 ?;cheat;2.88362230962548;0.6666666666666666;faces\\Paul.bmp;1-3;2;20;0.2828282828282828;female;12.29774370019965;accuracy_first
1;0.3333333333333333;9.737234589956188;1.257680337981128;other;0.5;3;3;0, 1, 0;1474473929.785;21_6;;0.8055555555555556;3;1.0;11;12;5;right;6.064619237136412;experiment;faces\\Thomas.bmp, faces\\Nana.bmp, faces\\Jason.bmp;1;instructions;right;3348;1, 1, 1;faces;0, 1, 0;6/2-1=2 ?, 6/2+6=9 ?, 3+2x3=9 ?;cheat;3.249648054550562, 2.8142517204450996, 3.236912548368309;0.6944444444444444;faces\\Thomas.bmp, faces\\Nana.bmp, faces\\Jason.bmp;1-3;6;20;0.2797067901234568;female;12.29774370019965;accuracy_first
3;1.0;14.317649082252501;1.2819941239795298;other;5;2;1;1, 1, 1;1474473964.23;21_6;;0.8205128205128205;3;0.3333333333333333;12;12;0.5;right;4.166036503237137;experiment;faces\\Sofia.bmp, faces\\Tanya.bmp, faces\\Shane.bmp;0;instructions;left;3348;0, 0, 0;faces;0, 0, 0;4/2+5=6 ?, 1+2x2=6 ?, 8/4+6=6 ?;cheat;4.570860119997633, 1.4429908533111302, 3.8695338748821086;0.6666666666666666;faces\\Shane.bmp, faces\\Tanya.bmp, faces\\Donald.bmp;1-3;3;20;2.7350427350427347;female;12.29774370019965;accuracy_first
1;1.0;5.1453787739910695;0.9808558662175528;self;0.5;1;1;1;1474474001.999;21_6;;0.825;1;1.0;13;10;5;left;4.151180477060279;experiment;faces\\Diana.bmp;0;instructions;right;3348;1;faces;1;3+4/2=5 ?;cheat;3.027567821604407;0.675;faces\\Diana.bmp;1-3;2;20;2.784375;female;15.08211870019965;accuracy_first
2;0.6666666666666666;18.165874420767523;1.3549131867889628;self;0.5;3;3;0, 1, 1;1474474019.534;21_6;;0.813953488372093;3;1.0;14;12;5;left;7.258650355555346;experiment;faces\\Donna.bmp, faces\\Kate.bmp, faces\\Andre.bmp;0;instructions;right;3348;1, 0, 0;faces;0, 0, 0;4x2-1=7 ?, 2x3-1=7 ?, 2x3-6=1 ?;cheat;1.7190870156373421, 3.2489172678697287, 2.622370848936953;0.6976744186046512;faces\\Donna.bmp, faces\\Kate.bmp, faces\\Andre.bmp;1-3;6;20;2.8393726338561387;female;17.92149133405579;accuracy_first
2;1.0;12.074636146089688;0.8833890948935732;self;5;2;2;1, 1;1474474061.546;21_6;;0.8222222222222222;2;1.0;15;10;0.5;right;8.772117002309642;experiment;faces\\Joshua.bmp, faces\\Liam.bmp;1;instructions;right;3348;1, 0;faces;1, 0;2+2x3=8 ?, 5+9/3=7 ?;accuracy;1.6544118635874838, 3.9388835844429195;0.7111111111111111;faces\\Joshua.bmp, faces\\Liam.bmp;1-3;4;20;2.923456790123457;female;20.844948124179247;accuracy_first
1;0.5;13.111688977188805;0.808651735733747;self;0.5;1;1;0, 1;1474474094.634;21_6;;0.8085106382978723;2;0.5;16;10;5;right;5.183174070202313;experiment;faces\\Karen.bmp, faces\\Fiona.bmp;1;instructions;right;3348;1, 1;faces;0, 1;2+8/4=4 ?, 9/3+3=6 ?;cheat;2.9502169710963244, 4.334876537748642;0.7021276595744681;faces\\Karen.bmp, faces\\Kate.bmp;1-3;2;20;0.2838388411045722;female;21.12878696528382;accuracy_first
1;0.5;7.96001552877442;1.159361041178272;self;5;2;2;1, 0;1474474126.974;21_6;;0.7959183673469388;2;1.0;17;12;0.5;right;8.252650826938861;experiment;faces\\Nathan.bmp, faces\\Anna.bmp;0;instructions;left;3348;0, 0;faces;0, 1;7+4/2=8 ?, 3x3-5=6 ?;cheat;2.3594893623644566, 4.599466260304325;0.7142857142857143;faces\\Nathan.bmp, faces\\Anna.bmp;1-3;4;20;2.8425655976676385;female;23.97135256295146;accuracy_first
2;1.0;12.947765562217228;0.8256477459567577;self;5;2;2;1, 1;1474474157.084;21_6;;0.803921568627451;2;1.0;18;10;0.5;left;4.38829792881279;experiment;faces\\Leslie.bmp, faces\\Thomas.bmp;1;instructions;left;3348;1, 0;faces;1, 0;3x3-4=5 ?, 9/3+6=7 ?;cheat;3.3102530963765275, 3.112907072953476;0.7254901960784313;faces\\Leslie.bmp, faces\\Thomas.bmp;1-3;4;20;0.29161860822760477;female;24.262971171179064;accuracy_first
1;0.5;6.864250977272604;1.30645760623338;other;0.5;2;2;1, 0;1474474187.1;21_6;;0.7924528301886793;2;1.0;19;14;5;right;3.5469851598991227;experiment;faces\\Julian.bmp, faces\\Kenny.bmp;1;instructions;right;3348;0, 0;faces;0, 1;4x2-7=2 ?, 4/2-1=3 ?;cheat;2.3129309960427236, 2.1949498216736174;0.7358490566037735;faces\\Julian.bmp, faces\\Kenny.bmp;1-3;4;20;0.291562833748665;female;24.262971171179064;accuracy_first
1;1.0;5.330770684447998;0.7589918611947724;other;5;1;1;1;1474474209.487;21_6;;0.7962962962962963;1;1.0;20;10;0.5;left;4.537466884569767;experiment;faces\\Erica.bmp;1;instructions;left;3348;0;faces;0;9/3+5=6 ?;cheat;3.1922436106592613;0.7407407407407407;faces\\Erica.bmp;1-3;2;20;0.2949245541838134;female;24.262971171179064;accuracy_first
1;0.5;9.912814848736161;0.8819926376340845;other;5;1;1;0, 1;1474474227.272;21_6;;0.7857142857142857;2;0.5;21;14;0.5;right;5.994148752071169;experiment;faces\\Ethan.bmp, faces\\Maria.bmp;0;instructions;left;3348;0, 0;faces;1, 0;4/2-2=2 ?, 9/3-3=2 ?;cheat;2.807014985904516, 4.820287699922119;0.7321428571428571;faces\\Susan.bmp, faces\\Maria.bmp;1-3;2;20;2.8762755102040813;female;24.262971171179064;accuracy_first
2;1.0;4.240210820456014;0.8766106503053379;other;5;2;2;1, 1;1474474257.756;21_6;;0.7931034482758621;2;1.0;22;14;0.5;left;3.1295750254275845;experiment;faces\\Mona.bmp, faces\\Carl.bmp;1;instructions;left;3348;1, 1;faces;1, 1;3x3-8=1 ?, 6/3+7=9 ?;cheat;1.6951104885765744, 1.9463584882023497;0.7413793103448276;faces\\Mona.bmp, faces\\Carl.bmp;1-3;4;20;0.29399524375743163;female;24.262971171179064;accuracy_first
2;1.0;10.569161792986051;1.1090291260070444;other;5;2;2;1, 1;1474474275.65;21_6;;0.8;2;1.0;23;14;0.5;right;2.472324241379283;experiment;faces\\Kristen.bmp, faces\\Chloe.bmp;1;instructions;right;3348;1, 0;faces;1, 0;9/3+6=9 ?, 4/2-2=1 ?;accuracy;2.675574950401824, 2.40768235516407;0.75;faces\\Kristen.bmp, faces\\Chloe.bmp;1-3;4;20;3.0000000000000004;female;24.262971171179064;accuracy_first
1;1.0;2.613536292671597;0.8168305303915986;other;5;1;1;1;1474474302.28;21_6;;0.8032786885245902;1;1.0;24;12;0.5;right;4.5281680221905845;experiment;faces\\Anna.bmp;0;instructions;left;3348;0;faces;0;2x2+5=8 ?;cheat;3.1068986970403785;0.7540983606557377;faces\\Anna.bmp;1-3;2;20;3.028755710830422;female;24.262971171179064;accuracy_first
1;1.0;13.019169967888047;0.6757058903885991;self;0.5;1;1;1;1474474318.49;21_6;;0.8064516129032258;1;1.0;25;10;5;right;4.800332799900389;experiment;faces\\Lucas.bmp;1;instructions;right;3348;0;faces;0;3x3-3=5 ?;cheat;2.890231593907629;0.7580645161290323;faces\\Lucas.bmp;1-3;2;20;0.30567117585848075;female;24.568642347037546;accuracy_first
1;1.0;5.15210555036947;0.9911424407637242;self;0.5;1;1;1;1474474343.607;21_6;;0.8095238095238095;1;1.0;26;12;5;left;3.5902863055880516;experiment;faces\\Zach.bmp;1;instructions;left;3348;0;faces;0;6/3+7=7 ?;accuracy;1.533053853138881;0.7619047619047619;faces\\Zach.bmp;1-3;2;20;3.0839002267573696;female;27.652542573794914;accuracy_first
2;0.6666666666666666;8.406758343531237;0.6927992208711657;self;0.5;3;3;1, 0, 1;1474474359.021;21_6;;0.803030303030303;3;1.0;27;12;5;right;2.332376999576809;experiment;faces\\Mona.bmp, faces\\Maria.bmp, faces\\Chris.bmp;1;instructions;right;3348;0, 1, 0;faces;0, 0, 0;2x4-6=4 ?, 8/4+3=5 ?, 9/3+2=7 ?;cheat;2.510280204492119, 2.6330109614464163, 1.8942648993779585;0.7727272727272727;faces\\Mona.bmp, faces\\Maria.bmp, faces\\Chris.bmp;1-3;6;20;0.3102617079889807;female;27.962804281783896;accuracy_first
2;1.0;6.270053105011812;0.8835133109341768;self;0.5;2;2;1, 1;1474474385.448;21_6;;0.8088235294117647;2;1.0;28;14;5;left;7.296803790322883;experiment;faces\\Kenny.bmp, faces\\Julia.bmp;0;instructions;right;3348;0, 0;faces;0, 0;2+8/2=5 ?, 2x3-6=2 ?;cheat;2.5109157942642923, 2.017668758639047;0.7794117647058824;faces\\Kenny.bmp, faces\\Julia.bmp;1-3;4;20;3.1520328719723185;female;31.114837153756213;accuracy_first
3;1.0;13.496477006584428;0.7154267121813973;self;0.5;3;1;1, 1, 1;1474474409.895;21_6;;0.8169014084507042;3;0.3333333333333333;29;10;5;left;5.4818991394058685;experiment;faces\\Polly.bmp, faces\\Eric.bmp, faces\\Emily.bmp;0;instructions;right;3348;1, 0, 0;faces;1, 0, 0;3x3-3=6 ?, 3x3-7=4 ?, 2x3+3=8 ?;cheat;2.7376019297016683, 1.963045196944222, 2.771669683004802;0.7605633802816901;faces\\Eric.bmp, faces\\Polly.bmp, faces\\Emily.bmp;1-3;4;20;3.106526482840706;female;34.22136363659692;accuracy_first
1;1.0;3.7054381145771913;0.7078735983232036;self;0.5;1;1;1;1474474444.841;21_6;;0.8194444444444444;1;1.0;30;12;5;left;4.034928772186504;experiment;faces\\Eddie.bmp;0;instructions;right;3348;1;faces;1;4x2-8=0 ?;cheat;2.2896512820443604;0.7638888888888888;faces\\Eddie.bmp;1-3;2;20;3.1298225308641974;female;37.351186167461115;accuracy_first
3;1.0;15.97373414652975;1.2258866937363564;other;0.5;3;1;1, 1, 1;1474474459.989;21_6;;0.8266666666666667;3;0.3333333333333333;31;12;5;right;5.363633435985321;experiment;faces\\Regina.bmp, faces\\Vicky.bmp, faces\\Jake.bmp;1;instructions;right;3348;1, 1, 0;faces;1, 1, 0;2x2-1=3 ?, 8/2+1=5 ?, 2x3+1=9 ?;cheat;2.56641453051634, 2.2863200980136753, 2.6416020401156857;0.7466666666666667;faces\\Regina.bmp, faces\\Jake.bmp, faces\\Vicky.bmp;1-3;4;20;0.30862222222222224;female;37.351186167461115;accuracy_first
1;1.0;3.152847307696902;1.0579512068061376;other;0.5;1;1;1;1474474499.677;21_6;;0.8289473684210527;1;1.0;32;12;5;right;3.2562371669964705;experiment;faces\\Olivia.bmp;1;instructions;right;3348;0;faces;0;3x2-3=5 ?;cheat;2.2708741341157292;0.75;faces\\Olivia.bmp;1-3;2;20;0.31085526315789475;female;37.351186167461115;accuracy_first
2;1.0;6.044676369437639;0.9765560801806714;other;0.5;2;2;1, 1;1474474513.281;21_6;;0.8333333333333334;2;1.0;33;14;5;right;5.28878778591843;experiment;faces\\Vicky.bmp, faces\\Bobby.bmp;1;instructions;right;3348;0, 0;faces;0, 0;4x2-3=3 ?, 9/3+6=8 ?;cheat;2.2789605629996004, 3.5788952345628786;0.7564102564102564;faces\\Vicky.bmp, faces\\Bobby.bmp;1-3;4;20;0.31517094017094016;female;37.351186167461115;accuracy_first
1;1.0;6.894829002994356;2.130404194042967;other;5;1;1;1;1474474537.291;21_6;;0.8354430379746836;1;1.0;34;14;0.5;right;3.751011599866615;experiment;faces\\Ricky.bmp;0;instructions;left;3348;1;faces;1;9/3+3=6 ?;cheat;6.7454024139669855;0.759493670886076;faces\\Ricky.bmp;1-3;2;20;3.1725684986380394;female;37.351186167461115;accuracy_first
2;1.0;10.951229101801346;0.9502799638466968;other;0.5;2;2;1, 1;1474474560.973;21_6;;0.8395061728395061;2;1.0;35;12;5;right;2.6866252235713546;experiment;faces\\Sofia.bmp, faces\\David.bmp;1;instructions;right;3348;1, 1;faces;1, 1;5+4/2=7 ?, 4/2+7=9 ?;cheat;2.1130925122852204, 1.75498297426293;0.7654320987654321;faces\\Sofia.bmp, faces\\David.bmp;1-3;4;20;0.32129248590153936;female;37.351186167461115;accuracy_first
1;1.0;4.473503409040404;1.0330085549821888;other;5;0;0;1;1474474585.341;21_6;;0.8414634146341463;1;0.0;36;12;0.5;right;3.2995489294416984;experiment;faces\\Kurt.bmp;1;instructions;right;3348;0;faces;0;8/2-2=1 ?;accuracy;4.144206330275665;0.7560975609756098;faces\\Robert.bmp;1-3;0;20;3.181142177275431;female;37.351186167461115;accuracy_first
3;1.0;10.655116816162717;0.8941651018749326;self;5;3;1;1, 1, 1;1474474602.237;21_6;;0.8470588235294118;3;0.3333333333333333;37;14;0.5;left;3.315025681931729;experiment;faces\\Karen.bmp, faces\\Sarah.bmp, faces\\Kristen.bmp;1;instructions;left;3348;0, 1, 1;faces;0, 1, 1;2x3+3=7 ?, 9/3-1=2 ?, 4/2+1=3 ?;cheat;2.9235636060448087, 3.2935770043904995, 2.16099425208904;0.7411764705882353;faces\\Karen.bmp, faces\\Kristen.bmp, faces\\Sarah.bmp;1-3;4;20;0.3139100346020761;female;37.66509620206319;accuracy_first
1;1.0;2.360329147736138;1.0915316510254343;self;0.5;1;1;1;1474474633.47;21_6;;0.8488372093023255;1;1.0;38;10;5;left;3.18890004041441;experiment;faces\\Haley.bmp;0;instructions;right;3348;0;faces;0;9/3-2=0 ?;cheat;4.1955142791821345;0.7441860465116279;faces\\Haley.bmp;1-3;2;20;3.158464034613304;female;40.82356023667649;accuracy_first
3;1.0;11.409190288358332;1.2255727916617616;self;0.5;3;3;1, 1, 1;1474474648.041;21_6;;0.8539325842696629;3;1.0;39;10;5;left;12.782536640193939;experiment;faces\\Sarah.bmp, faces\\Joseph.bmp, faces\\Kate.bmp;0;instructions;right;3348;1, 1, 1;faces;1, 1, 1;2x3-3=3 ?, 2+6/2=5 ?, 2x4-1=7 ?;cheat;4.1748777834473, 2.4629422144143973, 3.243564653565045;0.7528089887640449;faces\\Sarah.bmp, faces\\Joseph.bmp, faces\\Kate.bmp;1-3;6;20;3.2142406261835625;female;44.03780086286005;accuracy_first
1;1.0;1.5908907528764757;1.3384589849956683;self;5;1;1;1;1474474691.037;21_6;;0.8555555555555555;1;1.0;40;10;0.5;right;3.483466880323249;experiment;faces\\Mark.bmp;0;instructions;left;3348;1;faces;1;2+2x2=6 ?;cheat;2.603672618892233;0.7555555555555555;faces\\Mark.bmp;1-3;2;20;3.2320987654320987;female;47.26989962829215;accuracy_first
3;1.0;21.24408664405064;1.4450989870911144;self;5;2;2;1, 1, 1;1474474703.611;21_6;;0.8602150537634409;3;0.6666666666666666;41;14;0.5;right;2.256852584932858;experiment;faces\\Peter.bmp, faces\\Kelly.bmp, faces\\Damon.bmp;0;instructions;left;3348;1, 0, 1;faces;1, 0, 1;2x2-2=2 ?, 3x3-2=9 ?, 2x3-1=5 ?;cheat;2.1383925948839533, 1.8517224978259037, 2.648287765038731;0.7526881720430108;faces\\Peter.bmp, faces\\Kelly.bmp, faces\\Tony.bmp;1-3;4;20;3.2373684819054227;female;50.50726811019757;accuracy_first
2;1.0;10.001212079602738;1.25837361212416;self;5;2;2;1, 1;1474474743.066;21_6;;0.8631578947368421;2;1.0;42;14;0.5;right;4.599501649489866;experiment;faces\\Regina.bmp, faces\\Tina.bmp;0;instructions;left;3348;0, 0;faces;0, 0;1+6/3=1 ?, 5+6/2=6 ?;cheat;2.7403580394675373, 4.2135602865391775;0.7578947368421053;faces\\Regina.bmp, faces\\Tina.bmp;1-3;4;20;3.270914127423823;female;53.778182237621394;accuracy_first
1;1.0;18.005412068137048;1.7529031518315605;other;0.5;1;1;1;1474474771.849;21_6;;0.8645833333333334;1;1.0;43;14;5;left;3.7857375920202685;experiment;faces\\Mike.bmp;0;instructions;right;3348;0;faces;0;8/4+2=6 ?;cheat;5.354235129995686;0.7604166666666666;faces\\Mike.bmp;1-3;2;20;3.287217881944444;female;53.778182237621394;accuracy_first
2;1.0;5.260823605436599;1.2265548415589365;other;0.5;2;2;1, 1;1474474804.362;21_6;;0.8673469387755102;2;1.0;44;14;5;left;3.2135337446497942;experiment;faces\\Jason.bmp, faces\\Ricky.bmp;1;instructions;left;3348;1, 1;faces;1, 1;1+2x2=5 ?, 4/2+7=9 ?;accuracy;1.9242851915369101, 2.4142944705808986;0.7653061224489796;faces\\Jason.bmp, faces\\Ricky.bmp;1-3;4;20;3.3189296126613907;female;53.778182237621394;accuracy_first
2;1.0;12.589861635363377;1.94642254262817;other;5;2;2;1, 1;1474474824.658;21_6;;0.87;2;1.0;45;12;0.5;right;4.321500487309095;experiment;faces\\Adam.bmp, faces\\Andrea.bmp;0;instructions;left;3348;1, 0;faces;1, 0;9/3+3=6 ?, 3+9/3=8 ?;cheat;1.539627040452615, 2.045009381672571;0.77;faces\\Adam.bmp, faces\\Andrea.bmp;1-3;4;20;3.3495000000000004;female;53.778182237621394;accuracy_first
3;1.0;38.59127791056653;1.3987943612291929;other;0.5;2;2;1, 1, 1;1474474852.878;21_6;;0.8737864077669902;3;0.6666666666666666;46;12;5;right;5.502786190573715;experiment;faces\\Matt.bmp, faces\\Micha.bmp, faces\\Lily.bmp;1;instructions;right;3348;0, 1, 0;faces;0, 1, 0;3+4/2=7 ?, 2x2-3=1 ?, 4/2+2=2 ?;cheat;3.422358250387333, 2.444394388408, 3.0336427291858854;0.7669902912621359;faces\\Regina.bmp, faces\\Micha.bmp, faces\\Lily.bmp;1-3;4;20;0.33509284569704967;female;53.778182237621394;accuracy_first
2;1.0;5.050119580057981;1.6233504215915673;other;5;2;2;1, 1;1474474915.168;21_6;;0.8761904761904762;2;1.0;47;10;0.5;left;2.7800378098054352;experiment;faces\\Bruce.bmp, faces\\Lulu.bmp;1;instructions;left;3348;1, 1;faces;1, 1;1+2x3=7 ?, 2x2-1=3 ?;cheat;2.6275911076891134, 1.9776881802245043;0.7714285714285715;faces\\Bruce.bmp, faces\\Lulu.bmp;1-3;4;20;0.3379591836734694;female;53.778182237621394;accuracy_first
2;0.6666666666666666;6.758759000354075;0.7820433149481687;other;5;3;3;1, 0, 1;1474474935.479;21_6;;0.8703703703703703;3;1.0;48;10;0.5;left;5.406084533438843;experiment;faces\\Julia.bmp, faces\\Kurt.bmp, faces\\Lucia.bmp;1;instructions;left;3348;0, 1, 0;faces;0, 0, 0;5+6/2=9 ?, 8/2-2=2 ?, 2+4/2=5 ?;cheat;3.7268623735808433, 2.337009797850442, 2.106297788671327;0.7777777777777778;faces\\Julia.bmp, faces\\Kurt.bmp, faces\\Lucia.bmp;1-3;6;20;0.338477366255144;female;53.778182237621394;accuracy_first
3;1.0;22.148005713230305;1.5102391530372188;self;5;3;3;1, 1, 1;1474474964.291;21_6;;0.8738738738738738;3;1.0;49;12;0.5;right;3.8502333208998607;experiment;faces\\Casper.bmp, faces\\Emma.bmp, faces\\Gary.bmp;0;instructions;left;3348;1, 0, 1;faces;1, 0, 1;4+2x2=8 ?, 6/3+5=6 ?, 8/2+1=5 ?;cheat;1.714996379686454, 1.7250975148999714, 3.9508691937853655;0.7837837837837838;faces\\Casper.bmp, faces\\Emma.bmp, faces\\Gary.bmp;1-3;6;20;3.4246408570732894;female;57.202823094694686;accuracy_first
2;1.0;4.004106207192308;0.8583586778886456;self;5;2;2;1, 1;1474475007.175;21_6;;0.8761061946902655;2;1.0;50;14;0.5;right;2.688173854328852;experiment;faces\\Maria.bmp, faces\\Peter.bmp;1;instructions;right;3348;1, 1;faces;1, 1;4/2-2=0 ?, 2+2x3=8 ?;accuracy;2.0170639574589586, 2.0150655301549705;0.7876106194690266;faces\\Maria.bmp, faces\\Peter.bmp;1-3;4;20;3.450152713603258;female;60.652975808297946;accuracy_first
1;0.5;10.709819649632664;1.0586384647886007;self;5;2;2;1, 0;1474475024.491;21_6;;0.8695652173913043;2;1.0;51;10;0.5;right;2.35155227584346;experiment;faces\\Mona.bmp, faces\\Chris.bmp;0;instructions;left;3348;1, 0;faces;1, 1;3x3-6=3 ?, 2x4+1=7 ?;cheat;2.6009508366360024, 1.9836222388476017;0.7913043478260869;faces\\Mona.bmp, faces\\Chris.bmp;1-3;4;20;3.440453686200378;female;64.09342949449832;accuracy_first
1;1.0;1.554323815294083;1.6989077481784989;self;5;1;1;1;1474475048.795;21_6;;0.8706896551724138;1;1.0;52;14;0.5;left;4.593244133711778;experiment;faces\\Karen.bmp;1;instructions;left;3348;1;faces;1;2x3-2=4 ?;cheat;2.8063553314877936;0.7931034482758621;faces\\Karen.bmp;1-3;2;20;0.34527348394768137;female;64.438702978446;accuracy_first
2;1.0;24.673918028737717;1.978217956330809;self;0.5;1;1;1, 1;1474475062.991;21_6;;0.8728813559322034;2;0.5;53;12;5;left;3.4854907878407175;experiment;faces\\Lena.bmp, faces\\Mike.bmp;0;instructions;right;3348;1, 1;faces;1, 1;2x4-6=2 ?, 3x3-2=7 ?;cheat;2.4516084738697828, 2.4723192868941624;0.788135593220339;faces\\Lena.bmp, faces\\Jonah.bmp;1-3;2;20;3.439744326343005;female;67.878447304789;accuracy_first
2;1.0;7.736690658174666;1.1765170105200013;self;5;2;2;1, 1;1474475103.971;21_6;;0.875;2;1.0;54;14;0.5;right;2.2644895711609934;experiment;faces\\Shane.bmp, faces\\Donald.bmp;0;instructions;left;3348;0, 0;faces;0, 0;3x3-2=5 ?, 8/4+3=3 ?;cheat;2.6322610646057, 3.366272053655848;0.7916666666666666;faces\\Shane.bmp, faces\\Donald.bmp;1-3;4;20;3.463541666666666;female;71.34198897145568;accuracy_first
1;0.5;3.553028924996397;1.365595412429684;other;5;2;2;0, 1;1474475126.669;21_6;;0.8688524590163934;2;1.0;55;10;0.5;left;8.911225874308002;experiment;faces\\Jenny.bmp, faces\\Billy.bmp;1;instructions;left;3348;1, 0;faces;0, 0;6/2+5=8 ?, 4/2-2=2 ?;cheat;2.192375966213149, 2.8078944071639853;0.7950819672131147;faces\\Jenny.bmp, faces\\Billy.bmp;1-3;4;20;0.3454044611663531;female;71.34198897145568;accuracy_first
2;0.6666666666666666;10.643203046867711;1.123903908452121;other;0.5;2;1;0, 1, 1;1474475151.536;21_6;;0.864;3;0.3333333333333333;56;10;5;right;5.630143729637894;experiment;faces\\Robert.bmp, faces\\Oliver.bmp, faces\\Eric.bmp;1;instructions;right;3348;1, 0, 1;faces;0, 0, 1;9/3+2=5 ?, 8/2+2=4 ?, 3x3-9=0 ?;cheat;3.917613268396053, 2.583600580665916, 2.15905634029059;0.784;faces\\Kenny.bmp, faces\\Oliver.bmp, faces\\Robert.bmp;1-3;3;20;0.338688;female;71.34198897145568;accuracy_first
3;1.0;18.30006278041492;1.008858974803843;other;5;2;1;1, 1, 1;1474475185.482;21_6;;0.8671875;3;0.3333333333333333;57;10;0.5;left;5.414928998677169;experiment;faces\\James.bmp, faces\\Joshua.bmp, faces\\Lisa.bmp;1;instructions;left;3348;0, 0, 0;faces;0, 0, 0;6/3+4=5 ?, 3+6/2=8 ?, 6/3+6=9 ?;cheat;3.668951156553703, 3.7128641812605565, 2.1796570929482186;0.7734375;faces\\James.bmp, faces\\Lisa.bmp, faces\\Olga.bmp;1-3;3;20;0.335357666015625;female;71.34198897145568;accuracy_first
2;1.0;10.493895365503704;1.4695681316143236;other;0.5;2;2;1, 1;1474475227.681;21_6;;0.8692307692307693;2;1.0;58;10;5;right;3.2642319378910543;experiment;faces\\Erica.bmp, faces\\George.bmp;1;instructions;right;3348;1, 0;faces;1, 0;9/3+3=6 ?, 3x3-9=2 ?;cheat;3.5115666013853115, 2.2423147075332963;0.7769230769230769;faces\\Erica.bmp, faces\\George.bmp;1-3;4;20;0.3376627218934911;female;71.34198897145568;accuracy_first
3;1.0;34.79735515383345;0.7001166427553471;other;0.5;3;1;1, 1, 1;1474475254.483;21_6;;0.8721804511278195;3;0.3333333333333333;59;14;5;left;3.1542150997165663;experiment;faces\\Emma.bmp, faces\\Nina.bmp, faces\\Andrea.bmp;1;instructions;left;3348;0, 1, 1;faces;0, 1, 1;3+2x2=8 ?, 2x2-4=0 ?, 5+8/2=9 ?;accuracy;3.861596434468993, 2.1536598433958716, 2.2103250072013907;0.7669172932330827;faces\\Nina.bmp, faces\\Emma.bmp, faces\\Andrea.bmp;1-3;4;20;3.3444513539487812;female;71.34198897145568;accuracy_first
2;1.0;5.677444561071752;0.8745694020853989;other;5;2;2;1, 1;1474475309.287;21_6;;0.8740740740740741;2;1.0;60;12;0.5;right;2.5043128800361956;experiment;faces\\Leslie.bmp, faces\\Emily.bmp;1;instructions;right;3348;1, 0;faces;1, 0;3x3-4=5 ?, 3+8/2=6 ?;accuracy;3.228906452935007, 2.450282441089257;0.7703703703703704;faces\\Leslie.bmp, faces\\Emily.bmp;1-3;4;20;3.366803840877915;female;71.34198897145568;accuracy_first
2;1.0;5.768697699207223;1.9554832357889609;self;0.5;1;1;1, 1;1474475329.926;21_6;;0.8759124087591241;2;0.5;61;10;5;right;4.871582908722303;experiment;faces\\Jane.bmp, faces\\Angie.bmp;1;instructions;right;3348;0, 1;faces;0, 1;4x2-3=6 ?, 9/3+2=5 ?;cheat;4.246784007768838, 2.5482163496626526;0.7664233576642335;faces\\Emma.bmp, faces\\Angie.bmp;1-3;2;20;0.33565986467046727;female;71.67764883612614;accuracy_first
1;1.0;1.5863630604853824;1.7028433794976081;self;0.5;1;1;1;1474475360.113;21_6;;0.8768115942028986;1;1.0;62;14;5;left;2.9210322176068075;experiment;faces\\Liam.bmp;0;instructions;right;3348;0;faces;0;9/3-1=1 ?;cheat;2.5603597947711023;0.7681159420289855;faces\\Liam.bmp;1-3;2;20;3.36746481831548;female;75.04511365444162;accuracy_first
1;0.5;22.537317896098102;0.8920852794435632;self;0.5;2;2;1, 0;1474475372.531;21_6;;0.8714285714285714;2;1.0;63;10;5;right;3.3623548247142026;experiment;faces\\Ricky.bmp, faces\\Daniel.bmp;1;instructions;right;3348;1, 1;faces;1, 0;3x3-5=4 ?, 6/2-1=2 ?;cheat;3.0635621621659084, 2.564296841656869;0.7714285714285715;faces\\Ricky.bmp, faces\\Daniel.bmp;1-3;4;20;0.33612244897959187;female;75.38123610342122;accuracy_first
1;1.0;1.6943627150867542;0.9668488266006534;self;5;1;1;1;1474475413.342;21_6;;0.8723404255319149;1;1.0;64;10;0.5;right;8.935386779024157;experiment;faces\\Julia.bmp;0;instructions;left;3348;1;faces;1;4x2-2=6 ?;cheat;2.370952627328734;0.7730496453900709;faces\\Julia.bmp;1-3;2;20;3.371812283084352;female;78.75304838650557;accuracy_first
2;1.0;10.414735065941386;1.0089531100366003;self;5;1;1;1, 1;1474475430.986;21_6;;0.8741258741258742;2;0.5;65;10;0.5;right;2.8912536335847108;experiment;faces\\Kurt.bmp, faces\\Daniel.bmp;0;instructions;left;3348;0, 1;faces;0, 1;2x2-1=1 ?, 3x2-3=3 ?;cheat;2.704324063018248, 3.3068985554837127;0.7692307692307693;faces\\Kurt.bmp, faces\\Niclas.bmp;1-3;2;20;3.362022592791824;female;82.1150709792974;accuracy_first
1;1.0;2.1521706664698286;1.1835003584928927;self;0.5;1;1;1;1474475456.836;21_6;;0.875;1;1.0;66;14;5;left;6.0634602413119865;experiment;faces\\Victor.bmp;1;instructions;left;3348;1;faces;1;4/2+4=6 ?;accuracy;2.94025845429951;0.7708333333333334;faces\\Victor.bmp;1-3;2;20;3.372395833333334;female;85.48746681263073;accuracy_first
1;1.0;1.3702321035116256;1.44891854188063;other;5;1;1;1;1474475473.107;21_6;;0.8758620689655172;1;1.0;67;14;0.5;left;1.5108630643780998;experiment;faces\\Donald.bmp;0;instructions;right;3348;0;faces;0;2x4-4=3 ?;accuracy;2.736928827393058;0.7724137931034483;faces\\Donald.bmp;1-3;2;20;0.33826397146254455;female;85.48746681263073;accuracy_first
2;1.0;20.26158695016693;1.0450808678269823;other;5;1;1;1, 1;1474475484.121;21_6;;0.8775510204081632;2;0.5;68;10;0.5;right;3.894785474296441;experiment;faces\\Jane.bmp, faces\\Jeff.bmp;0;instructions;left;3348;0, 1;faces;0, 1;3x3-5=5 ?, 4/2+1=3 ?;cheat;2.8795829879945813, 3.0995784440219722;0.7687074829931972;faces\\Robert.bmp, faces\\Jeff.bmp;1-3;2;20;3.3729001804803547;female;85.48746681263073;accuracy_first
2;1.0;26.6397794970635;1.6571092273052273;other;0.5;1;1;1, 1;1474475521.516;21_6;;0.8791946308724832;2;0.5;69;12;5;right;2.8848028928532585;experiment;faces\\Noah.bmp, faces\\Mary.bmp;1;instructions;right;3348;0, 1;faces;0, 1;6/2-3=2 ?, 2+2x3=8 ?;cheat;2.3443109407080556, 2.5776746615556476;0.7651006711409396;faces\\Casper.bmp, faces\\Mary.bmp;1-3;2;20;0.3363362010720238;female;85.48746681263073;accuracy_first
3;1.0;14.558332702226835;1.833749392190839;other;5;3;3;1, 1, 1;1474475563.607;21_6;;0.881578947368421;3;1.0;70;10;0.5;left;2.9329074126899286;experiment;faces\\Mary.bmp, faces\\Kiki.bmp, faces\\Lulu.bmp;1;instructions;left;3348;0, 0, 1;faces;0, 0, 1;3x3-7=3 ?, 6/2-2=3 ?, 2x2-1=3 ?;cheat;2.796365318315111, 2.4036009204019138, 2.3782551857539147;0.7697368421052632;faces\\Mary.bmp, faces\\Kiki.bmp, faces\\Lulu.bmp;1-3;6;20;0.3392918975069252;female;85.48746681263073;accuracy_first
3;1.0;8.507960089492371;1.4921927917894209;other;5;3;3;1, 1, 1;1474475598.24;21_6;;0.8838709677419355;3;1.0;71;10;0.5;right;0.8377232438288047;experiment;faces\\Micha.bmp, faces\\Scott.bmp, faces\\Matt.bmp;0;instructions;left;3348;0, 0, 0;faces;0, 0, 0;2x4-7=3 ?, 4+6/3=4 ?, 2x4-7=0 ?;cheat;2.354392257978361, 4.650857019904834, 2.007739260974631;0.7741935483870968;faces\\Micha.bmp, faces\\Scott.bmp, faces\\Matt.bmp;1-3;6;20;3.421436004162331;female;85.48746681263073;accuracy_first
1;1.0;1.1508655133102366;1.6137758774566464;other;0.5;1;1;1;1474475625.744;21_6;;0.8846153846153846;1;1.0;72;14;5;left;2.0143273117455465;experiment;faces\\Lily.bmp;1;instructions;left;3348;1;faces;1;3x3-1=8 ?;accuracy;2.2570040506461737;0.7756410256410257;faces\\Lily.bmp;1-3;2;20;3.4307199211045365;female;85.48746681263073;accuracy_first
1;1.0;4.302827737476946;2.4304082284097603;self;0.5;1;1;1;1474475641.095;21_6;;0.8853503184713376;1;1.0;73;14;5;left;1.200334640137953;experiment;faces\\Kiki.bmp;0;instructions;right;3348;0;faces;0;8/2+3=6 ?;cheat;2.6243133613279497;0.7770700636942676;faces\\Kiki.bmp;1-3;2;20;3.4398961418313116;female;88.92736295446204;accuracy_first
3;1.0;23.57279201563324;1.1254313056988394;self;5;3;3;1, 1, 1;1474475658.24;21_6;;0.8875;3;1.0;74;12;0.5;right;1.4202858596845545;experiment;faces\\Noah.bmp, faces\\Emily.bmp, faces\\Molly.bmp;1;instructions;right;3348;0, 1, 1;faces;0, 1, 1;3x3-8=3 ?, 9/3-2=1 ?, 4x2-2=6 ?;accuracy;2.255076047820694, 4.027509783340065, 2.585767106601452;0.78125;faces\\Noah.bmp, faces\\Emily.bmp, faces\\Molly.bmp;1-3;6;20;3.466796875;female;92.39415982946204;accuracy_first
3;1.0;5.9514785955589105;1.2986167782955818;self;5;3;3;1, 1, 1;1474475700.954;21_6;;0.8895705521472392;3;1.0;75;10;0.5;right;1.9014138687380182;experiment;faces\\Micha.bmp, faces\\Donna.bmp, faces\\Jonah.bmp;1;instructions;right;3348;1, 0, 1;faces;1, 0, 1;4+6/2=7 ?, 6/2-1=1 ?, 3x3-9=0 ?;accuracy;2.3002683915819944, 2.311029181214508, 1.5696522870975969;0.7852760736196319;faces\\Micha.bmp, faces\\Donna.bmp, faces\\Jonah.bmp;1-3;6;20;3.49279235198916;female;95.8869521814512;accuracy_first
2;1.0;5.212956193142418;1.2911747864800418;self;5;2;2;1, 1;1474475723.981;21_6;;0.8909090909090909;2;1.0;76;12;0.5;right;1.1447750344868837;experiment;faces\\Olga.bmp, faces\\Joan.bmp;0;instructions;left;3348;0, 1;faces;0, 1;2x3+3=7 ?, 9/3+4=7 ?;cheat;1.8634320715200374, 2.0590422553959797;0.7878787878787878;faces\\Olga.bmp, faces\\Joan.bmp;1-3;4;20;3.5096418732782366;female;99.39659405472945;accuracy_first
2;1.0;8.782574152729467;1.1486929712127676;self;5;2;2;1, 1;1474475742.748;21_6;;0.8922155688622755;2;1.0;77;10;0.5;right;1.4749026974341177;experiment;faces\\Steve.bmp, faces\\Britt.bmp;0;instructions;left;3348;0, 1;faces;0, 1;6+6/3=7 ?, 2x4-2=6 ?;cheat;3.9228692702254193, 2.8209501854744303;0.7904191616766467;faces\\Steve.bmp, faces\\Britt.bmp;1-3;4;20;3.526121409874861;female;102.92271546460431;accuracy_first
1;1.0;1.1231409176125453;1.6577688817224043;self;5;1;1;1;1474475766.602;21_6;;0.8928571428571429;1;1.0;78;14;0.5;right;3.5708158835150243;experiment;faces\\Lily.bmp;0;instructions;left;3348;0;faces;0;2x2-3=0 ?;cheat;2.7875856152868437;0.7916666666666666;faces\\Lily.bmp;1-3;2;20;3.5342261904761907;female;106.4569416550805;accuracy_first
2;1.0;4.028995775239309;1.5265574603581626;other;0.5;2;2;1, 1;1474475779.332;21_6;;0.8941176470588236;2;1.0;79;14;5;left;1.5510595168243526;experiment;faces\\Nathan.bmp, faces\\Joan.bmp;1;instructions;left;3348;0, 1;faces;0, 1;2x4-4=5 ?, 2x3+1=7 ?;accuracy;1.68771485659272, 2.0430835021979874;0.7941176470588235;faces\\Nathan.bmp, faces\\Joan.bmp;1-3;4;20;3.5501730103806226;female;106.4569416550805;accuracy_first
2;1.0;9.747224249236751;1.3915261303127409;other;5;2;2;1, 1;1474475797.975;21_6;;0.8953488372093024;2;1.0;80;12;0.5;right;0.7396732587285442;experiment;faces\\Diana.bmp, faces\\Jake.bmp;1;instructions;right;3348;0, 1;faces;0, 1;2x2+1=7 ?, 3x3-3=6 ?;accuracy;1.8530573779025872, 2.177712103313752;0.7965116279069767;faces\\Diana.bmp, faces\\Jake.bmp;1-3;4;20;3.5657787993510004;female;106.4569416550805;accuracy_first
1;1.0;5.435400580807254;2.0350540499030103;other;5;1;1;1;1474475819.504;21_6;;0.8959537572254336;1;1.0;81;10;0.5;right;3.6235468315708204;experiment;faces\\Wendy.bmp;1;instructions;right;3348;0;faces;0;3x3-1=7 ?;accuracy;2.2042847810225794;0.7976878612716763;faces\\Wendy.bmp;1-3;2;20;3.5734571819973944;female;106.4569416550805;accuracy_first
1;1.0;3.2056065671004035;1.2252595973704956;other;0.5;1;1;1;1474475836.884;21_6;;0.896551724137931;1;1.0;82;10;5;right;2.304188805551348;experiment;faces\\Vicky.bmp;1;instructions;right;3348;0;faces;0;2x3-3=4 ?;cheat;2.57360950581824;0.7988505747126436;faces\\Vicky.bmp;1-3;2;20;0.3581054300435989;female;106.4569416550805;accuracy_first
3;1.0;16.103026058472096;1.0435704573910698;other;5;3;3;1, 1, 1;1474475849.894;21_6;;0.8983050847457628;3;1.0;83;14;0.5;right;1.038952168684773;experiment;faces\\Jane.bmp, faces\\Nicole.bmp, faces\\Niclas.bmp;0;instructions;left;3348;1, 0, 0;faces;1, 0, 0;2+4/2=4 ?, 2x4-3=7 ?, 2x3-4=0 ?;cheat;2.3377013025337874, 2.274954507201983, 1.9510461397121617;0.8022598870056498;faces\\Jane.bmp, faces\\Nicole.bmp, faces\\Niclas.bmp;1-3;6;20;3.6033706789236812;female;106.4569416550805;accuracy_first
3;1.0;14.182294648942843;1.1251552700514367;other;0.5;3;3;1, 1, 1;1474475882.264;21_6;;0.9;3;1.0;84;10;5;right;2.7228506555138665;experiment;faces\\Adam.bmp, faces\\Wendy.bmp, faces\\Will.bmp;1;instructions;right;3348;1, 1, 1;faces;1, 1, 1;9/3+4=7 ?, 9/3-2=1 ?, 6/2+2=5 ?;cheat;2.6963590190398463, 4.0996131254241845, 2.4702656524605118;0.8055555555555556;faces\\Adam.bmp, faces\\Wendy.bmp, faces\\Will.bmp;1-3;6;20;0.36250000000000004;female;106.4569416550805;accuracy_first
0;0.0;1.8922731960192323;2.6390593271380567;self;5;1;1;0;1474475917.255;21_6;;0.8950276243093923;1;1.0;85;12;0.5;right;12.748377582790454;experiment;faces\\Rachel.bmp;1;instructions;right;3348;1;faces;0;6+8/4=8 ?;accuracy;2.966890585839792;0.8066298342541437;faces\\Rachel.bmp;1-3;2;20;3.609779921247825;female;110.06672157632832;accuracy_first
1;1.0;1.542865504816291;1.200089393082635;self;5;1;1;1;1474475941.263;21_6;;0.8956043956043956;1;1.0;86;14;0.5;right;1.3413991185261693;experiment;faces\\Alex.bmp;1;instructions;right;3348;1;faces;1;3x3-3=6 ?;accuracy;2.9648910968589917;0.8076923076923077;faces\\Alex.bmp;1-3;2;20;3.6168639053254443;female;113.68358548165376;accuracy_first
3;1.0;32.24687778910993;1.7271136367980944;self;0.5;2;2;1, 1, 1;1474475952.23;21_6;;0.8972972972972973;3;0.6666666666666666;87;10;5;right;2.618371870977171;experiment;faces\\Joshua.bmp, faces\\Greg.bmp, faces\\Simon.bmp;1;instructions;right;3348;0, 1, 0;faces;0, 1, 0;3x3-4=6 ?, 6/2+3=6 ?, 2x3-1=7 ?;cheat;2.481624873218607, 2.484952872222493, 2.408287864128397;0.8054054054054054;faces\\Benny.bmp, faces\\Greg.bmp, faces\\Simon.bmp;1-3;4;20;0.3613440467494522;female;114.04492952840322;accuracy_first
1;1.0;3.0849704960355666;1.4515748541434732;self;0.5;1;1;1;1474476003.772;21_6;;0.8978494623655914;1;1.0;88;14;5;right;2.0857607365478543;experiment;faces\\Mike.bmp;1;instructions;right;3348;1;faces;1;4+2x2=8 ?;cheat;1.5737492931002635;0.8064516129032258;faces\\Mike.bmp;1-3;2;20;0.3620360735345126;female;114.40696560193773;accuracy_first
2;1.0;16.76887393735069;1.6729129758687122;self;0.5;2;2;1, 1;1474476015.363;21_6;;0.898936170212766;2;1.0;89;14;5;left;1.127527761046622;experiment;faces\\Jane.bmp, faces\\Sofia.bmp;0;instructions;right;3348;0, 0;faces;0, 0;4/2+1=4 ?, 3x3-1=6 ?;cheat;2.0070820838000145, 1.8377168737761167;0.8085106382978723;faces\\Jane.bmp, faces\\Sofia.bmp;1-3;4;20;3.633997283838841;female;118.04096288577657;accuracy_first
1;1.0;3.7309569023427684;3.0907654751599694;self;0.5;1;1;1;1474476044.364;21_6;;0.8994708994708994;1;1.0;90;12;5;right;1.6182126196417812;experiment;faces\\Niclas.bmp;1;instructions;right;3348;1;faces;1;2x3-6=0 ?;cheat;2.272312704505566;0.8095238095238095;faces\\Niclas.bmp;1-3;2;20;0.36407155454774504;female;118.40503444032431;accuracy_first
3;1.0;4.872815867945064;1.3245170614809467;other;5;3;3;1, 1, 1;1474476058.591;21_6;;0.9010416666666666;3;1.0;91;12;0.5;right;3.001898275909298;experiment;faces\\Nathan.bmp, faces\\Lucas.bmp, faces\\Megan.bmp;1;instructions;right;3348;1, 1, 1;faces;1, 1, 1;8/2-2=2 ?, 2x2+4=8 ?, 5+2x2=9 ?;accuracy;3.17423016135308, 1.4384118466014115, 1.7398866555167842;0.8125;faces\\Nathan.bmp, faces\\Lucas.bmp, faces\\Megan.bmp;1-3;6;20;3.660481770833333;female;118.40503444032431;accuracy_first
2;1.0;6.17474153508374;1.5137830260728151;other;5;2;2;1, 1;1474476081.772;21_6;;0.9020618556701031;2;1.0;92;10;0.5;left;4.012862199466326;experiment;faces\\Fiona.bmp, faces\\Noah.bmp;1;instructions;left;3348;1, 0;faces;1, 0;2x3-3=3 ?, 2x4+1=8 ?;cheat;3.162237474174617, 2.202943177000634;0.8144329896907216;faces\\Fiona.bmp, faces\\Noah.bmp;1-3;4;20;0.36733446699968114;female;118.40503444032431;accuracy_first
1;1.0;2.057118145379718;1.241789532020448;other;0.5;1;1;1;1474476104.533;21_6;;0.9025641025641026;1;1.0;93;10;5;right;1.0416098965151832;experiment;faces\\Wendy.bmp;1;instructions;right;3348;1;faces;1;6+4/2=8 ?;cheat;2.2690742401409807;0.8153846153846154;faces\\Wendy.bmp;1-3;2;20;0.36796844181459565;female;118.40503444032431;accuracy_first
2;1.0;6.312715829794797;1.8690886789281649;other;0.5;2;2;1, 1;1474476115.0;21_6;;0.9035532994923858;2;1.0;94;12;5;left;0.8954529143347827;experiment;faces\\Chloe.bmp, faces\\Tanya.bmp;0;instructions;right;3348;0, 1;faces;0, 1;3x3-2=8 ?, 4/2-1=1 ?;cheat;2.503698523775711, 2.7062679909777216;0.817258883248731;faces\\Chloe.bmp, faces\\Tanya.bmp;1-3;4;20;3.692184802494267;female;118.40503444032431;accuracy_first
1;1.0;4.934796487411404;1.2245588914975087;other;0.5;1;1;1;1474476134.906;21_6;;0.9040404040404041;1;1.0;95;12;5;right;0.6637216966146298;experiment;faces\\Liam.bmp;1;instructions;right;3348;1;faces;1;2x4-2=6 ?;cheat;1.76631636091588;0.8181818181818182;faces\\Liam.bmp;1-3;2;20;0.3698347107438017;female;118.40503444032431;accuracy_first
1;1.0;3.8087462248586235;1.30021884672351;other;0.5;1;1;1;1474476147.121;21_6;;0.9045226130653267;1;1.0;96;14;5;left;2.9662790607144416;experiment;faces\\Jeff.bmp;0;instructions;right;3348;1;faces;1;6+8/4=8 ?;cheat;2.1383189853777367;0.8190954773869347;faces\\Jeff.bmp;1-3;2;20;3.704451907780107;female;118.40503444032431;accuracy_first
3;1.0;13.341043457211526;1.6457588538432901;self;0.5;2;2;1, 1, 1;1474476160.85;21_6;;0.905940594059406;3;0.6666666666666666;97;14;5;left;0.9096807824689677;experiment;faces\\Eric.bmp, faces\\Tony.bmp, faces\\Anders.bmp;0;instructions;right;3348;1, 1, 0;faces;1, 1, 0;2x4-5=3 ?, 6+4/2=8 ?, 4/2-1=3 ?;cheat;2.7802965047521866, 4.460215477673046, 3.0569709263681943;0.8168316831683168;faces\\Eric.bmp, faces\\Bobby.bmp, faces\\Anders.bmp;1-3;4;20;3.700004901480247;female;122.10503934180456;accuracy_first
2;1.0;8.646529276411457;1.0018126340801246;self;0.5;2;2;1, 1;1474476194.625;21_6;;0.9068627450980392;2;1.0;98;12;5;left;0.8991135716814824;experiment;faces\\George.bmp, faces\\Julian.bmp;1;instructions;left;3348;1, 1;faces;1, 1;2x3-4=2 ?, 2+8/2=6 ?;accuracy;1.653061058377716, 3.081593659956525;0.8186274509803921;faces\\George.bmp, faces\\Julian.bmp;1-3;4;20;3.711913687043445;female;125.816953028848;accuracy_first
2;1.0;3.7907943527352472;1.4051180547839976;self;0.5;2;2;1, 1;1474476215.873;21_6;;0.9077669902912622;2;1.0;99;14;5;left;1.4762711972371108;experiment;faces\\Shane.bmp, faces\\Benny.bmp;0;instructions;right;3348;1, 1;faces;1, 1;4+4/2=6 ?, 9/3-3=0 ?;cheat;2.4369329325390936, 2.506284411559136;0.8203883495145631;faces\\Shane.bmp, faces\\Benny.bmp;1-3;4;20;3.723607314544255;female;129.54056034339226;accuracy_first
2;1.0;5.548102042592291;1.0573694085978786;self;5;2;2;1, 1;1474476233.22;21_6;;0.9086538461538461;2;1.0;100;10;0.5;left;0.9082446893216911;experiment;faces\\Julia.bmp, faces\\Linda.bmp;1;instructions;left;3348;1, 1;faces;1, 1;6+6/2=9 ?, 4x2-1=7 ?;cheat;2.8582528642236866, 2.414847957442362;0.8221153846153846;faces\\Julia.bmp, faces\\Linda.bmp;1-3;4;20;0.37350915310650884;female;129.91406949649877;accuracy_first
2;1.0;6.925372347314806;1.2495425947772674;self;0.5;2;2;1, 1;1474476251.644;21_6;;0.9095238095238095;2;1.0;101;14;5;right;1.3496812496059647;experiment;faces\\Sonya.bmp, faces\\Anders.bmp;1;instructions;right;3348;0, 0;faces;0, 0;4/2+4=7 ?, 6+9/3=8 ?;cheat;2.8735774432161634, 2.7655859281276207;0.8238095238095238;faces\\Sonya.bmp, faces\\Anders.bmp;1-3;4;20;0.37463718820861674;female;130.2887066847074;accuracy_first
1;1.0;2.611839735119247;1.9221402530047271;self;0.5;1;1;1;1474476272.456;21_6;;0.909952606635071;1;1.0;102;10;5;right;1.6966619504682967;experiment;faces\\Nina.bmp;1;instructions;right;3348;1;faces;1;3x3-1=8 ?;cheat;2.5956056540599093;0.8246445497630331;faces\\Nina.bmp;1-3;2;20;0.3751937288021383;female;130.66390041350954;accuracy_first
1;1.0;2.8828989546746016;1.048845569380319;other;5;1;1;1;1474476284.92;21_6;;0.910377358490566;1;1.0;103;10;0.5;left;0.5977474075652935;experiment;faces\\Justin.bmp;1;instructions;left;3348;0;faces;0;8/2-2=1 ?;cheat;4.32960779581299;0.8254716981132075;faces\\Justin.bmp;1-3;2;20;0.3757453720185119;female;130.66390041350954;accuracy_first
1;1.0;1.8228994218115986;1.7303418382989548;other;5;1;1;1;1474476297.307;21_6;;0.9107981220657277;1;1.0;104;10;0.5;left;2.7635383098549937;experiment;faces\\George.bmp;1;instructions;left;3348;0;faces;0;3x3-8=3 ?;cheat;2.636880768879564;0.8262910798122066;faces\\George.bmp;1-3;2;20;0.3762921818863101;female;130.66390041350954;accuracy_first
2;1.0;11.718454964784542;1.8050643340002352;other;0.5;2;2;1, 1;1474476310.131;21_6;;0.9116279069767442;2;1.0;105;14;5;left;0.8074506267785182;experiment;faces\\Brian.bmp, faces\\James.bmp;0;instructions;right;3348;0, 0;faces;0, 0;6+6/3=7 ?, 3+8/2=5 ?;cheat;2.713744664195474, 3.9315534224524527;0.827906976744186;faces\\Brian.bmp, faces\\James.bmp;1-3;4;20;3.7737155219037315;female;130.66390041350954;accuracy_first
3;1.0;7.038850601721606;1.0607766793755218;other;0.5;3;3;1, 1, 1;1474476336.683;21_6;;0.9128440366972477;3;1.0;106;14;5;left;1.0642090764768;experiment;faces\\Jacob.bmp, faces\\Gary.bmp, faces\\Linda.bmp;0;instructions;right;3348;1, 1, 1;faces;1, 1, 1;8/2-2=2 ?, 3x3-9=0 ?, 6/2-1=2 ?;cheat;3.012873524005954, 1.6677125350615825, 1.967787347799458;0.8302752293577982;faces\\Jacob.bmp, faces\\Gary.bmp, faces\\Linda.bmp;1-3;6;20;3.789558959683528;female;130.66390041350954;accuracy_first
3;1.0;10.701974221101409;0.9168010865896576;other;0.5;3;3;1, 1, 1;1474476360.458;21_6;;0.9140271493212669;3;1.0;107;14;5;left;0.7113665109309295;experiment;faces\\Greg.bmp, faces\\Victor.bmp, faces\\Lisa.bmp;1;instructions;left;3348;1, 1, 0;faces;1, 1, 0;4+8/4=6 ?, 3x2-5=1 ?, 4/2+1=4 ?;accuracy;4.044310445258816, 1.977636512013305, 2.777587108710577;0.832579185520362;faces\\Greg.bmp, faces\\Victor.bmp, faces\\Lisa.bmp;1-3;6;20;3.8049998976269936;female;130.66390041350954;accuracy_first
1;1.0;1.5190294728208755;2.20760570218863;other;0.5;1;1;1;1474476389.178;21_6;;0.9144144144144144;1;1.0;108;14;5;left;0.6799044633544327;experiment;faces\\Milla.bmp;1;instructions;left;3348;0;faces;0;2+6/3=3 ?;accuracy;2.561080318587301;0.8333333333333334;faces\\Milla.bmp;1-3;2;20;3.8100600600600605;female;130.66390041350954;accuracy_first
3;1.0;9.339960902027997;0.7487021016213475;self;5;3;3;1, 1, 1;1474476399.927;21_6;;0.9155555555555556;3;1.0;109;12;0.5;right;5.676196030607571;experiment;faces\\Erin.bmp, faces\\Lisa.bmp, faces\\Julian.bmp;0;instructions;left;3348;0, 0, 0;faces;0, 0, 0;1+3x2=8 ?, 4/2+6=9 ?, 9/3+6=8 ?;cheat;1.5256674223437585, 1.9996397380919007, 1.7183955109521776;0.8355555555555556;faces\\Erin.bmp, faces\\Lisa.bmp, faces\\Julian.bmp;1-3;6;20;3.824987654320988;female;134.48888806783052;accuracy_first
1;1.0;1.2950891842856436;1.866522609088861;self;5;1;1;1;1474476429.631;21_6;;0.915929203539823;1;1.0;110;14;0.5;right;1.1043634157931592;experiment;faces\\Amanda.bmp;0;instructions;left;3348;0;faces;0;4+6/2=9 ?;cheat;4.570173569798499;0.8362831858407079;faces\\Amanda.bmp;1-3;2;20;3.8298809617041267;female;138.31876902953465;accuracy_first
2;1.0;10.485071072101164;1.1158914429661309;self;0.5;2;2;1, 1;1474476442.548;21_6;;0.9166666666666666;2;1.0;111;14;5;left;0.7924480893725558;experiment;faces\\Keith.bmp, faces\\Eddie.bmp;1;instructions;left;3348;1, 0;faces;1, 0;2+2x2=6 ?, 6/2+6=8 ?;accuracy;2.1776321237548473, 1.7850846615483533;0.8377192982456141;faces\\Keith.bmp, faces\\Eddie.bmp;1-3;4;20;3.8395467836257313;female;142.15831581316039;accuracy_first
1;0.5;7.323514485855412;1.6052081556499616;self;0.5;2;2;0, 1;1474476464.436;21_6;;0.9130434782608695;2;1.0;112;14;5;right;0.7157066406389276;experiment;faces\\Susan.bmp, faces\\Zach.bmp;0;instructions;left;3348;0, 1;faces;1, 1;4x2-4=6 ?, 8/4+5=7 ?;accuracy;3.9742777244182435, 2.798234928985039;0.8391304347826087;faces\\Susan.bmp, faces\\Zach.bmp;1-3;4;20;0.3830812854442344;female;142.54139709860462;accuracy_first
3;1.0;19.94689109544379;1.1160871451611456;self;5;2;2;1, 1, 1;1474476486.464;21_6;;0.9141630901287554;3;0.6666666666666666;113;14;0.5;right;1.1704969561760663;experiment;faces\\Lucas.bmp, faces\\Brian.bmp, faces\\Leslie.bmp;0;instructions;left;3348;0, 1, 0;faces;0, 1, 0;1+3x2=9 ?, 8/4+4=6 ?, 2x4-6=1 ?;cheat;2.8324021258995344, 4.470263175216132, 3.058323147145529;0.8369098712446352;faces\\Lucas.bmp, faces\\Tony.bmp, faces\\Leslie.bmp;1-3;4;20;3.8253605702812727;female;146.3667576688859;accuracy_first
2;1.0;4.205513847434304;1.4291090914102824;self;0.5;2;2;1, 1;1474476528.96;21_6;;0.9148936170212766;2;1.0;114;12;5;right;1.45907488422381;experiment;faces\\Tanya.bmp, faces\\Mary.bmp;1;instructions;right;3348;0, 0;faces;0, 0;2x4-2=5 ?, 1+2x3=8 ?;cheat;2.6242762026840865, 2.398256799500814;0.8382978723404255;faces\\Tanya.bmp, faces\\Mary.bmp;1-3;4;20;0.38347668628338616;female;146.75023435516928;accuracy_first
1;1.0;1.175031372513331;1.3303622932471626;other;0.5;1;1;1;1474476546.839;21_6;;0.9152542372881356;1;1.0;115;10;5;right;2.4038132555151606;experiment;faces\\Milla.bmp;1;instructions;right;3348;1;faces;1;3+9/3=6 ?;cheat;3.02024296799118;0.8389830508474576;faces\\Milla.bmp;1-3;2;20;0.38394139615053147;female;146.75023435516928;accuracy_first
2;1.0;5.020719306427964;0.9573754955372351;other;5;2;2;1, 1;1474476558.539;21_6;;0.9159663865546218;2;1.0;116;10;0.5;left;0.9856634870666312;experiment;faces\\Paul.bmp, faces\\Matt.bmp;1;instructions;left;3348;1, 1;faces;1, 1;8/2+5=9 ?, 2x2-2=2 ?;cheat;2.1516585849558396, 2.3362871506824376;0.8403361344537815;faces\\Paul.bmp, faces\\Matt.bmp;1-3;4;20;0.38485982628345455;female;146.75023435516928;accuracy_first
1;0.3333333333333333;17.592993578278765;2.2350984987206175;other;5;3;3;0, 1, 0;1474476575.809;21_6;;0.9087136929460581;3;1.0;117;12;0.5;right;2.9988197706643405;experiment;faces\\Amber.bmp, faces\\Jeff.bmp, faces\\Kiki.bmp;0;instructions;left;3348;1, 0, 1;faces;0, 0, 0;6/3-1=1 ?, 3+4/2=4 ?, 8/4-2=0 ?;cheat;1.3410381488338317, 2.0063226318798115, 3.01293227005317;0.8423236514522822;faces\\Amber.bmp, faces\\Jeff.bmp, faces\\Kiki.bmp;1-3;6;20;3.827155179835058;female;146.75023435516928;accuracy_first
1;1.0;1.2156793909662156;1.2169933914237845;other;0.5;1;1;1;1474476612.689;21_6;;0.9090909090909091;1;1.0;118;10;5;left;1.0364321047863996;experiment;faces\\Polly.bmp;1;instructions;left;3348;0;faces;0;6+9/3=7 ?;accuracy;2.2083103008717444;0.8429752066115702;faces\\Polly.bmp;1-3;2;20;3.8317054845980465;female;146.75023435516928;accuracy_first
1;1.0;7.295404855821289;1.4803374146504211;other;5;1;1;1;1474476621.987;21_6;;0.9094650205761317;1;1.0;119;12;0.5;right;0.5609546869791302;experiment;faces\\Linda.bmp;0;instructions;left;3348;1;faces;1;8/2+4=8 ?;cheat;2.1696922060982615;0.8436213991769548;faces\\Linda.bmp;1-3;2;20;3.836220765804671;female;146.75023435516928;accuracy_first
2;1.0;6.242000451566128;1.20794225334339;other;5;2;2;1, 1;1474476637.401;21_6;;0.9102040816326531;2;1.0;120;10;0.5;left;0.9003433458774452;experiment;faces\\Jonah.bmp, faces\\David.bmp;1;instructions;left;3348;1, 0;faces;1, 0;2x4-2=6 ?, 2x3-1=4 ?;cheat;2.5243021075675642, 1.5024061107214948;0.8448979591836735;faces\\Jonah.bmp, faces\\David.bmp;1-3;4;20;0.3845147855060392;female;146.75023435516928;accuracy_first
3;1.0;6.016086154264485;1.0323581017519246;self;0.5;3;3;1, 1, 1;1474476655.217;21_6;;0.9112903225806451;3;1.0;121;10;5;right;0.9417210893352603;experiment;faces\\Jonah.bmp, faces\\Regina.bmp, faces\\Joseph.bmp;1;instructions;right;3348;1, 0, 0;faces;1, 0, 0;5+2x2=9 ?, 8/2-1=2 ?, 6/2+6=8 ?;cheat;2.0749376619496616, 4.054941002688793, 2.2675942644036695;0.8467741935483871;faces\\Jonah.bmp, faces\\Regina.bmp, faces\\Joseph.bmp;1-3;6;20;0.38582856399583765;female;147.1360629191651;accuracy_first
2;1.0;16.671525365906746;0.8501866071756012;self;0.5;1;1;1, 1;1474476679.257;21_6;;0.912;2;0.5;122;12;5;left;4.266953366254711;experiment;faces\\Andre.bmp, faces\\Sonya.bmp;1;instructions;left;3348;0, 1;faces;0, 1;3x3-7=1 ?, 6+9/3=9 ?;accuracy;2.743650649284973, 3.3850031956435487;0.844;faces\\Robert.bmp, faces\\Sonya.bmp;1-3;2;20;3.8486399999999996;female;150.9847029191651;accuracy_first
0;0.0;10.599236230598763;1.4134284972124078;self;0.5;2;2;0, 0;1474476712.658;21_6;;0.9047619047619048;2;1.0;123;10;5;right;3.0376222430941198;experiment;faces\\Angie.bmp, faces\\Bruce.bmp;1;instructions;right;3348;1, 1;faces;0, 0;4+6/3=6 ?, 4+6/3=6 ?;cheat;1.78638698357463, 2.4417171965251327;0.8452380952380952;faces\\Angie.bmp, faces\\Bruce.bmp;1-3;4;20;0.38236961451247165;female;151.36707253367757;accuracy_first
2;1.0;18.94009991074836;0.9244023297405874;self;0.5;1;1;1, 1;1474476737.557;21_6;;0.905511811023622;2;0.5;124;12;5;left;0.9569879839555142;experiment;faces\\Alex.bmp, faces\\Robert.bmp;1;instructions;left;3348;0, 1;faces;0, 1;2x2-4=1 ?, 2x3+2=8 ?;accuracy;2.075005255293945, 2.1270418675294422;0.84251968503937;faces\\Alex.bmp, faces\\Timmy.bmp;1-3;2;20;3.814557629115258;female;155.18163016279283;accuracy_first
1;1.0;1.2964056619866824;1.0001744686842358;self;5;1;1;1;1474476768.494;21_6;;0.9058823529411765;1;1.0;125;12;0.5;right;1.0016979731199172;experiment;faces\\Donna.bmp;0;instructions;left;3348;1;faces;1;1+9/3=4 ?;cheat;2.4496648998019737;0.8431372549019608;faces\\Donna.bmp;1-3;2;20;3.8189158016147635;female;159.0005459644076;accuracy_first
1;1.0;1.3356643010174594;0.9421231104824983;self;0.5;1;1;1;1474476778.026;21_6;;0.90625;1;1.0;126;10;5;left;1.199679232422568;experiment;faces\\Carl.bmp;1;instructions;left;3348;1;faces;1;1+3x2=7 ?;accuracy;2.2549451078348284;0.84375;faces\\Carl.bmp;1-3;2;20;3.8232421875;female;162.8237881519076;accuracy_first
1;0.5;10.639996786661868;0.8501646658796744;other;5;1;1;0, 1;1474476788.884;21_6;;0.9031007751937985;2;0.5;127;12;0.5;left;3.7454378031525266;experiment;faces\\Simon.bmp, faces\\Zach.bmp;1;instructions;left;3348;1, 0;faces;0, 0;4x2-8=0 ?, 2x2-3=0 ?;cheat;1.7097467479106854, 2.968268286831517;0.8410852713178295;faces\\Simon.bmp, faces\\Bobby.bmp;1-3;2;20;0.3797923802656091;female;162.8237881519076;accuracy_first
2;1.0;4.86488585925963;0.9266141538346346;other;5;2;2;1, 1;1474476814.531;21_6;;0.9038461538461539;2;1.0;128;14;0.5;right;1.8111859553064278;experiment;faces\\Regina.bmp, faces\\Vicky.bmp;1;instructions;right;3348;0, 0;faces;0, 0;3+8/2=5 ?, 3x2+2=9 ?;accuracy;2.571985496096204, 2.3555728412065946;0.8423076923076923;faces\\Regina.bmp, faces\\Vicky.bmp;1-3;4;20;3.806582840236686;female;162.8237881519076;accuracy_first
2;0.6666666666666666;9.580588960980094;1.6606973368216131;other;0.5;3;0;0, 1, 1;1474476832.597;21_6;;0.9011406844106464;3;0.0;129;10;5;left;5.057338973897458;experiment;faces\\Peter.bmp, faces\\Emma.bmp, faces\\Simon.bmp;1;instructions;left;3348;1, 1, 1;faces;0, 1, 1;8/2-4=0 ?, 2+9/3=5 ?, 2x2-1=3 ?;accuracy;2.3529519181292926, 3.073583317820521, 1.781782142758857;0.8326996197718631;faces\\Simon.bmp, faces\\Peter.bmp, faces\\Emma.bmp;1-3;3;20;3.751897526348509;female;162.8237881519076;accuracy_first
1;1.0;3.283571419976397;1.8017582762922757;other;5;1;1;1;1474476864.048;21_6;;0.9015151515151515;1;1.0;130;14;0.5;right;3.3719325538750127;experiment;faces\\Megan.bmp;0;instructions;left;3348;0;faces;0;3x2-5=3 ?;cheat;2.502931286234343;0.8333333333333334;faces\\Megan.bmp;1-3;2;20;3.7563131313131315;female;162.8237881519076;accuracy_first
2;1.0;2.806171307722252;1.3132066777970977;other;5;2;2;1, 1;1474476878.51;21_6;;0.9022556390977443;2;1.0;131;12;0.5;right;1.2997046418577156;experiment;faces\\Nicole.bmp, faces\\Jeff.bmp;1;instructions;right;3348;1, 0;faces;1, 0;2x2-1=3 ?, 6/3+6=6 ?;accuracy;1.847050417556602, 2.4436069790308466;0.8345864661654135;faces\\Nicole.bmp, faces\\Jeff.bmp;1-3;4;20;3.765051727062016;female;162.8237881519076;accuracy_first
1;1.0;3.6975279238367875;1.9410295846519148;other;5;1;1;1;1474476893.673;21_6;;0.9026217228464419;1;1.0;132;12;0.5;right;1.1530557499991119;experiment;faces\\Hanna.bmp;0;instructions;left;3348;0;faces;0;1+8/4=4 ?;cheat;1.5230164184586101;0.8352059925093633;faces\\Hanna.bmp;1-3;2;20;3.76937535945237;female;162.8237881519076;accuracy_first
3;1.0;15.316247670506527;1.8262260052479178;self;0.5;2;0;1, 1, 1;1474476905.544;21_6;;0.9037037037037037;3;0.0;133;14;5;left;4.270259070071916;experiment;faces\\Lana.bmp, faces\\Thomas.bmp, faces\\Daniel.bmp;1;instructions;left;3348;1, 1, 1;faces;1, 1, 1;4+2x2=8 ?, 6+4/2=8 ?, 3x3-9=0 ?;accuracy;1.415627227306686, 2.1175954322470716, 2.271625446523103;0.825925925925926;faces\\Megan.bmp, faces\\Lana.bmp, faces\\Thomas.bmp;1-3;2;20;3.73196159122085;female;166.55574974312844;accuracy_first
0;0.0;3.6704679370441227;1.8430489623542599;self;0.5;1;1;0;1474476940.784;21_6;;0.9003690036900369;1;1.0;134;12;5;right;1.5150152775113384;experiment;faces\\Olga.bmp;1;instructions;right;3348;1;faces;0;8/2-3=1 ?;cheat;1.9797064254726138;0.8265682656826568;faces\\Olga.bmp;1-3;2;20;0.3721082229272477;female;166.92785796605568;accuracy_first
1;1.0;13.531014020487419;1.9088346270436887;self;5;1;1;1;1474476954.714;21_6;;0.9007352941176471;1;1.0;135;12;0.5;left;1.932372682096684;experiment;faces\\Ella.bmp;1;instructions;left;3348;1;faces;1;9/3+6=9 ?;cheat;1.7077345188235995;0.8272058823529411;faces\\Ella.bmp;1-3;2;20;0.37254676686851207;female;167.3004047329242;accuracy_first
1;1.0;2.210766310345207;1.87578997509263;self;0.5;1;1;1;1474476977.287;21_6;;0.9010989010989011;1;1.0;136;10;5;right;2.1121808868674634;experiment;faces\\David.bmp;1;instructions;right;3348;0;faces;0;4/2+1=2 ?;cheat;3.4795316028967136;0.8278388278388278;faces\\David.bmp;1-3;2;20;0.37298232902628503;female;167.67338706195048;accuracy_first
2;0.6666666666666666;19.94144293033787;1.8362333591203424;self;5;2;2;0, 1, 1;1474476990.968;21_6;;0.8985507246376812;3;0.6666666666666666;137;14;0.5;right;4.486118591991726;experiment;faces\\Emily.bmp, faces\\Lana.bmp, faces\\Alex.bmp;0;instructions;left;3348;0, 1, 0;faces;1, 1, 0;6/3+6=9 ?, 4x2-2=6 ?, 2x2-1=5 ?;cheat;1.9589888885038818, 4.471529400273539, 2.107686106417532;0.8260869565217391;faces\\Emily.bmp, faces\\Lana.bmp, faces\\Casper.bmp;1-3;4;20;3.7114051669817267;female;171.3847922289322;accuracy_first
2;1.0;3.843562459435816;0.9501681340198047;self;0.5;2;2;1, 1;1474477033.789;21_6;;0.8992805755395683;2;1.0;138;12;5;left;3.132778454497384;experiment;faces\\Benny.bmp, faces\\Gary.bmp;1;instructions;left;3348;0, 0;faces;0, 0;2x4-5=1 ?, 4/2-2=2 ?;accuracy;2.243647464259084, 3.000972140925114;0.8273381294964028;faces\\Benny.bmp, faces\\Gary.bmp;1-3;4;20;3.720045546296775;female;175.104837775229;accuracy_first
;;;0.8262433459485692;self;2;;;;1474477063.241;21_6;;;1;;1;12;0.2;right;;controlDotsAccuracy;;1;instructions;right;3348;;faces;;;accuracy;;;;1-3;;20;2;female;;accuracy_first
;;;0.7334638722422824;self;0.2;;;;1474477064.582;21_6;;;1;;2;10;2;left;;controlDotsAccuracy;;1;instructions;left;3348;;faces;;;accuracy;;;;1-3;;20;2;female;;accuracy_first
;;;0.7167205408031805;self;0.2;;;;1474477065.861;21_6;;;1;;3;12;2;left;;controlDotsAccuracy;;1;instructions;left;3348;;faces;;;accuracy;;;;1-3;;20;2;female;;accuracy_first
;;;1.74166000760124;self;0.2;;;;1474477067.109;21_6;;;1;;4;14;2;right;;controlDotsAccuracy;;0;instructions;left;3348;;faces;;;accuracy;;;;1-3;;20;0.2;female;;accuracy_first
;;;1.4029656845223144;self;2;;;;1474477069.371;21_6;;;1;;5;12;0.2;right;;controlDotsAccuracy;;1;instructions;right;3348;;faces;;;accuracy;;;;1-3;;20;2;female;;accuracy_first
;;;0.9499165169117987;self;2;;;;1474477071.306;21_6;;;1;;6;14;0.2;left;;controlDotsAccuracy;;0;instructions;right;3348;;faces;;;accuracy;;;;1-3;;20;0.2;female;;accuracy_first
;;;0.8000249139868174;other;0.2;;;;1474477072.788;21_6;;;1;;7;12;2;left;;controlDotsAccuracy;;1;instructions;left;3348;;faces;;;accuracy;;;;1-3;;20;2;female;;accuracy_first
;;;0.7667268754676115;other;2;;;;1474477074.129;21_6;;;1;;8;14;0.2;right;;controlDotsAccuracy;;1;instructions;right;3348;;faces;;;accuracy;;;;1-3;;20;2;female;;accuracy_first
;;;1.3529784600177663;other;2;;;;1474477075.424;21_6;;;1;;9;12;0.2;right;;controlDotsAccuracy;;1;instructions;right;3348;;faces;;;accuracy;;;;1-3;;20;2;female;;accuracy_first
;;;1.6856357419446795;other;0.2;;;;1474477077.311;21_6;;;1;;10;10;2;left;;controlDotsAccuracy;;1;instructions;left;3348;;faces;;;accuracy;;;;1-3;;20;2;female;;accuracy_first
;;;1.6290010128386712;other;2;;;;1474477079.527;21_6;;;1;;11;12;0.2;right;;controlDotsAccuracy;;1;instructions;right;3348;;faces;;;accuracy;;;;1-3;;20;2;female;;accuracy_first
;;;1.1333365419523034;other;2;;;;1474477081.695;21_6;;;1;;12;10;0.2;right;;controlDotsAccuracy;;1;instructions;right;3348;;faces;;;accuracy;;;;1-3;;20;2;female;;accuracy_first
;;;0.8003391699530766;self;0.2;;;;1474477083.348;21_6;;;1;;13;10;2;left;;controlDotsAccuracy;;1;instructions;left;3348;;faces;;;accuracy;;;;1-3;;20;2;female;;accuracy_first
;;;1.5022932192196095;self;0.2;;;;1474477084.69;21_6;;;1;;14;14;2;left;;controlDotsAccuracy;;1;instructions;left;3348;;faces;;;accuracy;;;;1-3;;20;2;female;;accuracy_first
;;;1.4710190882187817;self;2;;;;1474477095.875;21_6;;;1;;1;12;0.2;left;;controlDotsCheat;;1;instructions;left;3348;;faces;;;cheat;;;;1-3;;20;0.2;female;;accuracy_first
;;;0.9832687008838548;self;2;;;;1474477097.872;21_6;;;1;;2;14;0.2;right;;controlDotsCheat;;0;instructions;left;3348;;faces;;;cheat;;;;1-3;;20;2;female;;accuracy_first
;;;0.7264794625943978;self;0.2;;;;1474477099.385;21_6;;;1;;3;14;2;left;;controlDotsCheat;;0;instructions;right;3348;;faces;;;cheat;;;;1-3;;20;2;female;;accuracy_first
;;;1.2267739006174452;self;2;;;;1474477100.648;21_6;;;1;;4;14;0.2;right;;controlDotsCheat;;0;instructions;left;3348;;faces;;;cheat;;;;1-3;;20;2;female;;accuracy_first
;;;0.9832779020716771;self;2;;;;1474477102.427;21_6;;;1;;5;14;0.2;left;;controlDotsCheat;;1;instructions;left;3348;;faces;;;cheat;;;;1-3;;20;0.2;female;;accuracy_first
;;;1.2683055870320459;self;0.2;;;;1474477103.94;21_6;;;1;;6;12;2;left;;controlDotsCheat;;0;instructions;right;3348;;faces;;;cheat;;;;1-3;;20;2;female;;accuracy_first
;;;2.740359808926769;other;0.2;;;;1474477105.734;21_6;;;1;;7;12;2;right;;controlDotsCheat;;1;instructions;right;3348;;faces;;;cheat;;;;1-3;;20;0.2;female;;accuracy_first
;;;0.7003456107859165;other;2;;;;1474477109.01;21_6;;;1;;8;10;0.2;left;;controlDotsCheat;;1;instructions;left;3348;;faces;;;cheat;;;;1-3;;20;0.2;female;;accuracy_first
;;;0.9666846207801427;other;0.2;;;;1474477110.242;21_6;;;1;;9;14;2;right;;controlDotsCheat;;1;instructions;right;3348;;faces;;;cheat;;;;1-3;;20;0.2;female;;accuracy_first
;;;0.8930560048011102;other;2;;;;1474477111.74;21_6;;;1;;10;14;0.2;right;;controlDotsCheat;;0;instructions;left;3348;;faces;;;cheat;;;;1-3;;20;2;female;;accuracy_first
;;;1.5069773318109583;other;0.2;;;;1474477113.175;21_6;;;1;;11;12;2;right;;controlDotsCheat;;1;instructions;right;3348;;faces;;;cheat;;;;1-3;;20;0.2;female;;accuracy_first
;;;1.4496496824522183;other;0.2;;;;1474477115.203;21_6;;;1;;12;12;2;right;;controlDotsCheat;;1;instructions;right;3348;;faces;;;cheat;;;;1-3;;20;0.2;female;;accuracy_first
;;;1.225531032422623;self;0.2;;;;1474477117.184;21_6;;;1;;13;10;2;right;;controlDotsCheat;;1;instructions;right;3348;;faces;;;cheat;;;;1-3;;20;0.2;female;;accuracy_first
;;;0.6657250784046482;self;2;;;;1474477118.947;21_6;;;1;;14;14;0.2;left;;controlDotsCheat;;1;instructions;left;3348;;faces;;;cheat;;;;1-3;;20;0.2;female;;accuracy_first
;;8.757;;self;0.5;;;;;21_6;;;2;;1;14;5;;;qStress;faces\\Erica.bmp, faces\\Tony.bmp;;instructions;left;3348;1, 1;faces;;5+4/2=7 ?, 2x4-6=2 ?;accuracy;;;4;1-3;;20;;female;;accuracy_first
;;3.831;;self;0.5;;;;;21_6;;;2;;1;10;5;;;qSatisfied;faces\\Karen.bmp, faces\\Jake.bmp;;instructions;left;3348;1, 0;faces;;8/2+2=6 ?, 3x3-6=1 ?;accuracy;;;3;1-3;;20;;female;;accuracy_first
;;3.411;;self;5;;;;;21_6;;;2;;1;12;0.5;;;qFrustration;faces\\Eddie.bmp, faces\\Mike.bmp;;instructions;right;3348;0, 0;faces;;6/2-1=4 ?, 3x3-8=3 ?;accuracy;;;5;1-3;;20;;female;;accuracy_first
;;3.133;;self;5;;;;;21_6;;;2;;1;10;0.5;;;qDifficulty;faces\\Ricky.bmp, faces\\Erin.bmp;;instructions;right;3348;1, 1;faces;;3x3-6=3 ?, 4+2x2=8 ?;accuracy;;;6;1-3;;20;;female;;accuracy_first
;;2.349;;self;0.5;;;;;21_6;;;2;;1;14;5;;;qEffort;faces\\Keith.bmp, faces\\Milla.bmp;;instructions;right;3348;0, 0;faces;;2x2-4=2 ?, 6/3+7=7 ?;cheat;;;6;1-3;;20;;female;;accuracy_first
;;18.419626913051616;;self;5;;;;;21_6;;;1;;1;14;0.5;;;qFriends;;;instructions;left;3348;;faces;;;cheat;;;400;1-3;;20;;female;;accuracy_first
;;68.27145522454157;;self;0.5;;;;;21_6;;;1;;1;14;5;;;qAbout;;;instructions;right;3348;;faces;;;cheat;;;if you would be more likely to choose the correct, not a lot of dots, if the payment goes to somebody else and not yourself;1-3;;20;;female;;accuracy_first
;;25.277532609365153;;self;0.5;;;;;21_6;;;1;;1;12;5;;;qFeedback;;;instructions;right;3348;;faces;;;cheat;;;have the computers work from the start.;1-3;;20;;female;;accuracy_first
