equationScore;equationProportion;recallRT;dotsRT;dotsReceiver;dotsMoneyRight;recallIntersection;recallLocation;equationScores;utc_start;id;recallRTs;equationRateCumulative;span;recallProportion;no;dotsN;dotsMoneyLeft;dotsAns;pauseRT;condition;encode;dotsCorrect;start_at;dotsSide;timeLimit;equationCorrect;stimType;equationAnss;equationText;dotsIncentive;equationRTs;recallLocationRateCumulative;recallAns;level;recallSum;age;moneyEarned;gender;moneyEarnedCumulative;order
;;;1.9050668099225732;self;0.5;;;;1474558419.844;22_9_2;;;1;;1;10;5;left;;practiceDots;;1;instructions;left;3348;;faces;;;accuracy;;;;3-5;;21;5;female;;cheat_first
;;;3.210991742585975;self;5;;;;1474558422.278;22_9_2;;;1;;2;14;0.5;left;;practiceDots;;1;instructions;left;3348;;faces;;;cheat;;;;3-5;;21;0.5;female;;cheat_first
;;;1.4295355881349678;self;5;;;;1474558426.037;22_9_2;;;1;;3;14;0.5;right;;practiceDots;;1;instructions;right;3348;;faces;;;accuracy;;;;3-5;;21;5;female;;cheat_first
;;;1.539260141635168;self;5;;;;1474558428.019;22_9_2;;;1;;4;14;0.5;right;;practiceDots;;1;instructions;right;3348;;faces;;;accuracy;;;;3-5;;21;5;female;;cheat_first
;;;1.640484509518501;self;5;;;;1474558430.094;22_9_2;;;1;;5;14;0.5;right;;practiceDots;;1;instructions;right;3348;;faces;;;accuracy;;;;3-5;;21;5;female;;cheat_first
;;;1.0086275875419233;self;5;;;;1474558432.278;22_9_2;;;1;;6;14;0.5;left;;practiceDots;;1;instructions;left;3348;;faces;;;cheat;;;;3-5;;21;0.5;female;;cheat_first
3;1.0;20.405790700580837;;self;5;3;3;1, 1, 1;1474558606.038;22_9_2;;1.0;3;1.0;1;14;0.5;;4.2438671013896965;practiceCS;faces\\John.bmp, faces\\Kurt.bmp, faces\\Carl.bmp;;instructions;left;3348;0, 0, 1;faces;0, 0, 1;4/2+5=8 ?, 4/2-2=2 ?, 6+8/4=8 ?;cheat;4.13173995993202, 4.013484432014593, 3.192073618492941;1.0;faces\\John.bmp, faces\\Kurt.bmp, faces\\Carl.bmp;3-5;6;21;;female;;cheat_first
4;1.0;52.269424281319516;;self;5;4;4;1, 1, 1, 1;1474558648.441;22_9_2;;1.0;4;1.0;2;12;0.5;;1.8550311196886469;practiceCS;faces\\Jonah.bmp, faces\\Mike.bmp, faces\\Shane.bmp, faces\\Sofia.bmp;;instructions;right;3348;0, 0, 0, 0;faces;0, 0, 0, 0;9/3+5=9 ?, 2x2-4=2 ?, 8/4+6=9 ?, 4/2+6=7 ?;accuracy;3.8083287592507986, 4.482054908106875, 2.8718474659235653, 3.1075725226601207;1.0;faces\\Jonah.bmp, faces\\Mike.bmp, faces\\Shane.bmp, faces\\Sofia.bmp;3-5;8;21;;female;;cheat_first
4;0.8;31.91784026842106;;self;5;2;1;1, 0, 1, 1, 1;1474558725.337;22_9_2;;0.9166666666666666;5;0.2;3;14;0.5;;17.302314857577585;practiceCS;faces\\Amanda.bmp, faces\\Justin.bmp, faces\\Alex.bmp, faces\\Rachel.bmp, faces\\Billy.bmp;;instructions;right;3348;1, 0, 1, 1, 1;faces;1, 1, 1, 1, 1;3x2+2=8 ?, 6/3-2=1 ?, 4+2x2=8 ?, 8/2+4=8 ?, 2x4-8=0 ?;accuracy;3.5210087542818655, 3.5824394849696546, 3.8435801639443525, 2.4689264936896507, 2.2012401869542373;0.6666666666666666;faces\\Amanda.bmp, faces\\John.bmp, faces\\Simon.bmp, faces\\Billy.bmp, faces\\Bobby.bmp;3-5;3;21;;female;;cheat_first
4;1.0;15.15817798261196;;self;0.5;4;4;1, 1, 1, 1;1474558800.704;22_9_2;;0.9375;4;1.0;4;10;5;;6.558674425443314;practiceCS;faces\\Kristen.bmp, faces\\Tony.bmp, faces\\Thomas.bmp, faces\\Molly.bmp;;instructions;left;3348;0, 0, 1, 1;faces;0, 0, 1, 1;6/2+3=5 ?, 6/3+7=7 ?, 8/4+2=4 ?, 9/3+2=5 ?;accuracy;2.7202335135716567, 3.4778226869566424, 4.529777191728499, 2.658686351680444;0.75;faces\\Kristen.bmp, faces\\Tony.bmp, faces\\Thomas.bmp, faces\\Molly.bmp;3-5;8;21;;female;;cheat_first
2;0.6666666666666666;9.985578456051371;;self;5;3;3;1, 0, 1;1474558844.261;22_9_2;;0.8947368421052632;3;1.0;5;14;0.5;;5.752771965064312;practiceCS;faces\\Julian.bmp, faces\\Kate.bmp, faces\\Sonya.bmp;;instructions;right;3348;0, 1, 0;faces;0, 0, 0;1+9/3=2 ?, 6+6/3=8 ?, 2x4+1=8 ?;accuracy;3.5119363216872443, 5.033566514242921, 3.2729384510694217;0.7894736842105263;faces\\Julian.bmp, faces\\Kate.bmp, faces\\Sonya.bmp;3-5;6;21;;female;;cheat_first
5;1.0;33.646577860446996;;self;0.5;5;5;1, 1, 1, 1, 1;1474558878.255;22_9_2;;0.9166666666666666;5;1.0;6;14;5;;6.191771392819646;practiceCS;faces\\Jenny.bmp, faces\\Olivia.bmp, faces\\Eric.bmp, faces\\Milla.bmp, faces\\Susan.bmp;;instructions;left;3348;0, 0, 1, 0, 0;faces;0, 0, 1, 0, 0;2+6/2=6 ?, 8/2-3=2 ?, 4x2-4=4 ?, 2x2-2=0 ?, 3x2-3=1 ?;accuracy;3.238156664023336, 4.88080771404384, 2.4144943753817643, 2.618403632654008, 2.751804772122341;0.8333333333333334;faces\\Jenny.bmp, faces\\Olivia.bmp, faces\\Eric.bmp, faces\\Milla.bmp, faces\\Susan.bmp;3-5;10;21;;female;;cheat_first
3;0.75;21.45609428874741;1.3445163911419513;self;5;4;4;0, 1, 1, 1;1474559000.27;22_9_2;;0.8928571428571429;4;1.0;1;12;0.5;right;2.8289094784558984;practiceExp;faces\\Nana.bmp, faces\\Bruce.bmp, faces\\Greg.bmp, faces\\Bobby.bmp;1;instructions;right;3348;0, 0, 0, 0;faces;1, 0, 0, 0;3+2x3=8 ?, 5+8/4=6 ?, 2x3-5=0 ?, 4x2-3=7 ?;accuracy;3.276903128176855, 2.5113789382685354, 2.7586430704141094, 2.921938717550802;0.8571428571428571;faces\\Nana.bmp, faces\\Bruce.bmp, faces\\Greg.bmp, faces\\Bobby.bmp;3-5;8;21;5;female;;cheat_first
3;1.0;8.079159770151819;1.2538872627446835;self;0.5;3;3;1, 1, 1;1474559054.973;22_9_2;;0.9032258064516129;3;1.0;2;14;5;left;1.8073852772213286;practiceExp;faces\\Adam.bmp, faces\\Anna.bmp, faces\\Brian.bmp;1;instructions;left;3348;0, 1, 0;faces;0, 1, 0;2x2-1=4 ?, 2x3-5=1 ?, 3x3-4=6 ?;accuracy;2.6524910792104492, 4.90535771098439, 1.9963775386149791;0.8709677419354839;faces\\Adam.bmp, faces\\Anna.bmp, faces\\Brian.bmp;3-5;6;21;5;female;;cheat_first
5;1.0;43.8018797446166;2.0725012501316087;self;5;4;4;1, 1, 1, 1, 1;1474559084.532;22_9_2;;0.9166666666666666;5;0.8;3;14;0.5;left;4.68953672767384;practiceExp;faces\\Billy.bmp, faces\\Joseph.bmp, faces\\Wendy.bmp, faces\\Andrea.bmp, faces\\Victor.bmp;1;instructions;left;3348;1, 1, 1, 1, 0;faces;1, 1, 1, 1, 0;2x2+3=7 ?, 2x2+2=6 ?, 2x3-4=2 ?, 9/3-3=0 ?, 3+2x2=9 ?;cheat;2.6443476189815556, 1.8446729893421434, 2.553249934619089, 4.773276950903892, 3.3225852115392627;0.8611111111111112;faces\\Billy.bmp, faces\\Brian.bmp, faces\\Wendy.bmp, faces\\Andrea.bmp, faces\\Victor.bmp;3-5;8;21;0.5;female;;cheat_first
5;1.0;48.219918370756204;0.8558645406119467;self;5;5;3;1, 1, 1, 1, 1;1474559174.176;22_9_2;;0.926829268292683;5;0.6;1;10;0.5;right;12.234367164561263;experiment;faces\\Lana.bmp, faces\\Emily.bmp, faces\\Scott.bmp, faces\\Matt.bmp, faces\\Ella.bmp;1;instructions;right;3348;1, 1, 0, 1, 1;faces;1, 1, 0, 1, 1;6/3+2=4 ?, 1+9/3=4 ?, 4x2-7=0 ?, 3x3-6=3 ?, 6/2+4=7 ?;accuracy;4.099354036852674, 3.5945529307209654, 7.761896066218469, 2.719751155729682, 2.6741359583793383;0.8292682926829268;faces\\Lana.bmp, faces\\Emily.bmp, faces\\Scott.bmp, faces\\Ella.bmp, faces\\Matt.bmp;3-5;8;21;3.8429506246281973;female;3.8429506246281973;cheat_first
3;1.0;7.66698269421795;0.8601795730119193;self;5;3;3;1, 1, 1;1474559268.597;22_9_2;;0.9318181818181818;3;1.0;2;10;0.5;left;1.7059963485189655;experiment;faces\\Polly.bmp, faces\\Jake.bmp, faces\\Olivia.bmp;1;instructions;left;3348;1, 0, 0;faces;1, 0, 0;4/2-1=1 ?, 2x3+1=9 ?, 6/2+6=8 ?;cheat;3.4322864080204454, 2.909944888049722, 4.1463066005180735;0.8409090909090909;faces\\Polly.bmp, faces\\Jake.bmp, faces\\Olivia.bmp;3-5;6;21;0.3917871900826446;female;4.234737814710842;cheat_first
4;1.0;10.656861319112068;0.8399601798209915;self;0.5;4;4;1, 1, 1, 1;1474559297.363;22_9_2;;0.9375;4;1.0;3;12;5;left;2.9086230930843158;experiment;faces\\Sofia.bmp, faces\\Leslie.bmp, faces\\Shane.bmp, faces\\Victor.bmp;1;instructions;left;3348;1, 0, 0, 0;faces;1, 0, 0, 0;2+9/3=5 ?, 4x2-4=2 ?, 4/2+1=4 ?, 9/3+6=7 ?;accuracy;2.7619332251124433, 3.698419119064056, 2.844071015248119, 2.045959182547449;0.8541666666666666;faces\\Sofia.bmp, faces\\Leslie.bmp, faces\\Shane.bmp, faces\\Victor.bmp;3-5;8;21;4.00390625;female;8.238644064710842;cheat_first
3;0.75;16.20460819838445;1.435140211126054;self;0.5;4;4;1, 1, 1, 0;1474559333.571;22_9_2;;0.9230769230769231;4;1.0;4;14;5;left;4.3803255331513355;experiment;faces\\Britt.bmp, faces\\Kate.bmp, faces\\Carl.bmp, faces\\Molly.bmp;0;instructions;right;3348;1, 1, 0, 1;faces;1, 1, 0, 0;4x2+1=9 ?, 3x3-5=4 ?, 3x3-3=5 ?, 4x2-8=0 ?;cheat;3.0084389619150897, 5.0295384900691715, 2.833309091578485, 2.246239962232721;0.8653846153846154;faces\\Britt.bmp, faces\\Kate.bmp, faces\\Carl.bmp, faces\\Molly.bmp;3-5;8;21;3.994082840236687;female;12.23272690494753;cheat_first
3;1.0;11.831199174152061;0.7634648793591623;self;0.5;3;3;1, 1, 1;1474559379.325;22_9_2;;0.9272727272727272;3;1.0;5;10;5;right;2.479787507745641;experiment;faces\\Milla.bmp, faces\\Erin.bmp, faces\\Thomas.bmp;1;instructions;right;3348;1, 1, 0;faces;1, 1, 0;2x4-1=7 ?, 4x2-4=4 ?, 6+8/4=9 ?;cheat;2.8456430134392576, 2.339357320992349, 6.259077121692826;0.8727272727272727;faces\\Milla.bmp, faces\\Erin.bmp, faces\\Thomas.bmp;3-5;6;21;0.4046280991735537;female;12.637355004121083;cheat_first
5;1.0;18.55251277292882;0.795534067097833;self;0.5;5;5;1, 1, 1, 1, 1;1474559414.159;22_9_2;;0.9333333333333333;5;1.0;6;10;5;right;12.917280407744329;experiment;faces\\Susan.bmp, faces\\Lena.bmp, faces\\Julian.bmp, faces\\Keith.bmp, faces\\Andrea.bmp;1;instructions;right;3348;0, 0, 1, 0, 1;faces;0, 0, 1, 0, 1;2x4-5=2 ?, 6/3-1=3 ?, 3x2-5=1 ?, 6+9/3=7 ?, 3x3-4=5 ?;cheat;4.3253151516637445, 5.48232776056102, 4.259524444005365, 4.957034762677722, 5.099239021226822;0.8833333333333333;faces\\Susan.bmp, faces\\Lena.bmp, faces\\Julian.bmp, faces\\Keith.bmp, faces\\Andrea.bmp;3-5;10;21;0.4122222222222222;female;13.049577226343306;cheat_first
3;1.0;12.455308997441534;0.9623881207626255;other;0.5;3;3;1, 1, 1;1474559483.188;22_9_2;;0.9365079365079365;3;1.0;7;14;5;left;14.736738786772548;experiment;faces\\Kevin.bmp, faces\\Benny.bmp, faces\\Anna.bmp;1;instructions;left;3348;0, 0, 1;faces;0, 0, 1;6/2-2=0 ?, 2x4-5=5 ?, 3x3-2=7 ?;accuracy;4.388655495640705, 4.1804202352468565, 7.128537924900229;0.8888888888888888;faces\\Kevin.bmp, faces\\Benny.bmp, faces\\Anna.bmp;3-5;6;21;4.162257495590829;female;13.049577226343306;cheat_first
4;1.0;12.129703298613094;1.3681338767728448;other;5;4;1;1, 1, 1, 1;1474559536.322;22_9_2;;0.9402985074626866;4;0.25;8;14;0.5;left;5.649090155618978;experiment;faces\\Tony.bmp, faces\\Diana.bmp, faces\\Joshua.bmp, faces\\Amber.bmp;1;instructions;left;3348;1, 0, 0, 1;faces;1, 0, 0, 1;3x3-3=6 ?, 9/3+3=4 ?, 3x3-4=3 ?, 9/3+2=5 ?;cheat;2.8685757137245673, 4.59624631463339, 4.256102640652898, 2.992608211125116;0.8507462686567164;faces\\Diana.bmp, faces\\Joshua.bmp, faces\\Tony.bmp, faces\\Amber.bmp;3-5;5;21;0.39997772332368015;female;13.049577226343306;cheat_first
3;1.0;9.070793356555441;0.7697327001460508;other;0.5;3;3;1, 1, 1;1474559580.611;22_9_2;;0.9428571428571428;3;1.0;9;10;5;right;7.921690991586729;experiment;faces\\Kelly.bmp, faces\\Peter.bmp, faces\\John.bmp;1;instructions;right;3348;0, 1, 0;faces;0, 1, 0;2+9/3=4 ?, 6/3+7=9 ?, 4/2-2=2 ?;cheat;3.3114378970476537, 5.440554085125768, 5.010811822758114;0.8571428571428571;faces\\Kelly.bmp, faces\\Peter.bmp, faces\\John.bmp;3-5;6;21;0.4040816326530612;female;13.049577226343306;cheat_first
5;1.0;61.41826901128661;1.060806461260654;other;0.5;5;1;1, 1, 1, 1, 1;1474559620.002;22_9_2;;0.9466666666666667;5;0.2;10;14;5;left;5.452292049094467;experiment;faces\\Angie.bmp, faces\\Jonah.bmp, faces\\Matt.bmp, faces\\Billy.bmp, faces\\Daniel.bmp;0;instructions;right;3348;1, 0, 1, 1, 0;faces;1, 0, 1, 1, 0;4+4/2=6 ?, 2+2x2=4 ?, 2x3-3=3 ?, 2x3-6=0 ?, 9/3+3=4 ?;cheat;3.6918780919295386, 3.768311814794288, 3.045556450908407, 3.2180002640052408, 2.577358625447232;0.8133333333333334;faces\\Angie.bmp, faces\\Daniel.bmp, faces\\Jonah.bmp, faces\\Matt.bmp, faces\\Billy.bmp;3-5;6;21;3.849777777777778;female;13.049577226343306;cheat_first
3;1.0;9.878176156516929;0.828981318985825;other;0.5;3;3;1, 1, 1;1474559716.303;22_9_2;;0.9487179487179487;3;1.0;11;10;5;left;1.6866224086534203;experiment;faces\\Damon.bmp, faces\\Donna.bmp, faces\\Niclas.bmp;1;instructions;left;3348;1, 0, 0;faces;1, 0, 0;2x2+2=6 ?, 6/3+5=8 ?, 2x3-3=2 ?;accuracy;2.871135784616854, 2.8982631932667573, 4.0360784555214195;0.8205128205128205;faces\\Damon.bmp, faces\\Donna.bmp, faces\\Niclas.bmp;3-5;6;21;3.892176199868507;female;13.049577226343306;cheat_first
3;1.0;8.102149093518165;0.7836502987047425;other;0.5;3;3;1, 1, 1;1474559746.567;22_9_2;;0.9506172839506173;3;1.0;12;10;5;right;2.870995996394413;experiment;faces\\Linda.bmp, faces\\Nana.bmp, faces\\Sarah.bmp;1;instructions;right;3348;0, 0, 1;faces;0, 0, 1;4/2+6=6 ?, 8/2+2=4 ?, 9/3-3=0 ?;cheat;3.638013619973208, 3.6774816744709824, 2.5580487404367886;0.8271604938271605;faces\\Linda.bmp, faces\\Nana.bmp, faces\\Sarah.bmp;3-5;6;21;0.39315653101661335;female;13.049577226343306;cheat_first
3;0.6;10.65892133745001;0.6866110840383044;self;5;5;3;0, 1, 0, 1, 1;1474559776.255;22_9_2;;0.9302325581395349;5;0.6;13;14;0.5;left;5.027989848898869;experiment;faces\\Niclas.bmp, faces\\Angie.bmp, faces\\Benny.bmp, faces\\Karen.bmp, faces\\David.bmp;1;instructions;left;3348;0, 0, 1, 0, 0;faces;1, 0, 0, 0, 0;4/2-1=3 ?, 9/3-2=3 ?, 2x4-6=2 ?, 4/2+3=4 ?, 2x4-6=3 ?;cheat;2.885075678512294, 3.879213774413074, 4.064616132693118, 4.506199696146723, 4.27413744473597;0.813953488372093;faces\\Niclas.bmp, faces\\Angie.bmp, faces\\Karen.bmp, faces\\Benny.bmp, faces\\David.bmp;3-5;8;21;0.3785830178474851;female;13.42816024419079;cheat_first
3;1.0;9.21671350456927;0.7643956211959448;self;5;3;3;1, 1, 1;1474559823.914;22_9_2;;0.9325842696629213;3;1.0;14;14;0.5;right;4.6254793939788215;experiment;faces\\Sofia.bmp, faces\\Justin.bmp, faces\\Julia.bmp;0;instructions;left;3348;0, 0, 1;faces;0, 0, 1;3x3-7=4 ?, 2+2x3=6 ?, 8/4+2=4 ?;cheat;2.6220653762957227, 3.12145791684452, 2.57880251392271;0.8202247191011236;faces\\Sofia.bmp, faces\\Justin.bmp, faces\\Julia.bmp;3-5;6;21;3.8246433531119806;female;17.252803597302773;cheat_first
4;1.0;18.004469330287975;0.8051260164284031;self;0.5;4;4;1, 1, 1, 1;1474559855.364;22_9_2;;0.9354838709677419;4;1.0;15;14;5;right;2.7034589268587297;experiment;faces\\Tony.bmp, faces\\Will.bmp, faces\\Leah.bmp, faces\\Alex.bmp;1;instructions;right;3348;1, 1, 1, 0;faces;1, 1, 1, 0;4+2x2=8 ?, 6+4/2=8 ?, 3x2-1=5 ?, 8/2+1=3 ?;cheat;1.8397481971733214, 2.8525584606722987, 3.481030030403417, 3.763729238351516;0.8279569892473119;faces\\Tony.bmp, faces\\Will.bmp, faces\\Leah.bmp, faces\\Alex.bmp;3-5;8;21;0.38727020464793616;female;17.64007380195071;cheat_first
4;1.0;21.733815974290337;0.6933860352619376;self;0.5;4;4;1, 1, 1, 1;1474559900.793;22_9_2;;0.9381443298969072;4;1.0;16;10;5;left;2.708666126623939;experiment;faces\\Jonah.bmp, faces\\Diana.bmp, faces\\Amber.bmp, faces\\Joseph.bmp;1;instructions;left;3348;1, 1, 0, 1;faces;1, 1, 0, 1;5+6/3=7 ?, 3x2-5=1 ?, 8/4-2=1 ?, 2x2-1=3 ?;accuracy;5.060872993375597, 2.502609793031297, 3.6144654976124, 2.213601712564923;0.8350515463917526;faces\\Jonah.bmp, faces\\Diana.bmp, faces\\Amber.bmp, faces\\Joseph.bmp;3-5;8;21;3.9169943670953344;female;21.557068169046044;cheat_first
5;1.0;52.84462132078261;0.7527280821814202;self;0.5;5;1;1, 1, 1, 1, 1;1474559949.841;22_9_2;;0.9411764705882353;5;0.2;17;10;5;right;3.8492063744852203;experiment;faces\\Justin.bmp, faces\\Lana.bmp, faces\\Haley.bmp, faces\\Greg.bmp, faces\\Kurt.bmp;1;instructions;right;3348;1, 0, 1, 0, 1;faces;1, 0, 1, 0, 1;6+9/3=9 ?, 9/3+6=8 ?, 4x2+1=9 ?, 1+4x2=8 ?, 4/2-2=0 ?;cheat;2.542296200273995, 3.4446886314672156, 2.352392661225167, 3.072092856184099, 4.250150493522597;0.803921568627451;faces\\Justin.bmp, faces\\Greg.bmp, faces\\Lana.bmp, faces\\Kurt.bmp, faces\\Haley.bmp;3-5;6;21;0.37831603229527105;female;21.935384201341314;cheat_first
5;1.0;12.297032986127306;0.7623568365106621;self;5;5;5;1, 1, 1, 1, 1;1474560034.832;22_9_2;;0.9439252336448598;5;1.0;18;10;0.5;left;3.2455746410705615;experiment;faces\\Bruce.bmp, faces\\Jason.bmp, faces\\Nina.bmp, faces\\Jacob.bmp, faces\\Andre.bmp;1;instructions;left;3348;1, 0, 0, 0, 1;faces;1, 0, 0, 0, 1;5+6/3=7 ?, 8/4+5=9 ?, 4/2+6=7 ?, 3x3-6=4 ?, 1+6/3=3 ?;cheat;3.4707840845258033, 4.239550653412152, 2.776719634017354, 5.01357998345884, 3.8748014210978;0.8130841121495327;faces\\Bruce.bmp, faces\\Jason.bmp, faces\\Nina.bmp, faces\\Jacob.bmp, faces\\Andre.bmp;3-5;10;21;0.38374530526683553;female;22.31912950660815;cheat_first
4;1.0;10.478571173262026;0.9360803311610653;other;0.5;4;2;1, 1, 1, 1;1474560082.445;22_9_2;;0.9459459459459459;4;0.5;19;14;5;left;4.088296965392146;experiment;faces\\Andre.bmp, faces\\Jonah.bmp, faces\\Sarah.bmp, faces\\Rachel.bmp;1;instructions;left;3348;0, 1, 0, 0;faces;0, 1, 0, 0;3x3-3=8 ?, 3x2-1=5 ?, 9/3+4=6 ?, 9/3-1=4 ?;accuracy;3.0575700984845753, 2.8134407614670636, 3.610169221605247, 4.834493221687808;0.8018018018018018;faces\\Andre.bmp, faces\\Jonah.bmp, faces\\Rachel.bmp, faces\\Sarah.bmp;3-5;6;21;3.7923058193328463;female;22.31912950660815;cheat_first
4;1.0;14.142473925958257;0.6707474210834334;other;5;4;4;1, 1, 1, 1;1474560122.554;22_9_2;;0.9478260869565217;4;1.0;20;10;0.5;left;3.2046315554034663;experiment;faces\\Susan.bmp, faces\\Peter.bmp, faces\\Maria.bmp, faces\\Leah.bmp;1;instructions;left;3348;0, 1, 1, 1;faces;0, 1, 1, 1;3x3-4=3 ?, 6+9/3=9 ?, 8/2-4=0 ?, 4/2-2=0 ?;cheat;5.872620370930235, 2.387914795008328, 3.075543678864051, 2.613855030058403;0.808695652173913;faces\\Susan.bmp, faces\\Peter.bmp, faces\\Maria.bmp, faces\\Leah.bmp;3-5;8;21;0.38325141776937616;female;22.31912950660815;cheat_first
4;1.0;12.56911465925441;0.9510309469878848;other;0.5;4;2;1, 1, 1, 1;1474560164.582;22_9_2;;0.9495798319327731;4;0.5;21;12;5;right;3.009072078701138;experiment;faces\\Nicole.bmp, faces\\Molly.bmp, faces\\Liam.bmp, faces\\Keith.bmp;1;instructions;right;3348;1, 1, 1, 0;faces;1, 1, 1, 0;4x2-4=4 ?, 3x3-3=6 ?, 4/2+4=6 ?, 4x2-3=3 ?;cheat;2.544124063993877, 1.6346880758519546, 3.766663375450662, 2.7651214582692774;0.7983193277310925;faces\\Nicole.bmp, faces\\Molly.bmp, faces\\Keith.bmp, faces\\Liam.bmp;3-5;6;21;0.3790339665277876;female;22.31912950660815;cheat_first
5;1.0;20.520894800338283;0.9016488994075189;other;0.5;5;5;1, 1, 1, 1, 1;1474560202.023;22_9_2;;0.9516129032258065;5;1.0;22;12;5;left;3.820329312740796;experiment;faces\\Joan.bmp, faces\\James.bmp, faces\\Lulu.bmp, faces\\Lulu.bmp, faces\\James.bmp;1;instructions;left;3348;0, 1, 0, 0, 1;faces;0, 1, 0, 0, 1;6/3-1=3 ?, 3x3-4=5 ?, 9/3+1=6 ?, 2x2-4=1 ?, 8/4-1=1 ?;accuracy;3.2166416640393436, 3.437149268695066, 2.31821214048432, 5.460219987733581, 4.8914156937225926;0.8064516129032258;faces\\Joan.bmp, faces\\James.bmp, faces\\Lulu.bmp, faces\\Lulu.bmp, faces\\James.bmp;3-5;10;21;3.8371488033298644;female;22.31912950660815;cheat_first
5;1.0;9.638722116229474;0.8064679833642003;other;0.5;5;5;1, 1, 1, 1, 1;1474560258.856;22_9_2;;0.9534883720930233;5;1.0;23;14;5;left;3.7664266202064027;experiment;faces\\Jacob.bmp, faces\\Megan.bmp, faces\\Steve.bmp, faces\\Julia.bmp, faces\\Benny.bmp;1;instructions;left;3348;0, 0, 1, 1, 0;faces;0, 0, 1, 1, 0;4/2+2=2 ?, 8/2-4=2 ?, 2x2-2=2 ?, 3x3-1=8 ?, 2x4-3=3 ?;accuracy;3.2856570559597458, 4.382580193318063, 2.597682771332984, 1.8144008765248145, 3.4112297010688053;0.813953488372093;faces\\Jacob.bmp, faces\\Megan.bmp, faces\\Steve.bmp, faces\\Julia.bmp, faces\\Benny.bmp;3-5;10;21;3.8804759329367227;female;22.31912950660815;cheat_first
5;1.0;16.84868898111381;1.2480196963369963;other;0.5;5;3;1, 1, 1, 1, 1;1474560300.852;22_9_2;;0.9552238805970149;5;0.6;24;14;5;right;3.0853093902660476;experiment;faces\\Erica.bmp, faces\\Jason.bmp, faces\\Brian.bmp, faces\\Erin.bmp, faces\\Matt.bmp;1;instructions;right;3348;0, 0, 1, 1, 1;faces;0, 0, 1, 1, 1;2+8/4=6 ?, 3x2-4=1 ?, 8/4-2=0 ?, 2x3-5=1 ?, 3x3-8=1 ?;cheat;3.018194764275904, 2.1662113817346835, 2.589932841490736, 1.9097459994918609, 2.5425092446021154;0.8059701492537313;faces\\Erica.bmp, faces\\Jason.bmp, faces\\Erin.bmp, faces\\Brian.bmp, faces\\Matt.bmp;3-5;8;21;0.38494096680775225;female;22.31912950660815;cheat_first
3;1.0;10.720593070112955;0.842538653212614;self;5;3;3;1, 1, 1;1474560346.203;22_9_2;;0.9562043795620438;3;1.0;25;14;0.5;left;3.458201375020508;experiment;faces\\Matt.bmp, faces\\Wendy.bmp, faces\\Polly.bmp;1;instructions;left;3348;1, 0, 0;faces;1, 0, 0;3x3-8=1 ?, 3+2x2=9 ?, 4x2-6=1 ?;cheat;1.4400565098312654, 4.932687193240781, 3.228789791424788;0.8102189781021898;faces\\Matt.bmp, faces\\Wendy.bmp, faces\\Polly.bmp;3-5;6;21;0.3873674676327988;female;22.70649697424095;cheat_first
3;1.0;10.88291126137301;0.6546388633214519;self;5;3;3;1, 1, 1;1474560378.995;22_9_2;;0.9571428571428572;3;1.0;26;12;0.5;left;4.538978795719231;experiment;faces\\Joseph.bmp, faces\\Julian.bmp, faces\\Gary.bmp;1;instructions;left;3348;0, 0, 1;faces;0, 0, 1;4x2-7=0 ?, 2x2-4=2 ?, 4/2+7=9 ?;cheat;3.8561016497478704, 1.8022297460138361, 3.6802006438756507;0.8142857142857143;faces\\Joseph.bmp, faces\\Julian.bmp, faces\\Gary.bmp;3-5;6;21;0.3896938775510204;female;23.09619085179197;cheat_first
3;1.0;5.578066060021229;0.9270478886137425;self;5;3;3;1, 1, 1;1474560412.926;22_9_2;;0.958041958041958;3;1.0;27;12;0.5;left;3.1539096642500226;experiment;faces\\Linda.bmp, faces\\Gary.bmp, faces\\Lucia.bmp;1;instructions;left;3348;0, 0, 0;faces;0, 0, 0;3x2-1=6 ?, 9/3-1=4 ?, 9/3+5=7 ?;cheat;3.501599424993401, 3.326048774410083, 2.5742330315661093;0.8181818181818182;faces\\Linda.bmp, faces\\Gary.bmp, faces\\Lucia.bmp;3-5;6;21;0.39192625556261923;female;23.48811710735459;cheat_first
3;1.0;8.254998490639991;0.636523371351359;self;5;3;3;1, 1, 1;1474560439.9;22_9_2;;0.958904109589041;3;1.0;28;10;0.5;left;1.8571304202887404;experiment;faces\\Lulu.bmp, faces\\Kelly.bmp, faces\\Micha.bmp;1;instructions;left;3348;0, 1, 0;faces;0, 1, 0;5+2x2=7 ?, 8/4-1=1 ?, 2x2+5=8 ?;cheat;3.348479652675451, 4.2615104984506615, 2.4399581272336945;0.821917808219178;faces\\Lulu.bmp, faces\\Kelly.bmp, faces\\Micha.bmp;3-5;6;21;0.39407018202289357;female;23.882187289377484;cheat_first
3;1.0;8.293009208682633;0.8166282868369308;self;0.5;3;3;1, 1, 1;1474560468.324;22_9_2;;0.959731543624161;3;1.0;29;14;5;right;2.297698661182949;experiment;faces\\Cindy.bmp, faces\\Oliver.bmp, faces\\Jane.bmp;1;instructions;right;3348;0, 1, 0;faces;0, 1, 0;3x2+3=7 ?, 3+6/3=5 ?, 6/2-1=1 ?;cheat;3.9476243610879465, 3.101490142453258, 2.7843828597688116;0.825503355704698;faces\\Cindy.bmp, faces\\Oliver.bmp, faces\\Jane.bmp;3-5;6;21;0.39613080491869734;female;24.278318094296182;cheat_first
5;1.0;27.9260389361516;1.2118909878354316;self;5;5;3;1, 1, 1, 1, 1;1474560497.762;22_9_2;;0.961038961038961;5;0.6;30;14;0.5;left;5.008530620521924;experiment;faces\\Nana.bmp, faces\\Donald.bmp, faces\\Nathan.bmp, faces\\Lisa.bmp, faces\\Lucia.bmp;1;instructions;left;3348;0, 1, 1, 0, 0;faces;0, 1, 1, 0, 0;2x3+1=9 ?, 3x3-3=6 ?, 5+8/4=7 ?, 3x2-3=2 ?, 2x4-8=1 ?;cheat;1.8775118970388576, 2.241155209871067, 2.040448695423038, 3.5545388174214168, 2.6002173618380766;0.8181818181818182;faces\\Nana.bmp, faces\\Donald.bmp, faces\\Nathan.bmp, faces\\Lucia.bmp, faces\\Lisa.bmp;3-5;8;21;0.39315230224321135;female;24.671470396539394;cheat_first
4;0.8;12.534372508363958;0.7275545236007019;other;0.5;5;5;1, 1, 0, 1, 1;1474560556.249;22_9_2;;0.9559748427672956;5;1.0;31;12;5;right;13.964350464291783;experiment;faces\\Emma.bmp, faces\\Olga.bmp, faces\\Maria.bmp, faces\\Chloe.bmp, faces\\Keith.bmp;1;instructions;right;3348;1, 0, 1, 0, 0;faces;1, 0, 0, 0, 0;6+6/3=8 ?, 2x2-2=4 ?, 8/4-1=1 ?, 6/2-3=1 ?, 4/2-1=3 ?;cheat;4.670386802858047, 4.846829974700086, 2.315160864392965, 3.139759203284484, 3.2682182097687473;0.8238993710691824;faces\\Emma.bmp, faces\\Olga.bmp, faces\\Maria.bmp, faces\\Chloe.bmp, faces\\Keith.bmp;3-5;10;21;0.3938135358569677;female;24.671470396539394;cheat_first
5;1.0;15.510334596381654;0.919070758674934;other;5;5;5;1, 1, 1, 1, 1;1474560613.909;22_9_2;;0.9573170731707317;5;1.0;32;12;0.5;left;2.2844127638327336;experiment;faces\\Donald.bmp, faces\\David.bmp, faces\\Adam.bmp, faces\\Mike.bmp, faces\\Eddie.bmp;1;instructions;left;3348;1, 0, 0, 1, 1;faces;1, 0, 0, 1, 1;4/2-1=1 ?, 8/2+1=7 ?, 8/4+7=7 ?, 2x4+1=9 ?, 2x3+1=7 ?;cheat;2.938833982198048, 3.1539691184825642, 5.456712188082747, 3.625962459607763, 2.591164747320363;0.8292682926829268;faces\\Donald.bmp, faces\\David.bmp, faces\\Adam.bmp, faces\\Mike.bmp, faces\\Eddie.bmp;3-5;10;21;0.3969363474122546;female;24.671470396539394;cheat_first
5;1.0;13.422604215658794;0.6315589430323598;other;5;5;5;1, 1, 1, 1, 1;1474560662.66;22_9_2;;0.9585798816568047;5;1.0;33;10;0.5;left;2.2800577413836436;experiment;faces\\Benny.bmp, faces\\Jeff.bmp, faces\\Casper.bmp, faces\\Jenny.bmp, faces\\Kristen.bmp;1;instructions;left;3348;0, 0, 0, 0, 1;faces;0, 0, 0, 0, 1;3x2-2=5 ?, 2x2-4=1 ?, 1+2x2=6 ?, 4/2+4=5 ?, 3x3-9=0 ?;cheat;2.7928419936561113, 1.4956929302206845, 3.5266714159279218, 4.85230542629688, 1.8969169795964262;0.834319526627219;faces\\Benny.bmp, faces\\Jeff.bmp, faces\\Casper.bmp, faces\\Jenny.bmp, faces\\Kristen.bmp;3-5;10;21;0.39988095654914046;female;24.671470396539394;cheat_first
3;1.0;6.29542241346644;0.7149247461602499;other;5;3;3;1, 1, 1;1474560705.812;22_9_2;;0.9593023255813954;3;1.0;34;12;0.5;right;1.3378355757831741;experiment;faces\\Keith.bmp, faces\\Ricky.bmp, faces\\Lana.bmp;1;instructions;right;3348;1, 0, 1;faces;1, 0, 1;9/3+1=4 ?, 9/3-2=3 ?, 4/2-2=0 ?;accuracy;1.6293701071917894, 3.3691973289478483, 4.01653358474141;0.8372093023255814;faces\\Keith.bmp, faces\\Ricky.bmp, faces\\Lana.bmp;3-5;6;21;4.015684153596539;female;24.671470396539394;cheat_first
4;1.0;17.981133544466502;1.1932796900437097;other;0.5;4;4;1, 1, 1, 1;1474560731.147;22_9_2;;0.9602272727272727;4;1.0;35;12;5;right;1.2342103894152388;experiment;faces\\Lily.bmp, faces\\Milla.bmp, faces\\Nicole.bmp, faces\\Donald.bmp;1;instructions;right;3348;0, 0, 0, 1;faces;0, 0, 0, 1;6/2+6=7 ?, 9/3+1=3 ?, 9/3+4=5 ?, 3x3-5=4 ?;cheat;3.803875708097621, 2.744799435751702, 2.178398437485157, 2.1267383727172273;0.8409090909090909;faces\\Lily.bmp, faces\\Milla.bmp, faces\\Nicole.bmp, faces\\Donald.bmp;3-5;8;21;0.4037319214876033;female;24.671470396539394;cheat_first
4;1.0;17.756781586740544;0.9072931585524202;other;5;4;2;1, 1, 1, 1;1474560772.005;22_9_2;;0.9611111111111111;4;0.5;36;12;0.5;left;2.4417431697529537;experiment;faces\\Jonah.bmp, faces\\Noah.bmp, faces\\Maria.bmp, faces\\George.bmp;1;instructions;left;3348;0, 1, 1, 0;faces;0, 1, 1, 0;6/3+5=9 ?, 6+4/2=8 ?, 8/4+7=9 ?, 2x2-3=2 ?;cheat;2.603549276056583, 1.9960622188536945, 1.688458058048127, 2.730123795743566;0.8333333333333334;faces\\Jonah.bmp, faces\\Noah.bmp, faces\\George.bmp, faces\\Maria.bmp;3-5;6;21;0.40046296296296297;female;24.671470396539394;cheat_first
5;1.0;16.721270423679016;0.6522642330073722;self;5;5;5;1, 1, 1, 1, 1;1474560811.88;22_9_2;;0.9621621621621622;5;1.0;37;14;0.5;left;1.858084873038024;experiment;faces\\Megan.bmp, faces\\Kurt.bmp, faces\\Thomas.bmp, faces\\Mark.bmp, faces\\Maria.bmp;1;instructions;left;3348;1, 0, 1, 0, 1;faces;1, 0, 1, 0, 1;6/3+6=8 ?, 8/2+3=5 ?, 8/2-1=3 ?, 7+6/3=8 ?, 2x4-2=6 ?;cheat;1.9412995633301762, 2.268674379436561, 2.326981993506706, 2.6696245146777073, 2.5051404907026154;0.8378378378378378;faces\\Megan.bmp, faces\\Kurt.bmp, faces\\Thomas.bmp, faces\\Mark.bmp, faces\\Maria.bmp;3-5;10;21;0.40306793279766256;female;25.074538329337056;cheat_first
5;1.0;20.699198394169798;0.9480242615736643;self;0.5;5;2;1, 1, 1, 1, 1;1474560854.86;22_9_2;;0.9631578947368421;5;0.4;38;12;5;right;2.2048056713665574;experiment;faces\\Ella.bmp, faces\\Amanda.bmp, faces\\Kiki.bmp, faces\\Lucas.bmp, faces\\Kevin.bmp;1;instructions;right;3348;1, 1, 1, 1, 1;faces;1, 1, 1, 1, 1;9/3-1=2 ?, 2x2-1=3 ?, 8/2-4=0 ?, 8/2-2=2 ?, 2x4-4=4 ?;cheat;2.5420021141635516, 1.6025877454212605, 3.023977396067494, 6.059008678548707, 3.743427741697815;0.8263157894736842;faces\\Ella.bmp, faces\\Lucas.bmp, faces\\Amanda.bmp, faces\\Kiki.bmp, faces\\Kevin.bmp;3-5;7;21;0.3979362880886427;female;25.4724746174257;cheat_first
5;1.0;12.245101838374467;0.973186849430931;self;0.5;5;5;1, 1, 1, 1, 1;1474560907.652;22_9_2;;0.9641025641025641;5;1.0;39;14;5;right;1.093566096649738;experiment;faces\\Tony.bmp, faces\\Nathan.bmp, faces\\Lisa.bmp, faces\\Alex.bmp, faces\\Paul.bmp;1;instructions;right;3348;1, 1, 0, 0, 0;faces;1, 1, 0, 0, 0;3x3-7=2 ?, 4/2+1=3 ?, 4x2-6=3 ?, 6+6/3=6 ?, 2+2x3=7 ?;cheat;1.863439646700499, 3.1881333600867947, 4.209300482038088, 3.7429790038095234, 3.1957141284838144;0.8307692307692308;faces\\Tony.bmp, faces\\Nathan.bmp, faces\\Lisa.bmp, faces\\Alex.bmp, faces\\Paul.bmp;3-5;10;21;0.4004733727810651;female;25.872947990206765;cheat_first
4;1.0;10.925085898978068;0.799446721754066;self;5;4;4;1, 1, 1, 1;1474560950.163;22_9_2;;0.964824120603015;4;1.0;40;12;0.5;left;0.97648231254243;experiment;faces\\Kurt.bmp, faces\\Mona.bmp, faces\\Erica.bmp, faces\\Brian.bmp;1;instructions;left;3348;1, 0, 0, 1;faces;1, 0, 0, 1;3x3-7=2 ?, 3x3-2=5 ?, 9/3+6=7 ?, 5+4/2=7 ?;cheat;2.7461523734091315, 2.476926272858691, 1.707219760886801, 3.1165766536669253;0.8341708542713567;faces\\Kurt.bmp, faces\\Mona.bmp, faces\\Erica.bmp, faces\\Brian.bmp;3-5;8;21;0.40241408045251376;female;26.275362070659277;cheat_first
5;1.0;15.56871228151067;1.3384502900698863;self;5;5;5;1, 1, 1, 1, 1;1474560982.92;22_9_2;;0.9656862745098039;5;1.0;41;12;0.5;left;1.8748668915304734;experiment;faces\\Timmy.bmp, faces\\Tina.bmp, faces\\Andre.bmp, faces\\Micha.bmp, faces\\Lily.bmp;1;instructions;left;3348;1, 0, 0, 1, 0;faces;1, 0, 0, 1, 0;7+6/3=9 ?, 5+9/3=7 ?, 3x3-8=2 ?, 2x4-1=7 ?, 8/4-2=1 ?;cheat;3.9032768128854514, 4.082275101100095, 2.6407311738003045, 3.3094490114490327, 2.71567287857215;0.8382352941176471;faces\\Timmy.bmp, faces\\Tina.bmp, faces\\Andre.bmp, faces\\Micha.bmp, faces\\Lily.bmp;3-5;10;21;0.4047361591695502;female;26.68009822982883;cheat_first
5;1.0;11.09324900741558;1.345653099424453;self;0.5;5;5;1, 1, 1, 1, 1;1474561031.665;22_9_2;;0.9665071770334929;5;1.0;42;12;5;right;1.1604988210001466;experiment;faces\\Sofia.bmp, faces\\Milla.bmp, faces\\Jake.bmp, faces\\Erica.bmp, faces\\Victor.bmp;1;instructions;right;3348;0, 0, 0, 0, 1;faces;0, 0, 0, 0, 1;8/2+1=3 ?, 3x3-7=0 ?, 3+9/3=8 ?, 8/2-1=5 ?, 8/2-2=2 ?;cheat;3.054408053501902, 3.0574717158888234, 2.582359858766722, 4.602709838931332, 3.3642035274042428;0.8421052631578947;faces\\Sofia.bmp, faces\\Milla.bmp, faces\\Jake.bmp, faces\\Erica.bmp, faces\\Victor.bmp;3-5;10;21;0.4069503903298917;female;27.087048620158722;cheat_first
4;1.0;10.763977672104375;0.7925592321626027;other;0.5;4;4;1, 1, 1, 1;1474561073.75;22_9_2;;0.9671361502347418;4;1.0;43;14;5;right;1.2177737716956472;experiment;faces\\Joan.bmp, faces\\Kenny.bmp, faces\\Eric.bmp, faces\\Oliver.bmp;1;instructions;right;3348;0, 0, 0, 1;faces;0, 0, 0, 1;4+8/4=4 ?, 4/2+7=8 ?, 2+2x2=5 ?, 9/3+5=8 ?;cheat;2.9499243197187752, 3.0467402271206083, 2.459476455947879, 3.5828921156971774;0.8450704225352113;faces\\Joan.bmp, faces\\Kenny.bmp, faces\\Eric.bmp, faces\\Oliver.bmp;3-5;8;21;0.4086490775639754;female;27.087048620158722;cheat_first
5;1.0;15.769716774904737;1.3476002255029016;other;5;5;3;1, 1, 1, 1, 1;1474561108.674;22_9_2;;0.9678899082568807;5;0.6;44;12;0.5;right;2.899732208232308;experiment;faces\\Regina.bmp, faces\\Leah.bmp, faces\\George.bmp, faces\\Will.bmp, faces\\Oliver.bmp;0;instructions;left;3348;1, 1, 1, 1, 1;faces;1, 1, 1, 1, 1;2x2+2=6 ?, 4/2-2=0 ?, 2x2-1=3 ?, 6/2-2=1 ?, 2x3-2=4 ?;cheat;2.5215856018839986, 3.2925544545905723, 2.402996705597616, 2.231674737226058, 1.9346162707115582;0.8394495412844036;faces\\Regina.bmp, faces\\Leah.bmp, faces\\George.bmp, faces\\Oliver.bmp, faces\\Will.bmp;3-5;8;21;4.06247369750021;female;27.087048620158722;cheat_first
3;1.0;15.51933554234165;0.7284895121665613;other;0.5;3;3;1, 1, 1;1474561153.255;22_9_2;;0.9683257918552036;3;1.0;45;12;5;right;1.924677858925861;experiment;faces\\Simon.bmp, faces\\Jenny.bmp, faces\\Megan.bmp;1;instructions;right;3348;1, 1, 1;faces;1, 1, 1;6/3-2=0 ?, 2x3-2=4 ?, 3x2-4=2 ?;cheat;3.7850676451125764, 5.153188781694553, 2.1668855502502993;0.8416289592760181;faces\\Simon.bmp, faces\\Jenny.bmp, faces\\Megan.bmp;3-5;6;21;0.4074855142196106;female;27.087048620158722;cheat_first
3;1.0;9.469436455283358;0.7403322288282652;other;5;3;3;1, 1, 1;1474561191.252;22_9_2;;0.96875;3;1.0;46;12;0.5;left;1.4894757163092436;experiment;faces\\Kristen.bmp, faces\\Rachel.bmp, faces\\Molly.bmp;1;instructions;left;3348;0, 1, 0;faces;0, 1, 0;3x3-6=2 ?, 6/2-2=1 ?, 4x2-5=1 ?;cheat;3.0851685403595184, 2.2151609705633746, 2.313363789471623;0.84375;faces\\Kristen.bmp, faces\\Rachel.bmp, faces\\Molly.bmp;3-5;6;21;0.40869140625;female;27.087048620158722;cheat_first
3;1.0;32.14946156761653;0.8478523751437024;other;5;2;2;1, 1, 1;1474561218.783;22_9_2;;0.9691629955947136;3;0.6666666666666666;47;12;0.5;right;5.5586043543862615;experiment;faces\\Amanda.bmp, faces\\Robert.bmp, faces\\Nana.bmp;1;instructions;right;3348;0, 0, 1;faces;0, 0, 1;1+8/2=6 ?, 9/3+4=9 ?, 3x2-2=4 ?;accuracy;2.7514806050039624, 3.0997047460405156, 2.4217201878600463;0.8414096916299559;faces\\Amanda.bmp, faces\\Robert.bmp, faces\\Molly.bmp;3-5;4;21;4.077315686312561;female;27.087048620158722;cheat_first
5;1.0;17.851733887106093;1.1338481078855693;other;0.5;5;3;1, 1, 1, 1, 1;1474561273.614;22_9_2;;0.9698275862068966;5;0.6;48;10;5;right;2.38325223846914;experiment;faces\\Cindy.bmp, faces\\Sarah.bmp, faces\\Leslie.bmp, faces\\Carl.bmp, faces\\Anna.bmp;1;instructions;right;3348;1, 1, 0, 0, 0;faces;1, 1, 0, 0, 0;2+2x2=6 ?, 2+2x3=8 ?, 3x3-8=3 ?, 3x2-1=3 ?, 5+9/3=7 ?;cheat;3.978944354732448, 1.9857454941302422, 3.069315848128099, 2.4144076712946116, 4.772606675223869;0.8362068965517241;faces\\Cindy.bmp, faces\\Sarah.bmp, faces\\Leslie.bmp, faces\\Anna.bmp, faces\\Carl.bmp;3-5;8;21;0.40548825802615934;female;27.087048620158722;cheat_first
4;1.0;15.027533679229236;0.7673920436773187;self;5;4;2;1, 1, 1, 1;1474561323.112;22_9_2;;0.9703389830508474;4;0.5;49;12;0.5;left;3.6898400150330417;experiment;faces\\Karen.bmp, faces\\Casper.bmp, faces\\Ricky.bmp, faces\\Bobby.bmp;1;instructions;left;3348;1, 1, 0, 1;faces;1, 1, 0, 1;3x3-8=1 ?, 2x4-4=4 ?, 9/3+4=6 ?, 4/2+1=3 ?;cheat;2.1965004814737767, 2.521041666444944, 3.140168658914263, 2.549297643807222;0.8305084745762712;faces\\Karen.bmp, faces\\Casper.bmp, faces\\Bobby.bmp, faces\\Ricky.bmp;3-5;6;21;0.4029373743177248;female;27.489985994476445;cheat_first
3;1.0;8.883690890374055;0.7598714373016264;self;0.5;3;3;1, 1, 1;1474561364.015;22_9_2;;0.9707112970711297;3;1.0;50;14;5;right;1.4714126006874721;experiment;faces\\Carl.bmp, faces\\Julia.bmp, faces\\Amanda.bmp;1;instructions;right;3348;1, 0, 1;faces;1, 0, 1;2x4-7=1 ?, 4x2-6=4 ?, 3x3-6=3 ?;cheat;2.2920809441056917, 3.0034532999397925, 1.9261245785564824;0.8326359832635983;faces\\Carl.bmp, faces\\Julia.bmp, faces\\Amanda.bmp;3-5;6;21;0.4041245776509515;female;27.894110572127396;cheat_first
4;1.0;10.164619211573154;1.0929896029410884;self;5;4;4;1, 1, 1, 1;1474561393.514;22_9_2;;0.9711934156378601;4;1.0;51;10;0.5;left;2.179660070431055;experiment;faces\\Olga.bmp, faces\\Jacob.bmp, faces\\Paul.bmp, faces\\Julian.bmp;1;instructions;left;3348;0, 0, 0, 1;faces;0, 0, 0, 1;3x3-1=9 ?, 2x3-2=3 ?, 9/3-3=1 ?, 4x2-8=0 ?;cheat;1.4253762691969314, 3.066486463723777, 2.0298998160815245, 3.8316291556475335;0.8353909465020576;faces\\Olga.bmp, faces\\Jacob.bmp, faces\\Paul.bmp, faces\\Julian.bmp;3-5;8;21;0.4056630933631391;female;28.299773665490534;cheat_first
4;1.0;11.660941719635957;0.9033267119721131;self;0.5;4;4;1, 1, 1, 1;1474561427.725;22_9_2;;0.97165991902834;4;1.0;52;12;5;right;1.007750637629215;experiment;faces\\Olivia.bmp, faces\\Sonya.bmp, faces\\Mark.bmp, faces\\Donna.bmp;1;instructions;right;3348;1, 1, 0, 0;faces;1, 1, 0, 0;2x4-3=5 ?, 2x2-3=1 ?, 4x2-2=8 ?, 3+8/2=9 ?;cheat;2.6786222755890776, 1.6787539242450293, 2.110647509663977, 4.968368225536324;0.8380566801619433;faces\\Olivia.bmp, faces\\Sonya.bmp, faces\\Mark.bmp, faces\\Donna.bmp;3-5;8;21;0.4071530429936567;female;28.70692670848419;cheat_first
3;1.0;8.718763083026715;0.774890708613384;self;5;3;3;1, 1, 1;1474561462.809;22_9_2;;0.972;3;1.0;53;12;0.5;left;1.175508183272541;experiment;faces\\David.bmp, faces\\Britt.bmp, faces\\Wendy.bmp;1;instructions;left;3348;1, 0, 0;faces;1, 0, 0;6/2+2=5 ?, 6+6/3=7 ?, 4/2+2=3 ?;cheat;2.732180275139399, 3.7329361932224856, 2.9588307759167947;0.84;faces\\David.bmp, faces\\Britt.bmp, faces\\Wendy.bmp;3-5;6;21;0.40824;female;29.11516670848419;cheat_first
5;1.0;21.544628009383814;0.8680657521326793;self;0.5;5;3;1, 1, 1, 1, 1;1474561491.481;22_9_2;;0.9725490196078431;5;0.6;54;12;5;left;1.0667724102640932;experiment;faces\\Simon.bmp, faces\\Kiki.bmp, faces\\Bobby.bmp, faces\\Kelly.bmp, faces\\Ethan.bmp;1;instructions;left;3348;1, 1, 1, 1, 0;faces;1, 1, 1, 1, 0;3x2+2=8 ?, 5+6/3=7 ?, 8/4+1=3 ?, 6+8/4=8 ?, 9/3-2=3 ?;accuracy;2.863466188768143, 3.329596918005336, 2.6697101570825907, 3.051231144956546, 3.4231017909514776;0.8352941176470589;faces\\Simon.bmp, faces\\Kelly.bmp, faces\\Bobby.bmp, faces\\Kiki.bmp, faces\\Ethan.bmp;3-5;8;21;4.061822376009228;female;33.176989084493414;cheat_first
4;1.0;25.165011326384047;1.709961379521701;other;0.5;4;4;1, 1, 1, 1;1474561542.368;22_9_2;;0.972972972972973;4;1.0;55;14;5;right;1.0959085225858871;experiment;faces\\Greg.bmp, faces\\Polly.bmp, faces\\Lisa.bmp, faces\\Gary.bmp;1;instructions;right;3348;1, 0, 1, 1;faces;1, 0, 1, 1;1+6/3=3 ?, 9/3+5=6 ?, 9/3+1=4 ?, 4x2-8=0 ?;cheat;2.595920024150473, 3.952641165755267, 2.388738660785748, 3.06601436881283;0.8378378378378378;faces\\Greg.bmp, faces\\Polly.bmp, faces\\Lisa.bmp, faces\\Gary.bmp;3-5;8;21;0.40759678597516436;female;33.176989084493414;cheat_first
4;1.0;11.497611390865131;1.1046582036397012;other;0.5;4;2;1, 1, 1, 1;1474561592.538;22_9_2;;0.973384030418251;4;0.5;56;14;5;left;1.4036867993545457;experiment;faces\\Kenny.bmp, faces\\Fiona.bmp, faces\\Karen.bmp, faces\\Timmy.bmp;1;instructions;left;3348;1, 1, 0, 0;faces;1, 1, 0, 0;3+3x2=9 ?, 4x2+1=9 ?, 5+2x2=8 ?, 3x3-9=1 ?;accuracy;2.293787068208985, 2.4679352359398763, 2.1342685342387995, 2.602362314793936;0.8326996197718631;faces\\Kenny.bmp, faces\\Karen.bmp, faces\\Fiona.bmp, faces\\Timmy.bmp;3-5;6;21;4.052682560106406;female;33.176989084493414;cheat_first
3;1.0;14.481434177618212;0.8254777660640684;other;5;3;3;1, 1, 1;1474561626.265;22_9_2;;0.9736842105263158;3;1.0;57;14;0.5;left;1.1901898394844466;experiment;faces\\Robert.bmp, faces\\Bobby.bmp, faces\\George.bmp;1;instructions;left;3348;1, 1, 0;faces;1, 1, 0;2x2+2=6 ?, 1+2x4=9 ?, 4/2+7=7 ?;cheat;1.3961506216328416, 2.54397295115632, 3.832053474834538;0.8345864661654135;faces\\Robert.bmp, faces\\Bobby.bmp, faces\\George.bmp;3-5;6;21;0.40631183221210926;female;33.176989084493414;cheat_first
4;1.0;10.987301213186583;0.7532490144931216;other;5;4;4;1, 1, 1, 1;1474561658.729;22_9_2;;0.9740740740740741;4;1.0;58;12;0.5;left;0.966280249553165;experiment;faces\\Andrea.bmp, faces\\Lana.bmp, faces\\Fiona.bmp, faces\\Nina.bmp;1;instructions;left;3348;1, 1, 1, 1;faces;1, 1, 1, 1;3x3-4=5 ?, 4/2+3=5 ?, 4/2-1=1 ?, 2+3x2=8 ?;cheat;3.705412069139129, 2.322304927303776, 2.923359956796048, 4.862146517167275;0.837037037037037;faces\\Andrea.bmp, faces\\Lana.bmp, faces\\Fiona.bmp, faces\\Nina.bmp;3-5;8;21;0.40766803840877913;female;33.176989084493414;cheat_first
3;1.0;16.685590806961045;0.9472917005077761;other;0.5;3;3;1, 1, 1;1474561695.343;22_9_2;;0.9743589743589743;3;1.0;59;10;5;right;1.1832110451814515;experiment;faces\\Rachel.bmp, faces\\Kate.bmp, faces\\Greg.bmp;1;instructions;right;3348;1, 0, 1;faces;1, 0, 1;4/2-2=0 ?, 3x3-4=6 ?, 2x2+3=7 ?;cheat;2.1741913428268163, 4.3976882920815115, 1.9875252282345173;0.8388278388278388;faces\\Rachel.bmp, faces\\Kate.bmp, faces\\Greg.bmp;3-5;6;21;0.408659716352024;female;33.176989084493414;cheat_first
4;1.0;14.136058177382438;1.2466526029093075;other;5;4;4;1, 1, 1, 1;1474561730.693;22_9_2;;0.9747292418772563;4;1.0;60;12;0.5;left;1.9763726053315622;experiment;faces\\Victor.bmp, faces\\Molly.bmp, faces\\Brian.bmp, faces\\Zach.bmp;1;instructions;left;3348;0, 1, 1, 1;faces;0, 1, 1, 1;1+4/2=4 ?, 9/3-2=1 ?, 8/2+1=5 ?, 4x2-3=5 ?;cheat;2.513701546127777, 3.6509219121762726, 2.1345268770273833, 2.060641900441624;0.8411552346570397;faces\\Victor.bmp, faces\\Molly.bmp, faces\\Brian.bmp, faces\\Zach.bmp;3-5;8;21;0.40994930208917096;female;33.176989084493414;cheat_first
3;1.0;11.397980962612564;0.7702178891413496;self;0.5;3;3;1, 1, 1;1474561768.321;22_9_2;;0.975;3;1.0;61;10;5;left;3.5524221760024375;experiment;faces\\Timmy.bmp, faces\\Fiona.bmp, faces\\Nathan.bmp;1;instructions;left;3348;1, 1, 1;faces;1, 1, 1;4+6/2=7 ?, 4x2-4=4 ?, 6/3+2=4 ?;accuracy;2.982138604091233, 2.4548213311863947, 2.184802861447679;0.8428571428571429;faces\\Timmy.bmp, faces\\Fiona.bmp, faces\\Nathan.bmp;3-5;6;21;4.108928571428571;female;37.285917655921985;cheat_first
4;1.0;13.558340349285572;1.306633075026184;self;0.5;4;4;1, 1, 1, 1;1474561799.256;22_9_2;;0.9753521126760564;4;1.0;62;14;5;right;2.243287422634239;experiment;faces\\Lena.bmp, faces\\Jane.bmp, faces\\Megan.bmp, faces\\Will.bmp;1;instructions;right;3348;0, 1, 0, 1;faces;0, 1, 0, 1;2x2-4=1 ?, 3x3-3=6 ?, 2x2+5=8 ?, 2+4/2=4 ?;cheat;1.679800035601147, 2.801501785574146, 2.734551012616066, 2.543517489275473;0.8450704225352113;faces\\Lena.bmp, faces\\Jane.bmp, faces\\Megan.bmp, faces\\Will.bmp;3-5;8;21;0.41212061098988295;female;37.698038266911865;cheat_first
5;1.0;10.757503884873586;0.7901262093000696;self;5;5;5;1, 1, 1, 1, 1;1474561838.194;22_9_2;;0.9757785467128027;5;1.0;63;14;0.5;left;1.2297407052319613;experiment;faces\\Amber.bmp, faces\\Emily.bmp, faces\\Diana.bmp, faces\\Jason.bmp, faces\\Mary.bmp;1;instructions;left;3348;1, 1, 0, 1, 1;faces;1, 1, 0, 1, 1;2x4-8=0 ?, 2x3-3=3 ?, 3x2+2=9 ?, 3x3-9=0 ?, 4+4/2=6 ?;cheat;2.3041391823553568, 2.415538717266827, 2.169507198739666, 1.4472628581279423, 2.461437030005982;0.8477508650519031;faces\\Amber.bmp, faces\\Emily.bmp, faces\\Diana.bmp, faces\\Jason.bmp, faces\\Mary.bmp;3-5;10;21;0.4136085535374337;female;38.1116468204493;cheat_first
4;1.0;11.33749654510757;0.7016158456845005;self;5;4;2;1, 1, 1, 1;1474561874.215;22_9_2;;0.9761092150170648;4;0.5;64;10;0.5;right;1.8615795786026865;experiment;faces\\Olivia.bmp, faces\\Lucia.bmp, faces\\Zach.bmp, faces\\Hanna.bmp;1;instructions;right;3348;1, 1, 1, 1;faces;1, 1, 1, 1;4x2-6=2 ?, 1+9/3=4 ?, 9/3-2=1 ?, 3x3-9=0 ?;accuracy;2.4663186470770597, 3.069520045099125, 2.4536552496847435, 1.3385051436762296;0.8430034129692833;faces\\Olivia.bmp, faces\\Zach.bmp, faces\\Lucia.bmp, faces\\Hanna.bmp;3-5;6;21;4.114316998450768;female;42.22596381890007;cheat_first
3;1.0;10.552733602929948;0.6665994267623319;self;5;3;3;1, 1, 1;1474561907.195;22_9_2;;0.9763513513513513;3;1.0;65;12;0.5;left;1.2990002841761452;experiment;faces\\Anders.bmp, faces\\Jeff.bmp, faces\\Steve.bmp;1;instructions;left;3348;1, 0, 1;faces;1, 0, 1;6/3+4=6 ?, 4x2-4=5 ?, 3x2+1=7 ?;cheat;2.560873170323248, 2.6226712432271597, 2.3013023661715124;0.8445945945945946;faces\\Anders.bmp, faces\\Jeff.bmp, faces\\Steve.bmp;3-5;6;21;0.4123105368882396;female;42.63827435578831;cheat_first
4;1.0;8.766966308914562;0.9172496189439698;self;5;4;4;1, 1, 1, 1;1474561934.932;22_9_2;;0.9766666666666667;4;1.0;66;12;0.5;right;2.6428878052647633;experiment;faces\\Tina.bmp, faces\\Regina.bmp, faces\\Robert.bmp, faces\\Polly.bmp;1;instructions;right;3348;0, 0, 1, 1;faces;0, 0, 1, 1;4/2+5=5 ?, 6/3-2=1 ?, 3x2-2=4 ?, 4/2-1=1 ?;accuracy;2.7884448577933654, 2.3945842857519892, 1.9927787881460972, 1.8382395460521366;0.8466666666666667;faces\\Tina.bmp, faces\\Regina.bmp, faces\\Robert.bmp, faces\\Polly.bmp;3-5;8;21;4.134555555555556;female;46.77282991134387;cheat_first
5;1.0;9.205617858635378;0.9177978011139203;other;5;5;3;1, 1, 1, 1, 1;1474561966.461;22_9_2;;0.9770491803278688;5;0.6;67;14;0.5;left;2.1834775275401626;experiment;faces\\Tanya.bmp, faces\\Jake.bmp, faces\\Rachel.bmp, faces\\Kate.bmp, faces\\Joseph.bmp;1;instructions;left;3348;1, 0, 0, 1, 1;faces;1, 0, 0, 1, 1;2x2-1=3 ?, 4/2-1=0 ?, 2x4-1=5 ?, 3x3-4=5 ?, 2x3+1=7 ?;cheat;1.74715601745811, 2.66184521161631, 3.7340675930918223, 1.8459363917590963, 2.070357004964535;0.8426229508196721;faces\\Tanya.bmp, faces\\Jake.bmp, faces\\Kate.bmp, faces\\Rachel.bmp, faces\\Joseph.bmp;3-5;8;21;0.4116420317119054;female;46.77282991134387;cheat_first
3;1.0;12.754214084070554;0.8032503769863979;other;0.5;3;3;1, 1, 1;1474562003.73;22_9_2;;0.9772727272727273;3;1.0;68;14;5;left;1.4115563454470248;experiment;faces\\Lucia.bmp, faces\\Kiki.bmp, faces\\Niclas.bmp;0;instructions;right;3348;1, 1, 0;faces;1, 1, 0;8/2-1=3 ?, 9/3-2=1 ?, 3x3-4=3 ?;cheat;6.007859637053116, 1.9815051334117015, 3.4106436522179138;0.8441558441558441;faces\\Lucia.bmp, faces\\Kiki.bmp, faces\\Niclas.bmp;3-5;6;21;4.124852420306966;female;46.77282991134387;cheat_first
4;1.0;12.54642933103787;1.2113258187437168;other;0.5;4;4;1, 1, 1, 1;1474562038.035;22_9_2;;0.9775641025641025;4;1.0;69;14;5;left;3.500596842626692;experiment;faces\\Sonya.bmp, faces\\Vicky.bmp, faces\\Eric.bmp, faces\\Peter.bmp;0;instructions;right;3348;1, 0, 1, 1;faces;1, 0, 1, 1;9/3-2=1 ?, 3+2x2=6 ?, 3x2-3=3 ?, 2x2+2=6 ?;cheat;2.0425373791931634, 4.410596230389274, 2.7959863439300534, 2.002138228963304;0.8461538461538461;faces\\Sonya.bmp, faces\\Vicky.bmp, faces\\Eric.bmp, faces\\Peter.bmp;3-5;8;21;4.135848126232741;female;46.77282991134387;cheat_first
5;1.0;11.738938947230054;0.9993902402329695;other;0.5;5;5;1, 1, 1, 1, 1;1474562076.443;22_9_2;;0.9779179810725552;5;1.0;70;14;5;left;1.223149425117299;experiment;faces\\Haley.bmp, faces\\Oliver.bmp, faces\\Jane.bmp, faces\\Mary.bmp, faces\\Emma.bmp;0;instructions;right;3348;1, 0, 0, 0, 0;faces;1, 0, 0, 0, 0;6/3-1=1 ?, 3x3-7=1 ?, 2x4-4=6 ?, 9/3-3=2 ?, 6/2+2=6 ?;cheat;2.014789947847021, 2.366488976373148, 2.8774457188173983, 2.2813466241841525, 2.9691117573220254;0.8485804416403786;faces\\Haley.bmp, faces\\Oliver.bmp, faces\\Jane.bmp, faces\\Mary.bmp, faces\\Emma.bmp;3-5;10;21;4.149210361333082;female;46.77282991134387;cheat_first
4;1.0;15.10965695970117;0.7282120590880368;other;5;4;4;1, 1, 1, 1;1474562114.571;22_9_2;;0.9781931464174455;4;1.0;71;10;0.5;left;1.1546535499310266;experiment;faces\\Jenny.bmp, faces\\Emma.bmp, faces\\Andrea.bmp, faces\\Kate.bmp;1;instructions;left;3348;1, 1, 0, 0;faces;1, 1, 0, 0;4x2-7=1 ?, 2x2+2=6 ?, 7+4/2=8 ?, 1+2x2=6 ?;cheat;2.0016735658355174, 1.4324990984532633, 3.0836959864500386, 1.8600397847912973;0.8504672897196262;faces\\Jenny.bmp, faces\\Emma.bmp, faces\\Andrea.bmp, faces\\Kate.bmp;3-5;8;21;0.41596063702797914;female;46.77282991134387;cheat_first
3;1.0;6.7417393123050715;0.6971330674168712;other;5;3;3;1, 1, 1;1474562150.14;22_9_2;;0.9783950617283951;3;1.0;72;12;0.5;left;1.2276017684798717;experiment;faces\\Sarah.bmp, faces\\Jake.bmp, faces\\Olivia.bmp;1;instructions;left;3348;1, 1, 0;faces;1, 1, 0;3+4/2=5 ?, 4+4/2=6 ?, 4/2-2=2 ?;cheat;2.840901538485923, 2.84715838854936, 2.810341001868437;0.8518518518518519;faces\\Sarah.bmp, faces\\Jake.bmp, faces\\Olivia.bmp;3-5;6;21;0.41672382258802015;female;46.77282991134387;cheat_first
3;1.0;10.135242451169688;0.7967305835045408;self;5;3;3;1, 1, 1;1474562175.21;22_9_2;;0.9785932721712538;3;1.0;73;10;0.5;left;1.0949944137792045;experiment;faces\\Tina.bmp, faces\\Anders.bmp, faces\\Sofia.bmp;1;instructions;left;3348;0, 0, 1;faces;0, 0, 1;3x3-4=7 ?, 6/3+7=7 ?, 2x2+1=5 ?;cheat;5.233746080179117, 2.044651543350483, 2.1463564996029163;0.8532110091743119;faces\\Tina.bmp, faces\\Anders.bmp, faces\\Sofia.bmp;3-5;6;21;0.4174732766602138;female;47.19030318800408;cheat_first
3;1.0;18.757256158909513;0.9412811608290212;self;0.5;3;3;1, 1, 1;1474562204.757;22_9_2;;0.9787878787878788;3;1.0;74;10;5;right;2.308174284416964;experiment;faces\\Carl.bmp, faces\\Greg.bmp, faces\\Milla.bmp;1;instructions;right;3348;0, 1, 0;faces;0, 1, 0;8/4-1=3 ?, 2x2-4=0 ?, 6+4/2=6 ?;cheat;3.871730326931356, 1.9442613041774166, 3.23386605032465;0.8545454545454545;faces\\Carl.bmp, faces\\Greg.bmp, faces\\Milla.bmp;3-5;6;21;0.41820936639118456;female;47.60851255439526;cheat_first
5;1.0;9.630572993693931;0.8143983992667927;self;5;5;5;1, 1, 1, 1, 1;1474562243.431;22_9_2;;0.9791044776119403;5;1.0;75;12;0.5;left;2.1155259416864283;experiment;faces\\Andrea.bmp, faces\\Simon.bmp, faces\\Nina.bmp, faces\\Lena.bmp, faces\\Shane.bmp;1;instructions;left;3348;1, 0, 1, 1, 0;faces;1, 0, 1, 1, 0;3x3-6=3 ?, 3x3-2=6 ?, 2x4-1=7 ?, 5+6/3=7 ?, 8/2-4=1 ?;cheat;3.057583900359532, 3.756370007746227, 1.6513129653048964, 3.572991216698938, 2.9908536035109137;0.8567164179104477;faces\\Andrea.bmp, faces\\Simon.bmp, faces\\Nina.bmp, faces\\Lena.bmp, faces\\Shane.bmp;3-5;10;21;0.4194074404098908;female;48.02791999480515;cheat_first
3;1.0;10.464292248690981;0.9912545656789007;self;0.5;3;3;1, 1, 1;1474562282.962;22_9_2;;0.9792899408284024;3;1.0;76;14;5;left;1.4616451198162395;experiment;faces\\Joshua.bmp, faces\\Ella.bmp, faces\\Justin.bmp;1;instructions;left;3348;1, 0, 1;faces;1, 0, 1;2+6/2=5 ?, 4/2+4=5 ?, 4x2-6=2 ?;accuracy;2.5651620145490597, 1.8025220626514056, 3.4215973865630076;0.8579881656804734;faces\\Joshua.bmp, faces\\Ella.bmp, faces\\Justin.bmp;3-5;6;21;4.2010959000035015;female;52.229015894808654;cheat_first
3;1.0;11.16443872551281;2.159266561277036;self;0.5;3;3;1, 1, 1;1474562311.293;22_9_2;;0.9794721407624634;3;1.0;77;14;5;right;1.17101337260101;experiment;faces\\Tanya.bmp, faces\\Shane.bmp, faces\\Mark.bmp;1;instructions;right;3348;0, 0, 0;faces;0, 0, 0;4x2-7=0 ?, 4x2-2=4 ?, 2x2+1=6 ?;cheat;2.03912548488006, 3.0325993213009497, 2.4840285762511485;0.8592375366568915;faces\\Tanya.bmp, faces\\Shane.bmp, faces\\Mark.bmp;3-5;6;21;0.42079961472639554;female;52.64981550953505;cheat_first
3;1.0;11.389467682909526;1.1974673205222643;self;0.5;3;3;1, 1, 1;1474562341.495;22_9_2;;0.9796511627906976;3;1.0;78;14;5;left;1.1104249101899768;experiment;faces\\Andre.bmp, faces\\Gary.bmp, faces\\Olga.bmp;0;instructions;right;3348;0, 1, 0;faces;0, 1, 0;6/3+2=5 ?, 4x2-4=4 ?, 4x2-5=2 ?;cheat;3.039783374260878, 1.883028754260522, 2.1178535040653514;0.8604651162790697;faces\\Andre.bmp, faces\\Gary.bmp, faces\\Olga.bmp;3-5;6;21;4.214778258518118;female;56.86459376805317;cheat_first
3;1.0;9.3871917890865;1.0161694275739137;other;5;3;3;1, 1, 1;1474562370.122;22_9_2;;0.9798270893371758;3;1.0;79;14;0.5;left;0.8264311571310827;experiment;faces\\Kristen.bmp, faces\\Hanna.bmp, faces\\James.bmp;0;instructions;right;3348;0, 0, 1;faces;0, 0, 1;4/2+1=2 ?, 3x3-7=4 ?, 2x4-5=3 ?;accuracy;2.5767495734689874, 3.5406877509776677, 2.980975353742906;0.861671469740634;faces\\Kristen.bmp, faces\\Hanna.bmp, faces\\James.bmp;3-5;6;21;0.42214452408042585;female;56.86459376805317;cheat_first
5;1.0;18.47890206437114;0.8757480881740776;other;0.5;5;3;1, 1, 1, 1, 1;1474562398.344;22_9_2;;0.9801136363636364;5;0.6;80;14;5;left;2.328918856652308;experiment;faces\\Emily.bmp, faces\\Lily.bmp, faces\\Kurt.bmp, faces\\Casper.bmp, faces\\Steve.bmp;1;instructions;left;3348;0, 0, 1, 1, 0;faces;0, 0, 1, 1, 0;3+2x3=7 ?, 9/3-1=4 ?, 3x3-7=2 ?, 1+9/3=4 ?, 9/3-1=0 ?;accuracy;3.7811556982451293, 3.2273873085741798, 1.6916961902934418, 1.7829619744170486, 1.9748621847375034;0.8579545454545454;faces\\Emily.bmp, faces\\Lily.bmp, faces\\Casper.bmp, faces\\Kurt.bmp, faces\\Steve.bmp;3-5;8;21;4.204464746900826;female;56.86459376805317;cheat_first
5;1.0;13.861988680338982;0.8112367081739649;other;0.5;5;5;1, 1, 1, 1, 1;1474562444.365;22_9_2;;0.9803921568627451;5;1.0;81;10;5;left;1.4909376533905743;experiment;faces\\Linda.bmp, faces\\Chloe.bmp, faces\\Billy.bmp, faces\\Alex.bmp, faces\\Liam.bmp;1;instructions;left;3348;0, 1, 0, 0, 0;faces;0, 1, 0, 0, 0;4x2-7=2 ?, 8/2-2=2 ?, 8/2-3=0 ?, 9/3-1=0 ?, 6/3+7=8 ?;accuracy;2.591062117993715, 2.8241166888383304, 1.6196780057925935, 2.0759980790608097, 3.65926461485833;0.8599439775910365;faces\\Linda.bmp, faces\\Chloe.bmp, faces\\Billy.bmp, faces\\Alex.bmp, faces\\Liam.bmp;3-5;10;21;4.215411654858022;female;56.86459376805317;cheat_first
4;1.0;11.655292152077891;1.0722432612346893;other;0.5;4;4;1, 1, 1, 1;1474562486.627;22_9_2;;0.9806094182825484;4;1.0;82;10;5;right;1.641580166067797;experiment;faces\\Casper.bmp, faces\\Zach.bmp, faces\\Emma.bmp, faces\\Kelly.bmp;1;instructions;right;3348;1, 0, 1, 1;faces;1, 0, 1, 1;3x3-3=6 ?, 4/2+2=3 ?, 6/2-1=2 ?, 1+2x4=9 ?;cheat;2.6141816744366224, 3.078147278747565, 3.3543245698510873, 4.355791815345583;0.8614958448753463;faces\\Casper.bmp, faces\\Zach.bmp, faces\\Emma.bmp, faces\\Kelly.bmp;3-5;8;21;0.42239546964802294;female;56.86459376805317;cheat_first
;;;1.023793724960342;self;2;;;;1474562551.525;22_9_2;;;1;;1;10;0.2;left;;controlDotsCheat;;1;instructions;left;3348;;faces;;;cheat;;;;3-5;;21;0.2;female;;cheat_first
;;;2.065564923135753;self;2;;;;1474562553.085;22_9_2;;;1;;2;12;0.2;left;;controlDotsCheat;;1;instructions;left;3348;;faces;;;cheat;;;;3-5;;21;0.2;female;;cheat_first
;;;1.549644106264168;self;0.2;;;;1474562555.69;22_9_2;;;1;;3;14;2;left;;controlDotsCheat;;0;instructions;right;3348;;faces;;;cheat;;;;3-5;;21;2;female;;cheat_first
;;;0.9998842765853624;self;0.2;;;;1474562557.765;22_9_2;;;1;;4;14;2;left;;controlDotsCheat;;0;instructions;right;3348;;faces;;;cheat;;;;3-5;;21;2;female;;cheat_first
;;;1.6895689320499514;self;2;;;;1474562559.31;22_9_2;;;1;;5;14;0.2;right;;controlDotsCheat;;0;instructions;left;3348;;faces;;;cheat;;;;3-5;;21;2;female;;cheat_first
;;;0.8753768531241803;self;2;;;;1474562561.556;22_9_2;;;1;;6;12;0.2;left;;controlDotsCheat;;1;instructions;left;3348;;faces;;;cheat;;;;3-5;;21;0.2;female;;cheat_first
;;;1.0824817753309617;other;2;;;;1474562562.976;22_9_2;;;1;;7;12;0.2;left;;controlDotsCheat;;1;instructions;left;3348;;faces;;;cheat;;;;3-5;;21;0.2;female;;cheat_first
;;;0.6555420014065021;other;0.2;;;;1474562564.614;22_9_2;;;1;;8;10;2;right;;controlDotsCheat;;1;instructions;right;3348;;faces;;;cheat;;;;3-5;;21;0.2;female;;cheat_first
;;;0.7177028159021575;other;2;;;;1474562565.815;22_9_2;;;1;;9;12;0.2;left;;controlDotsCheat;;1;instructions;left;3348;;faces;;;cheat;;;;3-5;;21;0.2;female;;cheat_first
;;;0.6425887646364572;other;2;;;;1474562567.079;22_9_2;;;1;;10;10;0.2;left;;controlDotsCheat;;1;instructions;left;3348;;faces;;;cheat;;;;3-5;;21;0.2;female;;cheat_first
;;;0.8425807666262699;other;0.2;;;;1474562568.264;22_9_2;;;1;;11;10;2;right;;controlDotsCheat;;1;instructions;right;3348;;faces;;;cheat;;;;3-5;;21;0.2;female;;cheat_first
;;;0.6740382835705532;other;0.2;;;;1474562569.653;22_9_2;;;1;;12;10;2;right;;controlDotsCheat;;1;instructions;right;3348;;faces;;;cheat;;;;3-5;;21;0.2;female;;cheat_first
;;;0.9966765792432852;self;0.2;;;;1474562570.87;22_9_2;;;1;;13;14;2;left;;controlDotsCheat;;0;instructions;right;3348;;faces;;;cheat;;;;3-5;;21;2;female;;cheat_first
;;;0.6691028745772201;self;0.2;;;;1474562572.43;22_9_2;;;1;;14;10;2;right;;controlDotsCheat;;1;instructions;right;3348;;faces;;;cheat;;;;3-5;;21;0.2;female;;cheat_first
;;;2.244516497310542;self;2;;;;1474562595.191;22_9_2;;;1;;1;14;0.2;left;;controlDotsAccuracy;;0;instructions;right;3348;;faces;;;accuracy;;;;3-5;;21;0.2;female;;cheat_first
;;;1.076436200122771;self;2;;;;1474562597.968;22_9_2;;;1;;2;12;0.2;right;;controlDotsAccuracy;;1;instructions;right;3348;;faces;;;accuracy;;;;3-5;;21;2;female;;cheat_first
;;;1.0718960909907764;self;0.2;;;;1474562599.59;22_9_2;;;1;;3;14;2;left;;controlDotsAccuracy;;1;instructions;left;3348;;faces;;;accuracy;;;;3-5;;21;2;female;;cheat_first
;;;1.6430689991120744;self;0.2;;;;1474562601.213;22_9_2;;;1;;4;10;2;left;;controlDotsAccuracy;;1;instructions;left;3348;;faces;;;accuracy;;;;3-5;;21;2;female;;cheat_first
;;;1.2071095228347986;self;0.2;;;;1474562603.397;22_9_2;;;1;;5;14;2;left;;controlDotsAccuracy;;1;instructions;left;3348;;faces;;;accuracy;;;;3-5;;21;2;female;;cheat_first
;;;1.1880523183062905;self;2;;;;1474562605.159;22_9_2;;;1;;6;14;0.2;right;;controlDotsAccuracy;;1;instructions;right;3348;;faces;;;accuracy;;;;3-5;;21;2;female;;cheat_first
;;;1.3364447714429843;other;2;;;;1474562606.907;22_9_2;;;1;;7;12;0.2;right;;controlDotsAccuracy;;1;instructions;right;3348;;faces;;;accuracy;;;;3-5;;21;2;female;;cheat_first
;;;0.7957198615695233;other;2;;;;1474562608.794;22_9_2;;;1;;8;14;0.2;left;;controlDotsAccuracy;;0;instructions;right;3348;;faces;;;accuracy;;;;3-5;;21;0.2;female;;cheat_first
;;;1.6081700730755983;other;0.2;;;;1474562610.136;22_9_2;;;1;;9;14;2;left;;controlDotsAccuracy;;1;instructions;left;3348;;faces;;;accuracy;;;;3-5;;21;2;female;;cheat_first
;;;0.6590812976446614;other;0.2;;;;1474562612.304;22_9_2;;;1;;10;12;2;left;;controlDotsAccuracy;;1;instructions;left;3348;;faces;;;accuracy;;;;3-5;;21;2;female;;cheat_first
;;;0.69925891008279;other;0.2;;;;1474562613.506;22_9_2;;;1;;11;10;2;left;;controlDotsAccuracy;;1;instructions;left;3348;;faces;;;accuracy;;;;3-5;;21;2;female;;cheat_first
;;;0.9607049997812283;other;2;;;;1474562614.769;22_9_2;;;1;;12;12;0.2;right;;controlDotsAccuracy;;1;instructions;right;3348;;faces;;;accuracy;;;;3-5;;21;2;female;;cheat_first
;;;1.498784904146305;self;2;;;;1474562616.283;22_9_2;;;1;;13;12;0.2;right;;controlDotsAccuracy;;1;instructions;right;3348;;faces;;;accuracy;;;;3-5;;21;2;female;;cheat_first
;;;0.835935340692231;self;0.2;;;;1474562618.342;22_9_2;;;1;;14;12;2;left;;controlDotsAccuracy;;1;instructions;left;3348;;faces;;;accuracy;;;;3-5;;21;2;female;;cheat_first
;;12.428;;self;5;;;;;22_9_2;;;3;;1;12;0.5;;;qStress;faces\\Robert.bmp, faces\\Joshua.bmp, faces\\Hanna.bmp;;instructions;right;3348;0, 1, 1;faces;;2x3-5=2 ?, 6/3+4=6 ?, 5+8/4=7 ?;accuracy;;;6;3-5;;21;;female;;cheat_first
;;8.529;;self;5;;;;;22_9_2;;;3;;1;14;0.5;;;qSatisfied;faces\\Cindy.bmp, faces\\Megan.bmp, faces\\Leah.bmp;;instructions;right;3348;0, 0, 1;faces;;3x2-4=1 ?, 8/4-1=3 ?, 2x4-1=7 ?;accuracy;;;3;3-5;;21;;female;;cheat_first
;;8.989;;self;5;;;;;22_9_2;;;3;;1;10;0.5;;;qFrustration;faces\\Zach.bmp, faces\\Thomas.bmp, faces\\Robert.bmp;;instructions;left;3348;1, 1, 1;faces;;4x2-7=1 ?, 2x4-1=7 ?, 2x3+1=7 ?;cheat;;;3;3-5;;21;;female;;cheat_first
;;6.76;;self;0.5;;;;;22_9_2;;;3;;1;10;5;;;qDifficulty;faces\\Rachel.bmp, faces\\Joan.bmp, faces\\Cindy.bmp;;instructions;left;3348;1, 1, 1;faces;;9/3+1=4 ?, 4/2+6=8 ?, 4/2+7=9 ?;accuracy;;;4;3-5;;21;;female;;cheat_first
;;14.541;;self;0.5;;;;;22_9_2;;;3;;1;10;5;;;qEffort;faces\\Angie.bmp, faces\\Niclas.bmp, faces\\Vicky.bmp;;instructions;left;3348;1, 0, 0;faces;;2x2-1=3 ?, 3x3-8=3 ?, 3x2-2=6 ?;accuracy;;;7;3-5;;21;;female;;cheat_first
;;31.784998989633095;;self;5;;;;;22_9_2;;;1;;1;12;0.5;;;qFriends;;;instructions;right;3348;;faces;;;accuracy;;;400;3-5;;21;;female;;cheat_first
;;100.9046856658315;;self;0.5;;;;;22_9_2;;;1;;1;12;5;;;qAbout;;;instructions;left;3348;;faces;;;accuracy;;;i think it is about memory, about how many items you are able to remember, when you are 2distubed2 by another task in between, as it is in real life.;3-5;;21;;female;;cheat_first
;;123.83691987445309;;self;0.5;;;;;22_9_2;;;1;;1;14;5;;;qFeedback;;;instructions;right;3348;;faces;;;cheat;;;i didnt understand the second-last dots test, because it said the money on top and also that the exercise were to choose the side with most dots. it confused me - as in i didnt know what i was asked to do. otherwise good experiment.;3-5;;21;;female;;cheat_first
