equationScore;equationProportion;recallRT;dotsRT;dotsReceiver;dotsMoneyRight;recallIntersection;recallLocation;equationScores;utc_start;id;recallRTs;equationRateCumulative;span;recallProportion;no;dotsN;dotsMoneyLeft;dotsAns;pauseRT;condition;encode;dotsCorrect;start_at;dotsSide;timeLimit;equationCorrect;stimType;equationAnss;equationText;dotsIncentive;equationRTs;recallLocationRateCumulative;recallAns;level;recallSum;age;moneyEarned;gender;moneyEarnedCumulative;order
;;;1.5271189907605276;self;0.5;;;;1474637699.337;23_15;;;1;;1;14;5;left;;practiceDots;;0;instructions;right;3348;;faces;;;cheat;;;;3-5;;23;5;male;;accuracy_first
;;;1.0664953364296252;self;0.5;;;;1474637701.395;23_15;;;1;;2;12;5;right;;practiceDots;;1;instructions;right;3348;;faces;;;cheat;;;;3-5;;23;0.5;male;;accuracy_first
;;;1.0590250597012982;self;5;;;;1474637703.012;23_15;;;1;;3;12;0.5;right;;practiceDots;;0;instructions;left;3348;;faces;;;cheat;;;;3-5;;23;5;male;;accuracy_first
;;;0.9332962220055379;self;5;;;;1474637704.614;23_15;;;1;;4;12;0.5;right;;practiceDots;;1;instructions;right;3348;;faces;;;accuracy;;;;3-5;;23;5;male;;accuracy_first
;;;0.8166846679018818;self;5;;;;1474637706.09;23_15;;;1;;5;14;0.5;left;;practiceDots;;1;instructions;left;3348;;faces;;;cheat;;;;3-5;;23;0.5;male;;accuracy_first
;;;0.900066248320627;self;5;;;;1474637707.456;23_15;;;1;;6;10;0.5;left;;practiceDots;;1;instructions;left;3348;;faces;;;cheat;;;;3-5;;23;0.5;male;;accuracy_first
1;0.3333333333333333;32.16741361176514;;self;0.5;3;3;0, 1, 0;1474637772.027;23_15;;0.3333333333333333;3;1.0;1;12;5;;8.725193684326769;practiceCS;faces\\Erin.bmp, faces\\Mary.bmp, faces\\Kenny.bmp;;instructions;left;3348;1, 0, 0;faces;0, 0, 1;6/3-2=0 ?, 3+6/2=7 ?, 3x3-7=4 ?;accuracy;3.558224205267834, 8.558736284969655, 0.03221183042114717;1.0;faces\\Erin.bmp, faces\\Mary.bmp, faces\\Kenny.bmp;3-5;6;23;;male;;accuracy_first
3;0.75;19.524168958698056;;self;5;4;2;1, 1, 1, 0;1474637831.934;23_15;;0.5714285714285714;4;0.5;2;10;0.5;;3.4855612634178215;practiceCS;faces\\Chris.bmp, faces\\Scott.bmp, faces\\Emily.bmp, faces\\Andre.bmp;;instructions;right;3348;1, 1, 0, 0;faces;1, 1, 0, 1;3x3-1=8 ?, 6/2-3=0 ?, 1+9/3=3 ?, 3+6/3=3 ?;accuracy;4.146332348573651, 4.923540873656748, 4.997642380805928, 3.7402538528069726;0.7142857142857143;faces\\Chris.bmp, faces\\Andre.bmp, faces\\Emily.bmp, faces\\Scott.bmp;3-5;6;23;;male;;accuracy_first
5;1.0;19.9073606414197;;self;5;5;3;1, 1, 1, 1, 1;1474637881.462;23_15;;0.75;5;0.6;3;14;0.5;;6.04608186480516;practiceCS;faces\\Olivia.bmp, faces\\Eddie.bmp, faces\\David.bmp, faces\\Fiona.bmp, faces\\Bobby.bmp;;instructions;left;3348;0, 0, 1, 0, 0;faces;0, 0, 1, 0, 0;2x3-5=0 ?, 2x2-3=3 ?, 8/2+2=6 ?, 9/3-1=0 ?, 3x3-7=0 ?;cheat;3.6095949651275987, 4.608251242509823, 5.246879392667097, 5.924193447927792, 4.81422831323016;0.6666666666666666;faces\\Olivia.bmp, faces\\Eddie.bmp, faces\\David.bmp, faces\\Bobby.bmp, faces\\Fiona.bmp;3-5;8;23;;male;;accuracy_first
4;1.0;19.57333745733831;;self;0.5;4;4;1, 1, 1, 1;1474637942.406;23_15;;0.8125;4;1.0;4;12;5;;3.437631735776449;practiceCS;faces\\Niclas.bmp, faces\\Karen.bmp, faces\\Keith.bmp, faces\\Damon.bmp;;instructions;right;3348;1, 0, 0, 1;faces;1, 0, 0, 1;4/2+2=4 ?, 4/2+4=5 ?, 2x3+1=5 ?, 3x3-1=8 ?;cheat;5.820165889758755, 4.418232868509676, 4.640241891304868, 4.333570558000702;0.75;faces\\Niclas.bmp, faces\\Karen.bmp, faces\\Keith.bmp, faces\\Damon.bmp;3-5;8;23;;male;;accuracy_first
3;1.0;6.86537045976047;;self;0.5;3;3;1, 1, 1;1474637993.274;23_15;;0.8421052631578947;3;1.0;5;12;5;;3.5329128877051517;practiceCS;faces\\Haley.bmp, faces\\Mark.bmp, faces\\Susan.bmp;;instructions;left;3348;0, 0, 0;faces;0, 0, 0;2x2+5=8 ?, 6+4/2=6 ?, 8/4-1=3 ?;accuracy;5.155534212020029, 6.388194280278185, 5.523603087624906;0.7894736842105263;faces\\Haley.bmp, faces\\Mark.bmp, faces\\Susan.bmp;3-5;6;23;;male;;accuracy_first
5;1.0;16.600766102376383;;self;0.5;5;5;1, 1, 1, 1, 1;1474638027.262;23_15;;0.875;5;1.0;6;14;5;;3.4730498150565836;practiceCS;faces\\Sarah.bmp, faces\\Micha.bmp, faces\\Jenny.bmp, faces\\Amber.bmp, faces\\Nicole.bmp;;instructions;right;3348;1, 0, 0, 1, 1;faces;1, 0, 0, 1, 1;6/2+6=9 ?, 6/3+7=8 ?, 1+4/2=4 ?, 6/2+5=8 ?, 4x2-4=4 ?;cheat;5.326867162207691, 8.360694503229752, 6.569486065911406, 7.633391277021474, 6.174909014726381;0.8333333333333334;faces\\Sarah.bmp, faces\\Micha.bmp, faces\\Jenny.bmp, faces\\Amber.bmp, faces\\Nicole.bmp;3-5;10;23;;male;;accuracy_first
4;1.0;35.64258747821805;1.465265991254455;self;0.5;3;2;1, 1, 1, 1;1474638133.512;23_15;;0.8928571428571429;4;0.5;1;10;5;left;3.3849069904717908;practiceExp;faces\\Lucas.bmp, faces\\John.bmp, faces\\Molly.bmp, faces\\Tanya.bmp;1;instructions;left;3348;0, 0, 0, 1;faces;0, 0, 0, 1;3x2-5=3 ?, 2x3-6=2 ?, 6+4/2=9 ?, 1+8/2=5 ?;accuracy;5.498816235934555, 4.509704388101909, 7.008166025652827, 6.772824528299225;0.7857142857142857;faces\\Lucas.bmp, faces\\John.bmp, faces\\Tanya.bmp, faces\\Donald.bmp;3-5;5;23;5;male;;accuracy_first
3;1.0;28.437335883233118;1.0651618766391948;self;5;3;3;1, 1, 1;1474638212.418;23_15;;0.9032258064516129;3;1.0;2;10;0.5;left;4.9629172193258455;practiceExp;faces\\Sarah.bmp, faces\\Regina.bmp, faces\\Bobby.bmp;1;instructions;left;3348;1, 0, 0;faces;1, 0, 0;2x3-1=5 ?, 2+9/3=4 ?, 2x4-6=1 ?;cheat;3.818263373879745, 4.784266519259745, 5.5994952812225165;0.8064516129032258;faces\\Sarah.bmp, faces\\Regina.bmp, faces\\Bobby.bmp;3-5;6;23;0.5;male;;accuracy_first
5;1.0;16.949470438102253;1.0001705752706584;self;5;5;5;1, 1, 1, 1, 1;1474638269.467;23_15;;0.9166666666666666;5;1.0;3;12;0.5;right;2.182351687987648;practiceExp;faces\\Kevin.bmp, faces\\Andre.bmp, faces\\Lana.bmp, faces\\Kelly.bmp, faces\\Simon.bmp;1;instructions;right;3348;1, 0, 0, 0, 0;faces;1, 0, 0, 0, 0;4x2-1=7 ?, 6/3+2=3 ?, 2x3-1=3 ?, 3x3-3=8 ?, 2x2-1=4 ?;accuracy;3.730965640053455, 7.436807878454147, 5.034218036246784, 4.551579909205884, 3.472365036740939;0.8333333333333334;faces\\Kevin.bmp, faces\\Andre.bmp, faces\\Lana.bmp, faces\\Kelly.bmp, faces\\Simon.bmp;3-5;10;23;5;male;;accuracy_first
5;1.0;17.080139234718672;0.9172264036360502;self;5;5;5;1, 1, 1, 1, 1;1474638340.174;23_15;;0.926829268292683;5;1.0;1;14;0.5;left;7.771395871936875;experiment;faces\\Susan.bmp, faces\\Kenny.bmp, faces\\Tanya.bmp, faces\\Kristen.bmp, faces\\Billy.bmp;1;instructions;left;3348;1, 0, 1, 0, 1;faces;1, 0, 1, 0, 1;3+9/3=6 ?, 2x4-3=7 ?, 6/2+3=6 ?, 3+9/3=7 ?, 6/3+7=9 ?;cheat;4.158332778904423, 8.038702537961854, 3.356328200975895, 3.5409847784571866, 6.446265604805831;0.8536585365853658;faces\\Susan.bmp, faces\\Kenny.bmp, faces\\Tanya.bmp, faces\\Kristen.bmp, faces\\Billy.bmp;3-5;10;23;0.3955978584176086;male;0.3955978584176086;accuracy_first
4;1.0;32.91678297871135;1.1910188227334402;self;5;4;4;1, 1, 1, 1;1474638403.548;23_15;;0.9333333333333333;4;1.0;2;10;0.5;left;2.911785335622426;experiment;faces\\Cindy.bmp, faces\\Donald.bmp, faces\\Mike.bmp, faces\\George.bmp;1;instructions;left;3348;1, 0, 0, 1;faces;1, 0, 0, 1;4/2+7=9 ?, 3x3-6=2 ?, 2x2+2=4 ?, 6+8/4=8 ?;cheat;4.958916486064481, 8.471536578840187, 9.139343363065109, 6.404949230854072;0.8666666666666667;faces\\Cindy.bmp, faces\\Donald.bmp, faces\\Mike.bmp, faces\\George.bmp;3-5;8;23;0.40444444444444444;male;0.800042302862053;accuracy_first
5;1.0;9.175276353171512;0.668450157339521;self;0.5;5;5;1, 1, 1, 1, 1;1474638479.644;23_15;;0.94;5;1.0;3;10;5;right;5.398198059830065;experiment;faces\\Maria.bmp, faces\\Chloe.bmp, faces\\Lena.bmp, faces\\Kelly.bmp, faces\\Shane.bmp;1;instructions;right;3348;1, 1, 0, 0, 0;faces;1, 1, 0, 0, 0;3x3-7=2 ?, 7+4/2=9 ?, 6/2+1=5 ?, 9/3+1=2 ?, 4+4/2=8 ?;cheat;6.14081625575227, 4.958152790144595, 4.750956566298555, 9.559343561243622, 6.3761450130446065;0.88;faces\\Maria.bmp, faces\\Chloe.bmp, faces\\Lena.bmp, faces\\Kelly.bmp, faces\\Shane.bmp;3-5;10;23;0.41359999999999997;male;1.2136423028620529;accuracy_first
5;1.0;20.886048287664835;0.8833969392708241;self;0.5;5;5;1, 1, 1, 1, 1;1474638539.599;23_15;;0.9454545454545454;5;1.0;4;10;5;right;7.232804101733564;experiment;faces\\Liam.bmp, faces\\Chris.bmp, faces\\Chloe.bmp, faces\\Jane.bmp, faces\\Ricky.bmp;1;instructions;right;3348;0, 0, 0, 0, 0;faces;0, 0, 0, 0, 0;2x4-7=3 ?, 2x4-6=1 ?, 5+6/2=7 ?, 3x3-1=9 ?, 4/2-2=2 ?;cheat;5.751522437371932, 6.704143209617996, 3.923070906936573, 4.284883704470303, 6.392148299979908;0.8909090909090909;faces\\Liam.bmp, faces\\Chris.bmp, faces\\Chloe.bmp, faces\\Jane.bmp, faces\\Ricky.bmp;3-5;10;23;0.4211570247933884;male;1.6347993276554413;accuracy_first
4;1.0;12.409671193163376;0.9269941381558056;self;0.5;4;4;1, 1, 1, 1;1474638607.186;23_15;;0.9491525423728814;4;1.0;5;14;5;left;6.159576350481984;experiment;faces\\Jonah.bmp, faces\\Lulu.bmp, faces\\Milla.bmp, faces\\Carl.bmp;0;instructions;right;3348;0, 1, 0, 0;faces;0, 1, 0, 0;3x3-9=1 ?, 3x3-6=3 ?, 6/2+3=4 ?, 4/2-2=2 ?;cheat;2.953657317820671, 3.954245837892813, 6.706814729776397, 4.573653481646488;0.8983050847457628;faces\\Jonah.bmp, faces\\Lulu.bmp, faces\\Milla.bmp, faces\\Carl.bmp;3-5;8;23;4.263142775064637;male;5.897942102720078;accuracy_first
4;0.8;18.288897531684142;0.8262715643236334;self;0.5;5;5;1, 1, 1, 0, 1;1474638654.955;23_15;;0.9375;5;1.0;6;14;5;right;7.771463111151661;experiment;faces\\Diana.bmp, faces\\Eddie.bmp, faces\\Lana.bmp, faces\\James.bmp, faces\\Nana.bmp;0;instructions;left;3348;1, 0, 0, 0, 1;faces;1, 0, 0, 1, 1;3x3-5=4 ?, 1+6/3=2 ?, 1+4/2=1 ?, 4/2-1=2 ?, 1+4x2=9 ?;accuracy;3.322310466809995, 7.908078685451983, 6.7748650615135375, 5.214873526576412, 5.501588614914908;0.90625;faces\\Diana.bmp, faces\\Eddie.bmp, faces\\Lana.bmp, faces\\James.bmp, faces\\Nana.bmp;3-5;10;23;0.4248046875;male;6.322746790220078;accuracy_first
3;1.0;13.221816860197578;0.7834628337013783;other;5;3;3;1, 1, 1;1474638723.088;23_15;;0.9402985074626866;3;1.0;7;14;0.5;right;9.242419309403886;experiment;faces\\Adam.bmp, faces\\Erin.bmp, faces\\Kurt.bmp;0;instructions;left;3348;0, 0, 0;faces;0, 0, 0;2x2+1=3 ?, 4+8/2=9 ?, 3x2-3=5 ?;cheat;5.285633952547414, 3.729102052140661, 3.9708995757559933;0.9104477611940298;faces\\Adam.bmp, faces\\Erin.bmp, faces\\Kurt.bmp;3-5;6;23;4.280463354867454;male;6.322746790220078;accuracy_first
4;1.0;15.506403650452285;0.6924492485486553;other;0.5;4;4;1, 1, 1, 1;1474638767.949;23_15;;0.9436619718309859;4;1.0;8;12;5;right;6.020246789150406;experiment;faces\\Lisa.bmp, faces\\John.bmp, faces\\Kristen.bmp, faces\\Susan.bmp;1;instructions;right;3348;1, 0, 0, 0;faces;1, 0, 0, 0;2x3-5=1 ?, 6/3-2=1 ?, 2x2-3=3 ?, 2x4-2=7 ?;cheat;9.546028781214773, 4.947473433432606, 4.428204797907256, 4.522303601332624;0.9154929577464789;faces\\Lisa.bmp, faces\\John.bmp, faces\\Kristen.bmp, faces\\Susan.bmp;3-5;8;23;0.43195794485221184;male;6.322746790220078;accuracy_first
3;1.0;11.962564390395528;0.9167203400743347;other;5;3;3;1, 1, 1;1474638826.328;23_15;;0.9459459459459459;3;1.0;9;12;0.5;left;2.802153919763441;experiment;faces\\Tina.bmp, faces\\Jeff.bmp, faces\\Jake.bmp;1;instructions;left;3348;0, 0, 1;faces;0, 0, 1;3x2+3=8 ?, 4x2-4=3 ?, 2x4+1=9 ?;cheat;2.9956177726694477, 4.050955292292201, 2.4396644833977916;0.918918918918919;faces\\Tina.bmp, faces\\Jeff.bmp, faces\\Jake.bmp;3-5;6;23;0.4346238130021914;male;6.322746790220078;accuracy_first
4;1.0;25.525797209360007;0.7655329663252814;other;5;3;3;1, 1, 1, 1;1474638860.1;23_15;;0.9487179487179487;4;0.75;10;10;0.5;left;2.5735752718233016;experiment;faces\\Kenny.bmp, faces\\Robert.bmp, faces\\Ella.bmp, faces\\Polly.bmp;1;instructions;left;3348;1, 1, 1, 0;faces;1, 1, 1, 0;4/2-2=0 ?, 7+6/3=9 ?, 6+4/2=8 ?, 2x4-1=9 ?;cheat;5.252226325780157, 4.88890807762391, 4.892335861999982, 4.263619479837416;0.9102564102564102;faces\\Kenny.bmp, faces\\Robert.bmp, faces\\Ella.bmp, faces\\Britt.bmp;3-5;6;23;0.4317882971729125;male;6.322746790220078;accuracy_first
5;1.0;16.358957254261895;0.7297868304567601;other;5;5;5;1, 1, 1, 1, 1;1474638919.607;23_15;;0.9518072289156626;5;1.0;11;10;0.5;left;2.6711577743394628;experiment;faces\\Regina.bmp, faces\\Robert.bmp, faces\\George.bmp, faces\\Nathan.bmp, faces\\Joseph.bmp;1;instructions;left;3348;1, 0, 0, 1, 0;faces;1, 0, 0, 1, 0;3x2-3=3 ?, 2+9/3=6 ?, 1+2x3=8 ?, 3x3-3=6 ?, 2x4-3=4 ?;cheat;4.809619242023018, 3.320469527895966, 3.7463071515626325, 4.2908902896665495, 6.2541203482851415;0.9156626506024096;faces\\Regina.bmp, faces\\Robert.bmp, faces\\George.bmp, faces\\Nathan.bmp, faces\\Joseph.bmp;3-5;10;23;0.43576716504572505;male;6.322746790220078;accuracy_first
4;1.0;16.243473549508963;0.7930762719179256;other;0.5;4;4;1, 1, 1, 1;1474638974.525;23_15;;0.9540229885057471;4;1.0;12;14;5;right;3.360413160200551;experiment;faces\\Jason.bmp, faces\\Karen.bmp, faces\\Emily.bmp, faces\\Julian.bmp;1;instructions;right;3348;0, 1, 0, 1;faces;0, 1, 0, 1;8/2-2=4 ?, 9/3-3=0 ?, 6+4/2=6 ?, 6/3+6=8 ?;cheat;7.968104193887029, 3.3122953627589595, 5.874963018432027, 8.294781670731481;0.9195402298850575;faces\\Jason.bmp, faces\\Karen.bmp, faces\\Emily.bmp, faces\\Julian.bmp;3-5;8;23;0.4386312590831021;male;6.322746790220078;accuracy_first
3;1.0;9.44075977481225;0.6754632074093934;self;0.5;3;3;1, 1, 1;1474639030.572;23_15;;0.9555555555555556;3;1.0;13;14;5;right;3.954790475529535;experiment;faces\\Erica.bmp, faces\\Susan.bmp, faces\\Victor.bmp;1;instructions;right;3348;1, 0, 0;faces;1, 0, 0;9/3+3=6 ?, 4x2+1=8 ?, 3x2-6=1 ?;cheat;5.44885148343883, 5.853913605395064, 7.112225433975709;0.9222222222222223;faces\\Erica.bmp, faces\\Susan.bmp, faces\\Victor.bmp;3-5;6;23;0.44061728395061733;male;6.7633640741706955;accuracy_first
4;1.0;21.350087340200844;0.6319328938484432;self;0.5;4;4;1, 1, 1, 1;1474639074.32;23_15;;0.9574468085106383;4;1.0;14;10;5;left;6.220295484497456;experiment;faces\\Kurt.bmp, faces\\Matt.bmp, faces\\Noah.bmp, faces\\Anna.bmp;1;instructions;left;3348;0, 0, 0, 0;faces;0, 0, 0, 0;3x2-4=0 ?, 4/2+1=1 ?, 4/2+7=7 ?, 4/2+7=7 ?;accuracy;5.597592411453206, 5.796281105214348, 6.299488415745145, 4.782224570482867;0.925531914893617;faces\\Kurt.bmp, faces\\Matt.bmp, faces\\Noah.bmp, faces\\Anna.bmp;3-5;8;23;4.4307378904481665;male;11.194101964618863;accuracy_first
4;1.0;8.198032934475123;0.6303803757750757;self;0.5;4;4;1, 1, 1, 1;1474639134.85;23_15;;0.9591836734693877;4;1.0;15;10;5;right;5.908068422624638;experiment;faces\\Robert.bmp, faces\\John.bmp, faces\\Bruce.bmp, faces\\Timmy.bmp;1;instructions;right;3348;1, 1, 0, 0;faces;1, 1, 0, 0;3x2-4=2 ?, 6/2+1=4 ?, 3x3-5=3 ?, 7+4/2=7 ?;cheat;4.8955534353576695, 3.30660197074576, 4.476894836453084, 4.448913768184866;0.9285714285714286;faces\\Robert.bmp, faces\\John.bmp, faces\\Bruce.bmp, faces\\Timmy.bmp;3-5;8;23;0.44533527696793;male;11.639437241586792;accuracy_first
5;1.0;20.39077838945832;0.9088186707017485;self;0.5;4;3;1, 1, 1, 1, 1;1474639178.254;23_15;;0.9611650485436893;5;0.6;16;10;5;right;4.859453762776866;experiment;faces\\Eddie.bmp, faces\\Angie.bmp, faces\\Oliver.bmp, faces\\Jacob.bmp, faces\\Justin.bmp;1;instructions;right;3348;1, 1, 0, 1, 0;faces;1, 1, 0, 1, 0;4x2-8=0 ?, 2x2-3=1 ?, 2x2-1=1 ?, 3x3-1=8 ?, 6/3+6=9 ?;cheat;3.036300328551988, 4.833655845635803, 7.006737015399722, 3.2940232831701906, 4.712973487931777;0.912621359223301;faces\\Eddie.bmp, faces\\Andre.bmp, faces\\Angie.bmp, faces\\Jacob.bmp, faces\\Justin.bmp;3-5;7;23;0.4385898765199359;male;12.078027118106728;accuracy_first
4;1.0;14.618980851687411;0.8758123558782245;self;0.5;4;2;1, 1, 1, 1;1474639239.471;23_15;;0.9626168224299065;4;0.5;17;12;5;right;4.494033050551479;experiment;faces\\Lisa.bmp, faces\\Ricky.bmp, faces\\Fiona.bmp, faces\\Billy.bmp;1;instructions;right;3348;1, 0, 0, 1;faces;1, 0, 0, 1;4/2+7=9 ?, 9/3+1=5 ?, 2x3-1=3 ?, 3x3-1=8 ?;cheat;4.240314014209616, 4.117624389007688, 3.6796603499556113, 3.9476379925627043;0.897196261682243;faces\\Lisa.bmp, faces\\Ricky.bmp, faces\\Billy.bmp, faces\\Fiona.bmp;3-5;6;23;0.4318281072582758;male;12.509855225365005;accuracy_first
5;1.0;49.77940123125609;0.7438210700802301;self;0.5;5;5;1, 1, 1, 1, 1;1474639285.704;23_15;;0.9642857142857143;5;1.0;18;10;5;right;7.139310805129753;experiment;faces\\Jason.bmp, faces\\Benny.bmp, faces\\Megan.bmp, faces\\Oliver.bmp, faces\\Chris.bmp;1;instructions;right;3348;1, 0, 1, 1, 0;faces;1, 0, 1, 1, 0;4/2+7=9 ?, 3x3-1=7 ?, 2x3-6=0 ?, 2x3-4=2 ?, 2x2+2=7 ?;cheat;4.70289786858757, 4.329672806904455, 3.2189648558319277, 5.664899926815451, 3.4129609602041455;0.9017857142857143;faces\\Jason.bmp, faces\\Benny.bmp, faces\\Megan.bmp, faces\\Oliver.bmp, faces\\Chris.bmp;3-5;10;23;0.43478954081632654;male;12.944644766181332;accuracy_first
4;0.8;15.019549624663796;0.7258904949230782;other;0.5;5;3;1, 1, 1, 0, 1;1474639376.555;23_15;;0.9572649572649573;5;0.6;19;12;5;left;6.888803326005473;experiment;faces\\Erin.bmp, faces\\Tina.bmp, faces\\Billy.bmp, faces\\Jacob.bmp, faces\\Scott.bmp;1;instructions;left;3348;1, 1, 1, 1, 0;faces;1, 1, 1, 0, 0;2x4-8=0 ?, 2+8/2=6 ?, 3x3-4=5 ?, 2x3-6=0 ?, 9/3+2=3 ?;accuracy;3.968977242002893, 3.8809940220799035, 3.1410303595671394, 4.134293698057718, 7.359462256151801;0.8888888888888888;faces\\Erin.bmp, faces\\Tina.bmp, faces\\Jacob.bmp, faces\\Billy.bmp, faces\\Scott.bmp;3-5;8;23;4.254510921177587;male;12.944644766181332;accuracy_first
4;1.0;8.902670175374169;0.7596237010448021;other;0.5;4;4;1, 1, 1, 1;1474639433.814;23_15;;0.9586776859504132;4;1.0;20;14;5;left;4.232303700421653;experiment;faces\\Tina.bmp, faces\\Jeff.bmp, faces\\Andrea.bmp, faces\\Joshua.bmp;0;instructions;right;3348;1, 0, 1, 0;faces;1, 0, 1, 0;6/3-1=1 ?, 6/3+1=2 ?, 2x2-1=3 ?, 2x3-1=7 ?;cheat;4.7015920122644275, 4.568325658625781, 3.9042053528073666, 4.170933407697248;0.8925619834710744;faces\\Tina.bmp, faces\\Jeff.bmp, faces\\Andrea.bmp, faces\\Joshua.bmp;3-5;8;23;4.278396284406803;male;12.944644766181332;accuracy_first
3;1.0;11.605906363377471;0.7091167881453657;other;5;2;2;1, 1, 1;1474639474.994;23_15;;0.9596774193548387;3;0.6666666666666666;21;12;0.5;left;4.387545952694836;experiment;faces\\Mona.bmp, faces\\Kate.bmp, faces\\Cindy.bmp;1;instructions;left;3348;0, 0, 0;faces;0, 0, 0;2+8/4=2 ?, 3x2-3=5 ?, 2x4-6=0 ?;cheat;5.646856814446892, 6.787544961800904, 6.810861044147259;0.8870967741935484;faces\\Mona.bmp, faces\\Billy.bmp, faces\\Cindy.bmp;3-5;4;23;0.4256633714880333;male;12.944644766181332;accuracy_first
5;1.0;13.262358213730295;0.7502937292001661;other;5;5;5;1, 1, 1, 1, 1;1474639519.109;23_15;;0.9612403100775194;5;1.0;22;12;0.5;left;2.7142552796940436;experiment;faces\\Julia.bmp, faces\\Victor.bmp, faces\\Julian.bmp, faces\\Britt.bmp, faces\\Timmy.bmp;1;instructions;left;3348;1, 0, 1, 0, 0;faces;1, 0, 1, 0, 0;9/3+1=4 ?, 2+9/3=7 ?, 8/2-2=2 ?, 4/2+5=5 ?, 6/2-2=2 ?;cheat;3.4869768258276963, 4.882323589073167, 6.277493407018028, 3.8176154001862415, 5.087628267648597;0.8914728682170543;faces\\Julia.bmp, faces\\Victor.bmp, faces\\Julian.bmp, faces\\Britt.bmp, faces\\Timmy.bmp;3-5;10;23;0.42845982813532846;male;12.944644766181332;accuracy_first
4;1.0;18.176795251637486;0.7593020144868206;other;0.5;4;4;1, 1, 1, 1;1474639571.294;23_15;;0.9624060150375939;4;1.0;23;10;5;right;2.3978990222713037;experiment;faces\\Eric.bmp, faces\\Anders.bmp, faces\\Paul.bmp, faces\\Alex.bmp;1;instructions;right;3348;1, 0, 1, 0;faces;1, 0, 1, 0;3+2x2=7 ?, 2x2-1=2 ?, 6+6/2=9 ?, 2x4-6=0 ?;cheat;5.235574003479542, 5.904944630276532, 4.195683808655758, 6.890829349704745;0.8947368421052632;faces\\Eric.bmp, faces\\Anders.bmp, faces\\Paul.bmp, faces\\Alex.bmp;3-5;8;23;0.4305500593589236;male;12.944644766181332;accuracy_first
4;1.0;45.563468156216004;1.0001949937218342;other;5;4;4;1, 1, 1, 1;1474639625.085;23_15;;0.9635036496350365;4;1.0;24;14;0.5;right;2.9970259033766524;experiment;faces\\Brian.bmp, faces\\Will.bmp, faces\\Peter.bmp, faces\\Mary.bmp;0;instructions;left;3348;1, 1, 1, 0;faces;1, 1, 1, 0;4+4/2=6 ?, 1+4x2=9 ?, 4x2-4=4 ?, 4/2-2=1 ?;cheat;2.920315514705635, 3.466333325312007, 4.726254648353461, 5.880268900235478;0.8978102189781022;faces\\Brian.bmp, faces\\Will.bmp, faces\\Peter.bmp, faces\\Mary.bmp;3-5;8;23;4.325217113325165;male;12.944644766181332;accuracy_first
5;1.0;18.763417054412912;1.2667517655600022;self;5;5;5;1, 1, 1, 1, 1;1474639701.363;23_15;;0.9647887323943662;5;1.0;25;10;0.5;left;3.2089440895310872;experiment;faces\\Kevin.bmp, faces\\Donald.bmp, faces\\Olivia.bmp, faces\\Zach.bmp, faces\\Damon.bmp;1;instructions;left;3348;1, 1, 1, 0, 0;faces;1, 1, 1, 0, 0;2x3-4=2 ?, 3+8/4=5 ?, 2+8/2=6 ?, 3x3-8=2 ?, 4x2-2=4 ?;cheat;5.309558372839092, 7.040115623137808, 6.197580308394663, 4.5963598104845005, 6.131497608407244;0.9014084507042254;faces\\Kevin.bmp, faces\\Donald.bmp, faces\\Olivia.bmp, faces\\Zach.bmp, faces\\Damon.bmp;3-5;10;23;0.4348343582622496;male;13.37947912444358;accuracy_first
5;1.0;11.55041525523302;1.4051261761555907;self;0.5;5;5;1, 1, 1, 1, 1;1474639765.648;23_15;;0.9659863945578231;5;1.0;26;12;5;right;4.36678425271748;experiment;faces\\Hanna.bmp, faces\\Lucia.bmp, faces\\Amber.bmp, faces\\Mark.bmp, faces\\David.bmp;1;instructions;right;3348;0, 0, 0, 1, 1;faces;0, 0, 0, 1, 1;3x3-5=2 ?, 2+2x2=4 ?, 8/4-1=0 ?, 4x2-3=5 ?, 2x2-2=2 ?;cheat;4.531013202950362, 4.796232976092597, 3.171068947798176, 4.970802963621736, 3.7071555264260496;0.9047619047619048;faces\\Hanna.bmp, faces\\Lucia.bmp, faces\\Amber.bmp, faces\\Mark.bmp, faces\\David.bmp;3-5;10;23;0.4369938451571104;male;13.81647296960069;accuracy_first
4;1.0;12.541710608083122;0.7329155772736158;self;0.5;4;4;1, 1, 1, 1;1474639815.893;23_15;;0.9668874172185431;4;1.0;27;10;5;right;2.8142516700099804;experiment;faces\\Benny.bmp, faces\\Jenny.bmp, faces\\Matt.bmp, faces\\Greg.bmp;1;instructions;right;3348;0, 0, 1, 1;faces;0, 0, 1, 1;6/2+2=4 ?, 2x4-2=7 ?, 6+6/3=8 ?, 8/2-1=3 ?;cheat;4.863621178512403, 5.244265910567719, 4.177562486463557, 5.769565549740946;0.9072847682119205;faces\\Benny.bmp, faces\\Jenny.bmp, faces\\Matt.bmp, faces\\Greg.bmp;3-5;8;23;0.43862111310907415;male;14.255094082709764;accuracy_first
3;1.0;9.784667831202569;0.608711654183935;self;5;3;3;1, 1, 1;1474639862.753;23_15;;0.9675324675324676;3;1.0;28;10;0.5;left;4.780894295708094;experiment;faces\\Keith.bmp, faces\\Gary.bmp, faces\\Zach.bmp;1;instructions;left;3348;1, 1, 1;faces;1, 1, 1;9/3+1=4 ?, 3+6/2=6 ?, 2+2x2=6 ?;cheat;3.621648832939627, 5.04352677465522, 5.201026495081351;0.9090909090909091;faces\\Keith.bmp, faces\\Gary.bmp, faces\\Zach.bmp;3-5;6;23;0.4397874852420307;male;14.694881567951795;accuracy_first
5;1.0;43.56176594241788;1.059044877575161;self;5;5;5;1, 1, 1, 1, 1;1474639899.505;23_15;;0.9685534591194969;5;1.0;29;12;0.5;right;6.081043425208009;experiment;faces\\Eric.bmp, faces\\Diana.bmp, faces\\Oliver.bmp, faces\\Amber.bmp, faces\\Joseph.bmp;0;instructions;left;3348;0, 1, 0, 1, 1;faces;0, 1, 0, 1, 1;4+6/3=4 ?, 9/3-2=1 ?, 4+4/2=7 ?, 3x3-6=3 ?, 2x4-7=1 ?;cheat;4.523023060927244, 9.332811462658356, 4.846282662333124, 4.146934670378869, 5.564305107490782;0.9119496855345912;faces\\Eric.bmp, faces\\Diana.bmp, faces\\Oliver.bmp, faces\\Amber.bmp, faces\\Joseph.bmp;3-5;10;23;4.416360112337329;male;19.111241680289123;accuracy_first
5;1.0;21.03528926310082;0.9249132614131668;self;5;5;3;1, 1, 1, 1, 1;1474639990.324;23_15;;0.9695121951219512;5;0.6;30;14;0.5;right;5.512170297820376;experiment;faces\\Jane.bmp, faces\\Keith.bmp, faces\\Sonya.bmp, faces\\Mona.bmp, faces\\Adam.bmp;0;instructions;left;3348;0, 0, 1, 0, 1;faces;0, 0, 1, 0, 1;5+6/2=6 ?, 4/2+1=2 ?, 8/4-2=0 ?, 2x3-6=2 ?, 6/3+3=5 ?;cheat;3.8442789337418617, 8.081515161381503, 4.91696912516818, 2.887059707007211, 3.8343777824647987;0.9024390243902439;faces\\Jane.bmp, faces\\Keith.bmp, faces\\Adam.bmp, faces\\Mona.bmp, faces\\Sonya.bmp;3-5;8;23;4.374628197501488;male;23.48586987779061;accuracy_first
4;1.0;11.025742710207851;0.7762243553174812;other;5;4;4;1, 1, 1, 1;1474640054.595;23_15;;0.9702380952380952;4;1.0;31;14;0.5;right;5.068162161167493;experiment;faces\\Jake.bmp, faces\\Tony.bmp, faces\\Niclas.bmp, faces\\Emma.bmp;1;instructions;right;3348;1, 1, 1, 1;faces;1, 1, 1, 1;5+9/3=8 ?, 9/3+2=5 ?, 5+6/3=7 ?, 2+4/2=4 ?;accuracy;2.912413137551539, 4.403005309774471, 6.761494012878757, 3.426403140849743;0.9047619047619048;faces\\Jake.bmp, faces\\Tony.bmp, faces\\Niclas.bmp, faces\\Emma.bmp;3-5;8;23;4.389172335600907;male;23.48586987779061;accuracy_first
3;1.0;17.152898080922114;1.7078052695724182;other;0.5;2;2;1, 1, 1;1474640099.011;23_15;;0.9707602339181286;3;0.6666666666666666;32;14;5;right;5.080904700091651;experiment;faces\\Maria.bmp, faces\\Erica.bmp, faces\\Steve.bmp;1;instructions;right;3348;0, 0, 0;faces;0, 0, 0;2x4-1=6 ?, 6/3+7=8 ?, 9/3+6=8 ?;cheat;9.138377241720264, 3.8276113941451513, 2.1137829065178266;0.9005847953216374;faces\\Maria.bmp, faces\\Erica.bmp, faces\\Joshua.bmp;3-5;4;23;0.43712595328477133;male;23.48586987779061;accuracy_first
5;1.0;16.82684062041244;0.8335932069990122;other;0.5;4;4;1, 1, 1, 1, 1;1474640145.954;23_15;;0.9715909090909091;5;0.8;33;12;5;left;2.2083424755073793;experiment;faces\\Anders.bmp, faces\\Victor.bmp, faces\\Shane.bmp, faces\\Alex.bmp, faces\\Haley.bmp;1;instructions;left;3348;0, 1, 0, 1, 0;faces;0, 1, 0, 1, 0;4/2+3=3 ?, 9/3-2=1 ?, 5+8/4=5 ?, 9/3+4=7 ?, 3x3-3=5 ?;accuracy;3.3796591467271355, 7.122907975703129, 5.124835617815279, 3.6393720282039794, 4.00429977082058;0.8977272727272727;faces\\Anders.bmp, faces\\Victor.bmp, faces\\Shane.bmp, faces\\Adam.bmp, faces\\Haley.bmp;3-5;8;23;4.3611182851239665;male;23.48586987779061;accuracy_first
4;1.0;9.475811931209591;0.7070907644460931;other;0.5;4;4;1, 1, 1, 1;1474640201.307;23_15;;0.9722222222222222;4;1.0;34;10;5;right;3.2708961784060193;experiment;faces\\Linda.bmp, faces\\Rachel.bmp, faces\\Donald.bmp, faces\\Lulu.bmp;1;instructions;right;3348;1, 0, 0, 0;faces;1, 0, 0, 0;8/2-1=3 ?, 6/3+5=9 ?, 1+9/3=3 ?, 3x3-5=5 ?;cheat;3.553698652242929, 5.4261833747855235, 5.02426769417616, 7.550128603844769;0.9;faces\\Linda.bmp, faces\\Rachel.bmp, faces\\Donald.bmp, faces\\Lulu.bmp;3-5;8;23;0.4375;male;23.48586987779061;accuracy_first
3;1.0;6.8776118895916625;0.7092484354498083;other;0.5;3;3;1, 1, 1;1474640246.206;23_15;;0.9726775956284153;3;1.0;35;12;5;right;2.727777439615693;experiment;faces\\Simon.bmp, faces\\Joan.bmp, faces\\Anders.bmp;1;instructions;right;3348;0, 1, 0;faces;0, 1, 0;1+2x4=8 ?, 6+6/3=8 ?, 2x3-3=2 ?;cheat;5.082963989507789, 6.262235059800332, 6.410154961617081;0.9016393442622951;faces\\Simon.bmp, faces\\Joan.bmp, faces\\Anders.bmp;3-5;6;23;0.4385021947505151;male;23.48586987779061;accuracy_first
4;1.0;6.552727576429788;1.1658313668813207;other;5;4;4;1, 1, 1, 1;1474640282.245;23_15;;0.9732620320855615;4;1.0;36;10;0.5;left;2.0163469147109936;experiment;faces\\Nina.bmp, faces\\Molly.bmp, faces\\Justin.bmp, faces\\Lena.bmp;1;instructions;left;3348;0, 1, 0, 1;faces;0, 1, 0, 1;4+8/2=7 ?, 3x3-5=4 ?, 3x2-4=3 ?, 2x3+2=8 ?;cheat;6.634951226797057, 3.5602488134045416, 4.200642169887033, 8.614715762145806;0.9037433155080213;faces\\Nina.bmp, faces\\Molly.bmp, faces\\Justin.bmp, faces\\Lena.bmp;3-5;8;23;0.4397895278675398;male;23.48586987779061;accuracy_first
4;0.8;14.813115327285232;0.7086953044381517;self;0.5;5;5;1, 0, 1, 1, 1;1474640325.319;23_15;;0.96875;5;1.0;37;10;5;right;2.482361384590149;experiment;faces\\Lana.bmp, faces\\Olivia.bmp, faces\\Chris.bmp, faces\\Karen.bmp, faces\\Sonya.bmp;1;instructions;right;3348;0, 0, 1, 0, 0;faces;0, 1, 1, 0, 0;4+4/2=5 ?, 2+2x2=4 ?, 4x2-7=1 ?, 2x4-2=7 ?, 2x4-2=8 ?;cheat;2.2483685643223907, 2.8610710428306447, 3.4576286781621093, 3.702389681682689, 4.2010204789412455;0.90625;faces\\Lana.bmp, faces\\Olivia.bmp, faces\\Chris.bmp, faces\\Karen.bmp, faces\\Sonya.bmp;3-5;10;23;0.43896484375;male;23.92483472154061;accuracy_first
3;1.0;6.010766059909201;0.5987828994398114;self;5;3;3;1, 1, 1;1474640371.936;23_15;;0.9692307692307692;3;1.0;38;10;0.5;right;2.5603429483053333;experiment;faces\\Paul.bmp, faces\\Andre.bmp, faces\\Donna.bmp;1;instructions;right;3348;0, 0, 1;faces;0, 0, 1;6/2+5=6 ?, 6/3-1=3 ?, 6/2+6=9 ?;accuracy;3.8122989016651445, 6.402815624411687, 6.177533467434387;0.9076923076923077;faces\\Paul.bmp, faces\\Andre.bmp, faces\\Donna.bmp;3-5;6;23;4.398816568047337;male;28.323651289587946;accuracy_first
3;1.0;6.635395005612736;0.7924247593191467;self;5;3;3;1, 1, 1;1474640405.463;23_15;;0.9696969696969697;3;1.0;39;14;0.5;right;2.2482687671727035;experiment;faces\\Maria.bmp, faces\\Lucas.bmp, faces\\Donald.bmp;0;instructions;left;3348;0, 0, 0;faces;0, 0, 0;9/3-2=3 ?, 7+4/2=7 ?, 2+6/2=4 ?;cheat;3.6371347318145126, 5.658431160492, 6.902855260158958;0.9090909090909091;faces\\Maria.bmp, faces\\Lucas.bmp, faces\\Donald.bmp;3-5;6;23;4.40771349862259;male;32.731364788210534;accuracy_first
3;1.0;13.126356285733891;0.7236606302367363;self;0.5;3;3;1, 1, 1;1474640439.553;23_15;;0.9701492537313433;3;1.0;40;10;5;left;2.9018923238299976;experiment;faces\\Amanda.bmp, faces\\David.bmp, faces\\Leah.bmp;1;instructions;left;3348;0, 1, 0;faces;0, 1, 0;2x2-3=3 ?, 3x3-1=8 ?, 4+8/4=4 ?;accuracy;3.6176229734455774, 4.519570504209241, 3.5536866199627184;0.9104477611940298;faces\\Amanda.bmp, faces\\David.bmp, faces\\Leah.bmp;3-5;6;23;4.416351080418802;male;37.147715868629334;accuracy_first
5;1.0;25.629825829200854;0.7183989847585508;self;0.5;5;3;1, 1, 1, 1, 1;1474640476.247;23_15;;0.970873786407767;5;0.6;41;12;5;left;2.563550966616731;experiment;faces\\Angie.bmp, faces\\Amanda.bmp, faces\\Milla.bmp, faces\\Jonah.bmp, faces\\Nathan.bmp;1;instructions;left;3348;0, 0, 0, 0, 0;faces;0, 0, 0, 0, 0;7+4/2=7 ?, 8/2-4=1 ?, 2x4-3=7 ?, 2x4-7=2 ?, 4/2-1=2 ?;accuracy;3.7449383027123986, 4.770325352864347, 6.658213517771401, 4.558947203768639, 6.1034875211094;0.9029126213592233;faces\\Angie.bmp, faces\\Amanda.bmp, faces\\Jonah.bmp, faces\\Milla.bmp, faces\\Nathan.bmp;3-5;8;23;4.383070977471958;male;41.53078684610129;accuracy_first
4;1.0;25.85248211790804;0.8091598920209435;self;5;4;4;1, 1, 1, 1;1474640542.803;23_15;;0.9714285714285714;4;1.0;42;12;0.5;left;4.424780198546614;experiment;faces\\Justin.bmp, faces\\Eddie.bmp, faces\\Britt.bmp, faces\\Ricky.bmp;1;instructions;left;3348;0, 0, 1, 0;faces;0, 0, 1, 0;4+8/2=7 ?, 9/3-1=3 ?, 2x3-2=4 ?, 9/3-3=1 ?;cheat;4.523608042093201, 6.845415984247211, 7.354440548502225, 4.746965388083481;0.9047619047619048;faces\\Justin.bmp, faces\\Eddie.bmp, faces\\Britt.bmp, faces\\Ricky.bmp;3-5;8;23;0.43945578231292515;male;41.97024262841422;accuracy_first
3;1.0;4.8634396326333444;0.809651446067619;other;5;3;3;1, 1, 1;1474640607.331;23_15;;0.971830985915493;3;1.0;43;14;0.5;right;3.2027775457827374;experiment;faces\\Tanya.bmp, faces\\Kelly.bmp, faces\\Benny.bmp;1;instructions;right;3348;1, 0, 0;faces;1, 0, 0;4x2-2=6 ?, 4+4/2=4 ?, 4+9/3=6 ?;accuracy;1.8011014491112292, 2.607660245203988, 5.358244518588435;0.9061032863849765;faces\\Tanya.bmp, faces\\Kelly.bmp, faces\\Benny.bmp;3-5;6;23;4.4028962507439005;male;41.97024262841422;accuracy_first
4;1.0;29.020395423203354;1.3595252486788922;other;0.5;3;3;1, 1, 1, 1;1474640634.057;23_15;;0.9723502304147466;4;0.75;44;14;5;right;2.6024456671757434;experiment;faces\\Lily.bmp, faces\\Fiona.bmp, faces\\Amber.bmp, faces\\Polly.bmp;0;instructions;left;3348;1, 1, 0, 0;faces;1, 1, 0, 0;2x3-6=0 ?, 2x2-1=3 ?, 2x2-3=0 ?, 3x3-3=4 ?;accuracy;5.106819755023025, 2.989667456078223, 4.196993911666141, 3.3956971149423225;0.9032258064516129;faces\\Lily.bmp, faces\\Fiona.bmp, faces\\Amber.bmp, faces\\Nathan.bmp;3-5;6;23;0.43912591050988553;male;41.97024262841422;accuracy_first
3;1.0;16.282262436777273;0.7335090518135985;other;0.5;3;3;1, 1, 1;1474640692.688;23_15;;0.9727272727272728;3;1.0;45;12;5;right;1.7627917297186286;experiment;faces\\Will.bmp, faces\\Benny.bmp, faces\\Nicole.bmp;1;instructions;right;3348;1, 1, 1;faces;1, 1, 1;2x4-7=1 ?, 2x4-8=0 ?, 9/3+2=5 ?;cheat;4.62228689769654, 2.5723405475109757, 4.516243578655121;0.9045454545454545;faces\\Will.bmp, faces\\Benny.bmp, faces\\Nicole.bmp;3-5;6;23;0.4399380165289256;male;41.97024262841422;accuracy_first
4;1.0;19.242984826586508;0.6821984533571595;other;5;4;4;1, 1, 1, 1;1474640730.788;23_15;;0.9732142857142857;4;1.0;46;14;0.5;right;3.494846291155227;experiment;faces\\Adam.bmp, faces\\Jenny.bmp, faces\\Emily.bmp, faces\\Mary.bmp;1;instructions;right;3348;0, 1, 0, 0;faces;0, 1, 0, 0;6+6/2=7 ?, 2x3-1=5 ?, 8/2-1=5 ?, 9/3+2=7 ?;accuracy;7.0807865006299835, 5.076305537821099, 2.752338155210964, 3.2889835270998447;0.90625;faces\\Adam.bmp, faces\\Jenny.bmp, faces\\Emily.bmp, faces\\Mary.bmp;3-5;8;23;4.409877232142857;male;41.97024262841422;accuracy_first
5;1.0;27.978368083031455;1.0580702628558356;other;5;5;5;1, 1, 1, 1, 1;1474640784.268;23_15;;0.9737991266375546;5;1.0;47;14;0.5;left;3.6632016058138106;experiment;faces\\Zach.bmp, faces\\Sofia.bmp, faces\\Karen.bmp, faces\\Vicky.bmp, faces\\Linda.bmp;1;instructions;left;3348;0, 0, 0, 1, 1;faces;0, 0, 0, 1, 1;3x3-1=7 ?, 3x2-1=7 ?, 8/2+3=9 ?, 2x2-4=0 ?, 2+2x2=6 ?;cheat;1.9524381646951952, 3.4889352564223373, 4.492254750273787, 2.527662566726576, 2.297710823248053;0.9082969432314411;faces\\Zach.bmp, faces\\Sofia.bmp, faces\\Karen.bmp, faces\\Vicky.bmp, faces\\Linda.bmp;3-5;10;23;0.4422493850231689;male;41.97024262841422;accuracy_first
4;0.8;14.518722228434854;1.4891298962529618;other;5;5;5;1, 1, 1, 1, 0;1474640843.373;23_15;;0.9700854700854701;5;1.0;48;14;0.5;right;3.439882833899901;experiment;faces\\Linda.bmp, faces\\Brian.bmp, faces\\Kurt.bmp, faces\\Carl.bmp, faces\\Andrea.bmp;1;instructions;right;3348;1, 1, 0, 1, 1;faces;1, 1, 0, 1, 0;8/2-4=0 ?, 2x3-5=1 ?, 6+4/2=9 ?, 3x3-8=1 ?, 6/2-1=2 ?;accuracy;2.727072489535203, 3.272986256304648, 5.189037389250188, 2.7963830257085647, 7.585487229503997;0.9102564102564102;faces\\Linda.bmp, faces\\Brian.bmp, faces\\Kurt.bmp, faces\\Carl.bmp, faces\\Andrea.bmp;3-5;10;23;4.415132588209511;male;41.97024262841422;accuracy_first
5;1.0;27.729028796785315;0.6592412160816821;self;0.5;5;5;1, 1, 1, 1, 1;1474640896.176;23_15;;0.9707112970711297;5;1.0;49;14;5;left;3.3468612734677663;experiment;faces\\Megan.bmp, faces\\Jane.bmp, faces\\Daniel.bmp, faces\\Diana.bmp, faces\\Greg.bmp;1;instructions;left;3348;1, 1, 1, 0, 1;faces;1, 1, 1, 0, 1;2x3+1=7 ?, 9/3-2=1 ?, 2x3-2=4 ?, 8/4+2=2 ?, 8/2-1=3 ?;accuracy;2.47241068862877, 3.6822809098666767, 5.309508828155231, 3.400434648438022, 3.8710546506181345;0.9121338912133892;faces\\Megan.bmp, faces\\Jane.bmp, faces\\Daniel.bmp, faces\\Diana.bmp, faces\\Greg.bmp;3-5;10;23;4.427093363211428;male;46.397335991625646;accuracy_first
3;1.0;8.18932297896572;0.6911080031659367;self;5;3;3;1, 1, 1;1474640959.01;23_15;;0.9710743801652892;3;1.0;50;10;0.5;left;3.1635586814327326;experiment;faces\\Olga.bmp, faces\\Ethan.bmp, faces\\Lisa.bmp;1;instructions;left;3348;0, 0, 1;faces;0, 0, 1;3x2-5=2 ?, 6+9/3=7 ?, 8/4+7=9 ?;cheat;3.3589869810730306, 3.6556308241542865, 6.076313323414979;0.9132231404958677;faces\\Olga.bmp, faces\\Ethan.bmp, faces\\Lisa.bmp;3-5;6;23;0.4434037975548118;male;46.84073978918046;accuracy_first
3;1.0;18.053442435447323;1.29139670711902;self;5;2;1;1, 1, 1;1474640991.612;23_15;;0.9714285714285714;3;0.3333333333333333;51;14;0.5;left;4.647516112639096;experiment;faces\\James.bmp, faces\\Julia.bmp, faces\\Victor.bmp;0;instructions;right;3348;1, 1, 0;faces;1, 1, 0;8/2+1=5 ?, 3x2-5=1 ?, 1+3x2=9 ?;accuracy;3.359738644711797, 2.072430081832863, 3.668280997631882;0.9061224489795918;faces\\James.bmp, faces\\Victor.bmp, faces\\Greg.bmp;3-5;3;23;0.4401166180758017;male;47.28085640725626;accuracy_first
3;1.0;14.917073169005562;0.6428405099986776;self;5;3;3;1, 1, 1;1474641032.544;23_15;;0.9717741935483871;3;1.0;52;14;0.5;left;3.300235124916071;experiment;faces\\Nana.bmp, faces\\Kenny.bmp, faces\\Polly.bmp;1;instructions;left;3348;0, 0, 1;faces;0, 0, 1;8/4+5=5 ?, 3+2x2=5 ?, 2x4-4=4 ?;cheat;2.6531146619709034, 4.538044301441914, 6.107147103830357;0.907258064516129;faces\\Nana.bmp, faces\\Kenny.bmp, faces\\Polly.bmp;3-5;6;23;0.44082498699271594;male;47.721681394248975;accuracy_first
2;0.6666666666666666;5.242147167529765;1.0243738613571622;self;5;3;3;1, 1, 0;1474641072.479;23_15;;0.9681274900398407;3;1.0;53;12;0.5;left;3.7823003030725886;experiment;faces\\Megan.bmp, faces\\George.bmp, faces\\Donna.bmp;1;instructions;left;3348;1, 1, 1;faces;1, 1, 0;6+4/2=8 ?, 4+2x2=8 ?, 4x2-6=2 ?;cheat;2.4977510252210777, 2.1643683831298404, 5.23619331203372;0.9083665338645418;faces\\Megan.bmp, faces\\George.bmp, faces\\Donna.bmp;3-5;6;23;0.4397073062332344;male;48.161388700482206;accuracy_first
4;1.0;7.1172754528734;0.8659738432379527;self;5;3;3;1, 1, 1, 1;1474641101.965;23_15;;0.9686274509803922;4;0.75;54;12;0.5;left;3.814856469050028;experiment;faces\\Kiki.bmp, faces\\Britt.bmp, faces\\Nicole.bmp, faces\\Carl.bmp;1;instructions;left;3348;0, 1, 1, 1;faces;0, 1, 1, 1;9/3+6=8 ?, 9/3+2=5 ?, 2x4-7=1 ?, 9/3+5=8 ?;cheat;2.071696466614412, 2.475653388220053, 2.1677041559505597, 2.599686028256656;0.9058823529411765;faces\\Kiki.bmp, faces\\Britt.bmp, faces\\Donna.bmp, faces\\Carl.bmp;3-5;6;23;0.4387312572087659;male;48.60011995769097;accuracy_first
4;1.0;12.540499594441826;0.7668968607067654;other;0.5;3;3;1, 1, 1, 1;1474641132.776;23_15;;0.9691119691119691;4;0.75;55;10;5;right;2.9141142896778547;experiment;faces\\Jake.bmp, faces\\Kiki.bmp, faces\\Lena.bmp, faces\\Andre.bmp;1;instructions;right;3348;0, 0, 1, 1;faces;0, 0, 1, 1;4x2-7=0 ?, 6/2-1=0 ?, 2x3-5=1 ?, 1+4/2=3 ?;cheat;2.372341750738997, 2.8124546135304627, 3.027067676623119, 2.7450204053320704;0.9034749034749034;faces\\James.bmp, faces\\Kiki.bmp, faces\\Lena.bmp, faces\\Andre.bmp;3-5;6;23;0.43778417137490494;male;48.60011995769097;accuracy_first
4;1.0;8.049573703379792;1.2258413041290623;other;0.5;4;4;1, 1, 1, 1;1474641170.14;23_15;;0.9695817490494296;4;1.0;56;12;5;left;3.116448410535668;experiment;faces\\Lana.bmp, faces\\Paul.bmp, faces\\Matt.bmp, faces\\Greg.bmp;1;instructions;left;3348;0, 0, 0, 0;faces;0, 0, 0, 0;4+9/3=8 ?, 9/3+5=9 ?, 2x4-1=6 ?, 2x3-6=1 ?;accuracy;4.0156681525349995, 3.6296676401016157, 6.315557172442823, 4.68555333626864;0.9049429657794676;faces\\Lana.bmp, faces\\Paul.bmp, faces\\Matt.bmp, faces\\Greg.bmp;3-5;8;23;4.387080917752172;male;48.60011995769097;accuracy_first
3;1.0;9.229258825677789;0.9323792914537989;other;0.5;3;3;1, 1, 1;1474641210.936;23_15;;0.9699248120300752;3;1.0;57;12;5;right;2.7142977465664444;experiment;faces\\Steve.bmp, faces\\Sofia.bmp, faces\\Molly.bmp;1;instructions;right;3348;1, 1, 0;faces;1, 1, 0;8/2-3=1 ?, 8/2-4=0 ?, 3x3-9=2 ?;cheat;4.993535834254544, 2.969078100824845, 3.7609504369129354;0.9060150375939849;faces\\Steve.bmp, faces\\Sofia.bmp, faces\\Molly.bmp;3-5;6;23;0.43938323251738365;male;48.60011995769097;accuracy_first
1;0.3333333333333333;11.682644001624794;0.7652374676717955;other;0.5;3;3;0, 0, 1;1474641243.199;23_15;;0.9628252788104089;3;1.0;58;14;5;right;2.5896036849917436;experiment;faces\\Ethan.bmp, faces\\Milla.bmp, faces\\Casper.bmp;1;instructions;right;3348;1, 1, 0;faces;0, 0, 0;6/3+6=8 ?, 9/3-3=0 ?, 4+8/4=4 ?;cheat;2.775633711901719, 3.3436097266130673, 6.600817062622809;0.9070631970260223;faces\\Ethan.bmp, faces\\Milla.bmp, faces\\Casper.bmp;3-5;6;23;0.4366716877876204;male;48.60011995769097;accuracy_first
4;0.8;16.0822689483648;0.72598675316749;other;0.5;4;4;0, 1, 1, 1, 1;1474641278.394;23_15;;0.9598540145985401;5;0.8;59;14;5;right;2.211125117314623;experiment;faces\\Alex.bmp, faces\\Kate.bmp, faces\\Olga.bmp, faces\\Mark.bmp, faces\\Damon.bmp;1;instructions;right;3348;0, 1, 0, 0, 0;faces;1, 1, 0, 0, 0;4+2x2=6 ?, 2x4-2=6 ?, 3x3-6=1 ?, 6/2-2=3 ?, 3x3-8=2 ?;cheat;2.6249729273695266, 6.92675172309373, 1.9532071689745862, 3.721724848640406, 2.2917021147086416;0.9051094890510949;faces\\Alex.bmp, faces\\Kate.bmp, faces\\Olga.bmp, faces\\Mark.bmp, faces\\Lisa.bmp;3-5;8;23;0.43438648835846344;male;48.60011995769097;accuracy_first
4;1.0;21.377532618096666;0.6909724630640994;other;5;4;4;1, 1, 1, 1;1474641327.224;23_15;;0.960431654676259;4;1.0;60;12;0.5;left;3.0482738631972097;experiment;faces\\Joshua.bmp, faces\\Polly.bmp, faces\\Kiki.bmp, faces\\Chris.bmp;1;instructions;left;3348;1, 1, 1, 0;faces;1, 1, 1, 0;2x3-4=2 ?, 8/4+6=8 ?, 3x3-7=2 ?, 3x2-4=4 ?;cheat;2.0817218334932477, 2.7650074387802306, 4.124991329680597, 2.02309242348565;0.9064748201438849;faces\\Joshua.bmp, faces\\Polly.bmp, faces\\Kiki.bmp, faces\\Chris.bmp;3-5;8;23;0.43530355571657786;male;48.60011995769097;accuracy_first
3;0.75;14.295022316340692;0.726419915265069;self;5;4;4;0, 1, 1, 1;1474641373.778;23_15;;0.9574468085106383;4;1.0;61;14;0.5;left;4.2015905967018625;experiment;faces\\Nicole.bmp, faces\\Bruce.bmp, faces\\Lucas.bmp, faces\\Justin.bmp;1;instructions;left;3348;0, 0, 1, 1;faces;1, 0, 1, 1;6+6/2=8 ?, 4/2+6=6 ?, 5+8/4=7 ?, 4x2-8=0 ?;cheat;3.436300399330321, 5.617609525603257, 3.1196259942553297, 2.54566108887866;0.9078014184397163;faces\\Nicole.bmp, faces\\Bruce.bmp, faces\\Lucas.bmp, faces\\Justin.bmp;3-5;8;23;0.4345857854232685;male;49.03470574311424;accuracy_first
3;1.0;27.06043814487748;0.7338190599812151;self;0.5;2;2;1, 1, 1;1474641418.304;23_15;;0.9578947368421052;3;0.6666666666666666;62;14;5;right;4.712816714394648;experiment;faces\\Scott.bmp, faces\\Tony.bmp, faces\\Fiona.bmp;1;instructions;right;3348;0, 1, 1;faces;0, 1, 1;4/2-2=2 ?, 9/3+6=9 ?, 6+9/3=9 ?;cheat;3.54163558327582, 5.254859979644607, 3.4116264387421324;0.9052631578947369;faces\\Scott.bmp, faces\\Tony.bmp, faces\\Lucas.bmp;3-5;4;23;0.4335734072022161;male;49.468279150316455;accuracy_first
5;1.0;29.506244399681236;0.6413708023264917;self;5;5;3;1, 1, 1, 1, 1;1474641471.037;23_15;;0.9586206896551724;5;0.6;63;10;0.5;left;4.116790976639095;experiment;faces\\Damon.bmp, faces\\David.bmp, faces\\Peter.bmp, faces\\Linda.bmp, faces\\Anders.bmp;1;instructions;left;3348;1, 1, 1, 1, 0;faces;1, 1, 1, 1, 0;3x3-8=1 ?, 4/2-1=1 ?, 2x4-5=3 ?, 2x4-1=7 ?, 3x2-6=1 ?;cheat;2.282311627571289, 3.7736660801519974, 5.08565497364998, 3.72146721628269, 2.3469288665728527;0.9;faces\\Damon.bmp, faces\\David.bmp, faces\\Peter.bmp, faces\\Anders.bmp, faces\\Linda.bmp;3-5;8;23;0.4313793103448276;male;49.899658460661286;accuracy_first
5;1.0;15.985663891692639;1.065428710154265;self;5;5;1;1, 1, 1, 1, 1;1474641534.956;23_15;;0.9593220338983051;5;0.2;64;10;0.5;left;3.3282731695717303;experiment;faces\\Chloe.bmp, faces\\Liam.bmp, faces\\Bruce.bmp, faces\\Scott.bmp, faces\\John.bmp;1;instructions;left;3348;0, 1, 1, 1, 1;faces;0, 1, 1, 1, 1;2+9/3=7 ?, 6/3-2=0 ?, 6/2+1=4 ?, 4/2+2=4 ?, 2x3-6=0 ?;cheat;2.295754515997942, 4.1549311824337565, 3.843594155426217, 3.616948104066978, 3.0870928311678654;0.888135593220339;faces\\Chloe.bmp, faces\\Bruce.bmp, faces\\Liam.bmp, faces\\John.bmp, faces\\Scott.bmp;3-5;6;23;0.42600402183280667;male;50.325662482494096;accuracy_first
5;1.0;20.282230586622973;1.1659262095627128;self;0.5;5;3;1, 1, 1, 1, 1;1474641584.084;23_15;;0.96;5;0.6;65;10;5;right;2.819895871229164;experiment;faces\\Tony.bmp, faces\\Susan.bmp, faces\\Casper.bmp, faces\\Olivia.bmp, faces\\Olga.bmp;1;instructions;right;3348;0, 0, 0, 0, 0;faces;0, 0, 0, 0, 0;3x2-6=2 ?, 3x3-2=6 ?, 6+6/3=6 ?, 8/4+2=5 ?, 2+3x2=6 ?;cheat;3.552354575734171, 5.152885694751603, 2.273654401762542, 5.541665663976346, 3.3590552819587174;0.8833333333333333;faces\\Tony.bmp, faces\\Susan.bmp, faces\\Olivia.bmp, faces\\Casper.bmp, faces\\Olga.bmp;3-5;8;23;0.424;male;50.749662482494095;accuracy_first
3;1.0;9.621962380013429;0.8086743541143733;self;5;3;3;1, 1, 1;1474641639.859;23_15;;0.9603960396039604;3;1.0;66;10;0.5;right;3.5389884815685946;experiment;faces\\Mark.bmp, faces\\Alex.bmp, faces\\Joshua.bmp;1;instructions;right;3348;0, 1, 1;faces;0, 1, 1;4x2-6=4 ?, 1+6/3=3 ?, 9/3-1=2 ?;accuracy;5.758228310398408, 6.54281297730995, 5.848180577634594;0.8844884488448845;faces\\Mark.bmp, faces\\Alex.bmp, faces\\Joshua.bmp;3-5;6;23;4.2472960167303855;male;54.99695849922448;accuracy_first
5;1.0;23.68131797353726;0.6986189773124352;other;0.5;5;5;1, 1, 1, 1, 1;1474641679.83;23_15;;0.961038961038961;5;1.0;67;10;5;right;3.6280252338146965;experiment;faces\\Joan.bmp, faces\\Ethan.bmp, faces\\Damon.bmp, faces\\James.bmp, faces\\Julia.bmp;1;instructions;right;3348;0, 0, 0, 1, 1;faces;0, 0, 0, 1, 1;4x2-8=1 ?, 4+6/2=5 ?, 8/4+4=5 ?, 2x2+5=9 ?, 4x2-7=1 ?;cheat;3.3463445931884053, 3.7716287319535695, 3.619692879579816, 4.569881361714579, 2.7056967893631736;0.8863636363636364;faces\\Joan.bmp, faces\\Ethan.bmp, faces\\Damon.bmp, faces\\James.bmp, faces\\Julia.bmp;3-5;10;23;0.42591499409681227;male;54.99695849922448;accuracy_first
;;;1.4246545673822766;self;0.2;;;;1474641753.002;23_15;;;1;;1;14;2;right;;controlDotsAccuracy;;0;instructions;left;3348;;faces;;;accuracy;;;;3-5;;23;0.2;male;;accuracy_first
;;;1.5197187843714346;self;2;;;;1474641754.968;23_15;;;1;;2;14;0.2;right;;controlDotsAccuracy;;1;instructions;right;3348;;faces;;;accuracy;;;;3-5;;23;2;male;;accuracy_first
;;;0.7422958015831682;self;0.2;;;;1474641757.012;23_15;;;1;;3;12;2;left;;controlDotsAccuracy;;1;instructions;left;3348;;faces;;;accuracy;;;;3-5;;23;2;male;;accuracy_first
;;;0.7591197608271614;self;2;;;;1474641758.306;23_15;;;1;;4;12;0.2;right;;controlDotsAccuracy;;1;instructions;right;3348;;faces;;;accuracy;;;;3-5;;23;2;male;;accuracy_first
;;;0.8666879944739776;self;2;;;;1474641759.601;23_15;;;1;;5;14;0.2;right;;controlDotsAccuracy;;1;instructions;right;3348;;faces;;;accuracy;;;;3-5;;23;2;male;;accuracy_first
;;;1.2168489439191035;self;0.2;;;;1474641761.006;23_15;;;1;;6;10;2;left;;controlDotsAccuracy;;1;instructions;left;3348;;faces;;;accuracy;;;;3-5;;23;2;male;;accuracy_first
;;;0.7926307236502907;other;2;;;;1474641762.753;23_15;;;1;;7;12;0.2;right;;controlDotsAccuracy;;1;instructions;right;3348;;faces;;;accuracy;;;;3-5;;23;2;male;;accuracy_first
;;;0.9000421837599788;other;0.2;;;;1474641764.079;23_15;;;1;;8;14;2;right;;controlDotsAccuracy;;0;instructions;left;3348;;faces;;;accuracy;;;;3-5;;23;0.2;male;;accuracy_first
;;;1.8497146933959812;other;0.2;;;;1474641765.514;23_15;;;1;;9;14;2;left;;controlDotsAccuracy;;1;instructions;left;3348;;faces;;;accuracy;;;;3-5;;23;2;male;;accuracy_first
;;;0.6086635250612744;other;2;;;;1474641767.901;23_15;;;1;;10;10;0.2;right;;controlDotsAccuracy;;1;instructions;right;3348;;faces;;;accuracy;;;;3-5;;23;2;male;;accuracy_first
;;;1.828399154625913;other;0.2;;;;1474641769.056;23_15;;;1;;11;12;2;right;;controlDotsAccuracy;;0;instructions;left;3348;;faces;;;accuracy;;;;3-5;;23;0.2;male;;accuracy_first
;;;1.183331611065114;other;0.2;;;;1474641771.412;23_15;;;1;;12;12;2;left;;controlDotsAccuracy;;1;instructions;left;3348;;faces;;;accuracy;;;;3-5;;23;2;male;;accuracy_first
;;;0.892901379182149;self;2;;;;1474641773.144;23_15;;;1;;13;14;0.2;left;;controlDotsAccuracy;;0;instructions;right;3348;;faces;;;accuracy;;;;3-5;;23;0.2;male;;accuracy_first
;;;0.5918119623520397;self;2;;;;1474641774.563;23_15;;;1;;14;10;0.2;right;;controlDotsAccuracy;;1;instructions;right;3348;;faces;;;accuracy;;;;3-5;;23;2;male;;accuracy_first
;;;0.7835364429465699;self;0.2;;;;1474641778.682;23_15;;;1;;1;10;2;right;;controlDotsCheat;;1;instructions;right;3348;;faces;;;cheat;;;;3-5;;23;0.2;male;;accuracy_first
;;;1.3990385500110278;self;2;;;;1474641779.992;23_15;;;1;;2;14;0.2;right;;controlDotsCheat;;0;instructions;left;3348;;faces;;;cheat;;;;3-5;;23;2;male;;accuracy_first
;;;1.216651472963349;self;2;;;;1474641781.926;23_15;;;1;;3;12;0.2;left;;controlDotsCheat;;1;instructions;left;3348;;faces;;;cheat;;;;3-5;;23;0.2;male;;accuracy_first
;;;1.0333428647873006;self;2;;;;1474641783.673;23_15;;;1;;4;12;0.2;left;;controlDotsCheat;;1;instructions;left;3348;;faces;;;cheat;;;;3-5;;23;0.2;male;;accuracy_first
;;;0.9835455025458941;self;0.2;;;;1474641785.233;23_15;;;1;;5;10;2;right;;controlDotsCheat;;1;instructions;right;3348;;faces;;;cheat;;;;3-5;;23;0.2;male;;accuracy_first
;;;1.192021748701336;self;0.2;;;;1474641786.746;23_15;;;1;;6;10;2;right;;controlDotsCheat;;1;instructions;right;3348;;faces;;;cheat;;;;3-5;;23;0.2;male;;accuracy_first
;;;1.0759456310788664;other;0.2;;;;1474641788.478;23_15;;;1;;7;12;2;right;;controlDotsCheat;;1;instructions;right;3348;;faces;;;cheat;;;;3-5;;23;0.2;male;;accuracy_first
;;;0.6920599688855873;other;2;;;;1474641790.1;23_15;;;1;;8;10;0.2;left;;controlDotsCheat;;1;instructions;left;3348;;faces;;;cheat;;;;3-5;;23;0.2;male;;accuracy_first
;;;0.5925937066922415;other;0.2;;;;1474641791.332;23_15;;;1;;9;12;2;right;;controlDotsCheat;;1;instructions;right;3348;;faces;;;cheat;;;;3-5;;23;0.2;male;;accuracy_first
;;;1.275721830661496;other;2;;;;1474641792.471;23_15;;;1;;10;10;0.2;left;;controlDotsCheat;;1;instructions;left;3348;;faces;;;cheat;;;;3-5;;23;0.2;male;;accuracy_first
;;;1.2256356936895827;other;0.2;;;;1474641794.265;23_15;;;1;;11;12;2;right;;controlDotsCheat;;1;instructions;right;3348;;faces;;;cheat;;;;3-5;;23;0.2;male;;accuracy_first
;;;1.3970847199952914;other;2;;;;1474641796.027;23_15;;;1;;12;12;0.2;left;;controlDotsCheat;;1;instructions;left;3348;;faces;;;cheat;;;;3-5;;23;0.2;male;;accuracy_first
;;;1.4797036661648235;self;0.2;;;;1474641797.961;23_15;;;1;;13;12;2;right;;controlDotsCheat;;1;instructions;right;3348;;faces;;;cheat;;;;3-5;;23;0.2;male;;accuracy_first
;;;0.8477799734728251;self;2;;;;1474641799.989;23_15;;;1;;14;10;0.2;left;;controlDotsCheat;;1;instructions;left;3348;;faces;;;cheat;;;;3-5;;23;0.2;male;;accuracy_first
;;4.478;;self;5;;;;;23_15;;;3;;1;14;0.5;;;qStress;faces\\Milla.bmp, faces\\Erica.bmp, faces\\Kristen.bmp;;instructions;right;3348;0, 0, 0;faces;;4/2+6=9 ?, 2x2-2=1 ?, 3x3-3=7 ?;accuracy;;;5;3-5;;23;;male;;accuracy_first
;;3.547;;self;0.5;;;;;23_15;;;3;;1;14;5;;;qSatisfied;faces\\Rachel.bmp, faces\\Diana.bmp, faces\\Micha.bmp;;instructions;left;3348;1, 0, 0;faces;;6+4/2=8 ?, 7+6/3=7 ?, 6/2-2=3 ?;accuracy;;;6;3-5;;23;;male;;accuracy_first
;;6.745;;self;5;;;;;23_15;;;3;;1;12;0.5;;;qFrustration;faces\\Nicole.bmp, faces\\Chris.bmp, faces\\Joshua.bmp;;instructions;right;3348;1, 0, 0;faces;;8/2-2=2 ?, 6/2+4=6 ?, 4+2x2=6 ?;accuracy;;;4;3-5;;23;;male;;accuracy_first
;;5.033;;self;0.5;;;;;23_15;;;3;;1;14;5;;;qDifficulty;faces\\Anders.bmp, faces\\Leslie.bmp, faces\\Bobby.bmp;;instructions;left;3348;0, 1, 0;faces;;3x3-4=7 ?, 6/2-2=1 ?, 2x4-4=2 ?;accuracy;;;6;3-5;;23;;male;;accuracy_first
;;3.049;;self;5;;;;;23_15;;;3;;1;12;0.5;;;qEffort;faces\\Mark.bmp, faces\\Kelly.bmp, faces\\Eddie.bmp;;instructions;right;3348;0, 0, 1;faces;;4/2-2=1 ?, 2x2-4=1 ?, 3x3-1=8 ?;accuracy;;;6;3-5;;23;;male;;accuracy_first
;;151.26170245444337;;self;5;;;;;23_15;;;1;;1;14;0.5;;;qFriends;;;instructions;right;3348;;faces;;;accuracy;;;450;3-5;;23;;male;;accuracy_first
;;11.767255705778553;;self;5;;;;;23_15;;;1;;1;12;0.5;;;qAbout;;;instructions;left;3348;;faces;;;cheat;;;its seems wierd;3-5;;23;;male;;accuracy_first
;;4.560852196882479;;self;5;;;;;23_15;;;1;;1;12;0.5;;;qFeedback;;;instructions;left;3348;;faces;;;cheat;;;no;3-5;;23;;male;;accuracy_first
