equationScore;equationProportion;recallRT;dotsRT;dotsReceiver;dotsMoneyRight;recallIntersection;recallLocation;equationScores;utc_start;id;recallRTs;equationRateCumulative;span;recallProportion;no;dotsN;dotsMoneyLeft;dotsAns;pauseRT;condition;encode;dotsCorrect;start_at;dotsSide;timeLimit;equationCorrect;stimType;equationAnss;equationText;dotsIncentive;equationRTs;recallLocationRateCumulative;recallAns;level;recallSum;age;moneyEarned;gender;moneyEarnedCumulative;order
;;;3.79889140229875;self;5;;;;1475771662.264;7_17;;;1;;1;14;0.5;right;;practiceDots;;1;instructions;right;3348;;faces;;;accuracy;;;;5-7;;19;5;female;;accuracy_first
;;;1.4575508222294502;self;5;;;;1475771666.603;7_17;;;1;;2;12;0.5;left;;practiceDots;;1;instructions;left;3348;;faces;;;cheat;;;;5-7;;19;0.5;female;;accuracy_first
;;;0.750046359668886;self;0.5;;;;1475771668.585;7_17;;;1;;3;10;5;right;;practiceDots;;1;instructions;right;3348;;faces;;;cheat;;;;5-7;;19;0.5;female;;accuracy_first
;;;2.5108538247789056;self;0.5;;;;1475771669.865;7_17;;;1;;4;12;5;left;;practiceDots;;1;instructions;left;3348;;faces;;;accuracy;;;;5-7;;19;5;female;;accuracy_first
;;;0.6834993552113247;self;0.5;;;;1475771672.923;7_17;;;1;;5;10;5;left;;practiceDots;;1;instructions;left;3348;;faces;;;accuracy;;;;5-7;;19;5;female;;accuracy_first
;;;0.9264027869594429;self;5;;;;1475771674.125;7_17;;;1;;6;14;0.5;right;;practiceDots;;1;instructions;right;3348;;faces;;;accuracy;;;;5-7;;19;5;female;;accuracy_first
4;0.8;49.28842862663555;;self;5;5;2;0, 1, 1, 1, 1;1475771810.105;7_17;;0.8;5;0.4;1;14;0.5;;11.964790362284702;practiceCS;faces\\Molly.bmp, faces\\Bobby.bmp, faces\\Milla.bmp, faces\\Erin.bmp, faces\\Gary.bmp;;instructions;left;3348;1, 1, 1, 1, 1;faces;0, 1, 1, 1, 1;2+8/4=4 ?, 8/2-3=1 ?, 3x3-2=7 ?, 3x3-5=4 ?, 2x4-5=3 ?;cheat;5.272017657725428, 5.268001707168196, 3.5440045269685925, 2.569405378853844, 2.92947951185738;0.4;faces\\Molly.bmp, faces\\Bobby.bmp, faces\\Erin.bmp, faces\\Gary.bmp, faces\\Milla.bmp;5-7;7;19;;female;;accuracy_first
6;1.0;23.95831062535308;;self;0.5;6;6;1, 1, 1, 1, 1, 1;1475771901.777;7_17;;0.9090909090909091;6;1.0;2;12;5;;6.4233349093260586;practiceCS;faces\\Andre.bmp, faces\\Sofia.bmp, faces\\Damon.bmp, faces\\Lulu.bmp, faces\\Rachel.bmp, faces\\Kenny.bmp;;instructions;right;3348;0, 1, 0, 1, 1, 0;faces;0, 1, 0, 1, 1, 0;6+9/3=7 ?, 3x2-6=0 ?, 9/3+1=2 ?, 9/3-3=0 ?, 2x2-4=0 ?, 2x3-6=2 ?;cheat;3.462697807152381, 2.0514036716858755, 2.7280927561423596, 2.426164972474453, 2.1921197763977034, 2.3675178679366127;0.7272727272727273;faces\\Andre.bmp, faces\\Sofia.bmp, faces\\Damon.bmp, faces\\Lulu.bmp, faces\\Rachel.bmp, faces\\Kenny.bmp;5-7;12;19;;female;;accuracy_first
7;1.0;52.930255947839214;;self;5;6;4;1, 1, 1, 1, 1, 1, 1;1475771959.78;7_17;;0.9444444444444444;7;0.5714285714285714;3;12;0.5;;6.053365641186247;practiceCS;faces\\Mark.bmp, faces\\Shane.bmp, faces\\Jason.bmp, faces\\Kevin.bmp, faces\\Matt.bmp, faces\\Andrea.bmp, faces\\Olga.bmp;;instructions;left;3348;0, 0, 0, 1, 1, 1, 1;faces;0, 0, 0, 1, 1, 1, 1;2x4+1=7 ?, 3x3-8=2 ?, 2x4-8=1 ?, 6/3+6=8 ?, 3x3-4=5 ?, 3x3-4=5 ?, 6+9/3=9 ?;cheat;2.7020651639995776, 2.6647389065915377, 2.4693888167735167, 4.041340792403389, 2.8387055106431944, 2.8680922323842424, 5.448032934475123;0.6666666666666666;faces\\Mark.bmp, faces\\Shane.bmp, faces\\Jason.bmp, faces\\Matt.bmp, faces\\Joan.bmp, faces\\Kevin.bmp, faces\\Olga.bmp;5-7;10;19;;female;;accuracy_first
5;1.0;35.422508928660136;;self;0.5;5;3;1, 1, 1, 1, 1;1475772056.317;7_17;;0.9565217391304348;5;0.6;4;10;5;;4.149473835452227;practiceCS;faces\\Tony.bmp, faces\\James.bmp, faces\\Jake.bmp, faces\\Simon.bmp, faces\\Hanna.bmp;;instructions;right;3348;1, 0, 1, 1, 1;faces;1, 0, 1, 1, 1;4/2-2=0 ?, 3x3-2=6 ?, 8/4+6=8 ?, 2x2-3=1 ?, 2x3-4=2 ?;cheat;2.7948379393374125, 3.3540109253108312, 2.3867939351644054, 3.0821436710912167, 3.302292644879344;0.6521739130434783;faces\\Tony.bmp, faces\\James.bmp, faces\\Jake.bmp, faces\\Hanna.bmp, faces\\Simon.bmp;5-7;8;19;;female;;accuracy_first
6;0.8571428571428571;49.53107796493077;;self;5;7;3;0, 1, 1, 1, 1, 1, 1;1475772121.4;7_17;;0.9333333333333333;7;0.42857142857142855;5;14;0.5;;4.443944790235037;practiceCS;faces\\Nana.bmp, faces\\Justin.bmp, faces\\Brian.bmp, faces\\Lucas.bmp, faces\\Nathan.bmp, faces\\John.bmp, faces\\Carl.bmp;;instructions;right;3348;1, 1, 0, 1, 0, 0, 1;faces;0, 1, 0, 1, 0, 0, 1;6+4/2=8 ?, 8/2+5=9 ?, 4/2-2=2 ?, 5+4/2=7 ?, 2x2-3=2 ?, 4/2-2=1 ?, 2x2-3=1 ?;accuracy;3.6307109095978376, 2.4847073253936287, 2.5280900665738955, 4.770063473818482, 2.9460656566157013, 3.8994554331407016, 2.390869693233526;0.6;faces\\Nana.bmp, faces\\Justin.bmp, faces\\Brian.bmp, faces\\John.bmp, faces\\Carl.bmp, faces\\Lucas.bmp, faces\\Nathan.bmp;5-7;10;19;;female;;accuracy_first
6;1.0;37.43549742155301;;self;0.5;5;4;1, 1, 1, 1, 1, 1;1475772212.734;7_17;;0.9444444444444444;6;0.6666666666666666;6;14;5;;7.345964160791027;practiceCS;faces\\Lucia.bmp, faces\\Will.bmp, faces\\Joan.bmp, faces\\Kurt.bmp, faces\\Bruce.bmp, faces\\Regina.bmp;;instructions;left;3348;0, 1, 1, 0, 0, 1;faces;0, 1, 1, 0, 0, 1;2x2+3=9 ?, 9/3-3=0 ?, 3+4/2=5 ?, 4x2-3=4 ?, 4x2-4=5 ?, 4+8/2=8 ?;accuracy;2.355983511528848, 2.692712189266331, 4.679980267060273, 3.820124130667864, 3.9060215193799195, 4.148621666881354;0.6111111111111112;faces\\Lucia.bmp, faces\\Will.bmp, faces\\Joan.bmp, faces\\Kurt.bmp, faces\\Regina.bmp, faces\\Britt.bmp;5-7;9;19;;female;;accuracy_first
6;1.0;27.010923187337085;1.835003461049837;self;5;5;4;1, 1, 1, 1, 1, 1;1475772346.828;7_17;;0.9523809523809523;6;0.6666666666666666;1;14;0.5;right;3.1615078853906198;practiceExp;faces\\Steve.bmp, faces\\Julian.bmp, faces\\Vicky.bmp, faces\\Leah.bmp, faces\\Anna.bmp, faces\\Carl.bmp;1;instructions;right;3348;0, 1, 0, 1, 0, 1;faces;0, 1, 0, 1, 0, 1;3x3-1=6 ?, 2x2-2=2 ?, 9/3+6=8 ?, 3x3-6=3 ?, 6/3+6=9 ?, 8/2+3=7 ?;accuracy;2.2934453798166032, 3.160695352567018, 4.6733292470762535, 1.8934506173973205, 3.3527369191415346, 1.7375327879644828;0.6190476190476191;faces\\Steve.bmp, faces\\Julian.bmp, faces\\Vicky.bmp, faces\\Carl.bmp, faces\\Anna.bmp, faces\\Hanna.bmp;5-7;9;19;5;female;;accuracy_first
5;1.0;46.55594904258396;0.9667473773165511;self;5;5;3;1, 1, 1, 1, 1;1475772414.014;7_17;;0.9574468085106383;5;0.6;2;14;0.5;right;3.1901192328218713;practiceExp;faces\\George.bmp, faces\\Amber.bmp, faces\\Oliver.bmp, faces\\Brian.bmp, faces\\Andre.bmp;0;instructions;left;3348;0, 0, 0, 0, 1;faces;0, 0, 0, 0, 1;4+9/3=6 ?, 2x4-8=2 ?, 9/3+5=7 ?, 4x2-6=4 ?, 3x3-1=8 ?;cheat;2.1967992718346068, 2.332111467046616, 2.8861272052695313, 3.401337423365021, 2.3201082055907136;0.6170212765957447;faces\\George.bmp, faces\\Oliver.bmp, faces\\Amber.bmp, faces\\Brian.bmp, faces\\Andre.bmp;5-7;8;19;5;female;;accuracy_first
6;0.8571428571428571;66.73684376296114;0.7335893849804052;self;5;7;2;1, 1, 1, 1, 1, 1, 0;1475772493.005;7_17;;0.9444444444444444;7;0.2857142857142857;3;10;0.5;right;4.28474320990108;practiceExp;faces\\Lucas.bmp, faces\\Robert.bmp, faces\\Joan.bmp, faces\\Britt.bmp, faces\\Ethan.bmp, faces\\David.bmp, faces\\Kate.bmp;1;instructions;right;3348;0, 0, 1, 0, 1, 0, 1;faces;0, 0, 1, 0, 1, 0, 0;2x3-4=3 ?, 9/3-1=0 ?, 4x2-6=2 ?, 9/3-2=2 ?, 4/2-1=1 ?, 6/3-2=2 ?, 3x3-2=7 ?;accuracy;2.180080418100715, 3.380024361829328, 3.124030870585102, 3.070037073579442, 2.1701031803440856, 2.7781484585234466, 3.24999893832819;0.5740740740740741;faces\\Lucas.bmp, faces\\Robert.bmp, faces\\Britt.bmp, faces\\Ethan.bmp, faces\\Joan.bmp, faces\\Kate.bmp, faces\\David.bmp;5-7;9;19;5;female;;accuracy_first
7;1.0;69.17607083757412;0.708568611602459;self;0.5;7;3;1, 1, 1, 1, 1, 1, 1;1475772625.595;7_17;;0.9508196721311475;7;0.42857142857142855;1;10;5;right;11.113735131286376;experiment;faces\\Erica.bmp, faces\\Victor.bmp, faces\\Bobby.bmp, faces\\Angie.bmp, faces\\Simon.bmp, faces\\Adam.bmp, faces\\Milla.bmp;1;instructions;right;3348;0, 1, 0, 0, 1, 0, 0;faces;0, 1, 0, 0, 1, 0, 0;2x3-4=4 ?, 4/2-1=1 ?, 3+8/2=8 ?, 9/3+4=6 ?, 6+9/3=9 ?, 3x3-7=3 ?, 8/4+3=3 ?;cheat;2.0660957939394393, 2.654713185822402, 3.7713335871908384, 3.9793359738291656, 2.5635279637276653, 4.260085174390042, 4.056718754644862;0.5573770491803278;faces\\Erica.bmp, faces\\Victor.bmp, faces\\Bobby.bmp, faces\\Milla.bmp, faces\\Adam.bmp, faces\\Angie.bmp, faces\\Simon.bmp;5-7;10;19;0.2649825315775329;female;0.2649825315775329;accuracy_first
5;1.0;14.088262793499325;1.0086207750769063;self;0.5;5;3;1, 1, 1, 1, 1;1475772750.245;7_17;;0.9545454545454546;5;0.6;2;10;5;left;5.250042112981646;experiment;faces\\Carl.bmp, faces\\Greg.bmp, faces\\Tina.bmp, faces\\Nicole.bmp, faces\\Amber.bmp;1;instructions;left;3348;0, 1, 1, 1, 0;faces;0, 1, 1, 1, 0;7+4/2=8 ?, 1+2x2=5 ?, 2x2+5=9 ?, 1+9/3=4 ?, 4+2x2=6 ?;accuracy;2.187300140282332, 1.7220652914006678, 1.6440695720611984, 1.4734560814681572, 1.7254421155298587;0.5606060606060606;faces\\Carl.bmp, faces\\Greg.bmp, faces\\Amber.bmp, faces\\Nicole.bmp, faces\\Tina.bmp;5-7;8;19;2.6756198347107434;female;2.9406023662882763;accuracy_first
5;1.0;20.39655105296606;1.0155853421342727;self;0.5;5;5;1, 1, 1, 1, 1;1475772792.385;7_17;;0.9577464788732394;5;1.0;3;12;5;left;7.091156910846621;experiment;faces\\Timmy.bmp, faces\\Nana.bmp, faces\\Amanda.bmp, faces\\Hanna.bmp, faces\\Erica.bmp;1;instructions;left;3348;0, 0, 1, 0, 1;faces;0, 0, 1, 0, 1;6/2-2=3 ?, 3x3-7=4 ?, 4x2-5=3 ?, 8/4+2=5 ?, 2x2-3=1 ?;accuracy;2.9833674955730203, 2.478741437616918, 4.482697934553016, 3.262703964848697, 2.547387367238116;0.5915492957746479;faces\\Timmy.bmp, faces\\Nana.bmp, faces\\Amanda.bmp, faces\\Hanna.bmp, faces\\Erica.bmp;5-7;10;19;2.832771275540567;female;5.773373641828844;accuracy_first
6;1.0;48.24989418670975;0.9333705390322393;self;5;5;4;1, 1, 1, 1, 1, 1;1475772850.445;7_17;;0.961038961038961;6;0.6666666666666666;4;14;0.5;right;4.136016791401289;experiment;faces\\Megan.bmp, faces\\Fiona.bmp, faces\\Mary.bmp, faces\\Molly.bmp, faces\\Rachel.bmp, faces\\Nathan.bmp;0;instructions;left;3348;1, 1, 0, 0, 0, 1;faces;1, 1, 0, 0, 0, 1;1+9/3=4 ?, 9/3+6=9 ?, 1+2x4=7 ?, 2+2x2=5 ?, 8/4-1=2 ?, 2x3-5=1 ?;cheat;1.5401725995247944, 1.933452995542666, 3.3427734831184353, 1.976073456364702, 3.2960291351055275, 2.667363359299543;0.5974025974025974;faces\\Megan.bmp, faces\\Fiona.bmp, faces\\Mary.bmp, faces\\Molly.bmp, faces\\Scott.bmp, faces\\Rachel.bmp;5-7;9;19;2.8706358576488444;female;8.644009499477688;accuracy_first
5;0.8333333333333334;24.740345156582407;0.7501189072422676;self;5;5;5;1, 1, 1, 1, 0, 1;1475772932.602;7_17;;0.9518072289156626;6;0.8333333333333334;5;14;0.5;right;6.941301935215506;experiment;faces\\Bruce.bmp, faces\\Donna.bmp, faces\\Lucia.bmp, faces\\Noah.bmp, faces\\Ricky.bmp, faces\\Leslie.bmp;0;instructions;left;3348;0, 1, 1, 1, 0, 1;faces;0, 1, 1, 1, 1, 1;7+4/2=8 ?, 2x4-7=1 ?, 2x4-6=2 ?, 1+4/2=3 ?, 3x3-5=3 ?, 2x4-2=6 ?;cheat;2.719515863500419, 3.0178350246947048, 2.9194732550713525, 3.553325651547766, 2.962128751063574, 2.410749851720084;0.6144578313253012;faces\\Bruce.bmp, faces\\Donna.bmp, faces\\Lucia.bmp, faces\\Ethan.bmp, faces\\Ricky.bmp, faces\\Leslie.bmp;5-7;10;19;2.924227028596313;female;11.568236528074001;accuracy_first
7;1.0;51.7276617173884;0.7925606533103746;self;0.5;6;3;1, 1, 1, 1, 1, 1, 1;1475772999.294;7_17;;0.9555555555555556;7;0.42857142857142855;6;12;5;right;8.434318611956314;experiment;faces\\Erica.bmp, faces\\Lucia.bmp, faces\\Damon.bmp, faces\\Jake.bmp, faces\\Regina.bmp, faces\\Joseph.bmp, faces\\Mary.bmp;1;instructions;right;3348;1, 1, 0, 1, 1, 0, 0;faces;1, 1, 0, 1, 1, 0, 0;9/3-2=1 ?, 3x3-2=7 ?, 2+3x2=7 ?, 5+2x2=9 ?, 2x3-6=0 ?, 2x4-2=8 ?, 6/2+4=5 ?;cheat;2.270743297665831, 1.9387861269224231, 2.5081454999976813, 1.5273744997757603, 2.7602037277420095, 2.872781282867436, 3.8927881341896864;0.6;faces\\Erica.bmp, faces\\Lucia.bmp, faces\\Damon.bmp, faces\\Andrea.bmp, faces\\Joseph.bmp, faces\\Mary.bmp, faces\\Jake.bmp;5-7;9;19;0.2866666666666667;female;11.854903194740668;accuracy_first
6;1.0;30.81922524853735;0.8264686813895423;other;5;5;3;1, 1, 1, 1, 1, 1;1475773093.861;7_17;;0.9583333333333334;6;0.5;7;14;0.5;right;5.361276299380279;experiment;faces\\Bobby.bmp, faces\\Zach.bmp, faces\\Lulu.bmp, faces\\Eric.bmp, faces\\Andrea.bmp, faces\\Joan.bmp;0;instructions;left;3348;1, 0, 0, 1, 1, 0;faces;1, 0, 0, 1, 1, 0;3x3-7=2 ?, 3x2+2=6 ?, 4+6/2=5 ?, 3x3-3=6 ?, 7+6/3=9 ?, 1+9/3=3 ?;cheat;1.6280853952175676, 2.4740534488055346, 2.6220473137577756, 1.8280802991930614, 2.3380724003550313, 2.5633966703139777;0.59375;faces\\Bobby.bmp, faces\\Zach.bmp, faces\\Lulu.bmp, faces\\Joan.bmp, faces\\Jake.bmp, faces\\Eric.bmp;5-7;8;19;2.845052083333334;female;11.854903194740668;accuracy_first
6;1.0;19.202594230450813;0.7500874109787219;other;0.5;6;6;1, 1, 1, 1, 1, 1;1475773160.425;7_17;;0.9607843137254902;6;1.0;8;10;5;left;8.432514831555181;experiment;faces\\Robert.bmp, faces\\Jane.bmp, faces\\Ella.bmp, faces\\Leslie.bmp, faces\\Jacob.bmp, faces\\Kevin.bmp;1;instructions;left;3348;1, 0, 0, 1, 0, 0;faces;1, 0, 0, 1, 0, 0;2x2-4=0 ?, 2x3-2=5 ?, 2x4-4=5 ?, 4x2-5=3 ?, 9/3+3=5 ?, 2x4-5=5 ?;accuracy;1.5608316712268788, 2.377402032464488, 3.3693517290389536, 3.137337865020527, 2.0827944759089405, 3.558622686086437;0.6176470588235294;faces\\Robert.bmp, faces\\Jane.bmp, faces\\Ella.bmp, faces\\Leslie.bmp, faces\\Jacob.bmp, faces\\Kevin.bmp;5-7;12;19;2.9671280276816607;female;11.854903194740668;accuracy_first
6;0.8571428571428571;20.574459290548475;1.1432085562250904;other;0.5;6;4;1, 1, 1, 1, 1, 1, 0;1475773218.519;7_17;;0.9541284403669725;7;0.5714285714285714;9;14;5;left;8.02994162220648;experiment;faces\\Shane.bmp, faces\\Sarah.bmp, faces\\Haley.bmp, faces\\Victor.bmp, faces\\Lena.bmp, faces\\Keith.bmp, faces\\Benny.bmp;1;instructions;left;3348;1, 1, 1, 1, 1, 0, 1;faces;1, 1, 1, 1, 1, 0, 0;6/2+3=6 ?, 6+9/3=9 ?, 6+9/3=9 ?, 4/2+4=6 ?, 5+9/3=8 ?, 9/3+5=6 ?, 3x3-8=1 ?;accuracy;2.144755412048653, 1.6660422856803052, 1.5427680332036289, 1.9441401378476257, 1.985543922778561, 1.9607687494776656, 4.729263426255329;0.6146788990825688;faces\\Shane.bmp, faces\\Sarah.bmp, faces\\Haley.bmp, faces\\Leslie.bmp, faces\\Lena.bmp, faces\\Benny.bmp, faces\\Keith.bmp;5-7;10;19;2.9324130965406954;female;11.854903194740668;accuracy_first
4;0.8;26.02289495252944;0.9756710827496136;other;5;5;2;1, 1, 0, 1, 1;1475773280.98;7_17;;0.9473684210526315;5;0.4;10;10;0.5;right;4.876539247175515;experiment;faces\\Cindy.bmp, faces\\Regina.bmp, faces\\Andrea.bmp, faces\\Emma.bmp, faces\\Niclas.bmp;0;instructions;left;3348;0, 0, 1, 0, 1;faces;0, 0, 0, 0, 1;2x2-2=1 ?, 4+8/2=7 ?, 3x3-8=1 ?, 2x2+3=5 ?, 4/2+6=8 ?;cheat;1.776791641953423, 2.0247231513817496, 2.1106831787301417, 2.361413608934072, 1.8822259152670995;0.6052631578947368;faces\\Cindy.bmp, faces\\Regina.bmp, faces\\Emma.bmp, faces\\Niclas.bmp, faces\\Andrea.bmp;5-7;7;19;2.8670360110803323;female;11.854903194740668;accuracy_first
6;1.0;35.848445641695434;1.374921613231436;other;0.5;4;4;1, 1, 1, 1, 1, 1;1475773334.862;7_17;;0.95;6;0.6666666666666666;11;10;5;left;5.230064280689021;experiment;faces\\Joan.bmp, faces\\Robert.bmp, faces\\Susan.bmp, faces\\Angie.bmp, faces\\Lulu.bmp, faces\\Donald.bmp;0;instructions;right;3348;0, 0, 0, 1, 1, 1;faces;0, 0, 0, 1, 1, 1;3x3-6=2 ?, 5+8/2=8 ?, 2x3+1=6 ?, 1+4/2=3 ?, 8/4+6=8 ?, 4/2-2=0 ?;cheat;2.497433231460036, 2.636865774956732, 2.2181049016680845, 1.6321498287879876, 1.5742002426272848, 2.1500775728200097;0.6083333333333333;faces\\Joan.bmp, faces\\Robert.bmp, faces\\Susan.bmp, faces\\Oliver.bmp, faces\\Lulu.bmp, faces\\Mike.bmp;5-7;8;19;2.8895833333333334;female;11.854903194740668;accuracy_first
7;1.0;25.420910758698938;0.7765966482315889;other;5;7;3;1, 1, 1, 1, 1, 1, 1;1475773404.97;7_17;;0.952755905511811;7;0.42857142857142855;12;14;0.5;right;5.56278373179066;experiment;faces\\Benny.bmp, faces\\Angie.bmp, faces\\Leah.bmp, faces\\Mike.bmp, faces\\Casper.bmp, faces\\Greg.bmp, faces\\Rachel.bmp;0;instructions;left;3348;1, 1, 1, 0, 1, 1, 0;faces;1, 1, 1, 0, 1, 1, 0;2x2-2=2 ?, 3+2x3=9 ?, 2+8/4=4 ?, 6+6/2=7 ?, 4/2+4=6 ?, 8/2-4=0 ?, 3x3-6=4 ?;cheat;1.7694487658418439, 2.0174280505016213, 1.527548967842904, 2.4654776178349493, 1.5986965501328996, 2.17340639522763, 2.0214266604193654;0.5984251968503937;faces\\Benny.bmp, faces\\Leah.bmp, faces\\Mike.bmp, faces\\Rachel.bmp, faces\\Casper.bmp, faces\\Greg.bmp, faces\\Angie.bmp;5-7;10;19;2.850765701531403;female;11.854903194740668;accuracy_first
6;0.8571428571428571;23.484982298392424;0.8501237909326846;self;5;6;4;1, 1, 1, 0, 1, 1, 1;1475773467.592;7_17;;0.9477611940298507;7;0.5714285714285714;13;12;0.5;right;6.112665673885658;experiment;faces\\Liam.bmp, faces\\Lily.bmp, faces\\Alex.bmp, faces\\Linda.bmp, faces\\Billy.bmp, faces\\Joshua.bmp, faces\\John.bmp;0;instructions;left;3348;1, 1, 1, 0, 0, 1, 1;faces;1, 1, 1, 1, 0, 1, 1;3x3-7=2 ?, 9/3+1=4 ?, 9/3+6=9 ?, 4/2-1=3 ?, 3+2x3=8 ?, 6+4/2=8 ?, 2x3+3=9 ?;cheat;1.9867482124986964, 1.7381057368502297, 1.7474208452890707, 1.4453129313042155, 2.530254815389071, 1.4680638503577939, 2.216114974809898;0.5970149253731343;faces\\Liam.bmp, faces\\Lily.bmp, faces\\Alex.bmp, faces\\Linda.bmp, faces\\John.bmp, faces\\Nana.bmp, faces\\Joshua.bmp;5-7;10;19;2.82913789262642;female;14.684041087367088;accuracy_first
4;0.8;28.692820833681253;0.8096960362836398;self;5;4;4;1, 1, 1, 0, 1;1475773527.998;7_17;;0.9424460431654677;5;0.8;14;14;0.5;right;10.007797625535659;experiment;faces\\David.bmp, faces\\Zach.bmp, faces\\Lucas.bmp, faces\\Leslie.bmp, faces\\Mark.bmp;0;instructions;left;3348;0, 0, 0, 1, 1;faces;0, 0, 0, 0, 1;9/3-3=2 ?, 4/2-2=1 ?, 2x4-8=1 ?, 2x4-4=4 ?, 1+2x4=9 ?;cheat;3.661424367208383, 2.226058239068607, 1.9680864993565592, 1.3441306535792137, 2.4813665981064332;0.60431654676259;faces\\David.bmp, faces\\Zach.bmp, faces\\Kate.bmp, faces\\Leslie.bmp, faces\\Mark.bmp;5-7;8;19;2.8476786915791106;female;17.531719778946197;accuracy_first
5;0.8333333333333334;23.928383158770885;0.8092083750334496;self;0.5;5;3;0, 1, 1, 1, 1, 1;1475773593.116;7_17;;0.9379310344827586;6;0.5;15;12;5;left;6.991255717102831;experiment;faces\\Fiona.bmp, faces\\Haley.bmp, faces\\Jeff.bmp, faces\\Timmy.bmp, faces\\Karen.bmp, faces\\Britt.bmp;1;instructions;left;3348;1, 1, 0, 1, 1, 1;faces;0, 1, 0, 1, 1, 1;8/4+1=3 ?, 4/2-2=0 ?, 9/3+1=5 ?, 5+2x2=9 ?, 2+6/2=5 ?, 8/4+5=7 ?;accuracy;2.7613949235101245, 2.634110028835039, 3.0073449994547445, 1.446185625529779, 1.8194481996169998, 2.3763329289540707;0.6;faces\\Karen.bmp, faces\\Haley.bmp, faces\\Jeff.bmp, faces\\Timmy.bmp, faces\\Fiona.bmp, faces\\Linda.bmp;5-7;8;19;2.8137931034482753;female;20.345512882394473;accuracy_first
7;1.0;26.44892544657432;0.9835044512360582;self;0.5;7;2;1, 1, 1, 1, 1, 1, 1;1475773654.271;7_17;;0.9407894736842105;7;0.2857142857142857;16;10;5;left;5.134033942355472;experiment;faces\\Jake.bmp, faces\\Linda.bmp, faces\\Thomas.bmp, faces\\Lisa.bmp, faces\\Andre.bmp, faces\\Chloe.bmp, faces\\Milla.bmp;0;instructions;right;3348;0, 1, 0, 1, 0, 1, 0;faces;0, 1, 0, 1, 0, 1, 0;6/2-3=1 ?, 2x2+3=7 ?, 2x2+5=7 ?, 2x3-1=5 ?, 6/2-2=0 ?, 4/2+4=6 ?, 3+2x3=8 ?;cheat;4.0039664058726885, 1.5307937907768974, 2.148761807559822, 1.9420560760895569, 2.831404039732206, 2.2214990664369907, 2.867368879992682;0.5855263157894737;faces\\Jake.bmp, faces\\Lisa.bmp, faces\\Thomas.bmp, faces\\Chloe.bmp, faces\\Milla.bmp, faces\\Andre.bmp, faces\\Linda.bmp;5-7;9;19;2.7542849722991694;female;23.09979785469364;accuracy_first
7;1.0;32.59260857009804;0.7253794768930675;self;0.5;7;4;1, 1, 1, 1, 1, 1, 1;1475773720.888;7_17;;0.9433962264150944;7;0.5714285714285714;17;10;5;right;5.216038534440031;experiment;faces\\Anna.bmp, faces\\Lily.bmp, faces\\Bruce.bmp, faces\\Sonya.bmp, faces\\Wendy.bmp, faces\\Gary.bmp, faces\\Sarah.bmp;1;instructions;right;3348;0, 1, 1, 1, 0, 0, 0;faces;0, 1, 1, 1, 0, 0, 0;5+2x2=7 ?, 4x2-8=0 ?, 2x2-4=0 ?, 2+8/2=6 ?, 2x2-1=5 ?, 3x3-9=1 ?, 2x3+3=7 ?;cheat;1.6368112758041207, 1.530065483917042, 1.4360951427806867, 1.8894208651067856, 3.060693300001276, 1.50546123977756, 3.3320268871921144;0.5849056603773585;faces\\Anna.bmp, faces\\Sonya.bmp, faces\\Bruce.bmp, faces\\Sarah.bmp, faces\\Wendy.bmp, faces\\Gary.bmp, faces\\Lily.bmp;5-7;11;19;0.2758988964044144;female;23.375696751098054;accuracy_first
6;1.0;27.034233961323935;0.892095924170917;self;5;5;2;1, 1, 1, 1, 1, 1;1475773789.534;7_17;;0.9454545454545454;6;0.3333333333333333;18;10;0.5;right;5.128099904732608;experiment;faces\\Paul.bmp, faces\\Nathan.bmp, faces\\David.bmp, faces\\Will.bmp, faces\\Sarah.bmp, faces\\Thomas.bmp;0;instructions;left;3348;1, 0, 1, 0, 0, 1;faces;1, 0, 1, 0, 0, 1;2x2-2=2 ?, 5+9/3=7 ?, 3x3-8=1 ?, 8/4+1=5 ?, 9/3+6=8 ?, 2x4-7=1 ?;cheat;2.4313816738463174, 2.2374188351900557, 1.9067487645679648, 3.1815186295093554, 1.8920764601880364, 2.81541809343571;0.5757575757575758;faces\\Paul.bmp, faces\\Nathan.bmp, faces\\Sarah.bmp, faces\\David.bmp, faces\\Will.bmp, faces\\Matt.bmp;5-7;7;19;2.721763085399449;female;26.097459836497503;accuracy_first
5;1.0;29.111453244681343;0.6667950109917911;other;5;2;0;1, 1, 1, 1, 1;1475773851.05;7_17;;0.9470588235294117;5;0.0;19;14;0.5;left;4.873793056100112;experiment;faces\\Paul.bmp, faces\\Molly.bmp, faces\\Nicole.bmp, faces\\Erin.bmp, faces\\Lucas.bmp;1;instructions;left;3348;0, 1, 1, 1, 1;faces;0, 1, 1, 1, 1;8/4-1=0 ?, 9/3-2=1 ?, 3+6/2=6 ?, 9/3+2=5 ?, 6/2-1=2 ?;cheat;3.5827997842684454, 3.598106614498647, 2.861365833702621, 2.354036759324572, 2.60276770762448;0.5588235294117647;faces\\Milla.bmp, faces\\Nicole.bmp, faces\\Leslie.bmp, faces\\Molly.bmp, faces\\Victor.bmp;5-7;2;19;0.26461937716262973;female;26.097459836497503;accuracy_first
5;1.0;22.914394571035245;0.7100397348367551;other;5;3;3;1, 1, 1, 1, 1;1475773912.956;7_17;;0.9485714285714286;5;0.6;20;14;0.5;right;6.0367140266666866;experiment;faces\\Steve.bmp, faces\\Billy.bmp, faces\\Adam.bmp, faces\\Daniel.bmp, faces\\Joshua.bmp;0;instructions;left;3348;1, 0, 0, 1, 1;faces;1, 0, 0, 1, 1;4+9/3=7 ?, 2x4-8=2 ?, 2x2-3=2 ?, 3x3-2=7 ?, 2x4+1=9 ?;cheat;2.6033679060860777, 2.958051577432343, 3.9747601683384346, 3.5267098932240515, 2.832764041317205;0.56;faces\\Steve.bmp, faces\\Billy.bmp, faces\\Adam.bmp, faces\\Linda.bmp, faces\\Joseph.bmp;5-7;6;19;2.6560000000000006;female;26.097459836497503;accuracy_first
6;1.0;23.045821047430763;0.8001746096233546;other;5;5;2;1, 1, 1, 1, 1, 1;1475773970.65;7_17;;0.9502762430939227;6;0.3333333333333333;21;10;0.5;right;11.018442654858518;experiment;faces\\Jacob.bmp, faces\\Donald.bmp, faces\\Matt.bmp, faces\\Jake.bmp, faces\\Benny.bmp, faces\\Julian.bmp;1;instructions;right;3348;0, 1, 0, 1, 0, 0;faces;0, 1, 0, 1, 0, 0;3x2-3=4 ?, 3+2x2=7 ?, 9/3-2=2 ?, 3x3-6=3 ?, 9/3-3=2 ?, 2+4/2=6 ?;accuracy;2.0448503255088326, 2.034066924959916, 2.847398125512882, 1.9888032552280492, 1.6921484415370287, 2.031401067050865;0.5524861878453039;faces\\Jacob.bmp, faces\\Benny.bmp, faces\\Matt.bmp, faces\\Britt.bmp, faces\\Julian.bmp, faces\\Jake.bmp;5-7;7;19;2.625072494734593;female;26.097459836497503;accuracy_first
6;1.0;18.79997996979182;0.8423689861601815;other;5;5;3;1, 1, 1, 1, 1, 1;1475774032.088;7_17;;0.9518716577540107;6;0.5;22;12;0.5;right;3.5827909370027555;experiment;faces\\Greg.bmp, faces\\Polly.bmp, faces\\Ella.bmp, faces\\Justin.bmp, faces\\Erica.bmp, faces\\Mona.bmp;0;instructions;left;3348;1, 1, 0, 0, 0, 1;faces;1, 1, 0, 0, 0, 1;9/3-1=2 ?, 3x2-4=2 ?, 3x3-4=4 ?, 3x3-1=7 ?, 3x3-1=9 ?, 2x2+4=8 ?;cheat;3.3060580408900933, 2.300715708354801, 2.5753875455993693, 2.711376379642388, 2.634058360807103, 1.7353729936166928;0.5508021390374331;faces\\Greg.bmp, faces\\Justin.bmp, faces\\Ella.bmp, faces\\Ricky.bmp, faces\\Erica.bmp, faces\\Polly.bmp;5-7;8;19;2.6214647259000827;female;26.097459836497503;accuracy_first
6;0.8571428571428571;25.779782017544676;0.9500985939221209;other;0.5;5;1;0, 1, 1, 1, 1, 1, 1;1475774084.961;7_17;;0.9484536082474226;7;0.14285714285714285;23;12;5;left;4.722446431579556;experiment;faces\\Kate.bmp, faces\\Donald.bmp, faces\\Maria.bmp, faces\\Ricky.bmp, faces\\Chris.bmp, faces\\Cindy.bmp, faces\\Milla.bmp;0;instructions;right;3348;1, 0, 0, 0, 0, 0, 1;faces;0, 0, 0, 0, 0, 0, 1;2x4-8=0 ?, 8/4-2=1 ?, 2x3-4=4 ?, 6/2-1=3 ?, 3x2-3=4 ?, 2x3+2=9 ?, 3x3-3=6 ?;cheat;1.9234722188803062, 2.109507554148877, 2.504083897552846, 3.9547575637043337, 2.2594364929154835, 2.2720548162387786, 1.4520733034833029;0.5360824742268041;faces\\Kate.bmp, faces\\Milla.bmp, faces\\Ricky.bmp, faces\\Maria.bmp, faces\\Cindy.bmp, faces\\Erica.bmp, faces\\Niclas.bmp;5-7;6;19;2.5422467849930914;female;26.097459836497503;accuracy_first
5;1.0;29.896331640792596;0.9589253333297165;other;5;3;3;1, 1, 1, 1, 1;1475774150.386;7_17;;0.949748743718593;5;0.6;24;10;0.5;left;4.915393250314992;experiment;faces\\Carl.bmp, faces\\Kurt.bmp, faces\\Tanya.bmp, faces\\Nina.bmp, faces\\Casper.bmp;1;instructions;left;3348;0, 1, 0, 0, 1;faces;0, 1, 0, 0, 1;3x3-6=5 ?, 3+6/2=6 ?, 4/2+6=6 ?, 3x3-4=6 ?, 2x3-4=2 ?;cheat;1.5760574605092188, 2.216176197884124, 2.0308482899299634, 1.5648734557980788, 1.9495143205376735;0.5376884422110553;faces\\Carl.bmp, faces\\Mona.bmp, faces\\Tanya.bmp, faces\\Nina.bmp, faces\\Mike.bmp;5-7;6;19;0.25533446125097853;female;26.097459836497503;accuracy_first
4;0.8;21.631794876513595;0.8001487756091592;self;0.5;4;2;0, 1, 1, 1, 1;1475774207.573;7_17;;0.946078431372549;5;0.4;25;12;5;right;3.261490473972117;experiment;faces\\Maria.bmp, faces\\Mark.bmp, faces\\Rachel.bmp, faces\\Micha.bmp, faces\\Julia.bmp;1;instructions;right;3348;1, 0, 0, 0, 0;faces;0, 0, 0, 0, 0;3x2-6=0 ?, 3x3-9=1 ?, 2x2-2=3 ?, 2+8/4=5 ?, 6/3+5=9 ?;cheat;1.820118822308359, 2.506146725875624, 1.5088009053943097, 2.5273805159158655, 2.6415155435825;0.5343137254901961;faces\\Maria.bmp, faces\\Mark.bmp, faces\\Paul.bmp, faces\\Rachel.bmp, faces\\Micha.bmp;5-7;6;19;0.2527513456362937;female;26.350211182133798;accuracy_first
7;1.0;34.64381618638981;0.9264275593013735;self;5;5;0;1, 1, 1, 1, 1, 1, 1;1475774256.26;7_17;;0.9478672985781991;7;0.0;26;12;0.5;left;6.121299896805795;experiment;faces\\Wendy.bmp, faces\\Julia.bmp, faces\\Scott.bmp, faces\\Jeff.bmp, faces\\Timmy.bmp, faces\\Jenny.bmp, faces\\Lucas.bmp;1;instructions;left;3348;1, 1, 0, 0, 0, 0, 1;faces;1, 1, 0, 0, 0, 0, 1;9/3+6=9 ?, 3x3-8=1 ?, 9/3+3=7 ?, 8/4+4=7 ?, 6/3+1=4 ?, 3x3-6=4 ?, 6+9/3=9 ?;cheat;1.8081297164771968, 2.126740257038364, 1.7367482124982416, 2.314149041735618, 2.0287624587190294, 1.778778383795725, 2.0268210148733488;0.5165876777251185;faces\\Kurt.bmp, faces\\Wendy.bmp, faces\\Timmy.bmp, faces\\Julia.bmp, faces\\Jeff.bmp, faces\\Lucas.bmp, faces\\David.bmp;5-7;5;19;0.24482828328204667;female;26.595039465415844;accuracy_first
5;1.0;34.09984669459118;0.8087221293453695;self;0.5;3;1;1, 1, 1, 1, 1;1475774328.22;7_17;;0.9490740740740741;5;0.2;27;10;5;right;2.6468759245390174;experiment;faces\\Jason.bmp, faces\\Ricky.bmp, faces\\Donna.bmp, faces\\Erin.bmp, faces\\Micha.bmp;1;instructions;right;3348;0, 1, 1, 0, 0;faces;0, 1, 1, 0, 0;3x3-9=1 ?, 3+6/2=6 ?, 4+4/2=6 ?, 1+3x2=8 ?, 2x2+2=5 ?;cheat;1.4921287652196042, 1.7434792117583129, 1.4728643763810396, 1.788912395089028, 1.7721797396216061;0.5092592592592593;faces\\Jason.bmp, faces\\Erin.bmp, faces\\Micha.bmp, faces\\Joseph.bmp, faces\\Sarah.bmp;5-7;4;19;0.24166237997256518;female;26.836701845388408;accuracy_first
6;1.0;24.302990163256254;0.7592383141782193;self;0.5;4;4;1, 1, 1, 1, 1, 1;1475774385.813;7_17;;0.9504504504504504;6;0.6666666666666666;28;12;5;right;2.649581418195339;experiment;faces\\Chris.bmp, faces\\Vicky.bmp, faces\\Jonah.bmp, faces\\Joshua.bmp, faces\\Nina.bmp, faces\\Susan.bmp;1;instructions;right;3348;0, 1, 0, 1, 1, 1;faces;0, 1, 0, 1, 1, 1;3x3-6=2 ?, 3x2-2=4 ?, 4/2+6=6 ?, 2x2+3=7 ?, 4x2-2=6 ?, 2+6/3=4 ?;cheat;2.609475703994576, 1.5921439117373666, 1.8555266387611482, 1.484122698118881, 1.5361927458088758, 1.8647582290177525;0.5135135135135135;faces\\Steve.bmp, faces\\Vicky.bmp, faces\\Simon.bmp, faces\\Joshua.bmp, faces\\Nina.bmp, faces\\Susan.bmp;5-7;8;19;0.24403457511565618;female;27.080736420504063;accuracy_first
3;0.6;11.113035489564936;0.8086032221035566;self;5;3;0;0, 1, 1, 0, 1;1475774438.746;7_17;;0.9427312775330396;5;0.0;29;10;0.5;left;5.922537593798552;experiment;faces\\Lucia.bmp, faces\\Lana.bmp, faces\\Nana.bmp, faces\\Diana.bmp, faces\\Jeff.bmp;1;instructions;left;3348;1, 1, 0, 1, 1;faces;0, 1, 0, 0, 1;4x2-7=1 ?, 1+2x2=5 ?, 4/2+4=8 ?, 2+2x3=8 ?, 4+4/2=6 ?;cheat;2.5727131943158383, 1.6048676944592444, 2.2759341650235, 1.959467847623273, 2.168078572207378;0.5022026431718062;faces\\Diana.bmp, faces\\Nana.bmp, faces\\Jeff.bmp, faces\\Amanda.bmp, faces\\Timmy.bmp;5-7;3;19;0.23672106968891304;female;27.317457490192975;accuracy_first
5;0.8333333333333334;20.801250790945232;0.8764486511809082;self;5;4;4;1, 1, 1, 1, 1, 0;1475774479.386;7_17;;0.9399141630901288;6;0.6666666666666666;30;14;0.5;right;3.728158225903826;experiment;faces\\Vicky.bmp, faces\\Tina.bmp, faces\\Mike.bmp, faces\\Sonya.bmp, faces\\Angie.bmp, faces\\Hanna.bmp;1;instructions;right;3348;0, 0, 1, 1, 0, 1;faces;0, 0, 1, 1, 0, 0;9/3+3=5 ?, 6+4/2=7 ?, 5+4/2=7 ?, 2x2+4=8 ?, 3x3-9=2 ?, 1+2x3=7 ?;accuracy;2.5960897919549097, 2.363499086253796, 2.6921349936937986, 1.3514342478338222, 2.4000793422737843, 1.47144173615834;0.5064377682403434;faces\\Vicky.bmp, faces\\Tina.bmp, faces\\Mike.bmp, faces\\Sonya.bmp, faces\\Linda.bmp, faces\\Shane.bmp;5-7;8;19;2.3800401554642745;female;29.69749764565725;accuracy_first
5;1.0;17.707312653854387;0.7763705121360545;other;5;4;4;1, 1, 1, 1, 1;1475774531.461;7_17;;0.9411764705882353;5;0.8;31;14;0.5;left;5.245236986381315;experiment;faces\\Sofia.bmp, faces\\Fiona.bmp, faces\\Megan.bmp, faces\\Emily.bmp, faces\\Oliver.bmp;1;instructions;left;3348;0, 0, 1, 1, 1;faces;0, 0, 1, 1, 1;2+8/2=8 ?, 8/2-3=2 ?, 9/3-3=0 ?, 2+9/3=5 ?, 8/2+2=6 ?;cheat;1.886871437206537, 2.2821350361609802, 1.4542578701730235, 2.2748976194488932, 1.7029077775250698;0.5126050420168067;faces\\Sofia.bmp, faces\\Fiona.bmp, faces\\Megan.bmp, faces\\Emily.bmp, faces\\Eddie.bmp;5-7;8;19;0.24122590212555609;female;29.69749764565725;accuracy_first
6;1.0;24.418263656992167;0.7668607638661342;other;5;4;2;1, 1, 1, 1, 1, 1;1475774577.249;7_17;;0.9426229508196722;6;0.3333333333333333;32;12;0.5;left;4.264076352606935;experiment;faces\\Kevin.bmp, faces\\Ethan.bmp, faces\\Tina.bmp, faces\\Jeff.bmp, faces\\Joseph.bmp, faces\\Kate.bmp;1;instructions;left;3348;1, 0, 1, 0, 1, 0;faces;1, 0, 1, 0, 1, 0;3x3-8=1 ?, 6/3+4=4 ?, 6/3-1=1 ?, 4x2+1=8 ?, 4/2+3=5 ?, 3x2+2=9 ?;cheat;1.7475751415913692, 2.4761905941541045, 2.832125268780146, 1.7180755287472493, 1.4483694844384445, 2.1093897085784192;0.5081967213114754;faces\\Kevin.bmp, faces\\Ethan.bmp, faces\\Sofia.bmp, faces\\Kate.bmp, faces\\Jeff.bmp, faces\\Billy.bmp;5-7;6;19;0.23951894651975278;female;29.69749764565725;accuracy_first
4;0.6666666666666666;17.323995693859615;0.7264783072132559;other;5;5;5;1, 1, 0, 1, 1, 0;1475774632.804;7_17;;0.936;6;0.8333333333333334;33;14;0.5;right;5.565274413851512;experiment;faces\\Jake.bmp, faces\\Adam.bmp, faces\\Polly.bmp, faces\\Kenny.bmp, faces\\Eddie.bmp, faces\\Tony.bmp;0;instructions;left;3348;1, 0, 1, 0, 0, 1;faces;1, 0, 0, 0, 0, 0;3x3-6=3 ?, 3x2+2=6 ?, 9/3-2=1 ?, 6/3-2=2 ?, 6/2+5=9 ?, 3x3-2=7 ?;cheat;1.5994545838038903, 1.9427415621867112, 3.2960372745892528, 3.139485627087197, 2.7248458098638366, 2.5348207119441213;0.516;faces\\Jake.bmp, faces\\Adam.bmp, faces\\Polly.bmp, faces\\Kenny.bmp, faces\\Eddie.bmp, faces\\Mona.bmp;5-7;10;19;2.41488;female;29.69749764565725;accuracy_first
6;1.0;17.473861286208376;0.7593586369839613;other;0.5;4;2;1, 1, 1, 1, 1, 1;1475774685.768;7_17;;0.9375;6;0.3333333333333333;34;12;5;right;4.901253905183694;experiment;faces\\Sonya.bmp, faces\\Paul.bmp, faces\\Matt.bmp, faces\\Andre.bmp, faces\\Diana.bmp, faces\\Shane.bmp;1;instructions;right;3348;1, 1, 0, 1, 0, 0;faces;1, 1, 0, 1, 0, 0;7+8/4=9 ?, 4x2-4=4 ?, 8/2+4=9 ?, 6/2+3=6 ?, 4+4/2=5 ?, 7+8/4=7 ?;cheat;2.547403292313902, 2.5887943371835718, 2.1161656519452663, 1.3269064440646616, 2.5208767144231388, 2.850852805573595;0.51171875;faces\\Sonya.bmp, faces\\Paul.bmp, faces\\Shane.bmp, faces\\Diana.bmp, faces\\Julia.bmp, faces\\Mike.bmp;5-7;6;19;0.2398681640625;female;29.69749764565725;accuracy_first
5;1.0;19.383908665081435;0.6088609960170288;other;0.5;5;5;1, 1, 1, 1, 1;1475774736.705;7_17;;0.9386973180076629;5;1.0;35;10;5;right;4.630751607017373;experiment;faces\\Cindy.bmp, faces\\Amanda.bmp, faces\\Lily.bmp, faces\\Keith.bmp, faces\\Mary.bmp;1;instructions;right;3348;0, 0, 1, 1, 1;faces;0, 0, 1, 1, 1;5+4/2=6 ?, 8/4+1=4 ?, 4/2-1=1 ?, 2x4-7=1 ?, 4/2+2=4 ?;cheat;1.9521292181980243, 2.5288381913069315, 2.8827592284051207, 2.6227497866038902, 1.9008936445479776;0.5210727969348659;faces\\Cindy.bmp, faces\\Amanda.bmp, faces\\Lily.bmp, faces\\Keith.bmp, faces\\Mary.bmp;5-7;10;19;0.24456481848475506;female;29.69749764565725;accuracy_first
5;1.0;31.120025890636498;0.9919164308576001;other;5;3;1;1, 1, 1, 1, 1;1475774785.209;7_17;;0.9398496240601504;5;0.2;36;10;0.5;left;4.106112327708615;experiment;faces\\Anders.bmp, faces\\Lisa.bmp, faces\\Nicole.bmp, faces\\Lucia.bmp, faces\\George.bmp;1;instructions;left;3348;1, 1, 0, 0, 1;faces;1, 1, 0, 0, 1;3x3-2=7 ?, 3x3-9=0 ?, 5+9/3=9 ?, 9/3-3=2 ?, 2+2x2=6 ?;cheat;1.919433619323172, 1.2895189635819406, 2.6288522761533386, 1.7709418302947597, 1.4589493978910468;0.5150375939849624;faces\\Nicole.bmp, faces\\Lisa.bmp, faces\\Lucia.bmp, faces\\Lucas.bmp, faces\\Jane.bmp;5-7;4;19;0.24202894454180565;female;29.69749764565725;accuracy_first
6;1.0;27.04564905659845;0.5424962452198088;self;0.5;6;3;1, 1, 1, 1, 1, 1;1475774845.6;7_17;;0.9411764705882353;6;0.5;37;12;5;right;4.3627467148326105;experiment;faces\\Carl.bmp, faces\\Andrea.bmp, faces\\Adam.bmp, faces\\Lena.bmp, faces\\Nana.bmp, faces\\Polly.bmp;1;instructions;right;3348;0, 0, 0, 1, 0, 0;faces;0, 0, 0, 1, 0, 0;6/3+4=4 ?, 2x2+2=4 ?, 8/2-3=0 ?, 2x2-4=0 ?, 1+4/2=1 ?, 6/3-1=3 ?;cheat;3.14201594489532, 1.7514222863301256, 2.6880595895145234, 1.3954639010353276, 2.2428825522019906, 4.319936568646881;0.5147058823529411;faces\\Carl.bmp, faces\\Nana.bmp, faces\\Adam.bmp, faces\\Andrea.bmp, faces\\Lena.bmp, faces\\Polly.bmp;5-7;9;19;0.24221453287197228;female;29.939712178529224;accuracy_first
5;1.0;16.50876197742764;0.6922655793259764;self;0.5;4;4;1, 1, 1, 1, 1;1475774911.249;7_17;;0.9422382671480144;5;0.8;38;10;5;right;5.078649001392478;experiment;faces\\Mark.bmp, faces\\Erin.bmp, faces\\Robert.bmp, faces\\Alex.bmp, faces\\Keith.bmp;1;instructions;right;3348;1, 1, 0, 1, 0;faces;1, 1, 0, 1, 0;9/3-3=0 ?, 5+2x2=9 ?, 9/3-1=0 ?, 3x3-2=7 ?, 4+6/3=7 ?;cheat;1.8455118886013224, 1.570809616765473, 2.274800653423881, 1.6626725393634842, 2.2673972620195855;0.51985559566787;faces\\Mark.bmp, faces\\Erin.bmp, faces\\Robert.bmp, faces\\Lucia.bmp, faces\\Keith.bmp;5-7;8;19;0.2449139178146463;female;30.18462609634387;accuracy_first
6;1.0;12.449604208750316;0.5834604980227596;self;0.5;3;1;1, 1, 1, 1, 1, 1;1475774958.458;7_17;;0.9434628975265018;6;0.16666666666666666;39;10;5;right;2.605501512527553;experiment;faces\\George.bmp, faces\\Vicky.bmp, faces\\Nicole.bmp, faces\\Micha.bmp, faces\\Mona.bmp, faces\\Zach.bmp;1;instructions;right;3348;0, 0, 1, 1, 0, 0;faces;0, 0, 1, 1, 0, 0;6+6/2=7 ?, 2x2-4=1 ?, 1+6/2=4 ?, 9/3+4=7 ?, 8/4-2=1 ?, 9/3-1=3 ?;cheat;4.461399382531454, 1.5701800453825854, 2.3621051111713314, 2.3148571768306283, 3.733428364756037, 2.975378061330048;0.5123674911660777;faces\\Oliver.bmp, faces\\Vicky.bmp, faces\\Niclas.bmp, faces\\Mona.bmp, faces\\Nicole.bmp, faces\\Jeff.bmp;5-7;4;19;0.241699858906966;female;30.426325955250835;accuracy_first
7;1.0;20.851874133852107;0.6421440532922134;self;0.5;6;0;1, 1, 1, 1, 1, 1, 1;1475775006.228;7_17;;0.9448275862068966;7;0.0;40;10;5;right;8.527632839915896;experiment;faces\\Casper.bmp, faces\\Amber.bmp, faces\\Nana.bmp, faces\\Mary.bmp, faces\\Bruce.bmp, faces\\Mona.bmp, faces\\Brian.bmp;1;instructions;right;3348;1, 0, 1, 0, 1, 1, 0;faces;1, 0, 1, 0, 1, 1, 0;9/3-1=2 ?, 3x3-5=5 ?, 3x3-7=2 ?, 2x2-1=2 ?, 4x2-6=2 ?, 6/3+4=6 ?, 9/3+2=3 ?;cheat;2.484155256055601, 2.8154856865403417, 2.3580739433182316, 2.1987856597879727, 2.3261385014575353, 2.2326342342439602, 2.8061553608058603;0.5;faces\\Bruce.bmp, faces\\Nana.bmp, faces\\Amber.bmp, faces\\Mona.bmp, faces\\Mary.bmp, faces\\Adam.bmp, faces\\Casper.bmp;5-7;6;19;0.23620689655172414;female;30.66253285180256;accuracy_first
6;1.0;19.203958478723507;0.6759508686591289;self;0.5;5;3;1, 1, 1, 1, 1, 1;1475775070.084;7_17;;0.9459459459459459;6;0.5;41;12;5;left;5.577971300886929;experiment;faces\\Cindy.bmp, faces\\Damon.bmp, faces\\Olivia.bmp, faces\\Jonah.bmp, faces\\Kiki.bmp, faces\\Thomas.bmp;1;instructions;left;3348;1, 0, 0, 0, 1, 0;faces;1, 0, 0, 0, 1, 0;3x3-7=2 ?, 2+3x2=6 ?, 2x3-2=3 ?, 2x2+2=7 ?, 3x2-1=5 ?, 2x3+2=6 ?;accuracy;1.5954407565914153, 2.5387212941641337, 2.404089984471284, 1.9387836496880482, 1.9721091738356336, 2.3400060586081963;0.5;faces\\Cindy.bmp, faces\\Damon.bmp, faces\\Olivia.bmp, faces\\Kiki.bmp, faces\\Thomas.bmp, faces\\Justin.bmp;5-7;8;19;2.364864864864865;female;33.02739771666742;accuracy_first
7;1.0;16.896037557701675;0.7259559646845446;self;0.5;6;2;1, 1, 1, 1, 1, 1, 1;1475775124.482;7_17;;0.9471947194719472;7;0.2857142857142857;42;12;5;right;5.106437907063082;experiment;faces\\Wendy.bmp, faces\\Leah.bmp, faces\\Andre.bmp, faces\\Matt.bmp, faces\\Bobby.bmp, faces\\Jacob.bmp, faces\\Will.bmp;1;instructions;right;3348;1, 1, 0, 1, 1, 0, 0;faces;1, 1, 0, 1, 1, 0, 0;3x3-3=6 ?, 2x3-5=1 ?, 2x2-4=1 ?, 1+9/3=4 ?, 9/3-3=0 ?, 3+6/2=4 ?, 3x3-9=1 ?;cheat;3.1474860319376603, 2.1812790455715003, 1.7487702301550598, 2.8380299334821757, 1.9234159502739203, 2.7254704267779744, 2.255408156186604;0.49504950495049505;faces\\Wendy.bmp, faces\\Andre.bmp, faces\\Will.bmp, faces\\Greg.bmp, faces\\Matt.bmp, faces\\Jacob.bmp, faces\\Leah.bmp;5-7;8;19;0.23445413848315524;female;33.26185185515058;accuracy_first
5;0.8333333333333334;43.99203498420866;0.7930939664493053;other;5;5;4;1, 1, 0, 1, 1, 1;1475775179.594;7_17;;0.9449838187702265;6;0.6666666666666666;43;14;0.5;right;4.959954447202108;experiment;faces\\Joseph.bmp, faces\\Nathan.bmp, faces\\Olivia.bmp, faces\\Simon.bmp, faces\\Scott.bmp, faces\\Chris.bmp;0;instructions;left;3348;0, 1, 1, 1, 0, 1;faces;0, 1, 0, 1, 0, 1;3x2-4=4 ?, 1+4x2=9 ?, 3x3-8=1 ?, 3x3-2=7 ?, 2x2-1=4 ?, 8/2-4=0 ?;cheat;2.261385014573534, 2.058072386198546, 3.0467461174666823, 2.4601844760927634, 2.4567043159077, 1.717403136603025;0.49838187702265374;faces\\Joseph.bmp, faces\\Nathan.bmp, faces\\Olivia.bmp, faces\\Simon.bmp, faces\\Chris.bmp, faces\\Mona.bmp;5-7;9;19;2.3548140467737038;female;33.26185185515058;accuracy_first
7;1.0;30.165908515032243;0.733618050118821;other;5;6;5;1, 1, 1, 1, 1, 1, 1;1475775259.712;7_17;;0.9462025316455697;7;0.7142857142857143;44;12;0.5;right;10.902471642744786;experiment;faces\\Joshua.bmp, faces\\Gary.bmp, faces\\Tina.bmp, faces\\Oliver.bmp, faces\\Molly.bmp, faces\\Anders.bmp, faces\\Tanya.bmp;0;instructions;left;3348;0, 1, 0, 0, 1, 0, 1;faces;0, 1, 0, 0, 1, 0, 1;2x2+1=4 ?, 6/2+1=4 ?, 3x2-1=3 ?, 6/2-2=2 ?, 3x2-3=3 ?, 4/2-1=0 ?, 8/4+5=7 ?;cheat;2.7100726466633205, 2.0087541918346687, 2.5758932552707847, 2.143407796635074, 2.2408158310845465, 2.614043723891882, 1.8287785253523907;0.5031645569620253;faces\\Joshua.bmp, faces\\Gary.bmp, faces\\Tina.bmp, faces\\Oliver.bmp, faces\\Molly.bmp, faces\\Tanya.bmp, faces\\Lena.bmp;5-7;11;19;2.380477888158949;female;33.26185185515058;accuracy_first
5;1.0;27.8401568160034;0.8258398177877098;other;0.5;3;3;1, 1, 1, 1, 1;1475775334.293;7_17;;0.9470404984423676;5;0.6;45;12;5;left;5.08539981852482;experiment;faces\\Donna.bmp, faces\\Emily.bmp, faces\\Amanda.bmp, faces\\Hanna.bmp, faces\\Bobby.bmp;0;instructions;right;3348;0, 0, 0, 0, 1;faces;0, 0, 0, 0, 1;3x3-4=6 ?, 3+2x2=9 ?, 6/3+2=6 ?, 2x2-3=0 ?, 3x3-7=2 ?;cheat;1.7981117813014862, 1.7653868095057987, 1.7900774029531021, 1.8134331210458186, 1.4520970141529688;0.5046728971962616;faces\\Donna.bmp, faces\\Emily.bmp, faces\\Amanda.bmp, faces\\Jacob.bmp, faces\\Bruce.bmp;5-7;6;19;2.3897283605555066;female;33.26185185515058;accuracy_first
6;0.8571428571428571;26.574895283771184;0.7334782633315626;other;0.5;5;1;1, 1, 1, 0, 1, 1, 1;1475775389.904;7_17;;0.9451219512195121;7;0.14285714285714285;46;14;5;left;6.190653253739583;experiment;faces\\Julian.bmp, faces\\Fiona.bmp, faces\\Karen.bmp, faces\\Haley.bmp, faces\\Lisa.bmp, faces\\Britt.bmp, faces\\Steve.bmp;0;instructions;right;3348;0, 0, 0, 1, 0, 0, 1;faces;0, 0, 0, 0, 0, 0, 1;2x4-5=2 ?, 3+6/2=8 ?, 2x2-2=0 ?, 3x3-1=8 ?, 2x3-4=4 ?, 6+9/3=7 ?, 2x4-3=5 ?;cheat;2.39416795364923, 2.2414057667174347, 1.9668567295120738, 1.1828120996615326, 1.4788192935484403, 1.8908095318311098, 2.630023654048273;0.4969512195121951;faces\\Julian.bmp, faces\\Karen.bmp, faces\\Sonya.bmp, faces\\Britt.bmp, faces\\Steve.bmp, faces\\Ethan.bmp, faces\\Lisa.bmp;5-7;6;19;2.34839753123141;female;33.26185185515058;accuracy_first
7;1.0;30.64537649005706;0.7260968131449772;other;0.5;5;2;1, 1, 1, 1, 1, 1, 1;1475775454.77;7_17;;0.9462686567164179;7;0.2857142857142857;47;12;5;right;3.706746782780101;experiment;faces\\Steve.bmp, faces\\Jane.bmp, faces\\Julia.bmp, faces\\Vicky.bmp, faces\\Peter.bmp, faces\\Ella.bmp, faces\\Eric.bmp;1;instructions;right;3348;0, 0, 0, 1, 0, 1, 0;faces;0, 0, 0, 1, 0, 1, 0;2x2-3=2 ?, 3x2-1=7 ?, 3x3-3=8 ?, 8/2-3=1 ?, 2x3-6=1 ?, 7+4/2=9 ?, 3x3-9=1 ?;cheat;2.092796486007501, 1.8482403851467097, 1.7015318508620112, 2.368062505574926, 2.3761106856545666, 2.056185087616541, 1.2368657041788538;0.4925373134328358;faces\\Steve.bmp, faces\\Wendy.bmp, faces\\Peter.bmp, faces\\Vicky.bmp, faces\\Eric.bmp, faces\\Mary.bmp, faces\\Jane.bmp;5-7;7;19;0.2330363109824014;female;33.26185185515058;accuracy_first
5;1.0;29.357479760997194;0.6667564369163301;other;5;2;2;1, 1, 1, 1, 1;1475775519.387;7_17;;0.9470588235294117;5;0.4;48;12;0.5;right;3.630141499617821;experiment;faces\\Anna.bmp, faces\\Jason.bmp, faces\\Julian.bmp, faces\\Niclas.bmp, faces\\Kurt.bmp;1;instructions;right;3348;1, 0, 1, 0, 1;faces;1, 0, 1, 0, 1;9/3-1=2 ?, 5+2x2=7 ?, 3+4/2=5 ?, 3x2-6=1 ?, 4x2+1=9 ?;accuracy;2.3788597078564635, 2.986700437266336, 1.8581040240187576, 3.398800735525583, 2.342102506536321;0.49117647058823527;faces\\Anna.bmp, faces\\Jason.bmp, faces\\Nana.bmp, faces\\Joshua.bmp, faces\\Sonya.bmp;5-7;4;19;2.325865051903114;female;33.26185185515058;accuracy_first
7;1.0;21.70784985978844;0.5597731844354712;self;0.5;5;4;1, 1, 1, 1, 1, 1, 1;1475775602.428;7_17;;0.9481268011527377;7;0.5714285714285714;49;14;5;right;4.08613414152569;experiment;faces\\Karen.bmp, faces\\Amber.bmp, faces\\Gary.bmp, faces\\Molly.bmp, faces\\Simon.bmp, faces\\Diana.bmp, faces\\Greg.bmp;1;instructions;right;3348;1, 0, 0, 0, 1, 1, 0;faces;1, 0, 0, 0, 1, 1, 0;2x3-5=1 ?, 6/2-1=1 ?, 2+4/2=2 ?, 3x3-2=9 ?, 4/2+7=9 ?, 4x2-2=6 ?, 1+2x4=8 ?;cheat;2.7520776917281182, 1.5927717136655701, 3.1919874213108415, 1.831458538885272, 1.677521435152812, 2.905382392951651, 1.828087023115586;0.49279538904899134;faces\\Karen.bmp, faces\\Amber.bmp, faces\\Gary.bmp, faces\\Molly.bmp, faces\\Tina.bmp, faces\\Greg.bmp, faces\\Angie.bmp;5-7;9;19;0.23361625792091953;female;33.4954681130715;accuracy_first
5;1.0;18.709956216654973;0.7501974709557544;self;0.5;5;5;1, 1, 1, 1, 1;1475775669.494;7_17;;0.9488636363636364;5;1.0;50;14;5;right;8.27186548476675;experiment;faces\\Niclas.bmp, faces\\Kelly.bmp, faces\\Scott.bmp, faces\\Maria.bmp, faces\\Rachel.bmp;1;instructions;right;3348;1, 0, 0, 1, 1;faces;1, 0, 0, 1, 1;3x2-1=5 ?, 2x2-1=1 ?, 3x3-9=2 ?, 2x4-5=3 ?, 4x2-6=2 ?;cheat;1.6808943664855178, 1.4128140956054267, 2.0354124170298746, 2.87271793644868, 1.6287942380949971;0.5;faces\\Niclas.bmp, faces\\Kelly.bmp, faces\\Scott.bmp, faces\\Maria.bmp, faces\\Rachel.bmp;5-7;10;19;0.2372159090909091;female;33.73268402216241;accuracy_first
7;1.0;28.391560487689276;0.85013511543184;self;0.5;6;4;1, 1, 1, 1, 1, 1, 1;1475775718.62;7_17;;0.9498607242339833;7;0.5714285714285714;51;14;5;right;3.707973721499002;experiment;faces\\Kevin.bmp, faces\\Sofia.bmp, faces\\Matt.bmp, faces\\Susan.bmp, faces\\Damon.bmp, faces\\Diana.bmp, faces\\Olga.bmp;1;instructions;right;3348;0, 0, 1, 0, 0, 1, 0;faces;0, 0, 1, 0, 0, 1, 0;4x2-3=6 ?, 4x2-4=3 ?, 8/2-4=0 ?, 2x4-7=0 ?, 4+8/2=7 ?, 3x3-5=4 ?, 2x2-3=2 ?;cheat;2.3287523374474404, 3.050691997683316, 1.903438471872505, 2.5701609352890955, 2.3060973227475188, 2.668731854259022, 1.9767384168062563;0.5013927576601671;faces\\Kevin.bmp, faces\\Olga.bmp, faces\\Matt.bmp, faces\\Susan.bmp, faces\\Damon.bmp, faces\\Lena.bmp, faces\\Diana.bmp;5-7;10;19;0.2381266439583802;female;33.97081066612079;accuracy_first
7;1.0;29.23482446318303;1.0253675861677038;self;0.5;6;2;1, 1, 1, 1, 1, 1, 1;1475775784.909;7_17;;0.9508196721311475;7;0.2857142857142857;52;10;5;left;8.840529108918417;experiment;faces\\Kelly.bmp, faces\\Shane.bmp, faces\\George.bmp, faces\\Nina.bmp, faces\\Megan.bmp, faces\\Eddie.bmp, faces\\Brian.bmp;1;instructions;left;3348;0, 0, 0, 0, 1, 0, 0;faces;0, 0, 0, 0, 1, 0, 0;3x2-1=3 ?, 2+9/3=6 ?, 9/3-1=0 ?, 2x2+4=7 ?, 8/4+6=8 ?, 6/2+2=4 ?, 2x4-4=5 ?;accuracy;2.4141171208029846, 2.9086197841825197, 2.0234243728700676, 2.5414759786144714, 2.4707594350784348, 2.6427279727868154, 3.08800834615613;0.4972677595628415;faces\\Kelly.bmp, faces\\Shane.bmp, faces\\Megan.bmp, faces\\Eddie.bmp, faces\\Amber.bmp, faces\\Nina.bmp, faces\\George.bmp;5-7;8;19;2.3640598405446562;female;36.334870506665446;accuracy_first
5;1.0;40.595593991220085;0.7001272590605367;self;0.5;4;3;1, 1, 1, 1, 1;1475775867.391;7_17;;0.9514824797843666;5;0.6;53;10;5;left;3.7872844983176037;experiment;faces\\Anna.bmp, faces\\Tony.bmp, faces\\Eddie.bmp, faces\\Lulu.bmp, faces\\Lana.bmp;1;instructions;left;3348;1, 0, 0, 0, 1;faces;1, 0, 0, 0, 1;3+4/2=5 ?, 3x3-4=4 ?, 4/2+5=5 ?, 9/3+2=6 ?, 6/2+2=5 ?;accuracy;2.646199285707553, 2.3874737590122095, 3.450704808525188, 3.6794933135915926, 2.491497778275516;0.49865229110512127;faces\\Anna.bmp, faces\\Tony.bmp, faces\\Eddie.bmp, faces\\Lana.bmp, faces\\Mike.bmp;5-7;7;19;2.372294592454283;female;38.70716509911973;accuracy_first
4;0.8;22.932463517418;0.7000575426118303;self;0.5;3;1;1, 1, 1, 1, 0;1475775939.872;7_17;;0.949468085106383;5;0.2;54;12;5;right;5.350037795516982;experiment;faces\\Megan.bmp, faces\\Susan.bmp, faces\\Kiki.bmp, faces\\Alex.bmp, faces\\Brian.bmp;1;instructions;right;3348;0, 1, 0, 0, 1;faces;0, 1, 0, 0, 0;3+2x2=6 ?, 3+4/2=5 ?, 4+4/2=8 ?, 4/2+7=7 ?, 4x2-3=5 ?;cheat;4.103990045765386, 2.066726426994137, 1.535391891375184, 2.0248133934856014, 2.758769409130764;0.4946808510638298;faces\\Megan.bmp, faces\\Alex.bmp, faces\\Susan.bmp, faces\\Kelly.bmp, faces\\Casper.bmp;5-7;4;19;0.23484184019918516;female;38.942006939318915;accuracy_first
;;;0.7998539847376378;self;2;;;;1475776013.181;7_17;;;1;;1;10;0.2;right;;controlDotsAccuracy;;1;instructions;right;3348;;faces;;;accuracy;;;;5-7;;19;2;female;;accuracy_first
;;;1.9694390692384331;self;0.2;;;;1475776014.523;7_17;;;1;;2;14;2;left;;controlDotsAccuracy;;1;instructions;left;3348;;faces;;;accuracy;;;;5-7;;19;2;female;;accuracy_first
;;;0.591919545095152;self;2;;;;1475776017.019;7_17;;;1;;3;10;0.2;right;;controlDotsAccuracy;;1;instructions;right;3348;;faces;;;accuracy;;;;5-7;;19;2;female;;accuracy_first
;;;0.7000596659545408;self;2;;;;1475776018.142;7_17;;;1;;4;14;0.2;left;;controlDotsAccuracy;;0;instructions;right;3348;;faces;;;accuracy;;;;5-7;;19;0.2;female;;accuracy_first
;;;0.7420148124456318;self;0.2;;;;1475776019.39;7_17;;;1;;5;10;2;left;;controlDotsAccuracy;;1;instructions;left;3348;;faces;;;accuracy;;;;5-7;;19;2;female;;accuracy_first
;;;0.5666489249506412;self;0.2;;;;1475776020.716;7_17;;;1;;6;10;2;left;;controlDotsAccuracy;;1;instructions;left;3348;;faces;;;accuracy;;;;5-7;;19;2;female;;accuracy_first
;;;0.9274694132345758;other;0.2;;;;1475776021.808;7_17;;;1;;7;14;2;left;;controlDotsAccuracy;;1;instructions;left;3348;;faces;;;accuracy;;;;5-7;;19;2;female;;accuracy_first
;;;0.5667550921316433;other;2;;;;1475776023.291;7_17;;;1;;8;10;0.2;right;;controlDotsAccuracy;;1;instructions;right;3348;;faces;;;accuracy;;;;5-7;;19;2;female;;accuracy_first
;;;0.6333877381148341;other;0.2;;;;1475776024.383;7_17;;;1;;9;10;2;left;;controlDotsAccuracy;;1;instructions;left;3348;;faces;;;accuracy;;;;5-7;;19;2;female;;accuracy_first
;;;0.642129543779447;other;2;;;;1475776025.553;7_17;;;1;;10;10;0.2;right;;controlDotsAccuracy;;1;instructions;right;3348;;faces;;;accuracy;;;;5-7;;19;2;female;;accuracy_first
;;;0.6099035577335599;other;2;;;;1475776026.738;7_17;;;1;;11;14;0.2;left;;controlDotsAccuracy;;0;instructions;right;3348;;faces;;;accuracy;;;;5-7;;19;0.2;female;;accuracy_first
;;;0.7167523317857558;other;0.2;;;;1475776027.877;7_17;;;1;;12;10;2;left;;controlDotsAccuracy;;1;instructions;left;3348;;faces;;;accuracy;;;;5-7;;19;2;female;;accuracy_first
;;;0.7099813428867492;self;2;;;;1475776029.141;7_17;;;1;;13;14;0.2;left;;controlDotsAccuracy;;0;instructions;right;3348;;faces;;;accuracy;;;;5-7;;19;0.2;female;;accuracy_first
;;;0.7166737680709048;self;0.2;;;;1475776030.389;7_17;;;1;;14;14;2;left;;controlDotsAccuracy;;1;instructions;left;3348;;faces;;;accuracy;;;;5-7;;19;2;female;;accuracy_first
;;;0.9597325577924494;self;0.2;;;;1475776050.062;7_17;;;1;;1;14;2;right;;controlDotsCheat;;1;instructions;right;3348;;faces;;;cheat;;;;5-7;;19;0.2;female;;accuracy_first
;;;0.9500299391438602;self;2;;;;1475776051.575;7_17;;;1;;2;12;0.2;left;;controlDotsCheat;;1;instructions;left;3348;;faces;;;cheat;;;;5-7;;19;0.2;female;;accuracy_first
;;;0.8928493572639127;self;2;;;;1475776053.057;7_17;;;1;;3;12;0.2;left;;controlDotsCheat;;1;instructions;left;3348;;faces;;;cheat;;;;5-7;;19;0.2;female;;accuracy_first
;;;0.6594783227847074;self;0.2;;;;1475776054.477;7_17;;;1;;4;10;2;right;;controlDotsCheat;;1;instructions;right;3348;;faces;;;cheat;;;;5-7;;19;0.2;female;;accuracy_first
;;;0.7502795735763357;self;0.2;;;;1475776055.678;7_17;;;1;;5;10;2;right;;controlDotsCheat;;1;instructions;right;3348;;faces;;;cheat;;;;5-7;;19;0.2;female;;accuracy_first
;;;0.6764728572979948;self;2;;;;1475776056.973;7_17;;;1;;6;14;0.2;left;;controlDotsCheat;;1;instructions;left;3348;;faces;;;cheat;;;;5-7;;19;0.2;female;;accuracy_first
;;;0.8765413705186802;other;0.2;;;;1475776058.19;7_17;;;1;;7;14;2;left;;controlDotsCheat;;0;instructions;right;3348;;faces;;;cheat;;;;5-7;;19;2;female;;accuracy_first
;;;1.059862364865694;other;0.2;;;;1475776059.594;7_17;;;1;;8;14;2;left;;controlDotsCheat;;0;instructions;right;3348;;faces;;;cheat;;;;5-7;;19;2;female;;accuracy_first
;;;1.0759258132056857;other;2;;;;1475776061.201;7_17;;;1;;9;12;0.2;left;;controlDotsCheat;;1;instructions;left;3348;;faces;;;cheat;;;;5-7;;19;0.2;female;;accuracy_first
;;;1.9414112874110288;other;0.2;;;;1475776062.823;7_17;;;1;;10;12;2;left;;controlDotsCheat;;0;instructions;right;3348;;faces;;;cheat;;;;5-7;;19;2;female;;accuracy_first
;;;0.5672310749923781;other;0.2;;;;1475776065.288;7_17;;;1;;11;12;2;right;;controlDotsCheat;;1;instructions;right;3348;;faces;;;cheat;;;;5-7;;19;0.2;female;;accuracy_first
;;;0.8597071484491607;other;2;;;;1475776066.38;7_17;;;1;;12;14;0.2;right;;controlDotsCheat;;0;instructions;left;3348;;faces;;;cheat;;;;5-7;;19;2;female;;accuracy_first
;;;0.8090894677916367;self;2;;;;1475776067.785;7_17;;;1;;13;12;0.2;left;;controlDotsCheat;;1;instructions;left;3348;;faces;;;cheat;;;;5-7;;19;0.2;female;;accuracy_first
;;;0.683384694655615;self;2;;;;1475776069.142;7_17;;;1;;14;10;0.2;left;;controlDotsCheat;;1;instructions;left;3348;;faces;;;cheat;;;;5-7;;19;0.2;female;;accuracy_first
;;5.584;;self;0.5;;;;;7_17;;;5;;1;12;5;;;qStress;faces\\Milla.bmp, faces\\Andre.bmp, faces\\Hanna.bmp, faces\\Kelly.bmp, faces\\Carl.bmp;;instructions;right;3348;0, 1, 1, 1, 0;faces;;5+8/4=5 ?, 4x2-5=3 ?, 2x3-2=4 ?, 6+4/2=8 ?, 4/2-2=2 ?;cheat;;;6;5-7;;19;;female;;accuracy_first
;;4.298;;self;0.5;;;;;7_17;;;5;;1;10;5;;;qSatisfied;faces\\Noah.bmp, faces\\Chloe.bmp, faces\\Mark.bmp, faces\\Bruce.bmp, faces\\Kenny.bmp;;instructions;right;3348;1, 1, 1, 1, 1;faces;;2x2+1=5 ?, 2x4-5=3 ?, 2x2-3=1 ?, 4+4/2=6 ?, 6/3-1=1 ?;cheat;;;4;5-7;;19;;female;;accuracy_first
;;2.445;;self;5;;;;;7_17;;;5;;1;12;0.5;;;qFrustration;faces\\Julian.bmp, faces\\Diana.bmp, faces\\Sonya.bmp, faces\\Zach.bmp, faces\\Lucia.bmp;;instructions;right;3348;0, 1, 1, 1, 1;faces;;8/4+7=7 ?, 6/2+3=6 ?, 5+8/4=7 ?, 4x2-8=0 ?, 6/3+1=3 ?;accuracy;;;6;5-7;;19;;female;;accuracy_first
;;4.348;;self;5;;;;;7_17;;;5;;1;12;0.5;;;qDifficulty;faces\\Justin.bmp, faces\\Donna.bmp, faces\\Chloe.bmp, faces\\Anders.bmp, faces\\Nicole.bmp;;instructions;left;3348;0, 1, 0, 0, 0;faces;;3x3-4=4 ?, 2x2-3=1 ?, 3x3-5=5 ?, 4x2-6=1 ?, 6/3+4=8 ?;cheat;;;6;5-7;;19;;female;;accuracy_first
;;2.331;;self;5;;;;;7_17;;;5;;1;10;0.5;;;qEffort;faces\\Peter.bmp, faces\\Nicole.bmp, faces\\Matt.bmp, faces\\Keith.bmp, faces\\Diana.bmp;;instructions;right;3348;1, 0, 1, 0, 0;faces;;3x3-9=0 ?, 3x3-9=1 ?, 4/2+7=9 ?, 3+6/2=5 ?, 3x3-3=4 ?;accuracy;;;5;5-7;;19;;female;;accuracy_first
;;8.390534204942014;;self;5;;;;;7_17;;;1;;1;10;0.5;;;qFriends;;;instructions;left;3348;;faces;;;cheat;;;300;5-7;;19;;female;;accuracy_first
;;74.08271520441485;;self;0.5;;;;;7_17;;;1;;1;14;5;;;qAbout;;;instructions;left;3348;;faces;;;accuracy;;;how well were able to recall;5-7;;19;;female;;accuracy_first
;;44.99156643305196;;self;5;;;;;7_17;;;1;;1;12;0.5;;;qFeedback;;;instructions;right;3348;;faces;;;accuracy;;;"
";5-7;;19;;female;;accuracy_first
